scenario,capital,participation_limit,year,weeks,annual_return,annual_cost_arithmetic,avg_fill_ratio,total_unfilled_trade_weight
p_l10_s10_b2_x500_y50_baseline,100000000,0.05,2020,46,0.35831488110120735,0.04463483753635437,0.9248612570376027,4.1834328613871605
p_l10_s10_b2_x500_y50_baseline,100000000,0.05,2021,52,0.8543324372893075,0.05347291318037234,0.892974344939479,7.296346577466749
p_l10_s10_b2_x500_y50_baseline,100000000,0.05,2022,50,0.338091810569666,0.054527030764093855,0.9341918831689966,4.3290170542283555
p_l10_s10_b2_x500_y50_baseline,100000000,0.05,2023,50,0.11607088687856315,0.06131445216715707,0.9453395594808692,3.918984070117417
p_l10_s10_b2_x500_y50_baseline,100000000,0.05,2024,52,0.09850213670691854,0.060559797339624105,0.9174856022395216,5.955441897704765
p_l10_s10_b2_x500_y50_baseline,100000000,0.05,2025,51,0.3521610112811395,0.0570052612136872,0.9697734947614872,2.3507938681100145
p_l10_s10_b2_x500_y50_baseline,100000000,0.1,2020,46,0.3531979332229418,0.04679148963502506,0.9482523805467453,2.811232067187583
p_l10_s10_b2_x500_y50_baseline,100000000,0.1,2021,52,0.8976042209768873,0.05922946105926935,0.9406067822956211,4.000498466329108
p_l10_s10_b2_x500_y50_baseline,100000000,0.1,2022,50,0.32593247072476195,0.057885599487897406,0.9608364150646852,2.498367254728329
p_l10_s10_b2_x500_y50_baseline,100000000,0.1,2023,50,0.13730257374536792,0.06688618297688417,0.987609251972598,0.8716709432959062
p_l10_s10_b2_x500_y50_baseline,100000000,0.1,2024,52,0.07831294216807905,0.06569793097089291,0.95722351765543,3.010630752182811
p_l10_s10_b2_x500_y50_baseline,100000000,0.1,2025,51,0.3509041480556583,0.05794138392764923,0.9782535654561991,1.7628719805610695
p_l10_s10_b2_x500_y50_baseline,100000000,0.2,2020,46,0.35142582865383565,0.04716191812615447,0.9511984331914597,2.650104519433868
p_l10_s10_b2_x500_y50_baseline,100000000,0.2,2021,52,0.9084396242278072,0.06042156461750415,0.9485235096129231,3.469086434349773
p_l10_s10_b2_x500_y50_baseline,100000000,0.2,2022,50,0.32409084993172743,0.05849158738630103,0.9648497986307742,2.223066449801197
p_l10_s10_b2_x500_y50_baseline,100000000,0.2,2023,50,0.13971999942578983,0.06735632850331791,0.990417718991379,0.6757755360356645
p_l10_s10_b2_x500_y50_baseline,100000000,0.2,2024,52,0.07886194309906402,0.06657975611224128,0.9635592190441854,2.54673567090422
p_l10_s10_b2_x500_y50_baseline,100000000,0.2,2025,51,0.3510877977571061,0.05802970734491609,0.9790243038300163,1.7108082430018057
p_l10_s10_b2_x500_y50_baseline,300000000,0.05,2020,46,0.34796787223140124,0.04207664690897115,0.7579662413773258,14.16855991159449
p_l10_s10_b2_x500_y50_baseline,300000000,0.05,2021,52,0.6575101901654985,0.04548014699770059,0.7051021343238428,19.933487025383386
p_l10_s10_b2_x500_y50_baseline,300000000,0.05,2022,50,0.2676666188531496,0.04876182006867319,0.7538076751089655,16.30109578283421
p_l10_s10_b2_x500_y50_baseline,300000000,0.05,2023,50,0.04791767675261349,0.04990962749825218,0.7174661442674808,19.748507455338526
p_l10_s10_b2_x500_y50_baseline,300000000,0.05,2024,52,0.10907387372398003,0.049989028050060134,0.7024677824677812,20.9681654131281
p_l10_s10_b2_x500_y50_baseline,300000000,0.05,2025,51,0.30197924931098785,0.05589612855451578,0.8335249141091202,11.86201170580369
p_l10_s10_b2_x500_y50_baseline,300000000,0.1,2020,46,0.33328335760766015,0.053669829006126206,0.8835460592685392,6.629648129978625
p_l10_s10_b2_x500_y50_baseline,300000000,0.1,2021,52,0.7926035631211736,0.062149989317718056,0.8420454606193792,10.847414018451103
p_l10_s10_b2_x500_y50_baseline,300000000,0.1,2022,50,0.31484115356990694,0.06495871125127738,0.8919176693231776,7.253543254241156
p_l10_s10_b2_x500_y50_baseline,300000000,0.1,2023,50,0.08077414149052453,0.07078488743296504,0.8806472457745275,8.580878230694145
p_l10_s10_b2_x500_y50_baseline,300000000,0.1,2024,52,0.10080685961669444,0.07074302454747057,0.8607872828133036,10.107748414564126
p_l10_s10_b2_x500_y50_baseline,300000000,0.1,2025,51,0.3306481896949771,0.06961739784826598,0.9437325745132236,4.159037976540325
p_l10_s10_b2_x500_y50_baseline,300000000,0.2,2020,46,0.3363717252721745,0.0601361228880544,0.9398806343372241,3.3006915704931186
p_l10_s10_b2_x500_y50_baseline,300000000,0.2,2021,52,0.8434621849786816,0.07485863991607966,0.9192143042651332,5.464413218210642
p_l10_s10_b2_x500_y50_baseline,300000000,0.2,2022,50,0.30534219008146124,0.07421215529224595,0.9503189413133704,3.2152883888087933
p_l10_s10_b2_x500_y50_baseline,300000000,0.2,2023,50,0.10383572559085374,0.08600289631507278,0.9721481599434817,1.9742765938526652
p_l10_s10_b2_x500_y50_baseline,300000000,0.2,2024,52,0.0654257499015618,0.08466124391841927,0.9409361361087112,4.189498880219608
p_l10_s10_b2_x500_y50_baseline,300000000,0.2,2025,51,0.32813510368422394,0.07457700982535789,0.9758951512926758,1.9274074746593375
p_l10_s10_b2_x500_y50_baseline,500000000,0.05,2020,46,0.32096175630783375,0.03595015468339281,0.6298676075319088,21.281538115072326
p_l10_s10_b2_x500_y50_baseline,500000000,0.05,2021,52,0.5229381443038743,0.037568960020137925,0.5827520884372049,27.402530271018684
p_l10_s10_b2_x500_y50_baseline,500000000,0.05,2022,50,0.18743556836557373,0.04015666088008055,0.6179435617348631,24.607557880070583
p_l10_s10_b2_x500_y50_baseline,500000000,0.05,2023,50,0.03205275890865544,0.039406692282421774,0.5735303435532534,28.477674770893323
p_l10_s10_b2_x500_y50_baseline,500000000,0.05,2024,52,0.06746118876345375,0.0387519046430439,0.5522176201797178,30.246632351137322
p_l10_s10_b2_x500_y50_baseline,500000000,0.05,2025,51,0.24608762786649296,0.04804724973008399,0.7040433787463363,20.42901142860499
p_l10_s10_b2_x500_y50_baseline,500000000,0.1,2020,46,0.3396398279577393,0.05215365216205262,0.7972036847680163,11.847717997869122
p_l10_s10_b2_x500_y50_baseline,500000000,0.1,2021,52,0.6882768701065063,0.05722797283368093,0.7457344208415344,17.26236002390228
p_l10_s10_b2_x500_y50_baseline,500000000,0.1,2022,50,0.2820141788738808,0.06125738758513345,0.797217045428006,13.524006165222414
p_l10_s10_b2_x500_y50_baseline,500000000,0.1,2023,50,0.04596183653856767,0.06368080323725046,0.7652446042093446,16.603876405211427
p_l10_s10_b2_x500_y50_baseline,500000000,0.1,2024,52,0.10280255567745078,0.06408996257008844,0.7507647919033873,17.788545153589943
p_l10_s10_b2_x500_y50_baseline,500000000,0.1,2025,51,0.30149453217736943,0.06873874044282413,0.8707351033172646,9.298199365030971
p_l10_s10_b2_x500_y50_baseline,500000000,0.2,2020,46,0.323705090387681,0.06476022824053222,0.9051558024451001,5.341386878787491
p_l10_s10_b2_x500_y50_baseline,500000000,0.2,2021,52,0.7896035256273479,0.07651516992689049,0.8677345639990897,9.069692329230932
p_l10_s10_b2_x500_y50_baseline,500000000,0.2,2022,50,0.303372525058186,0.07908136316616135,0.9147179809535217,5.698914697916847
p_l10_s10_b2_x500_y50_baseline,500000000,0.2,2023,50,0.07457702100952512,0.08820629313746293,0.9141695883796851,6.1819026514911455
p_l10_s10_b2_x500_y50_baseline,500000000,0.2,2024,52,0.0748651666533049,0.08779484471419931,0.8900439031384288,7.9854575801109355
p_l10_s10_b2_x500_y50_baseline,500000000,0.2,2025,51,0.31743161894815297,0.08285079517194101,0.9585378734097298,3.124797493358882
p_l10_s10_b3_x500_y50_baseline,100000000,0.05,2020,46,0.3272704163691762,0.04543330935905239,0.9247754611690077,4.294137564687433
p_l10_s10_b3_x500_y50_baseline,100000000,0.05,2021,52,0.8888674551224471,0.053630021075757095,0.9020878652797661,6.693386660566145
p_l10_s10_b3_x500_y50_baseline,100000000,0.05,2022,50,0.33895658101097514,0.055136243013356824,0.9398798986675513,4.098191130326812
p_l10_s10_b3_x500_y50_baseline,100000000,0.05,2023,50,0.1756992757539293,0.05930616470057697,0.9447343971145306,3.8399813560525318
p_l10_s10_b3_x500_y50_baseline,100000000,0.05,2024,52,0.018619597100254737,0.05983982433176134,0.9147648570255348,6.023752084909715
p_l10_s10_b3_x500_y50_baseline,100000000,0.05,2025,51,0.44772393130935395,0.05694212514444973,0.9707313283081507,2.3431095971807743
p_l10_s10_b3_x500_y50_baseline,100000000,0.1,2020,46,0.325854592636883,0.0477808715600388,0.9485990188683882,2.819126874326929
p_l10_s10_b3_x500_y50_baseline,100000000,0.1,2021,52,0.9353029814930978,0.059890484850766486,0.9539082318803902,3.142935730280515
p_l10_s10_b3_x500_y50_baseline,100000000,0.1,2022,50,0.3330073903909725,0.058413281843090886,0.96664256603462,2.2152733132746096
p_l10_s10_b3_x500_y50_baseline,100000000,0.1,2023,50,0.1856840569704148,0.06438198490812416,0.9873299752278066,0.8657626831201641
p_l10_s10_b3_x500_y50_baseline,100000000,0.1,2024,52,0.00724353183512938,0.06473936349173087,0.9540139185954163,3.1520236938036668
p_l10_s10_b3_x500_y50_baseline,100000000,0.1,2025,51,0.44940966351118905,0.05786622938115388,0.9789992377899924,1.7747067424184166
p_l10_s10_b3_x500_y50_baseline,100000000,0.2,2020,46,0.3244857669248358,0.048142829241807655,0.9521601355842947,2.6298089384043437
p_l10_s10_b3_x500_y50_baseline,100000000,0.2,2021,52,0.9480519568645227,0.061356322036596064,0.9621350276577837,2.550122395261194
p_l10_s10_b3_x500_y50_baseline,100000000,0.2,2022,50,0.3299617751972683,0.05906631368814908,0.9706123519039985,1.9297780356992154
p_l10_s10_b3_x500_y50_baseline,100000000,0.2,2023,50,0.18852660872014138,0.06486489244264972,0.990415311348842,0.6567483522900518
p_l10_s10_b3_x500_y50_baseline,100000000,0.2,2024,52,0.0062778506081571095,0.06563702444034365,0.9605876498627792,2.669185785293665
p_l10_s10_b3_x500_y50_baseline,100000000,0.2,2025,51,0.4494313519536248,0.057935638284191744,0.9796698794558665,1.7315350515421584
p_l10_s10_b3_x500_y50_baseline,300000000,0.05,2020,46,0.31623942332394095,0.04260226583198494,0.76502296626801,13.84569468693724
p_l10_s10_b3_x500_y50_baseline,300000000,0.05,2021,52,0.6742892121565756,0.044905852417120376,0.7066765367964964,19.549314938534856
p_l10_s10_b3_x500_y50_baseline,300000000,0.05,2022,50,0.25556293900069726,0.04892174406254057,0.7554928885343599,16.329877001739455
p_l10_s10_b3_x500_y50_baseline,300000000,0.05,2023,50,0.11454553474483897,0.04836449380984739,0.713593006891957,19.404920770154618
p_l10_s10_b3_x500_y50_baseline,300000000,0.05,2024,52,0.054543011509181394,0.049506650044172644,0.6979131116406803,21.25939121552908
p_l10_s10_b3_x500_y50_baseline,300000000,0.05,2025,51,0.36522514382138915,0.05616195880502194,0.8358659430302414,11.8305095404543
p_l10_s10_b3_x500_y50_baseline,300000000,0.1,2020,46,0.30088617179823185,0.05455852444693764,0.8850969780761241,6.691085732472505
p_l10_s10_b3_x500_y50_baseline,300000000,0.1,2021,52,0.8221048210410316,0.062149869719666476,0.8451921820816857,10.590572217883212
p_l10_s10_b3_x500_y50_baseline,300000000,0.1,2022,50,0.30703904945068095,0.06558080579510589,0.8953508641438505,7.154375024082119
p_l10_s10_b3_x500_y50_baseline,300000000,0.1,2023,50,0.14302542587724343,0.06865564678845662,0.879128584238027,8.403306546328242
p_l10_s10_b3_x500_y50_baseline,300000000,0.1,2024,52,0.023689051725887644,0.06994695622396241,0.857415455312579,10.257744852773595
p_l10_s10_b3_x500_y50_baseline,300000000,0.1,2025,51,0.41799335974229646,0.06961636152487394,0.9454887918305221,4.13360549732103
p_l10_s10_b3_x500_y50_baseline,300000000,0.2,2020,46,0.3078799652794415,0.061361140477610675,0.9394552483293342,3.388856309238091
p_l10_s10_b3_x500_y50_baseline,300000000,0.2,2021,52,0.8788098495136254,0.07541695556642619,0.9315850631988982,4.679145117770621
p_l10_s10_b3_x500_y50_baseline,300000000,0.2,2022,50,0.31135771833363,0.07495687615636566,0.9562770577900092,2.946505885073056
p_l10_s10_b3_x500_y50_baseline,300000000,0.2,2023,50,0.15629204768086646,0.08287105548211984,0.9716452143382588,1.9585089696224793
p_l10_s10_b3_x500_y50_baseline,300000000,0.2,2024,52,-0.00829330919544835,0.08355444490588636,0.9385667909445506,4.266352110225776
p_l10_s10_b3_x500_y50_baseline,300000000,0.2,2025,51,0.42513774990829,0.07446103234978879,0.9769678369448316,1.9193025087391786
p_l10_s10_b3_x500_y50_baseline,500000000,0.05,2020,46,0.28174753819282494,0.03634326018705136,0.6340131918507348,21.139343311142273
p_l10_s10_b3_x500_y50_baseline,500000000,0.05,2021,52,0.5284412737669595,0.03677236266524488,0.5801945640670663,27.067723688901353
p_l10_s10_b3_x500_y50_baseline,500000000,0.05,2022,50,0.17032176032925994,0.04025546031801088,0.6175423053534675,24.806801148669624
p_l10_s10_b3_x500_y50_baseline,500000000,0.05,2023,50,0.10269186412957954,0.03848447060073222,0.5694177821216142,28.164780358965068
p_l10_s10_b3_x500_y50_baseline,500000000,0.05,2024,52,0.0286066570233805,0.03836570812594113,0.5489085244378225,30.46606828084979
p_l10_s10_b3_x500_y50_baseline,500000000,0.05,2025,51,0.2983821075650004,0.048182921568669546,0.7064966782004702,20.360908314667604
p_l10_s10_b3_x500_y50_baseline,500000000,0.1,2020,46,0.30288605315815786,0.0529627925354882,0.8034326434197743,11.61741434235823
p_l10_s10_b3_x500_y50_baseline,500000000,0.1,2021,52,0.7100850802071061,0.056808072234309795,0.7478321533340306,16.950441078693736
p_l10_s10_b3_x500_y50_baseline,500000000,0.1,2022,50,0.2692842847846739,0.06148040287166472,0.7990054098209853,13.527847202505672
p_l10_s10_b3_x500_y50_baseline,500000000,0.1,2023,50,0.11119171709890852,0.06161007290020324,0.7612336563699137,16.33290567783966
p_l10_s10_b3_x500_y50_baseline,500000000,0.1,2024,52,0.04319132598978426,0.06359035945006657,0.7471869646077482,18.004164300713047
p_l10_s10_b3_x500_y50_baseline,500000000,0.1,2025,51,0.37230835796159,0.06895249055992976,0.8723093103000181,9.30462973745736
p_l10_s10_b3_x500_y50_baseline,500000000,0.2,2020,46,0.2918659387980582,0.06583875347806974,0.9054320091366708,5.4575488012736155
p_l10_s10_b3_x500_y50_baseline,500000000,0.2,2021,52,0.8228104813578536,0.07681111710153773,0.8738877726796588,8.646393682263712
p_l10_s10_b3_x500_y50_baseline,500000000,0.2,2022,50,0.2979814846577806,0.07997668848842754,0.9190820620684476,5.539962806262157
p_l10_s10_b3_x500_y50_baseline,500000000,0.2,2023,50,0.13569476951688864,0.0854779311669237,0.9132500061809905,6.0415565125032895
p_l10_s10_b3_x500_y50_baseline,500000000,0.2,2024,52,-0.00043586335947320975,0.08677679419483379,0.887026820810954,8.088998954039377
p_l10_s10_b3_x500_y50_baseline,500000000,0.2,2025,51,0.40764034273272554,0.082701848272324,0.9598240231764553,3.1084526926223845
p_l10_s3_b2_x500_y50_baseline,100000000,0.05,2020,46,0.257670433090041,0.05333111875770624,0.929676999498962,4.801354860819945
p_l10_s3_b2_x500_y50_baseline,100000000,0.05,2021,52,1.0406392441590695,0.06396095985862134,0.9099949112210305,7.235945808665371
p_l10_s3_b2_x500_y50_baseline,100000000,0.05,2022,50,0.18873443099720055,0.06315043870044361,0.9371276588845275,4.844553407763596
p_l10_s3_b2_x500_y50_baseline,100000000,0.05,2023,50,0.1784716432390896,0.0696913788350971,0.9490431709866195,4.136232904699083
p_l10_s3_b2_x500_y50_baseline,100000000,0.05,2024,52,-0.0459998715140949,0.06969408563215518,0.9257810601037763,6.130923322774215
p_l10_s3_b2_x500_y50_baseline,100000000,0.05,2025,51,0.31568872490026756,0.06477961542357602,0.9619667788173722,3.2788442288769155
p_l10_s3_b2_x500_y50_baseline,100000000,0.1,2020,46,0.2704848636555519,0.0563701658583378,0.9531687634440325,3.1523673012717914
p_l10_s3_b2_x500_y50_baseline,100000000,0.1,2021,52,1.1091348274004127,0.07144568655230035,0.9584261295143304,3.3608882386282604
p_l10_s3_b2_x500_y50_baseline,100000000,0.1,2022,50,0.19478789461639123,0.06789746716777478,0.966832933530018,2.5648194632343264
p_l10_s3_b2_x500_y50_baseline,100000000,0.1,2023,50,0.19711064283689628,0.0756774701303773,0.9869305991991391,1.0777777816128082
p_l10_s3_b2_x500_y50_baseline,100000000,0.1,2024,52,-0.03306556272543515,0.07616273295214387,0.963416593011772,3.062120409813354
p_l10_s3_b2_x500_y50_baseline,100000000,0.1,2025,51,0.31894894388128514,0.06598066334835141,0.9703496617449715,2.66246103020604
p_l10_s3_b2_x500_y50_baseline,100000000,0.2,2020,46,0.27179328458441665,0.05687442095840587,0.9558130212949499,2.964009971345903
p_l10_s3_b2_x500_y50_baseline,100000000,0.2,2021,52,1.1246129759765284,0.0727306890076308,0.9650803824302396,2.819329421749954
p_l10_s3_b2_x500_y50_baseline,100000000,0.2,2022,50,0.1902829795601566,0.06871225328138988,0.9707370069074642,2.254997033258433
p_l10_s3_b2_x500_y50_baseline,100000000,0.2,2023,50,0.19843045073038756,0.0764483664696028,0.9907646697360489,0.769457106948483
p_l10_s3_b2_x500_y50_baseline,100000000,0.2,2024,52,-0.024492901906992826,0.07721228337579455,0.9689735355162923,2.6000196842274708
p_l10_s3_b2_x500_y50_baseline,100000000,0.2,2025,51,0.31824404795140904,0.06603559483310124,0.9706726023062524,2.6427327642708773
p_l10_s3_b2_x500_y50_baseline,300000000,0.05,2020,46,0.2188057456423822,0.04873773063128142,0.778993302681032,14.431911491898349
p_l10_s3_b2_x500_y50_baseline,300000000,0.05,2021,52,0.7323818199214454,0.05109305078750999,0.715454616449578,21.032670915474572
p_l10_s3_b2_x500_y50_baseline,300000000,0.05,2022,50,0.14126132508666567,0.05337677446740743,0.7543581210978938,17.770096559563914
p_l10_s3_b2_x500_y50_baseline,300000000,0.05,2023,50,0.11226080403190264,0.055460639292836095,0.7354157972346482,19.86117458184777
p_l10_s3_b2_x500_y50_baseline,300000000,0.05,2024,52,-0.09369129173340707,0.05423626406758848,0.7054047398274096,22.22321111716343
p_l10_s3_b2_x500_y50_baseline,300000000,0.05,2025,51,0.27743118891213703,0.0638839188527449,0.8356721226627175,12.840021377720246
p_l10_s3_b2_x500_y50_baseline,300000000,0.1,2020,46,0.22743948582881246,0.0639445460377439,0.8951128008205649,7.123403343154804
p_l10_s3_b2_x500_y50_baseline,300000000,0.1,2021,52,0.9413813652309759,0.07284364078908881,0.8534977241074329,11.572091792494895
p_l10_s3_b2_x500_y50_baseline,300000000,0.1,2022,50,0.16802743505133932,0.07412374402215452,0.891334983320061,8.241875373388414
p_l10_s3_b2_x500_y50_baseline,300000000,0.1,2023,50,0.13902466488317322,0.08022289335727793,0.890943071877002,8.709074417954236
p_l10_s3_b2_x500_y50_baseline,300000000,0.1,2024,52,-0.08204657087972456,0.08077204033915457,0.8701765266287087,10.522115150304234
p_l10_s3_b2_x500_y50_baseline,300000000,0.1,2025,51,0.28172071011575794,0.07905942922537694,0.9369408263783645,5.200045178100473
p_l10_s3_b2_x500_y50_baseline,300000000,0.2,2020,46,0.23887790780967366,0.0724210776391893,0.9448721039940545,3.741882086276599
p_l10_s3_b2_x500_y50_baseline,300000000,0.2,2021,52,1.0336340164402578,0.09005809779448663,0.9373091148795647,5.068489318347208
p_l10_s3_b2_x500_y50_baseline,300000000,0.2,2022,50,0.16476131437492492,0.08721059911244604,0.9560066299730849,3.410756494380747
p_l10_s3_b2_x500_y50_baseline,300000000,0.2,2023,50,0.16126992806083984,0.09747392701263166,0.9728113438717508,2.2138946890337365
p_l10_s3_b2_x500_y50_baseline,300000000,0.2,2024,52,-0.05887126818281696,0.09805496760571124,0.9485553354485738,4.285683301356107
p_l10_s3_b2_x500_y50_baseline,300000000,0.2,2025,51,0.2955117712290689,0.0846451498807205,0.967932571553078,2.8256783694387675
p_l10_s3_b2_x500_y50_baseline,500000000,0.05,2020,46,0.19645449069404397,0.03987675137823128,0.6417605744608996,22.25531129253634
p_l10_s3_b2_x500_y50_baseline,500000000,0.05,2021,52,0.5767979590473167,0.04087991106411782,0.5898519939857263,28.443431308186828
p_l10_s3_b2_x500_y50_baseline,500000000,0.05,2022,50,0.07432357873991968,0.04235039019302209,0.61517321172623,26.291322181255108
p_l10_s3_b2_x500_y50_baseline,500000000,0.05,2023,50,0.08966946785104568,0.04279334466841604,0.5906612121759113,28.58137202709391
p_l10_s3_b2_x500_y50_baseline,500000000,0.05,2024,52,-0.12846218796960085,0.040305520516155456,0.5500470127286636,31.62181249041004
p_l10_s3_b2_x500_y50_baseline,500000000,0.05,2025,51,0.23359359816669834,0.054452710612594414,0.7124684361386385,21.437618612422035
p_l10_s3_b2_x500_y50_baseline,500000000,0.1,2020,46,0.21066234412346652,0.06110693705188211,0.8178766890731054,12.044554923226995
p_l10_s3_b2_x500_y50_baseline,500000000,0.1,2021,52,0.7809990566612759,0.06504734632716526,0.7568920746653295,18.319373082257854
p_l10_s3_b2_x500_y50_baseline,500000000,0.1,2022,50,0.14820311025341293,0.06785090120642244,0.7971122222036162,14.904677065752201
p_l10_s3_b2_x500_y50_baseline,500000000,0.1,2023,50,0.10681499205759737,0.07123760300802713,0.781566870336065,16.739231801308847
p_l10_s3_b2_x500_y50_baseline,500000000,0.1,2024,52,-0.09225947574299176,0.07080224161482554,0.7563212423808552,18.811426880305206
p_l10_s3_b2_x500_y50_baseline,500000000,0.1,2025,51,0.26741756511767467,0.07863113876335041,0.8711400496205138,10.198167405036777
p_l10_s3_b2_x500_y50_baseline,500000000,0.2,2020,46,0.21894521770229658,0.07753749769417687,0.9132199851993792,5.926409964637063
p_l10_s3_b2_x500_y50_baseline,500000000,0.2,2021,52,0.9463877440195072,0.09071562676514797,0.8815081165164332,9.44665989742867
p_l10_s3_b2_x500_y50_baseline,500000000,0.2,2022,50,0.15065237593872438,0.09105192877384355,0.9148094076778662,6.5151897479273355
p_l10_s3_b2_x500_y50_baseline,500000000,0.2,2023,50,0.1301507628231422,0.10014287407870279,0.9207363769172704,6.390006605349567
p_l10_s3_b2_x500_y50_baseline,500000000,0.2,2024,52,-0.09261775045043719,0.10095461962924455,0.8990296608279761,8.27879547512422
p_l10_s3_b2_x500_y50_baseline,500000000,0.2,2025,51,0.27082103749841124,0.09380992720968673,0.9515705846965082,4.082294551047632
p_l10_s3_b3_x500_y50_baseline,100000000,0.05,2020,46,0.2765242410427866,0.053435914542086654,0.9398085226135274,4.100889696108016
p_l10_s3_b3_x500_y50_baseline,100000000,0.05,2021,52,0.9531996568368546,0.0615237817303176,0.9082768240888093,7.05052217132255
p_l10_s3_b3_x500_y50_baseline,100000000,0.05,2022,50,0.07141633696433791,0.062365183680352605,0.9385564269406247,4.6390075732345375
p_l10_s3_b3_x500_y50_baseline,100000000,0.05,2023,50,0.14205065284719987,0.06881873594272447,0.9496648233166739,4.0705032644261925
p_l10_s3_b3_x500_y50_baseline,100000000,0.05,2024,52,0.028087331735560328,0.06884061456709256,0.9257997899287732,6.082903370525214
p_l10_s3_b3_x500_y50_baseline,100000000,0.05,2025,51,0.39039221195924845,0.06320230343297814,0.950890533605384,4.199501523252482
p_l10_s3_b3_x500_y50_baseline,100000000,0.1,2020,46,0.2747730458688604,0.056635272299988604,0.9665759485978106,2.2700380035513774
p_l10_s3_b3_x500_y50_baseline,100000000,0.1,2021,52,1.003312654108246,0.06862937082943217,0.9576919873607312,3.232374706205794
p_l10_s3_b3_x500_y50_baseline,100000000,0.1,2022,50,0.07475872697188302,0.06684890549912692,0.9682177171662201,2.4020616761428712
p_l10_s3_b3_x500_y50_baseline,100000000,0.1,2023,50,0.15893694537258263,0.07471559795650784,0.9880251502848145,0.9701871113311676
p_l10_s3_b3_x500_y50_baseline,100000000,0.1,2024,52,0.04017175430018871,0.07500979976369093,0.9633295073513075,3.0299529685664606
p_l10_s3_b3_x500_y50_baseline,100000000,0.1,2025,51,0.3908101564592368,0.06420647957292207,0.9583874289089194,3.6221378594115783
p_l10_s3_b3_x500_y50_baseline,100000000,0.2,2020,46,0.27671639489105515,0.05708577781424945,0.9691330801057485,2.0919628631070983
p_l10_s3_b3_x500_y50_baseline,100000000,0.2,2021,52,1.0184264320407124,0.07032609852763565,0.9666701066137404,2.5487757876880317
p_l10_s3_b3_x500_y50_baseline,100000000,0.2,2022,50,0.0725594373440277,0.06756507462668358,0.9714807376177984,2.141950072349805
p_l10_s3_b3_x500_y50_baseline,100000000,0.2,2023,50,0.16045316733588488,0.07542100873959492,0.9917143240811606,0.6703161277195082
p_l10_s3_b3_x500_y50_baseline,100000000,0.2,2024,52,0.05061213939628284,0.07598977630315082,0.9684509246357504,2.609463450867871
p_l10_s3_b3_x500_y50_baseline,100000000,0.2,2025,51,0.39176670805077407,0.06428409731276874,0.958816989603005,3.5878509242098913
p_l10_s3_b3_x500_y50_baseline,300000000,0.05,2020,46,0.2552187133571906,0.04885484469088031,0.781271371303675,14.365622796647765
p_l10_s3_b3_x500_y50_baseline,300000000,0.05,2021,52,0.6960689704110643,0.050294001567410145,0.7150872446804986,20.786537333108747
p_l10_s3_b3_x500_y50_baseline,300000000,0.05,2022,50,0.025790638266214527,0.052592466093555994,0.7498019770238687,17.757111926283308
p_l10_s3_b3_x500_y50_baseline,300000000,0.05,2023,50,0.06609497735309677,0.05487981617117994,0.7324699125787041,19.98323778098352
p_l10_s3_b3_x500_y50_baseline,300000000,0.05,2024,52,-0.016869658354924155,0.05367623022825466,0.7022456776642267,22.293860906065813
p_l10_s3_b3_x500_y50_baseline,300000000,0.05,2025,51,0.3505514853854883,0.06304159258747516,0.8289597698371943,13.425030577020072
p_l10_s3_b3_x500_y50_baseline,300000000,0.1,2020,46,0.24894344250760714,0.06389167342254368,0.8999345470347531,6.783482907970223
p_l10_s3_b3_x500_y50_baseline,300000000,0.1,2021,52,0.8678473876316779,0.07045982048198947,0.8502023132482239,11.429919453776037
p_l10_s3_b3_x500_y50_baseline,300000000,0.1,2022,50,0.05328574100222938,0.07316479034907668,0.8903719378553067,8.173014254067448
p_l10_s3_b3_x500_y50_baseline,300000000,0.1,2023,50,0.10072958124907117,0.0792968343479953,0.8907252533656091,8.689816504979943
p_l10_s3_b3_x500_y50_baseline,300000000,0.1,2024,52,-0.007940512874835881,0.07967781141736067,0.8684159820122747,10.5808601649047
p_l10_s3_b3_x500_y50_baseline,300000000,0.1,2025,51,0.3612145543055041,0.07738794685759993,0.9271666005565252,6.02902000327251
p_l10_s3_b3_x500_y50_baseline,300000000,0.2,2020,46,0.25360681146479136,0.07252878644560606,0.9558490432043254,3.006269726813919
p_l10_s3_b3_x500_y50_baseline,300000000,0.2,2021,52,0.9364300468914821,0.08652292293545874,0.9364886531975274,4.884451613869084
p_l10_s3_b3_x500_y50_baseline,300000000,0.2,2022,50,0.0481985421429425,0.08604646301081012,0.957919491331189,3.1889775046949365
p_l10_s3_b3_x500_y50_baseline,300000000,0.2,2023,50,0.12479940905845122,0.0961902451586555,0.9733520253149348,2.1567653915215317
p_l10_s3_b3_x500_y50_baseline,300000000,0.2,2024,52,0.010480761433128372,0.09672424406322498,0.9485553099514483,4.240092711932875
p_l10_s3_b3_x500_y50_baseline,300000000,0.2,2025,51,0.36527920130177716,0.08229389419142677,0.956182762525492,3.784073639924218
p_l10_s3_b3_x500_y50_baseline,500000000,0.05,2020,46,0.21788720810307916,0.04049688892515034,0.6473881931060336,22.079208370177476
p_l10_s3_b3_x500_y50_baseline,500000000,0.05,2021,52,0.5362527569655431,0.040599900613195045,0.5906717457751405,28.26088701843258
p_l10_s3_b3_x500_y50_baseline,500000000,0.05,2022,50,-0.020806999907649115,0.04171355814131536,0.6105004767576011,26.21401806613317
p_l10_s3_b3_x500_y50_baseline,500000000,0.05,2023,50,0.04409925391703129,0.042285105797671176,0.5880680451021976,28.570591176932894
p_l10_s3_b3_x500_y50_baseline,500000000,0.05,2024,52,-0.061347242534092405,0.03986739462171408,0.5467118097005301,31.650385588448035
p_l10_s3_b3_x500_y50_baseline,500000000,0.05,2025,51,0.284994830324913,0.05420651751328765,0.7108501415484973,21.693243823414047
p_l10_s3_b3_x500_y50_baseline,500000000,0.1,2020,46,0.24479065943034506,0.061043120439984125,0.8192935731788973,12.025871345954686
p_l10_s3_b3_x500_y50_baseline,500000000,0.1,2021,52,0.7346860844931751,0.06372620922253541,0.7550495839644106,18.125330066042615
p_l10_s3_b3_x500_y50_baseline,500000000,0.1,2022,50,0.031394511238530765,0.06681756380897444,0.7929580331170949,14.915889434296906
p_l10_s3_b3_x500_y50_baseline,500000000,0.1,2023,50,0.06282119914753381,0.0705434414691166,0.7792953817280117,16.83849100572397
p_l10_s3_b3_x500_y50_baseline,500000000,0.1,2024,52,-0.015758584669396503,0.06992637520569889,0.7531347592286918,18.898413317228204
p_l10_s3_b3_x500_y50_baseline,500000000,0.1,2025,51,0.34608207002155944,0.07736407782017395,0.8634538032900252,10.849803225855776
p_l10_s3_b3_x500_y50_baseline,500000000,0.2,2020,46,0.23861233921516933,0.07749792997097157,0.9202808019556591,5.419582954552359
p_l10_s3_b3_x500_y50_baseline,500000000,0.2,2021,52,0.869735223172267,0.0873865054941605,0.878568566598282,9.302550639000449
p_l10_s3_b3_x500_y50_baseline,500000000,0.2,2022,50,0.03945945345765001,0.08999880551694431,0.9150897752866477,6.372992181552316
p_l10_s3_b3_x500_y50_baseline,500000000,0.2,2023,50,0.09495072766143986,0.09894976746516604,0.9210737054490429,6.338456272173434
p_l10_s3_b3_x500_y50_baseline,500000000,0.2,2024,52,-0.019283567149539826,0.0997267373158876,0.8983616066697698,8.267959682801125
p_l10_s3_b3_x500_y50_baseline,500000000,0.2,2025,51,0.34697561928523424,0.09153928225233857,0.9407742247876808,4.986152694391505
p_l10_s5_b2_x500_y50_baseline,100000000,0.05,2020,46,0.34447219132725193,0.0520260995551111,0.9442956256425714,3.6444062134288
p_l10_s5_b2_x500_y50_baseline,100000000,0.05,2021,52,0.8955105298348414,0.060378796493341984,0.9051405642475013,7.171497663400887
p_l10_s5_b2_x500_y50_baseline,100000000,0.05,2022,50,0.10691109211089289,0.06187014430997321,0.9411437197035248,4.498115452628998
p_l10_s5_b2_x500_y50_baseline,100000000,0.05,2023,50,0.10484624257619579,0.06711255251160948,0.9482205381870074,4.0698160041166425
p_l10_s5_b2_x500_y50_baseline,100000000,0.05,2024,52,0.05405781828675105,0.0669320532562772,0.9243368123527019,6.125769375562874
p_l10_s5_b2_x500_y50_baseline,100000000,0.05,2025,51,0.30981574281657265,0.062165417860607655,0.9717305121916788,2.3947310983188688
p_l10_s5_b2_x500_y50_baseline,100000000,0.1,2020,46,0.3490842694052554,0.05482762135076218,0.967833967012939,2.0359563007019568
p_l10_s5_b2_x500_y50_baseline,100000000,0.1,2021,52,0.9503075901276723,0.06728701110741474,0.9557775628983798,3.3282378017624006
p_l10_s5_b2_x500_y50_baseline,100000000,0.1,2022,50,0.10861143629506964,0.0658694681040209,0.969250153028367,2.380633058464677
p_l10_s5_b2_x500_y50_baseline,100000000,0.1,2023,50,0.12263392380627369,0.0730826887281995,0.9885371540692443,0.9427117569928856
p_l10_s5_b2_x500_y50_baseline,100000000,0.1,2024,52,0.0587537436621719,0.07339281416385524,0.9641941426109291,2.957915317355022
p_l10_s5_b2_x500_y50_baseline,100000000,0.1,2025,51,0.31399670088030396,0.06316266565438211,0.9798610515166161,1.8006701426888077
p_l10_s5_b2_x500_y50_baseline,100000000,0.2,2020,46,0.35054914418539074,0.0552760292014226,0.9705545361372782,1.847022611580292
p_l10_s5_b2_x500_y50_baseline,100000000,0.2,2021,52,0.9659276746544541,0.06895291188402038,0.965620662048846,2.580393274737724
p_l10_s5_b2_x500_y50_baseline,100000000,0.2,2022,50,0.10480612630130182,0.0667587504247996,0.973854861898999,2.031059573716881
p_l10_s5_b2_x500_y50_baseline,100000000,0.2,2023,50,0.12608207590466658,0.07373607594790146,0.9916902909526047,0.6846666232015729
p_l10_s5_b2_x500_y50_baseline,100000000,0.2,2024,52,0.06387506644418983,0.07426827807434734,0.9693897685702126,2.53659750723216
p_l10_s5_b2_x500_y50_baseline,100000000,0.2,2025,51,0.3153651232010797,0.0632549341649775,0.9805541786682435,1.7461632439776507
p_l10_s5_b2_x500_y50_baseline,300000000,0.05,2020,46,0.3126448227603078,0.047892754496602595,0.7841063244601549,13.908774669933582
p_l10_s5_b2_x500_y50_baseline,300000000,0.05,2021,52,0.6715699316775605,0.048767172316022546,0.707608256411741,20.889020004778185
p_l10_s5_b2_x500_y50_baseline,300000000,0.05,2022,50,0.07584321860371523,0.05297980574486664,0.7576001512174669,17.30271641689023
p_l10_s5_b2_x500_y50_baseline,300000000,0.05,2023,50,0.03677101024637719,0.05294457055279858,0.7271227627183815,19.86011018872825
p_l10_s5_b2_x500_y50_baseline,300000000,0.05,2024,52,0.017955116822362616,0.05269634188637108,0.7011776152813781,22.233991551699845
p_l10_s5_b2_x500_y50_baseline,300000000,0.05,2025,51,0.2620612642337361,0.06193042820247094,0.8453853298345398,11.785378275816988
p_l10_s5_b2_x500_y50_baseline,300000000,0.1,2020,46,0.31071206149795616,0.06223778971348395,0.9030663527562506,6.3675641908293255
p_l10_s5_b2_x500_y50_baseline,300000000,0.1,2021,52,0.8298621365197827,0.06926404832825471,0.8480767698552042,11.402066213171047
p_l10_s5_b2_x500_y50_baseline,300000000,0.1,2022,50,0.08684694436628426,0.07312240339249437,0.8954143155225949,7.827097697380805
p_l10_s5_b2_x500_y50_baseline,300000000,0.1,2023,50,0.06528532060024461,0.07713816886969292,0.8870585331554376,8.734940753918528
p_l10_s5_b2_x500_y50_baseline,300000000,0.1,2024,52,0.03782066979185861,0.07740733746237446,0.8661757654419837,10.603915678206736
p_l10_s5_b2_x500_y50_baseline,300000000,0.1,2025,51,0.2764593565338165,0.07589395006662165,0.9465280219227665,4.276398983477357
p_l10_s5_b2_x500_y50_baseline,300000000,0.2,2020,46,0.3230024120390622,0.07030672390715123,0.9590688429971073,2.651014408329465
p_l10_s5_b2_x500_y50_baseline,300000000,0.2,2021,52,0.8830652674664778,0.08496183384868365,0.9333642043580185,5.037454305261611
p_l10_s5_b2_x500_y50_baseline,300000000,0.2,2022,50,0.08447533032935617,0.08477574756039807,0.9592810137216533,3.1489427119310793
p_l10_s5_b2_x500_y50_baseline,300000000,0.2,2023,50,0.08914203714965696,0.09404633093111953,0.9739791488416466,2.0727180926191853
p_l10_s5_b2_x500_y50_baseline,300000000,0.2,2024,52,0.032311420615639186,0.09452595104638689,0.9489645199262216,4.186380178584971
p_l10_s5_b2_x500_y50_baseline,300000000,0.2,2025,51,0.28958083233695353,0.08094705454324647,0.9777029780926051,1.956762454016684
p_l10_s5_b2_x500_y50_baseline,500000000,0.05,2020,46,0.26851855608656683,0.04012394091260166,0.6512080636343549,21.579044411088823
p_l10_s5_b2_x500_y50_baseline,500000000,0.05,2021,52,0.507823769797721,0.03931700226874923,0.5814452212182053,28.36937546744519
p_l10_s5_b2_x500_y50_baseline,500000000,0.05,2022,50,0.049303010431933414,0.04230365228522308,0.618818801978938,25.83087347903949
p_l10_s5_b2_x500_y50_baseline,500000000,0.05,2023,50,0.02551637652654093,0.041224786755226575,0.5829540681170566,28.505940041887065
p_l10_s5_b2_x500_y50_baseline,500000000,0.05,2024,52,-0.037886186200763006,0.03965952885838575,0.5470211203616324,31.5028595148569
p_l10_s5_b2_x500_y50_baseline,500000000,0.05,2025,51,0.22270117454218963,0.05380375636964583,0.7259207505948311,20.098029521479805
p_l10_s5_b2_x500_y50_baseline,500000000,0.1,2020,46,0.30206014906947587,0.059804501058788276,0.8231106837457238,11.528886763300582
p_l10_s5_b2_x500_y50_baseline,500000000,0.1,2021,52,0.709967944700564,0.062120464522997056,0.7499956094490354,18.145737393814294
p_l10_s5_b2_x500_y50_baseline,500000000,0.1,2022,50,0.0686707919064573,0.06727268007167711,0.8007016936174916,14.44193834130268
p_l10_s5_b2_x500_y50_baseline,500000000,0.1,2023,50,0.034546884258569,0.06802194182833986,0.7742419770901848,16.74599572444358
p_l10_s5_b2_x500_y50_baseline,500000000,0.1,2024,52,0.02055155995635083,0.06845817245726812,0.7520962224205108,18.84796411333618
p_l10_s5_b2_x500_y50_baseline,500000000,0.1,2025,51,0.25491021943176273,0.07576257967556847,0.8795701381366302,9.288046687114587
p_l10_s5_b2_x500_y50_baseline,500000000,0.2,2020,46,0.30379507734961186,0.0753258237495324,0.923977153630971,4.989194334156834
p_l10_s5_b2_x500_y50_baseline,500000000,0.2,2021,52,0.8228786809414104,0.08604244575845754,0.8765005744551841,9.305052989892793
p_l10_s5_b2_x500_y50_baseline,500000000,0.2,2022,50,0.07117695758609255,0.08952701386969204,0.9191226774087065,6.108010033675187
p_l10_s5_b2_x500_y50_baseline,500000000,0.2,2023,50,0.059380316489373364,0.09644337514632842,0.9182109190032102,6.384753156847994
p_l10_s5_b2_x500_y50_baseline,500000000,0.2,2024,52,0.017569243534343748,0.09677290135418411,0.8963032193579145,8.312465738371928
p_l10_s5_b2_x500_y50_baseline,500000000,0.2,2025,51,0.2671716093610348,0.0898416433282347,0.9608766338689867,3.2020411306826846
p_l10_s5_b3_x500_y50_baseline,100000000,0.05,2020,46,0.3418833468359306,0.051185208597259856,0.9420835375106745,3.7407738186607293
p_l10_s5_b3_x500_y50_baseline,100000000,0.05,2021,52,0.786848988743061,0.058952169564468714,0.905604298857715,6.95729710203577
p_l10_s5_b3_x500_y50_baseline,100000000,0.05,2022,50,0.14746772919329287,0.06107934418123731,0.9412530998029706,4.300803562242729
p_l10_s5_b3_x500_y50_baseline,100000000,0.05,2023,50,0.08076593236549812,0.06687043851466679,0.947977011675556,4.1004092216653
p_l10_s5_b3_x500_y50_baseline,100000000,0.05,2024,52,0.025406460492147787,0.06716133021852369,0.92332811019921,6.228560271857992
p_l10_s5_b3_x500_y50_baseline,100000000,0.05,2025,51,0.3634468410024956,0.06157573770942178,0.9612813963151531,3.234433323321089
p_l10_s5_b3_x500_y50_baseline,100000000,0.1,2020,46,0.34270973299974283,0.053926273365821814,0.9650903716356588,2.195479138628485
p_l10_s5_b3_x500_y50_baseline,100000000,0.1,2021,52,0.8207590256402955,0.065794027907305,0.9579065907318008,3.1148831144058677
p_l10_s5_b3_x500_y50_baseline,100000000,0.1,2022,50,0.14799821311919725,0.06498762121228525,0.9684048796350158,2.279080130458846
p_l10_s5_b3_x500_y50_baseline,100000000,0.1,2023,50,0.09037737578899141,0.0728202669539363,0.9880145652892288,0.9623626803010462
p_l10_s5_b3_x500_y50_baseline,100000000,0.1,2024,52,0.036981118652114287,0.07376594227341315,0.9646389750606637,2.9013212982125296
p_l10_s5_b3_x500_y50_baseline,100000000,0.1,2025,51,0.36277017559167213,0.06248479314946812,0.9681236647192787,2.7182513408126496
p_l10_s5_b3_x500_y50_baseline,100000000,0.2,2020,46,0.34423460422625585,0.05446861607808477,0.9684794465009988,1.9737294842771973
p_l10_s5_b3_x500_y50_baseline,100000000,0.2,2021,52,0.8352992190570354,0.06741811933783998,0.9677029022778222,2.3954189756820154
p_l10_s5_b3_x500_y50_baseline,100000000,0.2,2022,50,0.14541137996110542,0.06580099972333496,0.9724349776094566,1.9804540496036291
p_l10_s5_b3_x500_y50_baseline,100000000,0.2,2023,50,0.09143125580516909,0.07341782748021732,0.9909846092274185,0.7162977705046155
p_l10_s5_b3_x500_y50_baseline,100000000,0.2,2024,52,0.04384453208829653,0.07483664717950662,0.9702262768682581,2.4369937348424653
p_l10_s5_b3_x500_y50_baseline,100000000,0.2,2025,51,0.36400686928985504,0.06254395094227978,0.968596007700236,2.6816989078981432
p_l10_s5_b3_x500_y50_baseline,300000000,0.05,2020,46,0.32340567839997036,0.04747607638106934,0.7816463604121917,13.914197715405797
p_l10_s5_b3_x500_y50_baseline,300000000,0.05,2021,52,0.5954890696966666,0.04782078377202389,0.7059190145639409,20.650340646772584
p_l10_s5_b3_x500_y50_baseline,300000000,0.05,2022,50,0.0915334389704745,0.05219981258159012,0.7530245166427311,17.32473343826907
p_l10_s5_b3_x500_y50_baseline,300000000,0.05,2023,50,0.04127245820473768,0.05268018645634473,0.7261587334947752,19.972501847841148
p_l10_s5_b3_x500_y50_baseline,300000000,0.05,2024,52,-0.027034845114459194,0.05231524958295546,0.6985439733424071,22.22665522563174
p_l10_s5_b3_x500_y50_baseline,300000000,0.05,2025,51,0.32629804164397846,0.06102306147510255,0.8356400693559224,12.521434686820061
p_l10_s5_b3_x500_y50_baseline,300000000,0.1,2020,46,0.31056255520433385,0.06131756405882032,0.9015914339334464,6.348777627940416
p_l10_s5_b3_x500_y50_baseline,300000000,0.1,2021,52,0.7198442286780322,0.06741496049681313,0.8459960422242845,11.261248669236437
p_l10_s5_b3_x500_y50_baseline,300000000,0.1,2022,50,0.12068780094767506,0.07186277684933978,0.8935467378806462,7.728261008995036
p_l10_s5_b3_x500_y50_baseline,300000000,0.1,2023,50,0.05059610919211188,0.07673268049614722,0.88627074378289,8.803783436600144
p_l10_s5_b3_x500_y50_baseline,300000000,0.1,2024,52,-0.0025087562110462924,0.07749464802804773,0.8641323483469203,10.804435627349864
p_l10_s5_b3_x500_y50_baseline,300000000,0.1,2025,51,0.3315653401063572,0.07507043988080314,0.9356685551982517,5.1326103835568295
p_l10_s5_b3_x500_y50_baseline,300000000,0.2,2020,46,0.31898285669376514,0.06911662689099976,0.9559275959484657,2.8186148099118107
p_l10_s5_b3_x500_y50_baseline,300000000,0.2,2021,52,0.770363916717473,0.08303523862464172,0.93476313288062,4.816496089426268
p_l10_s5_b3_x500_y50_baseline,300000000,0.2,2022,50,0.1231568256627571,0.08377226060552567,0.9588172140765717,3.001011943786034
p_l10_s5_b3_x500_y50_baseline,300000000,0.2,2023,50,0.06032783188939028,0.09383473682359714,0.9737670963109136,2.088611933909628
p_l10_s5_b3_x500_y50_baseline,300000000,0.2,2024,52,0.008714989588897382,0.09488087126438642,0.948727359979568,4.200025975189166
p_l10_s5_b3_x500_y50_baseline,300000000,0.2,2025,51,0.33855236328039107,0.0802552346732167,0.9663346703520926,2.853156951130721
p_l10_s5_b3_x500_y50_baseline,500000000,0.05,2020,46,0.3000070506157644,0.0398213202181772,0.6483595338436041,21.64564152470315
p_l10_s5_b3_x500_y50_baseline,500000000,0.05,2021,52,0.45783092518595847,0.03873324402744192,0.5790145230549717,28.24603592762364
p_l10_s5_b3_x500_y50_baseline,500000000,0.05,2022,50,0.0535079327511081,0.04181529945607825,0.614084482571408,25.92035482425576
p_l10_s5_b3_x500_y50_baseline,500000000,0.05,2023,50,0.028133663639489992,0.04113364687570528,0.5836979566738407,28.54453671056855
p_l10_s5_b3_x500_y50_baseline,500000000,0.05,2024,52,-0.062181582947478664,0.03942532405821485,0.5464435021420676,31.292956124169944
p_l10_s5_b3_x500_y50_baseline,500000000,0.05,2025,51,0.2644866597590192,0.05245668271195331,0.7153967149537375,20.75380905859063
p_l10_s5_b3_x500_y50_baseline,500000000,0.1,2020,46,0.30508787084313793,0.05915145439508578,0.8203592622359229,11.544128319858121
p_l10_s5_b3_x500_y50_baseline,500000000,0.1,2021,52,0.6211702874338931,0.06074645355828416,0.7473828913752005,17.986598417305856
p_l10_s5_b3_x500_y50_baseline,500000000,0.1,2022,50,0.09467625911703292,0.06621916104218094,0.7962593054828332,14.466690845839018
p_l10_s5_b3_x500_y50_baseline,500000000,0.1,2023,50,0.03517750134331066,0.06759161522483714,0.7728461105311911,16.869505466109338
p_l10_s5_b3_x500_y50_baseline,500000000,0.1,2024,52,-0.024388535370791664,0.06801795924405565,0.7487935223313771,18.95916497899996
p_l10_s5_b3_x500_y50_baseline,500000000,0.1,2025,51,0.3184449702345955,0.07486094479677789,0.869485568472826,10.065808387137935
p_l10_s5_b3_x500_y50_baseline,500000000,0.2,2020,46,0.30220313368077045,0.07421294261651154,0.9225038918204652,5.002836432466629
p_l10_s5_b3_x500_y50_baseline,500000000,0.2,2021,52,0.71671565141719,0.0837457435579596,0.8749425128597205,9.179461786123529
p_l10_s5_b3_x500_y50_baseline,500000000,0.2,2022,50,0.1088690712861562,0.0882480408111907,0.9187199310976173,5.935132960126781
p_l10_s5_b3_x500_y50_baseline,500000000,0.2,2023,50,0.04006527514963265,0.09596426463707013,0.9174472915736733,6.4512679610940795
p_l10_s5_b3_x500_y50_baseline,500000000,0.2,2024,52,-0.016016206886368844,0.09700671184051873,0.8943644264757304,8.506902128698135
p_l10_s5_b3_x500_y50_baseline,500000000,0.2,2025,51,0.32009064919188135,0.0891380527095509,0.9505455360502442,4.029270523245092
p_l20_s10_b2_x500_y50_baseline,100000000,0.05,2020,45,0.3221893131330169,0.04170295535935711,0.9171951334226713,4.344985878769142
p_l20_s10_b2_x500_y50_baseline,100000000,0.05,2021,52,0.8847987117840164,0.05178829556900176,0.897063555410167,6.73330535953818
p_l20_s10_b2_x500_y50_baseline,100000000,0.05,2022,50,0.3463207615451409,0.05226872471516455,0.9379151307020253,3.9215176965848224
p_l20_s10_b2_x500_y50_baseline,100000000,0.05,2023,50,0.09495320469717794,0.059868521187230184,0.9444945247087986,3.8933653954230314
p_l20_s10_b2_x500_y50_baseline,100000000,0.05,2024,52,0.04441228743542025,0.05352014932760875,0.9116679872896658,6.082969054482711
p_l20_s10_b2_x500_y50_baseline,100000000,0.05,2025,51,0.2573324446102401,0.05530335837156604,0.9674330372832095,2.361139283023067
p_l20_s10_b2_x500_y50_baseline,100000000,0.1,2020,45,0.3282269707908667,0.043919065884391005,0.9424864010234514,2.8817641889036607
p_l20_s10_b2_x500_y50_baseline,100000000,0.1,2021,52,0.9219488076284019,0.0577309847771609,0.9509522226757553,3.0868227804006096
p_l20_s10_b2_x500_y50_baseline,100000000,0.1,2022,50,0.36448076110805383,0.05589911547002118,0.9669627782010651,2.0010371825453337
p_l20_s10_b2_x500_y50_baseline,100000000,0.1,2023,50,0.12024350011533613,0.06515287491097928,0.9879679338965947,0.8650025104118072
p_l20_s10_b2_x500_y50_baseline,100000000,0.1,2024,52,0.035624697070048894,0.058133520621886724,0.9547064037658226,3.161145059255022
p_l20_s10_b2_x500_y50_baseline,100000000,0.1,2025,51,0.25526778285405016,0.056055026132101456,0.9745838483465274,1.9122019407461837
p_l20_s10_b2_x500_y50_baseline,100000000,0.2,2020,45,0.3289915504411063,0.04429584433350388,0.9456448297033252,2.7199210658018953
p_l20_s10_b2_x500_y50_baseline,100000000,0.2,2021,52,0.9338241258424376,0.05907117865340584,0.9602183661418576,2.4433402446295585
p_l20_s10_b2_x500_y50_baseline,100000000,0.2,2022,50,0.3683121551288784,0.05662544953684866,0.9709842158197209,1.7207896864758334
p_l20_s10_b2_x500_y50_baseline,100000000,0.2,2023,50,0.1227565590367048,0.06566557896690088,0.9913876148208763,0.6197960963821744
p_l20_s10_b2_x500_y50_baseline,100000000,0.2,2024,52,0.03298350633708935,0.05885766345568102,0.9620877205989505,2.712536744726172
p_l20_s10_b2_x500_y50_baseline,100000000,0.2,2025,51,0.2555949023480093,0.05613112811923539,0.9753004724364928,1.8627529928313469
p_l20_s10_b2_x500_y50_baseline,300000000,0.05,2020,45,0.28153833850978427,0.0392796409873436,0.7546104796738979,13.681315613829423
p_l20_s10_b2_x500_y50_baseline,300000000,0.05,2021,52,0.6852026533517368,0.04435665145454072,0.7018936851875514,19.485059012776723
p_l20_s10_b2_x500_y50_baseline,300000000,0.05,2022,50,0.2552853825707888,0.0463461578024142,0.7527293896152614,15.722011454279189
p_l20_s10_b2_x500_y50_baseline,300000000,0.05,2023,50,0.011987404659190792,0.048611186055987875,0.7138724874993254,19.470914732361276
p_l20_s10_b2_x500_y50_baseline,300000000,0.05,2024,52,0.10787952674767509,0.04580234833065331,0.6942481944861998,20.23515568726132
p_l20_s10_b2_x500_y50_baseline,300000000,0.05,2025,51,0.21745366483037132,0.054712233539272126,0.8357449196592711,11.378815541336461
p_l20_s10_b2_x500_y50_baseline,300000000,0.1,2020,45,0.2902186258208508,0.050157118747311456,0.8783471363895179,6.623159867908202
p_l20_s10_b2_x500_y50_baseline,300000000,0.1,2021,52,0.8202299004113065,0.06005921015346103,0.8397466629715371,10.58862242697865
p_l20_s10_b2_x500_y50_baseline,300000000,0.1,2022,50,0.3004983931089986,0.06175101995011977,0.8915160942448251,6.94196546831469
p_l20_s10_b2_x500_y50_baseline,300000000,0.1,2023,50,0.05350048940346097,0.06902734831261924,0.8784828982708959,8.484066071737855
p_l20_s10_b2_x500_y50_baseline,300000000,0.1,2024,52,0.04322212815270654,0.06279088807640265,0.8523752187899409,10.011587961992026
p_l20_s10_b2_x500_y50_baseline,300000000,0.1,2025,51,0.23961774710053652,0.06784565757683343,0.9446574418961069,3.9273417313462486
p_l20_s10_b2_x500_y50_baseline,300000000,0.2,2020,45,0.3064742875978974,0.0563545797419443,0.9320408817748022,3.476050795256687
p_l20_s10_b2_x500_y50_baseline,300000000,0.2,2021,52,0.8747958547296828,0.07256050847851973,0.9267219911126792,4.723043885135693
p_l20_s10_b2_x500_y50_baseline,300000000,0.2,2022,50,0.33335003140668196,0.07156151544190094,0.9559123604558358,2.7368252752471642
p_l20_s10_b2_x500_y50_baseline,300000000,0.2,2023,50,0.08591001194569214,0.08367526441791386,0.9710587798843509,2.0399222037041254
p_l20_s10_b2_x500_y50_baseline,300000000,0.2,2024,52,0.01976730312817887,0.07456064271200633,0.9365907515105912,4.381245486057702
p_l20_s10_b2_x500_y50_baseline,300000000,0.2,2025,51,0.2345773197067218,0.07214407385585675,0.972485484982738,2.0353826320595925
p_l20_s10_b2_x500_y50_baseline,500000000,0.05,2020,45,0.2642605889959564,0.03362668363172314,0.6232253037282267,20.78155200844763
p_l20_s10_b2_x500_y50_baseline,500000000,0.05,2021,52,0.5403368007261158,0.036771554022219426,0.5758806853384199,27.187900716246833
p_l20_s10_b2_x500_y50_baseline,500000000,0.05,2022,50,0.17790989793004575,0.0383637450267858,0.615261413884323,23.939432587786378
p_l20_s10_b2_x500_y50_baseline,500000000,0.05,2023,50,-0.0025283243518237075,0.03888789311600522,0.5721915984802566,28.108450595963728
p_l20_s10_b2_x500_y50_baseline,500000000,0.05,2024,52,0.08429138842115091,0.03676545730674834,0.5494157857467168,29.19136798532438
p_l20_s10_b2_x500_y50_baseline,500000000,0.05,2025,51,0.1821547330780493,0.047167381636662085,0.7053077659408342,19.932843165612308
p_l20_s10_b2_x500_y50_baseline,500000000,0.1,2020,45,0.27672801176956163,0.04878099055122307,0.7959188342764119,11.371086512624245
p_l20_s10_b2_x500_y50_baseline,500000000,0.1,2021,52,0.716503874300914,0.0557051719684584,0.7436262525486944,16.83112953719276
p_l20_s10_b2_x500_y50_baseline,500000000,0.1,2022,50,0.26513057827580844,0.05807764985774173,0.7959006041769635,13.031763352201649
p_l20_s10_b2_x500_y50_baseline,500000000,0.1,2023,50,0.013611272226000226,0.06181394900889232,0.7602349187749842,16.47889042933288
p_l20_s10_b2_x500_y50_baseline,500000000,0.1,2024,52,0.07907996246102789,0.05793771541614591,0.7413904790932035,17.200878491937367
p_l20_s10_b2_x500_y50_baseline,500000000,0.1,2025,51,0.21310458778368613,0.06716650123562629,0.872190597225629,8.90181107047066
p_l20_s10_b2_x500_y50_baseline,500000000,0.2,2020,45,0.2880302628129334,0.060538583272354604,0.8985144230274059,5.43312791110535
p_l20_s10_b2_x500_y50_baseline,500000000,0.2,2021,52,0.818417073247264,0.07399062623781225,0.8684557130946686,8.661250696611287
p_l20_s10_b2_x500_y50_baseline,500000000,0.2,2022,50,0.29509719935544365,0.07545642958326236,0.9159748113155528,5.357132777596705
p_l20_s10_b2_x500_y50_baseline,500000000,0.2,2023,50,0.05210355859021654,0.08603036593107305,0.9123854104957618,6.132837625192998
p_l20_s10_b2_x500_y50_baseline,500000000,0.2,2024,52,0.021371182257169163,0.0775493725855101,0.882888227416577,8.025133394253382
p_l20_s10_b2_x500_y50_baseline,500000000,0.2,2025,51,0.22680000915545673,0.08054562703316866,0.9578674432069985,3.009732008455349
p_l20_s10_b3_x500_y50_baseline,100000000,0.05,2020,45,0.28149509979661924,0.04137155124204968,0.9172438850786531,4.356182904655547
p_l20_s10_b3_x500_y50_baseline,100000000,0.05,2021,52,0.7605687724504735,0.05166218572684309,0.8981616671604826,6.692023937618234
p_l20_s10_b3_x500_y50_baseline,100000000,0.05,2022,50,0.2885152591601463,0.050946796321437504,0.9395165130399886,3.7434381626755573
p_l20_s10_b3_x500_y50_baseline,100000000,0.05,2023,50,0.19878968438552258,0.05719636021806712,0.9419112660297916,3.858339602124489
p_l20_s10_b3_x500_y50_baseline,100000000,0.05,2024,52,0.17417744883747122,0.05365064938881929,0.9151645982363319,5.959278657101601
p_l20_s10_b3_x500_y50_baseline,100000000,0.05,2025,51,0.28367252512378505,0.05344577585610887,0.9679468269059484,2.281971428779954
p_l20_s10_b3_x500_y50_baseline,100000000,0.1,2020,45,0.2793216218631116,0.04324552034494109,0.9415529149150298,2.9674386593300923
p_l20_s10_b3_x500_y50_baseline,100000000,0.1,2021,52,0.8000402489440575,0.05762764315760014,0.9527543240038822,3.075085886042504
p_l20_s10_b3_x500_y50_baseline,100000000,0.1,2022,50,0.29644802620333643,0.054165409973196084,0.9673301489523408,1.9654507785614228
p_l20_s10_b3_x500_y50_baseline,100000000,0.1,2023,50,0.21254816623456918,0.06210394643299449,0.9871837429681689,0.8504472997166094
p_l20_s10_b3_x500_y50_baseline,100000000,0.1,2024,52,0.16253129917296416,0.058016242280885255,0.9561376893545688,3.143475717601061
p_l20_s10_b3_x500_y50_baseline,100000000,0.1,2025,51,0.28412109072591774,0.05421446890351525,0.9753765143194603,1.824050419176384
p_l20_s10_b3_x500_y50_baseline,100000000,0.2,2020,45,0.27855364460707666,0.04350924992062872,0.9443900047654081,2.8230978554423447
p_l20_s10_b3_x500_y50_baseline,100000000,0.2,2021,52,0.8097452351566874,0.05896310482307574,0.9613468084100885,2.500587042915874
p_l20_s10_b3_x500_y50_baseline,100000000,0.2,2022,50,0.29830569170092924,0.05479561309379742,0.9709825197473337,1.7185016070024894
p_l20_s10_b3_x500_y50_baseline,100000000,0.2,2023,50,0.21366899819040586,0.06256373803692199,0.9908820285432988,0.6033382894114551
p_l20_s10_b3_x500_y50_baseline,100000000,0.2,2024,52,0.15912743195780532,0.05860987352078981,0.9615225017803513,2.7859080478179328
p_l20_s10_b3_x500_y50_baseline,100000000,0.2,2025,51,0.2845306122362121,0.05427826431776868,0.9760367890058493,1.7814521117155158
p_l20_s10_b3_x500_y50_baseline,300000000,0.05,2020,45,0.24218191542322387,0.03900637023524882,0.7526938095011096,13.548311608596094
p_l20_s10_b3_x500_y50_baseline,300000000,0.05,2021,52,0.5824321400822161,0.04357208485091093,0.6959055611031695,19.839079631400285
p_l20_s10_b3_x500_y50_baseline,300000000,0.05,2022,50,0.20577129424142981,0.04525687120716045,0.7496360503938696,15.36681044399777
p_l20_s10_b3_x500_y50_baseline,300000000,0.05,2023,50,0.1253660687891136,0.04678901409146363,0.7061539233804599,19.484643694796574
p_l20_s10_b3_x500_y50_baseline,300000000,0.05,2024,52,0.1763871903088896,0.04575967761771638,0.6946989894617839,20.28088161193507
p_l20_s10_b3_x500_y50_baseline,300000000,0.05,2025,51,0.22016527531331365,0.05353216161385646,0.8347212557270468,11.202605569476798
p_l20_s10_b3_x500_y50_baseline,300000000,0.1,2020,45,0.256308482047374,0.04995258275537063,0.877953419601616,6.577332512290956
p_l20_s10_b3_x500_y50_baseline,300000000,0.1,2021,52,0.7049470100067796,0.05994946749295672,0.8386190438007447,10.63971066011375
p_l20_s10_b3_x500_y50_baseline,300000000,0.1,2022,50,0.25158111544360273,0.060157714655944605,0.8911496058324498,6.730785003100289
p_l20_s10_b3_x500_y50_baseline,300000000,0.1,2023,50,0.158896260826906,0.06604865460193649,0.8744344089957243,8.423091730092008
p_l20_s10_b3_x500_y50_baseline,300000000,0.1,2024,52,0.15709860819674892,0.06271130832715195,0.854695673167388,9.948056718108914
p_l20_s10_b3_x500_y50_baseline,300000000,0.1,2025,51,0.2569882107240653,0.06564358829760986,0.9441206105375773,3.8535968761196187
p_l20_s10_b3_x500_y50_baseline,300000000,0.2,2020,45,0.2611844053519006,0.055763462902470876,0.9320379535375155,3.5075933329188014
p_l20_s10_b3_x500_y50_baseline,300000000,0.2,2021,52,0.7485917290404556,0.07251588262470146,0.9286645452685194,4.683270228077373
p_l20_s10_b3_x500_y50_baseline,300000000,0.2,2022,50,0.27356305041099604,0.0695178416985305,0.9568686109683621,2.628366537414032
p_l20_s10_b3_x500_y50_baseline,300000000,0.2,2023,50,0.1831202034719832,0.08006837033148506,0.9703249206013587,1.9612869366663621
p_l20_s10_b3_x500_y50_baseline,300000000,0.2,2024,52,0.14714676165601337,0.07466072499166791,0.9397140746265606,4.2859513433341565
p_l20_s10_b3_x500_y50_baseline,300000000,0.2,2025,51,0.26424670857189114,0.06966924549718989,0.9733100867413208,1.9496868644489376
p_l20_s10_b3_x500_y50_baseline,500000000,0.05,2020,45,0.2319872385882864,0.03341792577319154,0.6208570709781733,20.635490054092845
p_l20_s10_b3_x500_y50_baseline,500000000,0.05,2021,52,0.4534921353436927,0.03574391071318848,0.5677486588311049,27.64650862727183
p_l20_s10_b3_x500_y50_baseline,500000000,0.05,2022,50,0.1478979438241823,0.037658866225688994,0.6114198473893591,23.591329875152542
p_l20_s10_b3_x500_y50_baseline,500000000,0.05,2023,50,0.0992525078920008,0.0375007342111233,0.5624714618122469,28.220478720053876
p_l20_s10_b3_x500_y50_baseline,500000000,0.05,2024,52,0.11604544518341253,0.036641270896519196,0.5470868542684483,29.387603490931713
p_l20_s10_b3_x500_y50_baseline,500000000,0.05,2025,51,0.18866774111480367,0.04662224242154551,0.7044093310085737,19.746428963208167
p_l20_s10_b3_x500_y50_baseline,500000000,0.1,2020,45,0.23815697548604087,0.048462904245696055,0.793733361051419,11.27860732369736
p_l20_s10_b3_x500_y50_baseline,500000000,0.1,2021,52,0.6097748824569138,0.05496526407174934,0.7378879601164748,17.17431874599955
p_l20_s10_b3_x500_y50_baseline,500000000,0.1,2022,50,0.21385241657668796,0.056687818730250514,0.7937268026319059,12.69473301952338
p_l20_s10_b3_x500_y50_baseline,500000000,0.1,2023,50,0.12542745729217608,0.059490158961724535,0.7541700521839442,16.390082679709185
p_l20_s10_b3_x500_y50_baseline,500000000,0.1,2024,52,0.16672196710320053,0.05784856198398205,0.7419450053711736,17.23780788880321
p_l20_s10_b3_x500_y50_baseline,500000000,0.1,2025,51,0.22141604289172112,0.06564671884582556,0.8725292780053718,8.667183509020292
p_l20_s10_b3_x500_y50_baseline,500000000,0.2,2020,45,0.25265118997623226,0.060252243640193735,0.8986171180205426,5.410596132015046
p_l20_s10_b3_x500_y50_baseline,500000000,0.2,2021,52,0.7022810476421912,0.07397438521412135,0.8682118103915373,8.671972702547292
p_l20_s10_b3_x500_y50_baseline,500000000,0.2,2022,50,0.24439154913618144,0.07354620950693644,0.9161343375548803,5.183522000036946
p_l20_s10_b3_x500_y50_baseline,500000000,0.2,2023,50,0.15583596194802318,0.08235147379302082,0.9091345131286843,6.072509069598473
p_l20_s10_b3_x500_y50_baseline,500000000,0.2,2024,52,0.13858054055599323,0.07761697649110703,0.8859008960891459,7.9319852613631365
p_l20_s10_b3_x500_y50_baseline,500000000,0.2,2025,51,0.24894614458270103,0.07769745494048845,0.9575098905533622,2.9533297821953584
p_l20_s3_b2_x500_y50_baseline,100000000,0.05,2020,46,0.32470495035231983,0.049986882769965484,0.9250303488012747,4.6571265672879205
p_l20_s3_b2_x500_y50_baseline,100000000,0.05,2021,52,0.8937009316380082,0.05825000790013481,0.8924406926815703,7.860573638950942
p_l20_s3_b2_x500_y50_baseline,100000000,0.05,2022,50,0.19603575364639547,0.06206418774174639,0.9380978419158856,4.603049079128814
p_l20_s3_b2_x500_y50_baseline,100000000,0.05,2023,50,0.13852804003971597,0.06539598870439593,0.9437623122610919,4.316632679110109
p_l20_s3_b2_x500_y50_baseline,100000000,0.05,2024,52,0.07009566740139106,0.06399747850864343,0.9029121682824512,7.489915783774718
p_l20_s3_b2_x500_y50_baseline,100000000,0.05,2025,51,0.333205699029417,0.061269070107318566,0.9434803239718215,4.582583180963771
p_l20_s3_b2_x500_y50_baseline,100000000,0.1,2020,46,0.325712217901452,0.05242914032786906,0.9470376329337765,3.229658700701557
p_l20_s3_b2_x500_y50_baseline,100000000,0.1,2021,52,0.928820172000514,0.0649994572605273,0.9416181632262958,4.245489561880231
p_l20_s3_b2_x500_y50_baseline,100000000,0.1,2022,50,0.18677030212816703,0.0664265694920952,0.9655107326383701,2.446088637453831
p_l20_s3_b2_x500_y50_baseline,100000000,0.1,2023,50,0.16544068514790866,0.07087853633036179,0.9809529456265749,1.4748167064226856
p_l20_s3_b2_x500_y50_baseline,100000000,0.1,2024,52,0.0832544125319663,0.06931167763027248,0.936940790793813,4.742113439348429
p_l20_s3_b2_x500_y50_baseline,100000000,0.1,2025,51,0.3355702919854868,0.06216187773791736,0.9502262926196936,4.03096311934712
p_l20_s3_b2_x500_y50_baseline,100000000,0.2,2020,46,0.32573328771431176,0.05286466187564253,0.9498585970090173,3.0456780603406233
p_l20_s3_b2_x500_y50_baseline,100000000,0.2,2021,52,0.9389198903944291,0.06652369306880605,0.9507969506993299,3.588961593184636
p_l20_s3_b2_x500_y50_baseline,100000000,0.2,2022,50,0.18680807589707982,0.06718968029581537,0.9689081039003413,2.1684452063337574
p_l20_s3_b2_x500_y50_baseline,100000000,0.2,2023,50,0.16737561283494728,0.0715358788115656,0.9843224962025288,1.2092218735418305
p_l20_s3_b2_x500_y50_baseline,100000000,0.2,2024,52,0.08863044824278443,0.0701406053079255,0.9416427250868209,4.353079385377137
p_l20_s3_b2_x500_y50_baseline,100000000,0.2,2025,51,0.3361931145893926,0.062241311561284096,0.9508602923538075,3.976394649798042
p_l20_s3_b2_x500_y50_baseline,300000000,0.05,2020,46,0.2836822506760759,0.04606139382731403,0.7658061608977931,14.683510932273165
p_l20_s3_b2_x500_y50_baseline,300000000,0.05,2021,52,0.6338764079229959,0.047277213629272036,0.693470584501916,21.46293221379026
p_l20_s3_b2_x500_y50_baseline,300000000,0.05,2022,50,0.12656509464724341,0.052672439791928025,0.7546073002085943,17.56977826496453
p_l20_s3_b2_x500_y50_baseline,300000000,0.05,2023,50,0.0836785053065745,0.052838196902013565,0.7299646188697723,19.595160498615517
p_l20_s3_b2_x500_y50_baseline,300000000,0.05,2024,52,0.04996831082701614,0.051765361571768864,0.6938106227709705,22.584529522379228
p_l20_s3_b2_x500_y50_baseline,300000000,0.05,2025,51,0.2889372583102592,0.059667589730573775,0.8122836518296896,14.30048053126391
p_l20_s3_b2_x500_y50_baseline,300000000,0.1,2020,46,0.2935601900723106,0.05989829038536154,0.8874462906076619,7.088792342736969
p_l20_s3_b2_x500_y50_baseline,300000000,0.1,2021,52,0.8087698934588745,0.06679672525536623,0.8353662628418721,11.923647352845858
p_l20_s3_b2_x500_y50_baseline,300000000,0.1,2022,50,0.16737800200584751,0.07301256976977552,0.8929872668498949,7.979630780140326
p_l20_s3_b2_x500_y50_baseline,300000000,0.1,2023,50,0.09349709405849937,0.07532177007295278,0.8854422173070756,8.71700684241278
p_l20_s3_b2_x500_y50_baseline,300000000,0.1,2024,52,0.041578041367805296,0.07441001833999826,0.8494310002730023,11.593229646831555
p_l20_s3_b2_x500_y50_baseline,300000000,0.1,2025,51,0.3079196700071145,0.07489349073964212,0.9193038040669973,6.444559045214618
p_l20_s3_b2_x500_y50_baseline,300000000,0.2,2020,46,0.30370475338054126,0.06746877560573722,0.9384625966228713,3.795554611849802
p_l20_s3_b2_x500_y50_baseline,300000000,0.2,2021,52,0.8738390258106528,0.08201865396746902,0.9189076395177851,5.922876654083073
p_l20_s3_b2_x500_y50_baseline,300000000,0.2,2022,50,0.16319544292870303,0.08539010870746724,0.9550876726420782,3.2793495079976758
p_l20_s3_b2_x500_y50_baseline,300000000,0.2,2023,50,0.12901654836183374,0.09131334623159071,0.9670524233242169,2.5284149827376057
p_l20_s3_b2_x500_y50_baseline,300000000,0.2,2024,52,0.05639811304997,0.08947375736282848,0.9235136932773448,5.817794399198055
p_l20_s3_b2_x500_y50_baseline,300000000,0.2,2025,51,0.3102963172157147,0.07998534703670333,0.9482856063043996,4.191055738756847
p_l20_s3_b2_x500_y50_baseline,500000000,0.05,2020,46,0.2629054214006563,0.03854388818534885,0.633111987174891,22.292467948069575
p_l20_s3_b2_x500_y50_baseline,500000000,0.05,2021,52,0.478363836873543,0.03834191770682621,0.5685504925624609,29.082419365698545
p_l20_s3_b2_x500_y50_baseline,500000000,0.05,2022,50,0.0708103615461837,0.04174257596592208,0.6139210787636925,26.104619156814138
p_l20_s3_b2_x500_y50_baseline,500000000,0.05,2023,50,0.06750206403559655,0.04143772553352666,0.5877498954807776,28.16043057501975
p_l20_s3_b2_x500_y50_baseline,500000000,0.05,2024,52,0.01002248624436386,0.03947372106528701,0.5464669348101205,31.53308806927036
p_l20_s3_b2_x500_y50_baseline,500000000,0.05,2025,51,0.2500314559252339,0.050640016825882775,0.6911359980189639,22.47506832658856
p_l20_s3_b2_x500_y50_baseline,500000000,0.1,2020,46,0.273540298892168,0.057503143342558995,0.8059601445460128,12.238039993652087
p_l20_s3_b2_x500_y50_baseline,500000000,0.1,2021,52,0.6732298272266146,0.06010342986136859,0.7357611413944007,18.68066839074927
p_l20_s3_b2_x500_y50_baseline,500000000,0.1,2022,50,0.13198032802169135,0.0669150170639928,0.7974882470636774,14.702904978745856
p_l20_s3_b2_x500_y50_baseline,500000000,0.1,2023,50,0.07685284088823452,0.06754127404910969,0.7762136563620484,16.50391764208557
p_l20_s3_b2_x500_y50_baseline,500000000,0.1,2024,52,0.04157077359740491,0.06663486706641175,0.7411467033942368,19.36021135565543
p_l20_s3_b2_x500_y50_baseline,500000000,0.1,2025,51,0.28189683885327854,0.07379396142230824,0.849436622475059,11.623023713952165
p_l20_s3_b2_x500_y50_baseline,500000000,0.2,2020,46,0.286488529898997,0.07260768378178167,0.9075279402538873,5.785568253218848
p_l20_s3_b2_x500_y50_baseline,500000000,0.2,2021,52,0.8164426443185684,0.08301101668544883,0.8638437463641212,9.912614983088897
p_l20_s3_b2_x500_y50_baseline,500000000,0.2,2022,50,0.15661423347926107,0.089722246485293,0.9166502656901927,6.229443950354922
p_l20_s3_b2_x500_y50_baseline,500000000,0.2,2023,50,0.08995531561729342,0.09383717574588779,0.9153363082435945,6.486145050448863
p_l20_s3_b2_x500_y50_baseline,500000000,0.2,2024,52,0.025643528549887273,0.09274410634298864,0.8776279267190833,9.463645237090667
p_l20_s3_b2_x500_y50_baseline,500000000,0.2,2025,51,0.2926617497298343,0.08901799134922493,0.9331522589976434,5.401827824774514
p_l20_s3_b3_x500_y50_baseline,100000000,0.05,2020,46,0.25709474246182373,0.04838792342742456,0.9258330671719075,4.4487873160983815
p_l20_s3_b3_x500_y50_baseline,100000000,0.05,2021,52,0.8446351023975878,0.056527258006458116,0.899644380034115,7.029556001234511
p_l20_s3_b3_x500_y50_baseline,100000000,0.05,2022,50,0.23744656206534698,0.05930376866277152,0.9401603671147342,4.184853530098112
p_l20_s3_b3_x500_y50_baseline,100000000,0.05,2023,50,0.18404628161648917,0.06434992874116835,0.9452088414865544,4.1214281607157375
p_l20_s3_b3_x500_y50_baseline,100000000,0.05,2024,52,0.11910104777178865,0.062321230602550334,0.9166358391404587,6.324706878758278
p_l20_s3_b3_x500_y50_baseline,100000000,0.05,2025,51,0.37853518019579946,0.05997051139982042,0.9723787705047262,2.391508826161142
p_l20_s3_b3_x500_y50_baseline,100000000,0.1,2020,46,0.2630799431153177,0.05069624617102275,0.9481303527512474,3.037989970580776
p_l20_s3_b3_x500_y50_baseline,100000000,0.1,2021,52,0.8834462718379956,0.06302635832532176,0.9545763874653337,3.1572448356727305
p_l20_s3_b3_x500_y50_baseline,100000000,0.1,2022,50,0.2390647953571925,0.0632271536531985,0.9680174619980844,2.117309795839472
p_l20_s3_b3_x500_y50_baseline,100000000,0.1,2023,50,0.21917449913688092,0.07020816550050508,0.9874830044751235,0.9540880970526019
p_l20_s3_b3_x500_y50_baseline,100000000,0.1,2024,52,0.11616831202701317,0.06835956268224985,0.9573032219276404,3.2368630504938882
p_l20_s3_b3_x500_y50_baseline,100000000,0.1,2025,51,0.38001935678383036,0.06091339918820792,0.9807522866304765,1.7942981211096536
p_l20_s3_b3_x500_y50_baseline,100000000,0.2,2020,46,0.2653158089501244,0.051036242318163456,0.9504875628758833,2.884643210341417
p_l20_s3_b3_x500_y50_baseline,100000000,0.2,2021,52,0.8954604802837398,0.06448849879848063,0.9635563646441734,2.544383253915548
p_l20_s3_b3_x500_y50_baseline,100000000,0.2,2022,50,0.2392955837303321,0.06403157255167283,0.9718869794536169,1.841337184489559
p_l20_s3_b3_x500_y50_baseline,100000000,0.2,2023,50,0.22399307728742146,0.07081446542537811,0.9908272449600595,0.7016643751954518
p_l20_s3_b3_x500_y50_baseline,100000000,0.2,2024,52,0.11801332230277928,0.06958265881817961,0.9648904553049924,2.6705440481135265
p_l20_s3_b3_x500_y50_baseline,100000000,0.2,2025,51,0.38039392788938864,0.06098696920220515,0.9812637701338002,1.7549827450322677
p_l20_s3_b3_x500_y50_baseline,300000000,0.05,2020,46,0.26530821759564094,0.04453902042890969,0.7617378790689762,14.532928962455962
p_l20_s3_b3_x500_y50_baseline,300000000,0.05,2021,52,0.6156261656928657,0.046915804167611264,0.7009019836414738,20.480134367795305
p_l20_s3_b3_x500_y50_baseline,300000000,0.05,2022,50,0.16630132904242068,0.04979896875688129,0.74417100583796,17.4210003445005
p_l20_s3_b3_x500_y50_baseline,300000000,0.05,2023,50,0.11695649897478799,0.05131764495332822,0.7203509821060162,19.789873764538456
p_l20_s3_b3_x500_y50_baseline,300000000,0.05,2024,52,0.1335775666801513,0.04995430767757696,0.6989176972720306,21.402484286676536
p_l20_s3_b3_x500_y50_baseline,300000000,0.05,2025,51,0.31776976407361435,0.058574345635908014,0.8383090834027177,11.991392097944905
p_l20_s3_b3_x500_y50_baseline,300000000,0.1,2020,46,0.23862201920649784,0.057874745735479405,0.883880443687076,7.0559824873460615
p_l20_s3_b3_x500_y50_baseline,300000000,0.1,2021,52,0.7748803958978376,0.0652499535255879,0.8416305674248542,11.101176474164266
p_l20_s3_b3_x500_y50_baseline,300000000,0.1,2022,50,0.21611890408862733,0.06980525321548174,0.8919538778462378,7.603041631115557
p_l20_s3_b3_x500_y50_baseline,300000000,0.1,2023,50,0.1440970319314585,0.07402970325682902,0.8828818491473568,8.713704135918727
p_l20_s3_b3_x500_y50_baseline,300000000,0.1,2024,52,0.10851081402022644,0.07190752811737582,0.8582466300604954,10.585640879375296
p_l20_s3_b3_x500_y50_baseline,300000000,0.1,2025,51,0.35227417874897937,0.07329133898135402,0.9474013701872083,4.196493608538822
p_l20_s3_b3_x500_y50_baseline,300000000,0.2,2020,46,0.23751924564558125,0.0653765206322935,0.9398169906396572,3.5753241110349174
p_l20_s3_b3_x500_y50_baseline,300000000,0.2,2021,52,0.8276817666144884,0.07941272056363445,0.9295689614570579,4.915912073863957
p_l20_s3_b3_x500_y50_baseline,300000000,0.2,2022,50,0.20970302806609298,0.08164813668327697,0.9587994045702852,2.8102606011851172
p_l20_s3_b3_x500_y50_baseline,300000000,0.2,2023,50,0.17652317318905442,0.0904367656973609,0.9718698668884249,2.114857673436841
p_l20_s3_b3_x500_y50_baseline,300000000,0.2,2024,52,0.09423693232803743,0.08786168461720356,0.941307806400465,4.4501022776467885
p_l20_s3_b3_x500_y50_baseline,300000000,0.2,2025,51,0.35503750273510293,0.0782773195644615,0.978495250721798,1.9464905113379316
p_l20_s3_b3_x500_y50_baseline,500000000,0.05,2020,46,0.24014403029659181,0.03760961343856729,0.6302174948059566,22.08279576074875
p_l20_s3_b3_x500_y50_baseline,500000000,0.05,2021,52,0.4524314076159752,0.03821421958395459,0.5738467862488371,28.219679705863076
p_l20_s3_b3_x500_y50_baseline,500000000,0.05,2022,50,0.09277007961408223,0.03957346796904118,0.6007944944311331,26.054457791282527
p_l20_s3_b3_x500_y50_baseline,500000000,0.05,2023,50,0.09059683431193655,0.040247681513320956,0.5764680669561936,28.5098289155833
p_l20_s3_b3_x500_y50_baseline,500000000,0.05,2024,52,0.09408049551787978,0.03838280316412667,0.5478962918002204,30.62773310723675
p_l20_s3_b3_x500_y50_baseline,500000000,0.05,2025,51,0.2816543325711369,0.050169584968396415,0.709772928735941,20.60663649444878
p_l20_s3_b3_x500_y50_baseline,500000000,0.1,2020,46,0.2467241343276929,0.055611473941797746,0.8015023569935239,12.153077084936502
p_l20_s3_b3_x500_y50_baseline,500000000,0.1,2021,52,0.6558684480129502,0.059490182350663875,0.74375255276683,17.676029924826786
p_l20_s3_b3_x500_y50_baseline,500000000,0.1,2022,50,0.18013766015409294,0.0635424745424673,0.7899988622328609,14.470435312984765
p_l20_s3_b3_x500_y50_baseline,500000000,0.1,2023,50,0.11490047305257423,0.06578505225100717,0.7681999477289083,16.660022242138282
p_l20_s3_b3_x500_y50_baseline,500000000,0.1,2024,52,0.128526862418179,0.06435873193458568,0.7473056786071195,18.2314825428968
p_l20_s3_b3_x500_y50_baseline,500000000,0.1,2025,51,0.3176524576143738,0.07227000193275904,0.8759598925555795,9.340418135400599
p_l20_s3_b3_x500_y50_baseline,500000000,0.2,2020,46,0.2280232758144689,0.07016945239204411,0.9057838753462413,5.694716255733525
p_l20_s3_b3_x500_y50_baseline,500000000,0.2,2021,52,0.7740948049309397,0.08065936412305777,0.8697677220920266,9.133699327785582
p_l20_s3_b3_x500_y50_baseline,500000000,0.2,2022,50,0.20132378345908153,0.08593577042394199,0.9172600495058093,5.830531669616105
p_l20_s3_b3_x500_y50_baseline,500000000,0.2,2023,50,0.1380247385775608,0.09240796311153726,0.9145059378336181,6.406207055548727
p_l20_s3_b3_x500_y50_baseline,500000000,0.2,2024,52,0.08294927298803767,0.08987495963677786,0.8885639015015883,8.411432774423439
p_l20_s3_b3_x500_y50_baseline,500000000,0.2,2025,51,0.33866664057522744,0.08700346035978519,0.9614192605662134,3.1941524845066684
p_l20_s5_b2_x500_y50_baseline,100000000,0.05,2020,46,0.4099663953528081,0.04875777634638157,0.9403705046123839,3.6173062672769127
p_l20_s5_b2_x500_y50_baseline,100000000,0.05,2021,52,0.9250594634976261,0.0561190610253162,0.9010647989852278,6.918090302176589
p_l20_s5_b2_x500_y50_baseline,100000000,0.05,2022,50,0.1767701769035781,0.060065098151812726,0.9415680379792535,4.25159491726597
p_l20_s5_b2_x500_y50_baseline,100000000,0.05,2023,50,0.15716137423506216,0.06313576802061513,0.941447617991281,4.34532179880328
p_l20_s5_b2_x500_y50_baseline,100000000,0.05,2024,52,0.10334850775516435,0.06124316328265251,0.8995467459304408,7.651314099182042
p_l20_s5_b2_x500_y50_baseline,100000000,0.05,2025,51,0.36434468270250786,0.058026569964982726,0.942111928810251,4.469086081087043
p_l20_s5_b2_x500_y50_baseline,100000000,0.1,2020,46,0.4032471378161744,0.051255138872918625,0.9644014684481477,2.105010246935066
p_l20_s5_b2_x500_y50_baseline,100000000,0.1,2021,52,0.9613146572656344,0.0629959535874139,0.955211324731663,3.1179476653023825
p_l20_s5_b2_x500_y50_baseline,100000000,0.1,2022,50,0.17146474179235227,0.06425270125723197,0.9697338696893708,2.134449754133244
p_l20_s5_b2_x500_y50_baseline,100000000,0.1,2023,50,0.184202726543083,0.06850210624329595,0.9809018374101889,1.454011621323076
p_l20_s5_b2_x500_y50_baseline,100000000,0.1,2024,52,0.12517634648200282,0.06599865659134765,0.9351770119701668,4.883310123275825
p_l20_s5_b2_x500_y50_baseline,100000000,0.1,2025,51,0.36966967963328745,0.05878731235320148,0.9482125688931224,3.9752638497752635
p_l20_s5_b2_x500_y50_baseline,100000000,0.2,2020,46,0.4039383032326258,0.05169916130201153,0.9676639711404187,1.905454786009997
p_l20_s5_b2_x500_y50_baseline,100000000,0.2,2021,52,0.9729885743400457,0.06479241493660218,0.9658336330725669,2.367651799107694
p_l20_s5_b2_x500_y50_baseline,100000000,0.2,2022,50,0.17014620587150842,0.06494562178417339,0.9728486281902764,1.8958800949322958
p_l20_s5_b2_x500_y50_baseline,100000000,0.2,2023,50,0.1866283219566931,0.0690846678647389,0.9840989148034823,1.2127038579461709
p_l20_s5_b2_x500_y50_baseline,100000000,0.2,2024,52,0.12903000349034666,0.06678144629081412,0.9403058443244598,4.476006413439171
p_l20_s5_b2_x500_y50_baseline,100000000,0.2,2025,51,0.37047435758487146,0.05887200098554092,0.9488932492983972,3.9213706082175963
p_l20_s5_b2_x500_y50_baseline,300000000,0.05,2020,46,0.37541173713959175,0.04503743136783525,0.774137234632774,13.856178281346754
p_l20_s5_b2_x500_y50_baseline,300000000,0.05,2021,52,0.7008931993243301,0.04620908412746711,0.6980597372008053,20.665287050215504
p_l20_s5_b2_x500_y50_baseline,300000000,0.05,2022,50,0.1349913037366155,0.05140987318553377,0.7565425276106997,17.105753525701953
p_l20_s5_b2_x500_y50_baseline,300000000,0.05,2023,50,0.07470456683557192,0.051075739507265225,0.7206154740728984,19.762537243103658
p_l20_s5_b2_x500_y50_baseline,300000000,0.05,2024,52,0.1086236553499711,0.05065804249790866,0.6922523987828542,22.15865369581522
p_l20_s5_b2_x500_y50_baseline,300000000,0.05,2025,51,0.3020842047053849,0.05726665715653796,0.8197715778379775,13.3512764978846
p_l20_s5_b2_x500_y50_baseline,300000000,0.1,2020,46,0.38301046889597656,0.058360980614444315,0.8989160004925785,6.239703471204641
p_l20_s5_b2_x500_y50_baseline,300000000,0.1,2021,52,0.8492900445336362,0.06466225069794973,0.8417526428602563,11.068701735119973
p_l20_s5_b2_x500_y50_baseline,300000000,0.1,2022,50,0.15384979307340196,0.07058243775927071,0.8942858076435685,7.645307502529972
p_l20_s5_b2_x500_y50_baseline,300000000,0.1,2023,50,0.10365812699643362,0.07301931747354641,0.880129264028364,8.849425636944906
p_l20_s5_b2_x500_y50_baseline,300000000,0.1,2024,52,0.07272816320970055,0.07160061729822527,0.8458164107964958,11.62362056733143
p_l20_s5_b2_x500_y50_baseline,300000000,0.1,2025,51,0.3378745698834482,0.07103962217405957,0.9204811983998287,6.1124474888597575
p_l20_s5_b2_x500_y50_baseline,300000000,0.2,2020,46,0.38158839542211687,0.06583986770819109,0.9547341349909423,2.7113973079964993
p_l20_s5_b2_x500_y50_baseline,300000000,0.2,2021,52,0.9067885487153688,0.07906824704082349,0.9305451471406925,4.85360160857023
p_l20_s5_b2_x500_y50_baseline,300000000,0.2,2022,50,0.1496854872653548,0.08261466224021635,0.9594920761202914,2.910535481495492
p_l20_s5_b2_x500_y50_baseline,300000000,0.2,2023,50,0.14865859421922978,0.08819035648410133,0.9663609937608364,2.502312583732609
p_l20_s5_b2_x500_y50_baseline,300000000,0.2,2024,52,0.0930349617017503,0.08534358087885831,0.921515710689252,5.951884625220628
p_l20_s5_b2_x500_y50_baseline,300000000,0.2,2025,51,0.34413634786429825,0.07558348025654187,0.9468395012735759,4.087678305872483
p_l20_s5_b2_x500_y50_baseline,500000000,0.05,2020,46,0.3158874577910191,0.037900729526190446,0.6417774082640291,21.236725335387796
p_l20_s5_b2_x500_y50_baseline,500000000,0.05,2021,52,0.5320509809861167,0.037785371911325374,0.5734981923763683,28.148218722756784
p_l20_s5_b2_x500_y50_baseline,500000000,0.05,2022,50,0.08119826593987045,0.04112150791149257,0.6165162016071041,25.59914066363193
p_l20_s5_b2_x500_y50_baseline,500000000,0.05,2023,50,0.055087253795324864,0.04062621021682987,0.5824366229447936,28.127121971290116
p_l20_s5_b2_x500_y50_baseline,500000000,0.05,2024,52,0.08036867287273863,0.0391696602008853,0.5469261274638886,31.012413337045196
p_l20_s5_b2_x500_y50_baseline,500000000,0.05,2025,51,0.26146591339656533,0.04941030257698677,0.7013097959354461,21.38787651472828
p_l20_s5_b2_x500_y50_baseline,500000000,0.1,2020,46,0.36480764756233053,0.05611631210444214,0.813807195824126,11.510378798951102
p_l20_s5_b2_x500_y50_baseline,500000000,0.1,2021,52,0.7331951010006961,0.05856635668038533,0.7400076340571449,17.968171732046102
p_l20_s5_b2_x500_y50_baseline,500000000,0.1,2022,50,0.13214698963297034,0.06519695676488704,0.7996873706914934,14.24371147269303
p_l20_s5_b2_x500_y50_baseline,500000000,0.1,2023,50,0.07345379537943897,0.06519686914298078,0.7665748206788245,16.75395546687942
p_l20_s5_b2_x500_y50_baseline,500000000,0.1,2024,52,0.08172257363232993,0.06483341536205994,0.7386481027818795,19.0967184101178
p_l20_s5_b2_x500_y50_baseline,500000000,0.1,2025,51,0.29778564384720085,0.07050039317704744,0.8543575782577947,10.903228651278464
p_l20_s5_b2_x500_y50_baseline,500000000,0.2,2020,46,0.37483094060206157,0.07068808322499782,0.9203660727248678,4.870136542510823
p_l20_s5_b2_x500_y50_baseline,500000000,0.2,2021,52,0.8504045605276915,0.08010627885422913,0.8713864832704831,8.99745802124319
p_l20_s5_b2_x500_y50_baseline,500000000,0.2,2022,50,0.1396064478744623,0.0867183285680358,0.918710082160225,5.905528062935606
p_l20_s5_b2_x500_y50_baseline,500000000,0.2,2023,50,0.10505133982491954,0.09087732754181291,0.9118088494406403,6.534652151021935
p_l20_s5_b2_x500_y50_baseline,500000000,0.2,2024,52,0.05942088381969057,0.0887351236164338,0.8733184529304096,9.62937353492554
p_l20_s5_b2_x500_y50_baseline,500000000,0.2,2025,51,0.32484073140357395,0.08412730102655375,0.9324900676558583,5.223847721066734
p_l20_s5_b3_x500_y50_baseline,100000000,0.05,2020,46,0.37416238194215024,0.04679374085046393,0.9240323236455875,4.534711489551519
p_l20_s5_b3_x500_y50_baseline,100000000,0.05,2021,52,0.8658536529196796,0.05442528666035195,0.8934985758637091,7.219863409207978
p_l20_s5_b3_x500_y50_baseline,100000000,0.05,2022,50,0.18193944035829146,0.056161538011713315,0.9425337462954806,3.8913335175175034
p_l20_s5_b3_x500_y50_baseline,100000000,0.05,2023,50,0.17263302455308183,0.06171991304150611,0.9393570957668769,4.442808362245749
p_l20_s5_b3_x500_y50_baseline,100000000,0.05,2024,52,0.12702600179765033,0.059531974805864335,0.8983112600970602,7.486600057467768
p_l20_s5_b3_x500_y50_baseline,100000000,0.05,2025,51,0.39231190443974606,0.05663444463754918,0.93142005310543,5.328408680538029
p_l20_s5_b3_x500_y50_baseline,100000000,0.1,2020,46,0.37054915963187685,0.049102506372763685,0.9472705939266798,3.058965366921738
p_l20_s5_b3_x500_y50_baseline,100000000,0.1,2021,52,0.9261789079803868,0.06066574785187946,0.949300008232522,3.417290076992013
p_l20_s5_b3_x500_y50_baseline,100000000,0.1,2022,50,0.18897418796776622,0.059814416928111375,0.9700470253817549,1.929122560539744
p_l20_s5_b3_x500_y50_baseline,100000000,0.1,2023,50,0.20930697722577407,0.0671867703435978,0.9805508710544892,1.498400419164406
p_l20_s5_b3_x500_y50_baseline,100000000,0.1,2024,52,0.13050606617994398,0.06371057906391114,0.9322754351027623,4.9343941050633005
p_l20_s5_b3_x500_y50_baseline,100000000,0.1,2025,51,0.3981366428865418,0.057269007565311905,0.9360665120898997,4.943467284420544
p_l20_s5_b3_x500_y50_baseline,100000000,0.2,2020,46,0.37080177552003835,0.0494798305562836,0.9498729267717828,2.897147117379019
p_l20_s5_b3_x500_y50_baseline,100000000,0.2,2021,52,0.9431687385790244,0.06222932754184018,0.9592010113101168,2.7349239706099064
p_l20_s5_b3_x500_y50_baseline,100000000,0.2,2022,50,0.1891790008017391,0.060468758791730276,0.9735710385427612,1.6990269775995666
p_l20_s5_b3_x500_y50_baseline,100000000,0.2,2023,50,0.21376904651600626,0.06769700307177945,0.9832854577367282,1.29618172552842
p_l20_s5_b3_x500_y50_baseline,100000000,0.2,2024,52,0.12791182895515796,0.06436184961037275,0.9381892469406565,4.498800215774362
p_l20_s5_b3_x500_y50_baseline,100000000,0.2,2025,51,0.39915339522518023,0.05734381432231165,0.9366078845866724,4.897511542875872
p_l20_s5_b3_x500_y50_baseline,300000000,0.05,2020,46,0.3481542386737455,0.04352213202123303,0.7656783178953523,14.022699139401626
p_l20_s5_b3_x500_y50_baseline,300000000,0.05,2021,52,0.6824818267367714,0.04497161045599157,0.6945852370361489,20.493063732080206
p_l20_s5_b3_x500_y50_baseline,300000000,0.05,2022,50,0.1392720084274628,0.04825861935227464,0.7493171654477004,16.676447385519193
p_l20_s5_b3_x500_y50_baseline,300000000,0.05,2023,50,0.08040363989204935,0.0499188832418705,0.7122744201057019,20.0323905666449
p_l20_s5_b3_x500_y50_baseline,300000000,0.05,2024,52,0.1526440088856258,0.04940525002657103,0.689441115844782,22.01454614326944
p_l20_s5_b3_x500_y50_baseline,300000000,0.05,2025,51,0.32985751158540255,0.05702799330377641,0.8173182417193363,13.656171584876153
p_l20_s5_b3_x500_y50_baseline,300000000,0.1,2020,46,0.3451544289379176,0.05617263060200771,0.8851435311409555,6.9175883086685
p_l20_s5_b3_x500_y50_baseline,300000000,0.1,2021,52,0.8021948419558673,0.06296933176074143,0.8366087548866946,11.16582924005026
p_l20_s5_b3_x500_y50_baseline,300000000,0.1,2022,50,0.15277209845753936,0.06618908489262391,0.8941484729840142,7.197072618946872
p_l20_s5_b3_x500_y50_baseline,300000000,0.1,2023,50,0.11863994911507625,0.07134623062277584,0.8759068581801712,8.972416669550917
p_l20_s5_b3_x500_y50_baseline,300000000,0.1,2024,52,0.11486993514265498,0.0696815598463273,0.8443492433017336,11.42648680130694
p_l20_s5_b3_x500_y50_baseline,300000000,0.1,2025,51,0.36570303293826534,0.06971601063994318,0.9133104488387022,6.680336146691213
p_l20_s5_b3_x500_y50_baseline,300000000,0.2,2020,46,0.3509687855967385,0.06309011561454969,0.9377352682781566,3.667857723463137
p_l20_s5_b3_x500_y50_baseline,300000000,0.2,2021,52,0.8624056943278062,0.076412197176779,0.9233212194886254,5.184911207647536
p_l20_s5_b3_x500_y50_baseline,300000000,0.2,2022,50,0.16210669709247782,0.07716593177668667,0.9606783779019152,2.608722289961781
p_l20_s5_b3_x500_y50_baseline,300000000,0.2,2023,50,0.166794650232146,0.08647641515921553,0.9655484250856396,2.559209868053145
p_l20_s5_b3_x500_y50_baseline,300000000,0.2,2024,52,0.10985549892742741,0.0826921354098271,0.9195578547949251,5.8909509825843145
p_l20_s5_b3_x500_y50_baseline,300000000,0.2,2025,51,0.3728097214600836,0.0734757246844438,0.9347401620660616,5.051436178508976
p_l20_s5_b3_x500_y50_baseline,500000000,0.05,2020,46,0.3123406987493129,0.03688043218109827,0.6336986441825381,21.487053305570647
p_l20_s5_b3_x500_y50_baseline,500000000,0.05,2021,52,0.5080891854042411,0.03652656445859864,0.5670912473594705,28.127219760544165
p_l20_s5_b3_x500_y50_baseline,500000000,0.05,2022,50,0.10651935098625143,0.038877745344884425,0.6061513964734959,25.262310455100796
p_l20_s5_b3_x500_y50_baseline,500000000,0.05,2023,50,0.05701687386170362,0.0394721322093519,0.5706125430600975,28.584898381674194
p_l20_s5_b3_x500_y50_baseline,500000000,0.05,2024,52,0.10986663252888529,0.03842153191670109,0.5440788181932963,30.95955321988955
p_l20_s5_b3_x500_y50_baseline,500000000,0.05,2025,51,0.29273171228422923,0.04951380179883931,0.7004517906477838,21.539337195804656
p_l20_s5_b3_x500_y50_baseline,500000000,0.1,2020,46,0.3343439180515635,0.05423181729903118,0.8052865705231624,11.711318360481457
p_l20_s5_b3_x500_y50_baseline,500000000,0.1,2021,52,0.712992303541901,0.05713505687492233,0.7369962927850101,17.78843476193993
p_l20_s5_b3_x500_y50_baseline,500000000,0.1,2022,50,0.13566230841214,0.06116004103606481,0.794341972087219,13.782567420514566
p_l20_s5_b3_x500_y50_baseline,500000000,0.1,2023,50,0.08099797740446357,0.06376613892533174,0.7599190167188374,16.90950462739268
p_l20_s5_b3_x500_y50_baseline,500000000,0.1,2024,52,0.13281487656953672,0.06316397400837814,0.7361936106234993,18.92085078031088
p_l20_s5_b3_x500_y50_baseline,500000000,0.1,2025,51,0.3236720871688008,0.06981913349524675,0.8505009566735728,11.285079827620235
p_l20_s5_b3_x500_y50_baseline,500000000,0.2,2020,46,0.33723474446397184,0.06796892938680013,0.9053650843147986,5.680524124650768
p_l20_s5_b3_x500_y50_baseline,500000000,0.2,2021,52,0.7981609079290592,0.07797506768769545,0.8651493613317383,9.190678282167958
p_l20_s5_b3_x500_y50_baseline,500000000,0.2,2022,50,0.14348821301825643,0.08128882851951934,0.9192524814386105,5.502095531052243
p_l20_s5_b3_x500_y50_baseline,500000000,0.2,2023,50,0.1207552235717615,0.08885008360586576,0.9085244981815506,6.650415318359057
p_l20_s5_b3_x500_y50_baseline,500000000,0.2,2024,52,0.09207680835903997,0.08639381770892274,0.8727562509262649,9.381323280809543
p_l20_s5_b3_x500_y50_baseline,500000000,0.2,2025,51,0.352222637744801,0.08224826021474978,0.9239049252196336,5.908865846767886
p_l40_s10_b2_x500_y50_baseline,100000000,0.05,2020,41,0.3711757675849343,0.03648969573584602,0.9284969589046405,3.2890703293271666
p_l40_s10_b2_x500_y50_baseline,100000000,0.05,2021,52,0.8651933026005774,0.04891887448494603,0.9033441141497816,5.950610577675843
p_l40_s10_b2_x500_y50_baseline,100000000,0.05,2022,50,0.12371530908293527,0.05107903643918961,0.9446258308659395,3.443049738674509
p_l40_s10_b2_x500_y50_baseline,100000000,0.05,2023,50,0.14447924476902996,0.05842753983107477,0.9381638551153314,4.266488484016916
p_l40_s10_b2_x500_y50_baseline,100000000,0.05,2024,52,-0.011053022064158147,0.05278390267383483,0.9217214388490942,4.894358559104748
p_l40_s10_b2_x500_y50_baseline,100000000,0.05,2025,51,0.26882094529365186,0.05413850653974656,0.9551411522708976,3.3579385772290746
p_l40_s10_b2_x500_y50_baseline,100000000,0.1,2020,41,0.38514060573084286,0.038698980363090586,0.9600481856625313,1.760853660977221
p_l40_s10_b2_x500_y50_baseline,100000000,0.1,2021,52,0.8828703494687788,0.054633027752446515,0.962474313195689,2.237685021290593
p_l40_s10_b2_x500_y50_baseline,100000000,0.1,2022,50,0.11770734577779529,0.05450029549333803,0.9728639377070121,1.5596138549511838
p_l40_s10_b2_x500_y50_baseline,100000000,0.1,2023,50,0.15066987299376677,0.0642646753001042,0.9867793659324525,0.881136809751344
p_l40_s10_b2_x500_y50_baseline,100000000,0.1,2024,52,-0.014477660170607143,0.05670159391598648,0.9609464662485684,2.4030345504851907
p_l40_s10_b2_x500_y50_baseline,100000000,0.1,2025,51,0.26865180195501726,0.0548981129381277,0.961472273544028,2.950240765983626
p_l40_s10_b2_x500_y50_baseline,100000000,0.2,2020,41,0.3862337350305274,0.03906981822109316,0.9648131604253022,1.559650402737469
p_l40_s10_b2_x500_y50_baseline,100000000,0.2,2021,52,0.8824776811448278,0.05596807528808715,0.9737098168231346,1.5313905550396119
p_l40_s10_b2_x500_y50_baseline,100000000,0.2,2022,50,0.11729313096502136,0.05508017922655294,0.9762788837782953,1.3145796842577837
p_l40_s10_b2_x500_y50_baseline,100000000,0.2,2023,50,0.1488445046404716,0.06491438562588225,0.9914046254712707,0.5452638627682939
p_l40_s10_b2_x500_y50_baseline,100000000,0.2,2024,52,-0.015133414298654557,0.057300051352255764,0.967554189563929,2.0247275268967457
p_l40_s10_b2_x500_y50_baseline,100000000,0.2,2025,51,0.26858357560119095,0.054963230010390454,0.962056856965004,2.9157909975428042
p_l40_s10_b2_x500_y50_baseline,300000000,0.05,2020,41,0.3170532986329422,0.03402272036713286,0.7459241347862898,12.18999902609049
p_l40_s10_b2_x500_y50_baseline,300000000,0.05,2021,52,0.6257841823062433,0.04161957731385109,0.6940320900701984,18.941504503770087
p_l40_s10_b2_x500_y50_baseline,300000000,0.05,2022,50,0.09219608027763138,0.04522338383904301,0.7611834066144282,14.891316294097079
p_l40_s10_b2_x500_y50_baseline,300000000,0.05,2023,50,0.11426773835044446,0.04644639262151483,0.6992902864709154,20.240400121378144
p_l40_s10_b2_x500_y50_baseline,300000000,0.05,2024,52,0.028747538916012116,0.045263581020602094,0.7074655616765246,18.719143782184194
p_l40_s10_b2_x500_y50_baseline,300000000,0.05,2025,51,0.2372135551004959,0.05310984959170248,0.8280897253011049,11.848330238081147
p_l40_s10_b2_x500_y50_baseline,300000000,0.1,2020,41,0.3442171258073705,0.04399027990935574,0.8866500941306096,5.350976509365279
p_l40_s10_b2_x500_y50_baseline,300000000,0.1,2021,52,0.7921573704275531,0.05673387086611297,0.8428604363594997,9.721138071876286
p_l40_s10_b2_x500_y50_baseline,300000000,0.1,2022,50,0.10006977565817166,0.060399634580962654,0.8995220202122935,6.388750085767757
p_l40_s10_b2_x500_y50_baseline,300000000,0.1,2023,50,0.12065598345723516,0.06699402630084142,0.8702924923528741,8.932657679232253
p_l40_s10_b2_x500_y50_baseline,300000000,0.1,2024,52,-0.02142296419253975,0.06205435448650028,0.8655607670064909,8.539699528505276
p_l40_s10_b2_x500_y50_baseline,300000000,0.1,2025,51,0.24503009559228084,0.06600598296056463,0.9318205195419798,4.9385524730836154
p_l40_s10_b2_x500_y50_baseline,300000000,0.2,2020,41,0.36134382833074175,0.049679624859478924,0.9473342560866274,2.366096766577213
p_l40_s10_b2_x500_y50_baseline,300000000,0.2,2021,52,0.8447728033922928,0.06857566227232793,0.9354387806675247,3.9438661991611528
p_l40_s10_b2_x500_y50_baseline,300000000,0.2,2022,50,0.10177005689417395,0.06976261349112037,0.9620324294975663,2.287199832131899
p_l40_s10_b2_x500_y50_baseline,300000000,0.2,2023,50,0.12501877512516124,0.08236348106018268,0.9671594725187498,2.2560356195380393
p_l40_s10_b2_x500_y50_baseline,300000000,0.2,2024,52,-0.026863070274143586,0.07301541534413374,0.945003254643606,3.4203951192422695
p_l40_s10_b2_x500_y50_baseline,300000000,0.2,2025,51,0.24880154106669528,0.07051186847943473,0.9597017302387473,3.0623582706251637
p_l40_s10_b2_x500_y50_baseline,500000000,0.05,2020,41,0.2676559503523197,0.02913091516967288,0.6102219831001287,18.582392831929116
p_l40_s10_b2_x500_y50_baseline,500000000,0.05,2021,52,0.47525678448624564,0.03493699448673774,0.56810317442208,26.533902458784265
p_l40_s10_b2_x500_y50_baseline,500000000,0.05,2022,50,0.0704049899082424,0.03764941235911049,0.624986051443724,22.85125833970951
p_l40_s10_b2_x500_y50_baseline,500000000,0.05,2023,50,0.09586644432457692,0.036805499241570304,0.5518242001973479,29.23849306504952
p_l40_s10_b2_x500_y50_baseline,500000000,0.05,2024,52,0.008128436484739376,0.03633640705560638,0.5588459233040477,27.82516485314001
p_l40_s10_b2_x500_y50_baseline,500000000,0.05,2025,51,0.17539856320596892,0.04596740579028152,0.7023145381197038,20.04203157663193
p_l40_s10_b2_x500_y50_baseline,500000000,0.1,2020,41,0.3200750312166083,0.042234351517391744,0.7891917069998053,10.072560810982587
p_l40_s10_b2_x500_y50_baseline,500000000,0.1,2021,52,0.6633321831572967,0.05226934252074216,0.7368814521388602,16.30785472092685
p_l40_s10_b2_x500_y50_baseline,500000000,0.1,2022,50,0.09236970869946215,0.05665374203005327,0.8032611338401839,12.353062172968311
p_l40_s10_b2_x500_y50_baseline,500000000,0.1,2023,50,0.10978952899252481,0.05949990417925843,0.7487489848510006,17.075108717175155
p_l40_s10_b2_x500_y50_baseline,500000000,0.1,2024,52,0.011359762281036856,0.0574045490034084,0.7557816985316246,15.63211885041656
p_l40_s10_b2_x500_y50_baseline,500000000,0.1,2025,51,0.23573783302661133,0.06531056457052468,0.8634315913307538,9.530255284375425
p_l40_s10_b2_x500_y50_baseline,500000000,0.2,2020,41,0.34030066627455247,0.05319279771793674,0.9090903646025352,4.250087591317011
p_l40_s10_b2_x500_y50_baseline,500000000,0.2,2021,52,0.8001564822492839,0.06997360029490524,0.87310031151084,7.837835452375485
p_l40_s10_b2_x500_y50_baseline,500000000,0.2,2022,50,0.09122356842273693,0.07368210840911485,0.9231498520625937,4.858760132766115
p_l40_s10_b2_x500_y50_baseline,500000000,0.2,2023,50,0.10956338776929431,0.0839758097210411,0.9050502730113059,6.545535568128049
p_l40_s10_b2_x500_y50_baseline,500000000,0.2,2024,52,-0.03832019252534136,0.07648082098955962,0.8947876178645591,6.643494588205803
p_l40_s10_b2_x500_y50_baseline,500000000,0.2,2025,51,0.2353771888415317,0.07849323133982085,0.9452859441815104,4.010009395187539
p_l40_s10_b3_x500_y50_baseline,100000000,0.05,2020,41,0.32583652511526595,0.03443396036132522,0.923404824277819,3.3193597313063443
p_l40_s10_b3_x500_y50_baseline,100000000,0.05,2021,52,0.8573862083475463,0.04739399707174531,0.9043361587045968,5.686335188879303
p_l40_s10_b3_x500_y50_baseline,100000000,0.05,2022,50,0.1296571697532205,0.04821987010096593,0.9440245766613026,3.2701677817535386
p_l40_s10_b3_x500_y50_baseline,100000000,0.05,2023,50,0.18303602973744848,0.05481063834195794,0.9367230064404711,4.058781240643094
p_l40_s10_b3_x500_y50_baseline,100000000,0.05,2024,52,-0.03289780896959016,0.04965412580710754,0.9211153292973786,4.8828984384622
p_l40_s10_b3_x500_y50_baseline,100000000,0.05,2025,51,0.3110233828783775,0.04848875873730476,0.9412334434246433,3.7552642034117394
p_l40_s10_b3_x500_y50_baseline,100000000,0.1,2020,41,0.3303771602376395,0.03642800713149029,0.9553203490441743,1.8618228187671972
p_l40_s10_b3_x500_y50_baseline,100000000,0.1,2021,52,0.8954351978559623,0.052931777940502,0.9643791934517331,2.087327494395732
p_l40_s10_b3_x500_y50_baseline,100000000,0.1,2022,50,0.12753870514321464,0.051323196760965736,0.9718247011796227,1.529713082473455
p_l40_s10_b3_x500_y50_baseline,100000000,0.1,2023,50,0.1837820944638182,0.06006365408942697,0.9876150916949626,0.7508006653978687
p_l40_s10_b3_x500_y50_baseline,100000000,0.1,2024,52,-0.05389031703507652,0.05316546517777011,0.9587470074686488,2.484616605979086
p_l40_s10_b3_x500_y50_baseline,100000000,0.1,2025,51,0.31204332210441277,0.049087525258359896,0.9466416157599395,3.4118658801258634
p_l40_s10_b3_x500_y50_baseline,100000000,0.2,2020,41,0.3306375676334292,0.03685322294194282,0.9612408835557237,1.6278610906698723
p_l40_s10_b3_x500_y50_baseline,100000000,0.2,2021,52,0.9044457827041477,0.05416405145246262,0.9749130240506158,1.4355086709453542
p_l40_s10_b3_x500_y50_baseline,100000000,0.2,2022,50,0.12968666695639142,0.051812323791222345,0.9757033626782001,1.2835292416022792
p_l40_s10_b3_x500_y50_baseline,100000000,0.2,2023,50,0.18489965117328078,0.06064565605217649,0.992090273165131,0.4657464054885183
p_l40_s10_b3_x500_y50_baseline,100000000,0.2,2024,52,-0.05560557359378482,0.05376778650450402,0.9650081683423383,2.115938687044393
p_l40_s10_b3_x500_y50_baseline,100000000,0.2,2025,51,0.3121561050323507,0.049137325903764774,0.9469520046785195,3.3876184217356475
p_l40_s10_b3_x500_y50_baseline,300000000,0.05,2020,41,0.27845135777134056,0.03222851224031318,0.7366498176426476,12.0590196691005
p_l40_s10_b3_x500_y50_baseline,300000000,0.05,2021,52,0.6654896047284766,0.04081822253652209,0.693988802698477,18.639394953649685
p_l40_s10_b3_x500_y50_baseline,300000000,0.05,2022,50,0.10422465622798427,0.04238429698851966,0.7488351632861177,14.70555903033737
p_l40_s10_b3_x500_y50_baseline,300000000,0.05,2023,50,0.15183752563146613,0.04388057577934762,0.6888400200318554,20.043215050149133
p_l40_s10_b3_x500_y50_baseline,300000000,0.05,2024,52,0.006268003667677657,0.04320470105696415,0.7061777619333065,18.38639808230284
p_l40_s10_b3_x500_y50_baseline,300000000,0.05,2025,51,0.2739665185413289,0.048595543377116426,0.8134487582739878,11.772901950492578
p_l40_s10_b3_x500_y50_baseline,300000000,0.1,2020,41,0.30242801504861827,0.04137432035974145,0.8773460314589452,5.438317971895671
p_l40_s10_b3_x500_y50_baseline,300000000,0.1,2021,52,0.7961231179461135,0.05514336860705041,0.8437802304486469,9.327488521953887
p_l40_s10_b3_x500_y50_baseline,300000000,0.1,2022,50,0.10899843682376353,0.05684236589273831,0.8946783515345031,6.194048736695626
p_l40_s10_b3_x500_y50_baseline,300000000,0.1,2023,50,0.1715970438249692,0.06314589484055508,0.8650814396062687,8.746521055321061
p_l40_s10_b3_x500_y50_baseline,300000000,0.1,2024,52,-0.037084410559686365,0.058511172139597487,0.8631328596175105,8.545345761387228
p_l40_s10_b3_x500_y50_baseline,300000000,0.1,2025,51,0.2923709406788064,0.05961846799457869,0.919771157213717,5.119789627217825
p_l40_s10_b3_x500_y50_baseline,300000000,0.2,2020,41,0.3150797701544452,0.04672436158233912,0.9419234186955341,2.463388103599738
p_l40_s10_b3_x500_y50_baseline,300000000,0.2,2021,52,0.8508878375500073,0.0665429933103397,0.9376394241122947,3.6935237783544825
p_l40_s10_b3_x500_y50_baseline,300000000,0.2,2022,50,0.10928560832856582,0.06584041726181354,0.9606872209321495,2.2226425652789232
p_l40_s10_b3_x500_y50_baseline,300000000,0.2,2023,50,0.15876789681591275,0.07722990820709821,0.9677053389943829,2.0235083416176467
p_l40_s10_b3_x500_y50_baseline,300000000,0.2,2024,52,-0.0610850105612617,0.06842440430352371,0.9436709248696558,3.4398075922084907
p_l40_s10_b3_x500_y50_baseline,300000000,0.2,2025,51,0.29334498745884297,0.06310291644706935,0.945619747771857,3.47557850095841
p_l40_s10_b3_x500_y50_baseline,500000000,0.05,2020,41,0.25735326239889234,0.0280334583551157,0.6080010570560057,18.076001833279356
p_l40_s10_b3_x500_y50_baseline,500000000,0.05,2021,52,0.5118232288718383,0.0342470839505572,0.5663667481852013,26.551372637957694
p_l40_s10_b3_x500_y50_baseline,500000000,0.05,2022,50,0.061494868535861835,0.035332862373303214,0.6107317684920212,22.62234162724253
p_l40_s10_b3_x500_y50_baseline,500000000,0.05,2023,50,0.10874187743269048,0.0350584899653663,0.5431847328712945,28.88554994107049
p_l40_s10_b3_x500_y50_baseline,500000000,0.05,2024,52,-0.022093489924193355,0.035126951386683244,0.5595380413169959,27.30426787937318
p_l40_s10_b3_x500_y50_baseline,500000000,0.05,2025,51,0.2235406316070785,0.04253174964451027,0.6875180262479356,19.76548169632658
p_l40_s10_b3_x500_y50_baseline,500000000,0.1,2020,41,0.27728960071674025,0.039829430469164824,0.7785631230776131,10.063913526829943
p_l40_s10_b3_x500_y50_baseline,500000000,0.1,2021,52,0.6947364209632301,0.0511857012370494,0.7375028403985211,15.902812973211027
p_l40_s10_b3_x500_y50_baseline,500000000,0.1,2022,50,0.1063521224594115,0.053115025341139085,0.7929060385796874,12.12116690129626
p_l40_s10_b3_x500_y50_baseline,500000000,0.1,2023,50,0.1593603117968012,0.05616480806796206,0.7392590887825662,16.891367726542654
p_l40_s10_b3_x500_y50_baseline,500000000,0.1,2024,52,-0.013778309234609432,0.05438416155424462,0.7526682653804655,15.451817364334852
p_l40_s10_b3_x500_y50_baseline,500000000,0.1,2025,51,0.2749659059437486,0.05961591032471438,0.8510841203769766,9.423283820614122
p_l40_s10_b3_x500_y50_baseline,500000000,0.2,2020,41,0.29975036624200624,0.050141158708276234,0.9025233100679038,4.290178551938714
p_l40_s10_b3_x500_y50_baseline,500000000,0.2,2021,52,0.7971615308948046,0.06783772895709793,0.8739579036917628,7.503470108105592
p_l40_s10_b3_x500_y50_baseline,500000000,0.2,2022,50,0.09629981606017668,0.06965898606772666,0.9211065009222474,4.641811078478207
p_l40_s10_b3_x500_y50_baseline,500000000,0.2,2023,50,0.15561763437687803,0.07890807167746702,0.9015508115358368,6.3597184881609214
p_l40_s10_b3_x500_y50_baseline,500000000,0.2,2024,52,-0.05337513209972533,0.07202299856754045,0.8933775692005799,6.636872047255352
p_l40_s10_b3_x500_y50_baseline,500000000,0.2,2025,51,0.28104665290810926,0.07057029341603543,0.9325573454417853,4.302802871798229
p_l40_s3_b2_x500_y50_baseline,100000000,0.05,2020,42,0.2957433648861638,0.04279485032287356,0.9279747690126104,3.780074604035052
p_l40_s3_b2_x500_y50_baseline,100000000,0.05,2021,52,0.8179311657126807,0.05623522701957053,0.9108154934708144,6.394508962766402
p_l40_s3_b2_x500_y50_baseline,100000000,0.05,2022,50,0.15755457758185099,0.05653013600732194,0.9423100138631323,3.7686876189060774
p_l40_s3_b2_x500_y50_baseline,100000000,0.05,2023,50,0.08380883565955699,0.0643127760000365,0.9488137005304833,3.8144204085826305
p_l40_s3_b2_x500_y50_baseline,100000000,0.05,2024,52,0.05733053091735485,0.05957016492624253,0.9213540094985083,5.701834027567433
p_l40_s3_b2_x500_y50_baseline,100000000,0.05,2025,51,0.2662712303930552,0.06073862515699108,0.9693677331068864,2.516585227758174
p_l40_s3_b2_x500_y50_baseline,100000000,0.1,2020,42,0.3005897743240513,0.045334610115080644,0.9561733802413139,2.225242666399942
p_l40_s3_b2_x500_y50_baseline,100000000,0.1,2021,52,0.8429877822740242,0.06334683951452474,0.965433605186398,2.5133787508221284
p_l40_s3_b2_x500_y50_baseline,100000000,0.1,2022,50,0.156243656754659,0.060547088038086845,0.9726843703220966,1.6498294468222714
p_l40_s3_b2_x500_y50_baseline,100000000,0.1,2023,50,0.09305466021492315,0.07012613571529477,0.9862965472283904,0.9765683639687939
p_l40_s3_b2_x500_y50_baseline,100000000,0.1,2024,52,0.03768921363565991,0.0641393867885919,0.9573734396085123,3.0889425368156074
p_l40_s3_b2_x500_y50_baseline,100000000,0.1,2025,51,0.26370480472669033,0.061848004041053235,0.9772773614565379,1.9439536865779934
p_l40_s3_b2_x500_y50_baseline,100000000,0.2,2020,42,0.30062763061884445,0.045792504687658005,0.9600333033792278,2.017484272822085
p_l40_s3_b2_x500_y50_baseline,100000000,0.2,2021,52,0.8591816485718005,0.06547767493329854,0.9772536021950082,1.6336633288393827
p_l40_s3_b2_x500_y50_baseline,100000000,0.2,2022,50,0.1576273582907426,0.061265313806976335,0.9766417495728836,1.3681333839592198
p_l40_s3_b2_x500_y50_baseline,100000000,0.2,2023,50,0.09241003610751108,0.0707488027952638,0.9899606169267118,0.6810023745035041
p_l40_s3_b2_x500_y50_baseline,100000000,0.2,2024,52,0.031788880095247496,0.06498976473990856,0.9642623860622652,2.6405030461643704
p_l40_s3_b2_x500_y50_baseline,100000000,0.2,2025,51,0.26274169733105546,0.06192024770935187,0.9776827787001976,1.920484608294728
p_l40_s3_b2_x500_y50_baseline,300000000,0.05,2020,42,0.3004811290650169,0.039199697001484284,0.7556351090318356,13.087187286744266
p_l40_s3_b2_x500_y50_baseline,300000000,0.05,2021,52,0.5831469306864898,0.04696919148827457,0.711299860446293,19.90476466575918
p_l40_s3_b2_x500_y50_baseline,300000000,0.05,2022,50,0.10215525869666675,0.049115812395515025,0.7584338238798732,15.960925535308883
p_l40_s3_b2_x500_y50_baseline,300000000,0.05,2023,50,0.061231816022048635,0.05182063161366066,0.733888630768424,18.903676924637534
p_l40_s3_b2_x500_y50_baseline,300000000,0.05,2024,52,0.09590811007764444,0.04961588654036596,0.709253932030985,20.197804465951574
p_l40_s3_b2_x500_y50_baseline,300000000,0.05,2025,51,0.20254634435958607,0.05912395199336968,0.8399738282605288,11.947155421756491
p_l40_s3_b2_x500_y50_baseline,300000000,0.1,2020,42,0.2892221583153596,0.051225986264224734,0.8865524304952279,6.02812868876569
p_l40_s3_b2_x500_y50_baseline,300000000,0.1,2021,52,0.7466081494644194,0.06476505268975959,0.8548441101145305,10.289371164998181
p_l40_s3_b2_x500_y50_baseline,300000000,0.1,2022,50,0.1292146473395599,0.0666552694569967,0.89609263249399,6.924169669104935
p_l40_s3_b2_x500_y50_baseline,300000000,0.1,2023,50,0.05651738622891167,0.07401144815430569,0.8904530047199434,8.09006528863732
p_l40_s3_b2_x500_y50_baseline,300000000,0.1,2024,52,0.04757985598037706,0.06967078455387893,0.8658197890023737,9.66221385676947
p_l40_s3_b2_x500_y50_baseline,300000000,0.1,2025,51,0.23790990256606737,0.07410595737649074,0.9459051291783166,4.244026281916761
p_l40_s3_b2_x500_y50_baseline,300000000,0.2,2020,42,0.27915642359761605,0.05819613269615042,0.9449296773310998,2.8437305571304354
p_l40_s3_b2_x500_y50_baseline,300000000,0.2,2021,52,0.795465979005602,0.07922383580357838,0.9397892521214088,4.351406506499404
p_l40_s3_b2_x500_y50_baseline,300000000,0.2,2022,50,0.13307372578930488,0.07757531804105833,0.9610153893521894,2.4681408149783093
p_l40_s3_b2_x500_y50_baseline,300000000,0.2,2023,50,0.06555451184294614,0.09005078929517779,0.9727060459516701,2.024236405870033
p_l40_s3_b2_x500_y50_baseline,300000000,0.2,2024,52,0.028194357356170707,0.08269706229127882,0.9425557279998407,4.1581529047365535
p_l40_s3_b2_x500_y50_baseline,300000000,0.2,2025,51,0.24305481165808374,0.07945165215693137,0.9751359873890234,2.089657138866847
p_l40_s3_b2_x500_y50_baseline,500000000,0.05,2020,42,0.24594834991584258,0.03301676490343966,0.6229890866961904,19.913313406291724
p_l40_s3_b2_x500_y50_baseline,500000000,0.05,2021,52,0.43744139951341476,0.03863074016008303,0.5848889536882715,27.661548315247586
p_l40_s3_b2_x500_y50_baseline,500000000,0.05,2022,50,0.07450930238208975,0.04010590143674792,0.6215057079038594,24.303708514860595
p_l40_s3_b2_x500_y50_baseline,500000000,0.05,2023,50,0.05957837299473634,0.04080855612640158,0.5909431369167492,27.59542010779789
p_l40_s3_b2_x500_y50_baseline,500000000,0.05,2024,52,0.06681157091438106,0.039260000806116184,0.5622067303797738,29.206949872008636
p_l40_s3_b2_x500_y50_baseline,500000000,0.05,2025,51,0.16442930453260596,0.05021607236399352,0.7111173456821327,20.603393038001293
p_l40_s3_b2_x500_y50_baseline,500000000,0.1,2020,42,0.298321165455701,0.04884202360574391,0.7956359564310208,10.952450990264204
p_l40_s3_b2_x500_y50_baseline,500000000,0.1,2021,52,0.6200107431206325,0.059305599538527154,0.7536070982774857,17.11581290587016
p_l40_s3_b2_x500_y50_baseline,500000000,0.1,2022,50,0.10095383256046397,0.0620012415958481,0.8016266162810561,13.193834664074362
p_l40_s3_b2_x500_y50_baseline,500000000,0.1,2023,50,0.05165531869107953,0.06619864910023118,0.7801919033151917,15.825150868164233
p_l40_s3_b2_x500_y50_baseline,500000000,0.1,2024,52,0.07757386519929121,0.06333173649500579,0.7566347211813382,17.104394250455996
p_l40_s3_b2_x500_y50_baseline,500000000,0.1,2025,51,0.19893571670383947,0.07299557716795728,0.8761107638938173,9.384450072577872
p_l40_s3_b2_x500_y50_baseline,500000000,0.2,2020,42,0.27157796563003234,0.06216159696618079,0.9081193067230251,4.860167610852481
p_l40_s3_b2_x500_y50_baseline,500000000,0.2,2021,52,0.7495361015703932,0.08007773923431634,0.8826866543905649,8.360388593225714
p_l40_s3_b2_x500_y50_baseline,500000000,0.2,2022,50,0.11936321154221985,0.08157584120076891,0.9200379039068995,5.288396369369071
p_l40_s3_b2_x500_y50_baseline,500000000,0.2,2023,50,0.04732488710183791,0.09227932109807488,0.9205108507338078,5.8914573958270795
p_l40_s3_b2_x500_y50_baseline,500000000,0.2,2024,52,0.02630384115798301,0.08620940356765541,0.8949562322707363,7.5973464069115675
p_l40_s3_b2_x500_y50_baseline,500000000,0.2,2025,51,0.22915911919189558,0.08804504010126138,0.9592130485297367,3.2603653665244123
p_l40_s3_b3_x500_y50_baseline,100000000,0.05,2020,42,0.37042904718824143,0.03917838957462365,0.9263689687041257,3.659310997521536
p_l40_s3_b3_x500_y50_baseline,100000000,0.05,2021,52,0.9139603430298895,0.0517462065313636,0.9083760286352166,5.8282140020193065
p_l40_s3_b3_x500_y50_baseline,100000000,0.05,2022,50,0.15703737136543827,0.05301636898577707,0.9403131418596677,3.82961288546086
p_l40_s3_b3_x500_y50_baseline,100000000,0.05,2023,50,0.16697470889037613,0.06055162451770253,0.9442955887251263,3.9682804436457637
p_l40_s3_b3_x500_y50_baseline,100000000,0.05,2024,52,0.0513979301794818,0.05495106502899657,0.9198300251625268,5.534582110096524
p_l40_s3_b3_x500_y50_baseline,100000000,0.05,2025,51,0.307114369962725,0.05533649949774816,0.9708582130323943,2.2271030654390715
p_l40_s3_b3_x500_y50_baseline,100000000,0.1,2020,42,0.3739515795899693,0.04155742279380166,0.9564532167994247,2.1565719983389124
p_l40_s3_b3_x500_y50_baseline,100000000,0.1,2021,52,0.9435503892150219,0.057860493146498146,0.9656179791585603,2.1342551038905366
p_l40_s3_b3_x500_y50_baseline,100000000,0.1,2022,50,0.1566077415445677,0.05668171702461078,0.969174608436438,1.8435294447640966
p_l40_s3_b3_x500_y50_baseline,100000000,0.1,2023,50,0.1759271058401597,0.06619792568231282,0.9877342609143885,0.8613070873506745
p_l40_s3_b3_x500_y50_baseline,100000000,0.1,2024,52,0.04070335997173857,0.059518311057980056,0.9586420388525613,2.9080377818790764
p_l40_s3_b3_x500_y50_baseline,100000000,0.1,2025,51,0.30663629050506813,0.056305823076689,0.9803380472572601,1.6223697001294974
p_l40_s3_b3_x500_y50_baseline,100000000,0.2,2020,42,0.3735610902538078,0.04217691382189266,0.9615119934578015,1.8801536276305355
p_l40_s3_b3_x500_y50_baseline,100000000,0.2,2021,52,0.9528764780064956,0.05949251778710139,0.9776967632081919,1.3481843850651842
p_l40_s3_b3_x500_y50_baseline,100000000,0.2,2022,50,0.15604106456583366,0.05734112574469904,0.9726695777789771,1.5865083415183847
p_l40_s3_b3_x500_y50_baseline,100000000,0.2,2023,50,0.17367204922260893,0.06676486120605947,0.9918193528702031,0.5676063149795783
p_l40_s3_b3_x500_y50_baseline,100000000,0.2,2024,52,0.03835894706471499,0.06047184015755605,0.9660103260612622,2.4236103650534018
p_l40_s3_b3_x500_y50_baseline,100000000,0.2,2025,51,0.3053309894715992,0.05638496982028473,0.9810330022359725,1.5791562458596902
p_l40_s3_b3_x500_y50_baseline,300000000,0.05,2020,42,0.36454978274923056,0.036520912541278226,0.753336154192468,12.453955606451643
p_l40_s3_b3_x500_y50_baseline,300000000,0.05,2021,52,0.7032432915421438,0.042871053724348546,0.6926667740674992,19.704654591189016
p_l40_s3_b3_x500_y50_baseline,300000000,0.05,2022,50,0.13801320156100383,0.045861785200072884,0.7497898452933012,15.933901185026894
p_l40_s3_b3_x500_y50_baseline,300000000,0.05,2023,50,0.11680991021011877,0.048576668789755556,0.713286031759792,19.491398642030898
p_l40_s3_b3_x500_y50_baseline,300000000,0.05,2024,52,0.12101895202112689,0.04699586233995258,0.708563331306918,19.50282543870619
p_l40_s3_b3_x500_y50_baseline,300000000,0.05,2025,51,0.2576313895447453,0.05375482766436037,0.8288059665086944,11.82829736816454
p_l40_s3_b3_x500_y50_baseline,300000000,0.1,2020,42,0.36278267010898557,0.0470504711629501,0.8842067814387568,5.752748096043966
p_l40_s3_b3_x500_y50_baseline,300000000,0.1,2021,52,0.8538743829952167,0.059999216431848815,0.8476439431657685,9.809411845077774
p_l40_s3_b3_x500_y50_baseline,300000000,0.1,2022,50,0.14003085479961364,0.06220137255157931,0.891757845342336,6.998536426704962
p_l40_s3_b3_x500_y50_baseline,300000000,0.1,2023,50,0.13005457270644505,0.06959003256850287,0.8787622104103043,8.494073765082167
p_l40_s3_b3_x500_y50_baseline,300000000,0.1,2024,52,0.05473972403311955,0.0645866325222679,0.8646740396267324,9.2108249082618
p_l40_s3_b3_x500_y50_baseline,300000000,0.1,2025,51,0.27779538384477753,0.06743229285778601,0.9433492556413441,4.066125316851855
p_l40_s3_b3_x500_y50_baseline,300000000,0.2,2020,42,0.3511571696881419,0.05313871849912919,0.9432411554999744,2.8209099606870662
p_l40_s3_b3_x500_y50_baseline,300000000,0.2,2021,52,0.8963419596726985,0.07291611045939761,0.9400169010126482,3.7713956188856095
p_l40_s3_b3_x500_y50_baseline,300000000,0.2,2022,50,0.13606596210773247,0.0727634680102472,0.9585282694402776,2.5975105776996257
p_l40_s3_b3_x500_y50_baseline,300000000,0.2,2023,50,0.1513267097518305,0.08512053817246941,0.971257621998123,2.0525040198255953
p_l40_s3_b3_x500_y50_baseline,300000000,0.2,2024,52,0.027454250631168353,0.07629043174865217,0.9420979920167635,4.033520291530425
p_l40_s3_b3_x500_y50_baseline,300000000,0.2,2025,51,0.287054196765967,0.0725012500328476,0.9775180437665757,1.7906873794026716
p_l40_s3_b3_x500_y50_baseline,500000000,0.05,2020,42,0.3316212369170921,0.031385888260913083,0.6227069721203718,19.07884747678196
p_l40_s3_b3_x500_y50_baseline,500000000,0.05,2021,52,0.5377766976773157,0.034947193027229886,0.5592020860465907,27.80394244688271
p_l40_s3_b3_x500_y50_baseline,500000000,0.05,2022,50,0.10074193007691878,0.03747239894006585,0.6111100774083265,24.093437617351682
p_l40_s3_b3_x500_y50_baseline,500000000,0.05,2023,50,0.10036924790261992,0.038269972979181624,0.5661208533146449,28.43676960227001
p_l40_s3_b3_x500_y50_baseline,500000000,0.05,2024,52,0.07509374194112572,0.037306913790778266,0.5590453662174112,28.682416118859354
p_l40_s3_b3_x500_y50_baseline,500000000,0.05,2025,51,0.21419968521065513,0.04560424734564648,0.693367532085684,20.603023727652705
p_l40_s3_b3_x500_y50_baseline,500000000,0.1,2020,42,0.36303929420562486,0.045208384736921015,0.7921863181495322,10.461455523996435
p_l40_s3_b3_x500_y50_baseline,500000000,0.1,2021,52,0.7438082743031134,0.054504801931391234,0.7385253699025522,16.816597243789786
p_l40_s3_b3_x500_y50_baseline,500000000,0.1,2022,50,0.13645962629489228,0.057712727494156936,0.7933675763594279,13.237854290007704
p_l40_s3_b3_x500_y50_baseline,500000000,0.1,2023,50,0.11067666332208703,0.06215212657117668,0.7620425117796708,16.364981126713786
p_l40_s3_b3_x500_y50_baseline,500000000,0.1,2024,52,0.09494056449658772,0.059782383435523306,0.7571048334377892,16.358375355651457
p_l40_s3_b3_x500_y50_baseline,500000000,0.1,2025,51,0.2528788293900872,0.06638798963087728,0.8674310589701454,9.232512081585565
p_l40_s3_b3_x500_y50_baseline,500000000,0.2,2020,42,0.3464570122069075,0.05699880215829028,0.9067717765159214,4.628167787262309
p_l40_s3_b3_x500_y50_baseline,500000000,0.2,2021,52,0.8499598834766486,0.07411774296706404,0.8772905662901861,7.857504609231023
p_l40_s3_b3_x500_y50_baseline,500000000,0.2,2022,50,0.12378044069733396,0.07639987442101284,0.9171909005106685,5.344405305944861
p_l40_s3_b3_x500_y50_baseline,500000000,0.2,2023,50,0.12338006875743424,0.08709398405248728,0.9122601197551485,6.192883583100939
p_l40_s3_b3_x500_y50_baseline,500000000,0.2,2024,52,0.02895916376101848,0.07962294263596413,0.8932274949822865,7.301252670418128
p_l40_s3_b3_x500_y50_baseline,500000000,0.2,2025,51,0.2684821466012943,0.08032822040754603,0.9589138804039179,3.0247580681515633
p_l40_s5_b2_x500_y50_baseline,100000000,0.05,2020,42,0.32750139279818935,0.042120601328429624,0.9294472186178699,3.7900750461463955
p_l40_s5_b2_x500_y50_baseline,100000000,0.05,2021,52,0.8118828791683221,0.055399751465160754,0.9071246341850153,6.446092528097961
p_l40_s5_b2_x500_y50_baseline,100000000,0.05,2022,50,0.16624337064990868,0.05530850696041733,0.944838252391629,3.5579707147570674
p_l40_s5_b2_x500_y50_baseline,100000000,0.05,2023,50,0.141519491390816,0.06179100342542859,0.9451915637934148,4.032663569281243
p_l40_s5_b2_x500_y50_baseline,100000000,0.05,2024,52,0.02660879820087847,0.05921786847666129,0.924789938888418,5.403913543648823
p_l40_s5_b2_x500_y50_baseline,100000000,0.05,2025,51,0.2494354756588315,0.05805368543965829,0.956832669877059,3.3538637447960986
p_l40_s5_b2_x500_y50_baseline,100000000,0.1,2020,42,0.3436450262880988,0.04503526616303991,0.9618082760022081,1.9954459657298516
p_l40_s5_b2_x500_y50_baseline,100000000,0.1,2021,52,0.8351393294521468,0.0621041058914668,0.9623669452277189,2.5861816215310642
p_l40_s5_b2_x500_y50_baseline,100000000,0.1,2022,50,0.16422406611690676,0.0589063166468634,0.9732440470917735,1.5512609882372403
p_l40_s5_b2_x500_y50_baseline,100000000,0.1,2023,50,0.14988970351240538,0.06774452425193354,0.9874375139359718,0.9512623475885437
p_l40_s5_b2_x500_y50_baseline,100000000,0.1,2024,52,0.022574888557434614,0.06390270610317036,0.9621886471692179,2.7382445419899537
p_l40_s5_b2_x500_y50_baseline,100000000,0.1,2025,51,0.2505642547042619,0.05899858060382546,0.9640810302022718,2.813665655376882
p_l40_s5_b2_x500_y50_baseline,100000000,0.2,2020,42,0.3481212018559747,0.045512181019238054,0.9650513775273447,1.8008705596869872
p_l40_s5_b2_x500_y50_baseline,100000000,0.2,2021,52,0.8465263219199806,0.06404124368356934,0.975031887109365,1.6924141997663207
p_l40_s5_b2_x500_y50_baseline,100000000,0.2,2022,50,0.1658437841527607,0.059573234498328596,0.9773752492481023,1.2689384549441272
p_l40_s5_b2_x500_y50_baseline,100000000,0.2,2023,50,0.14869620766704328,0.06847159689208174,0.9918611705397724,0.6021091841545194
p_l40_s5_b2_x500_y50_baseline,100000000,0.2,2024,52,0.019207940361593456,0.06458820004378006,0.9682703820750459,2.3427436290791754
p_l40_s5_b2_x500_y50_baseline,100000000,0.2,2025,51,0.2508890889161999,0.05908094887040593,0.9645820331230373,2.776055758574813
p_l40_s5_b2_x500_y50_baseline,300000000,0.05,2020,42,0.29011184366572285,0.03796091314931634,0.7520091399666505,13.131314585399837
p_l40_s5_b2_x500_y50_baseline,300000000,0.05,2021,52,0.6341937737698218,0.04566068075546674,0.7040829449059752,19.948018387385392
p_l40_s5_b2_x500_y50_baseline,300000000,0.05,2022,50,0.11726941667083368,0.04857867508879772,0.760760782842215,15.897494113738514
p_l40_s5_b2_x500_y50_baseline,300000000,0.05,2023,50,0.09791877298868434,0.0496334761410215,0.7171631219107999,19.683909820608704
p_l40_s5_b2_x500_y50_baseline,300000000,0.05,2024,52,0.06623010677884533,0.04957262082818821,0.713800631327582,19.725646586271502
p_l40_s5_b2_x500_y50_baseline,300000000,0.05,2025,51,0.2107084832372481,0.05638461118343329,0.8287962088763261,12.605487319367773
p_l40_s5_b2_x500_y50_baseline,300000000,0.1,2020,42,0.3077575093782954,0.05017127093238374,0.884351225861474,6.213338681411548
p_l40_s5_b2_x500_y50_baseline,300000000,0.1,2021,52,0.7469371838731653,0.06382564255318514,0.8498350187684279,10.412107584734434
p_l40_s5_b2_x500_y50_baseline,300000000,0.1,2022,50,0.14017142366516744,0.06533222214768426,0.8990194819640988,6.736344359253208
p_l40_s5_b2_x500_y50_baseline,300000000,0.1,2023,50,0.10683988303929604,0.07112897526834674,0.8818880482126624,8.54586348122397
p_l40_s5_b2_x500_y50_baseline,300000000,0.1,2024,52,0.01682864989718058,0.06949932006069831,0.8699201985198376,9.255989690756156
p_l40_s5_b2_x500_y50_baseline,300000000,0.1,2025,51,0.22599420651632562,0.07081756812168681,0.9332557080262263,5.093795196668285
p_l40_s5_b2_x500_y50_baseline,300000000,0.2,2020,42,0.3149326335561051,0.05762492521526996,0.9482338881813167,2.7585016529361894
p_l40_s5_b2_x500_y50_baseline,300000000,0.2,2021,52,0.7896362415300862,0.07803885781165645,0.9370987721051713,4.3635328044965975
p_l40_s5_b2_x500_y50_baseline,300000000,0.2,2022,50,0.142978933111505,0.07558441417375915,0.9623245502096148,2.3154315551273355
p_l40_s5_b2_x500_y50_baseline,300000000,0.2,2023,50,0.12278770607359779,0.08694945862879798,0.9716724711387628,2.096953719848938
p_l40_s5_b2_x500_y50_baseline,300000000,0.2,2024,52,0.004216500539868662,0.08221525917382667,0.9468518542535799,3.830497549831266
p_l40_s5_b2_x500_y50_baseline,300000000,0.2,2025,51,0.22931570441534133,0.07589499599850413,0.9624298212476269,2.9374264442599625
p_l40_s5_b2_x500_y50_baseline,500000000,0.05,2020,42,0.2487876393514048,0.03171038206185095,0.6161999114943952,19.894768741825118
p_l40_s5_b2_x500_y50_baseline,500000000,0.05,2021,52,0.4815198295560221,0.037433590036568286,0.5764751469889753,27.71403006333688
p_l40_s5_b2_x500_y50_baseline,500000000,0.05,2022,50,0.07979554804332634,0.03981727170303671,0.6236895153328645,24.247638013132633
p_l40_s5_b2_x500_y50_baseline,500000000,0.05,2023,50,0.06974782250203715,0.039126251243688466,0.5720493482486871,28.42838745272295
p_l40_s5_b2_x500_y50_baseline,500000000,0.05,2024,52,0.040507160739519765,0.03914728473994759,0.5674535569574796,28.639664363257207
p_l40_s5_b2_x500_y50_baseline,500000000,0.05,2025,51,0.17249153180142396,0.04835581353922718,0.704162847295591,20.878488795652267
p_l40_s5_b2_x500_y50_baseline,500000000,0.1,2020,42,0.29381353372695784,0.04755008091627258,0.7935510527943743,10.998369979123861
p_l40_s5_b2_x500_y50_baseline,500000000,0.1,2021,52,0.6609985124685451,0.057868584590435077,0.7475156174467107,17.152763833941542
p_l40_s5_b2_x500_y50_baseline,500000000,0.1,2022,50,0.11746805116690262,0.06111487815376009,0.8035478454107177,13.124939832614581
p_l40_s5_b2_x500_y50_baseline,500000000,0.1,2023,50,0.09322996276743933,0.06355764084436008,0.7651612959974311,16.578272559453872
p_l40_s5_b2_x500_y50_baseline,500000000,0.1,2024,52,0.04174819307195099,0.06326382583978546,0.7610990359346821,16.667014373786778
p_l40_s5_b2_x500_y50_baseline,500000000,0.1,2025,51,0.2033885987957702,0.06952062619887815,0.8643377021073955,10.114815679268936
p_l40_s5_b2_x500_y50_baseline,500000000,0.2,2020,42,0.29675663799170215,0.06105587906150944,0.907524883103239,4.978071888268235
p_l40_s5_b2_x500_y50_baseline,500000000,0.2,2021,52,0.7441108880845477,0.07906633991432822,0.8778921928514888,8.477854650288435
p_l40_s5_b2_x500_y50_baseline,500000000,0.2,2022,50,0.12992045665629592,0.07978928785803294,0.9228585699945023,5.095754963496621
p_l40_s5_b2_x500_y50_baseline,500000000,0.2,2023,50,0.1022328739307119,0.08868512300902773,0.9142736389373654,6.250209140210471
p_l40_s5_b2_x500_y50_baseline,500000000,0.2,2024,52,-0.001514635726762692,0.08583469779529872,0.8986695982174768,7.264069709091495
p_l40_s5_b2_x500_y50_baseline,500000000,0.2,2025,51,0.21354212851495014,0.08419353773238164,0.9467473778050876,4.093136269059803
p_l40_s5_b3_x500_y50_baseline,100000000,0.05,2020,42,0.3397542439818171,0.03904347612078184,0.9109504216054528,4.449161159783922
p_l40_s5_b3_x500_y50_baseline,100000000,0.05,2021,52,0.9049473475687877,0.04962017559911584,0.882314270157343,7.299757753398463
p_l40_s5_b3_x500_y50_baseline,100000000,0.05,2022,50,0.12538156052694083,0.051377619349523805,0.9247995871424581,4.54618349790133
p_l40_s5_b3_x500_y50_baseline,100000000,0.05,2023,50,0.15605079740524452,0.05885678110005549,0.9405356343861768,4.064404139071192
p_l40_s5_b3_x500_y50_baseline,100000000,0.05,2024,52,0.028004490056310116,0.05443087190598995,0.9203582941342737,5.540481322670335
p_l40_s5_b3_x500_y50_baseline,100000000,0.05,2025,51,0.2732426315369787,0.052877717142741434,0.9569193348129883,3.183633117223686
p_l40_s5_b3_x500_y50_baseline,100000000,0.1,2020,42,0.33958836810032844,0.04126655214063223,0.9375545497907374,3.0316530857936956
p_l40_s5_b3_x500_y50_baseline,100000000,0.1,2021,52,0.938143685489369,0.05504793562018,0.9369412715600001,3.8461463367808397
p_l40_s5_b3_x500_y50_baseline,100000000,0.1,2022,50,0.128502549092681,0.054540776405164394,0.9513499959417797,2.757431530507791
p_l40_s5_b3_x500_y50_baseline,100000000,0.1,2023,50,0.1724880714449908,0.06415046945955852,0.9840135434350384,1.0660547769905875
p_l40_s5_b3_x500_y50_baseline,100000000,0.1,2024,52,0.02236416801501173,0.058819951587094674,0.9586608240993499,2.9443650625152546
p_l40_s5_b3_x500_y50_baseline,100000000,0.1,2025,51,0.27402782119489144,0.05373989663438916,0.9643533207799612,2.677567538518244
p_l40_s5_b3_x500_y50_baseline,100000000,0.2,2020,42,0.340758345389679,0.041657971367972293,0.9399530365702121,2.892516504118265
p_l40_s5_b3_x500_y50_baseline,100000000,0.2,2021,52,0.9456269271228497,0.05641979125222882,0.9470131789716615,3.206225340003858
p_l40_s5_b3_x500_y50_baseline,100000000,0.2,2022,50,0.1284439537337556,0.05502683374367531,0.9542014750573989,2.5619985477781997
p_l40_s5_b3_x500_y50_baseline,100000000,0.2,2023,50,0.16841673603488405,0.06462155376738782,0.987198313815294,0.825620023192524
p_l40_s5_b3_x500_y50_baseline,100000000,0.2,2024,52,0.0209704646368023,0.0595561887481406,0.9656060266663692,2.488763295817244
p_l40_s5_b3_x500_y50_baseline,100000000,0.2,2025,51,0.27435821837059127,0.053806941393215145,0.9648171169476738,2.6440677857094155
p_l40_s5_b3_x500_y50_baseline,300000000,0.05,2020,42,0.3340761179988829,0.03619313556945942,0.742997985282718,13.056620750187072
p_l40_s5_b3_x500_y50_baseline,300000000,0.05,2021,52,0.6879553492972132,0.04175594661868962,0.6802381032894954,20.237798245455622
p_l40_s5_b3_x500_y50_baseline,300000000,0.05,2022,50,0.11596410801439361,0.04496144937909066,0.741885336937738,16.108490799373534
p_l40_s5_b3_x500_y50_baseline,300000000,0.05,2023,50,0.08161693957679828,0.04746243838136129,0.7038745320113484,19.918022507509434
p_l40_s5_b3_x500_y50_baseline,300000000,0.05,2024,52,0.08983237255607635,0.046682759741383306,0.7101790663075586,19.44714986796763
p_l40_s5_b3_x500_y50_baseline,300000000,0.05,2025,51,0.22862425638786843,0.05211299373760702,0.8244154912638896,12.034093953294285
p_l40_s5_b3_x500_y50_baseline,300000000,0.1,2020,42,0.32477106251836907,0.046960377085331136,0.8687283017018139,6.631432537297527
p_l40_s5_b3_x500_y50_baseline,300000000,0.1,2021,52,0.8448941704552566,0.05794840970306595,0.8253956962087597,11.023582269643171
p_l40_s5_b3_x500_y50_baseline,300000000,0.1,2022,50,0.10262432516869513,0.060768900044528604,0.8796713330749654,7.5062699455250215
p_l40_s5_b3_x500_y50_baseline,300000000,0.1,2023,50,0.11407726016310993,0.06774307704072334,0.8734485814890892,8.634397047550967
p_l40_s5_b3_x500_y50_baseline,300000000,0.1,2024,52,0.027253042825759355,0.06406597485209378,0.8647603455186552,9.254634053886758
p_l40_s5_b3_x500_y50_baseline,300000000,0.1,2025,51,0.24798970687272592,0.06446651045656725,0.9311637733654212,4.880973865096199
p_l40_s5_b3_x500_y50_baseline,300000000,0.2,2020,42,0.32025759425430245,0.053051071538912004,0.9278626815616022,3.566331720546856
p_l40_s5_b3_x500_y50_baseline,300000000,0.2,2021,52,0.897967769611661,0.06947527130036192,0.9122260413609892,5.3884261769943675
p_l40_s5_b3_x500_y50_baseline,300000000,0.2,2022,50,0.10686487379195397,0.07022814114344453,0.9420308878854275,3.392666644505441
p_l40_s5_b3_x500_y50_baseline,300000000,0.2,2023,50,0.14459019114687788,0.08266950798805593,0.9682705974761916,2.1737136835660706
p_l40_s5_b3_x500_y50_baseline,300000000,0.2,2024,52,0.00574211683093373,0.07556911925311127,0.9434409415856729,3.9870276926842263
p_l40_s5_b3_x500_y50_baseline,300000000,0.2,2025,51,0.2539591001203936,0.06911128478504176,0.9624418941902806,2.808245991563698
p_l40_s5_b3_x500_y50_baseline,500000000,0.05,2020,42,0.29823322842493294,0.030688393493546476,0.6107133901485547,19.648672490425355
p_l40_s5_b3_x500_y50_baseline,500000000,0.05,2021,52,0.5179264413740277,0.034355797961532805,0.5532218535763923,27.970941130051315
p_l40_s5_b3_x500_y50_baseline,500000000,0.05,2022,50,0.08080553605191843,0.03676940973631255,0.6045660701049044,24.20077845825465
p_l40_s5_b3_x500_y50_baseline,500000000,0.05,2023,50,0.06677265669320498,0.03752003987843619,0.5567391846665916,28.839515237473897
p_l40_s5_b3_x500_y50_baseline,500000000,0.05,2024,52,0.06314606148395208,0.03735161638302803,0.5631434169780644,28.333548435580564
p_l40_s5_b3_x500_y50_baseline,500000000,0.05,2025,51,0.18975433965986022,0.04514115918851953,0.6956950222636853,20.400502760668903
p_l40_s5_b3_x500_y50_baseline,500000000,0.1,2020,42,0.3327466238137491,0.04505913778079116,0.7828235958590136,11.038697574998919
p_l40_s5_b3_x500_y50_baseline,500000000,0.1,2021,52,0.7304356554936218,0.05299284945495282,0.7244099730116482,17.46358215491143
p_l40_s5_b3_x500_y50_baseline,500000000,0.1,2022,50,0.1098246203933082,0.05659790358024341,0.784913994284648,13.45407717846777
p_l40_s5_b3_x500_y50_baseline,500000000,0.1,2023,50,0.08400000865528257,0.0607998374461224,0.7538773375963026,16.698318898327464
p_l40_s5_b3_x500_y50_baseline,500000000,0.1,2024,52,0.06582759247954395,0.05918951174874366,0.7569835955695456,16.409406077792912
p_l40_s5_b3_x500_y50_baseline,500000000,0.1,2025,51,0.22651622923504044,0.06404668948330422,0.861288570376734,9.582547677344737
p_l40_s5_b3_x500_y50_baseline,500000000,0.2,2020,42,0.3130382102840612,0.05684423683568258,0.8908272050262046,5.48735892572095
p_l40_s5_b3_x500_y50_baseline,500000000,0.2,2021,52,0.8430748421655929,0.07130160122939093,0.852880234723007,9.203966092583117
p_l40_s5_b3_x500_y50_baseline,500000000,0.2,2022,50,0.09100189211180876,0.074406686896793,0.9030702576203085,5.977539364533178
p_l40_s5_b3_x500_y50_baseline,500000000,0.2,2023,50,0.11291952681855988,0.08468195908354231,0.9075834917891588,6.306614016817457
p_l40_s5_b3_x500_y50_baseline,500000000,0.2,2024,52,0.005143112811499151,0.07885017616488076,0.8932088001642957,7.35960381891993
p_l40_s5_b3_x500_y50_baseline,500000000,0.2,2025,51,0.2390477778218454,0.0765994370569897,0.9452003833774413,3.9510251153203764
