scenario,capital,participation_limit,year,weeks,annual_return,annual_cost_arithmetic,avg_fill_ratio,total_unfilled_trade_weight
baseline,10000000,0.05,2020,46,0.42561270353589675,0.03634390157244148,0.9676873271567226,1.9038874384536486
baseline,10000000,0.05,2021,52,1.0158473862046495,0.04413787967575415,0.9664952408935851,2.321121081618325
baseline,10000000,0.05,2022,50,0.1934556664158369,0.045101247292440326,0.9730138416870873,1.8825728370219308
baseline,10000000,0.05,2023,50,0.21274971482214355,0.04733663527250485,0.9840989148034823,1.2127038579461709
baseline,10000000,0.05,2024,52,0.1532859322478184,0.045616864390122,0.9407449510453711,4.442382270401467
baseline,10000000,0.05,2025,51,0.3926018687391386,0.042872565808020166,0.9488944362073104,3.9212874596622784
baseline,10000000,0.1,2020,46,0.42561270353589675,0.03634390157244148,0.9676873271567226,1.9038874384536486
baseline,10000000,0.1,2021,52,1.0158473862046495,0.04413787967575415,0.9664952408935851,2.321121081618325
baseline,10000000,0.1,2022,50,0.1934556664158369,0.045101247292440326,0.9730138416870873,1.8825728370219308
baseline,10000000,0.1,2023,50,0.21274971482214355,0.04733663527250485,0.9840989148034823,1.2127038579461709
baseline,10000000,0.1,2024,52,0.1532859322478184,0.045616864390122,0.9407449510453711,4.442382270401467
baseline,10000000,0.1,2025,51,0.3926018687391386,0.042872565808020166,0.9488944362073104,3.9212874596622784
baseline,10000000,0.2,2020,46,0.42561270353589675,0.03634390157244148,0.9676873271567226,1.9038874384536486
baseline,10000000,0.2,2021,52,1.0158473862046495,0.04413787967575415,0.9664952408935851,2.321121081618325
baseline,10000000,0.2,2022,50,0.1934556664158369,0.045101247292440326,0.9730138416870873,1.8825728370219308
baseline,10000000,0.2,2023,50,0.21274971482214355,0.04733663527250485,0.9840989148034823,1.2127038579461709
baseline,10000000,0.2,2024,52,0.1532859322478184,0.045616864390122,0.9407449510453711,4.442382270401467
baseline,10000000,0.2,2025,51,0.3926018687391386,0.042872565808020166,0.9488944362073104,3.9212874596622784
baseline,30000000,0.05,2020,46,0.41854712066443,0.041525550216389984,0.9674688236530704,1.9184961474532702
baseline,30000000,0.05,2021,52,0.9979471851705515,0.05099630809433463,0.9650072496100653,2.430742183764272
baseline,30000000,0.05,2022,50,0.18582191895183664,0.051755602840571804,0.9726279618675919,1.9152231201009609
baseline,30000000,0.05,2023,50,0.203822445451165,0.05469006159299805,0.9839952908288971,1.220748704722459
baseline,30000000,0.05,2024,52,0.14416360344794765,0.05271134037351205,0.939784619360966,4.512963020354937
baseline,30000000,0.05,2025,51,0.38506704568342554,0.048288739189906865,0.948879572236086,3.9223287572041006
baseline,30000000,0.1,2020,46,0.41821279721878346,0.04154337387513019,0.9676873271567226,1.9038874384536486
baseline,30000000,0.1,2021,52,1.0014913524406648,0.05117366043356732,0.9664423121715403,2.3242534650316866
baseline,30000000,0.1,2022,50,0.18543103235424185,0.05184078546672266,0.9730134719586684,1.8825983580520522
baseline,30000000,0.1,2023,50,0.2038437575765808,0.054699549441880956,0.9840989148034823,1.2127038579461709
baseline,30000000,0.1,2024,52,0.14502720709915873,0.052807373028244974,0.9407095539431937,4.44528840327915
baseline,30000000,0.1,2025,51,0.38507180691272347,0.0482892873983995,0.9488946311520577,3.9212738028737464
baseline,30000000,0.2,2020,46,0.41821279721878346,0.04154337387513019,0.9676873271567226,1.9038874384536486
baseline,30000000,0.2,2021,52,1.001695778437699,0.051175901345916146,0.9664952408935851,2.321121081618325
baseline,30000000,0.2,2022,50,0.1854311327666438,0.051840797140465245,0.9730138416870873,1.8825728370219308
baseline,30000000,0.2,2023,50,0.2038437575765808,0.054699549441880956,0.9840989148034823,1.2127038579461709
baseline,30000000,0.2,2024,52,0.14501302136221228,0.052808742543279316,0.9407449510453711,4.442382270401467
baseline,30000000,0.2,2025,51,0.38507174527641386,0.0482892803015984,0.9488944362073104,3.9212874596622784
baseline,100000000,0.05,2020,46,0.4099663953528081,0.04875777634638157,0.9403705046123839,3.6173062672769127
baseline,100000000,0.05,2021,52,0.9250594634976261,0.0561190610253162,0.9010647989852278,6.918090302176589
baseline,100000000,0.05,2022,50,0.1767701769035781,0.060065098151812726,0.9415680379792535,4.25159491726597
baseline,100000000,0.05,2023,50,0.15716137423506216,0.06313576802061513,0.941447617991281,4.34532179880328
baseline,100000000,0.05,2024,52,0.10334850775516435,0.06124316328265251,0.8995467459304408,7.651314099182042
baseline,100000000,0.05,2025,51,0.36434468270250786,0.058026569964982726,0.942111928810251,4.469086081087043
baseline,100000000,0.1,2020,46,0.4032471378161744,0.051255138872918625,0.9644014684481477,2.105010246935066
baseline,100000000,0.1,2021,52,0.9613146572656344,0.0629959535874139,0.955211324731663,3.1179476653023825
baseline,100000000,0.1,2022,50,0.17146474179235227,0.06425270125723197,0.9697338696893708,2.134449754133244
baseline,100000000,0.1,2023,50,0.184202726543083,0.06850210624329595,0.9809018374101889,1.454011621323076
baseline,100000000,0.1,2024,52,0.12517634648200282,0.06599865659134765,0.9351770119701668,4.883310123275825
baseline,100000000,0.1,2025,51,0.36966967963328745,0.05878731235320148,0.9482125688931224,3.9752638497752635
baseline,100000000,0.2,2020,46,0.4039383032326258,0.05169916130201153,0.9676639711404187,1.905454786009997
baseline,100000000,0.2,2021,52,0.9729885743400457,0.06479241493660218,0.9658336330725669,2.367651799107694
baseline,100000000,0.2,2022,50,0.17014620587150842,0.06494562178417339,0.9728486281902764,1.8958800949322958
baseline,100000000,0.2,2023,50,0.1866283219566931,0.0690846678647389,0.9840989148034823,1.2127038579461709
baseline,100000000,0.2,2024,52,0.12903000349034666,0.06678144629081412,0.9403058443244598,4.476006413439171
baseline,100000000,0.2,2025,51,0.37047435758487146,0.05887200098554092,0.9488932492983972,3.9213706082175963
tc20_buf1,10000000,0.05,2020,46,0.22226546059156282,0.01137582974702245,0.9390768654560006,1.224775151212789
tc20_buf1,10000000,0.05,2021,52,0.23437848111072568,0.012773298204542686,0.8569353182324152,3.39075211060625
tc20_buf1,10000000,0.05,2022,50,0.0329956373158653,0.012155084588797013,0.8780738713520294,2.7645983576841227
tc20_buf1,10000000,0.05,2023,50,0.1811213413280066,0.011767238388395837,0.8506535149151726,3.338670497288917
tc20_buf1,10000000,0.05,2024,52,-0.09489156385057207,0.010969248566512456,0.7260878047642491,6.71339161842276
tc20_buf1,10000000,0.05,2025,51,0.3864452608113047,0.010221615262015047,0.7188046787918992,6.752754634991087
tc20_buf1,10000000,0.1,2020,46,0.22226546059156282,0.01137582974702245,0.9390768654560006,1.224775151212789
tc20_buf1,10000000,0.1,2021,52,0.23437848111072568,0.012773298204542686,0.8569353182324152,3.39075211060625
tc20_buf1,10000000,0.1,2022,50,0.0329956373158653,0.012155084588797013,0.8780738713520294,2.7645983576841227
tc20_buf1,10000000,0.1,2023,50,0.1811213413280066,0.011767238388395837,0.8506535149151726,3.338670497288917
tc20_buf1,10000000,0.1,2024,52,-0.09489156385057207,0.010969248566512456,0.7260878047642491,6.71339161842276
tc20_buf1,10000000,0.1,2025,51,0.3864452608113047,0.010221615262015047,0.7188046787918992,6.752754634991087
tc20_buf1,10000000,0.2,2020,46,0.22226546059156282,0.01137582974702245,0.9390768654560006,1.224775151212789
tc20_buf1,10000000,0.2,2021,52,0.23437848111072568,0.012773298204542686,0.8569353182324152,3.39075211060625
tc20_buf1,10000000,0.2,2022,50,0.0329956373158653,0.012155084588797013,0.8780738713520294,2.7645983576841227
tc20_buf1,10000000,0.2,2023,50,0.1811213413280066,0.011767238388395837,0.8506535149151726,3.338670497288917
tc20_buf1,10000000,0.2,2024,52,-0.09489156385057207,0.010969248566512456,0.7260878047642491,6.71339161842276
tc20_buf1,10000000,0.2,2025,51,0.3864452608113047,0.010221615262015047,0.7188046787918992,6.752754634991087
tc20_buf1,30000000,0.05,2020,46,0.22045456477591263,0.0129504565835028,0.9388598190827794,1.229396066707301
tc20_buf1,30000000,0.05,2021,52,0.23120217105311425,0.014630232484964166,0.8559703200767019,3.4128330415463104
tc20_buf1,30000000,0.05,2022,50,0.031148073787463204,0.013850096565034912,0.8780575103867757,2.76527474652717
tc20_buf1,30000000,0.05,2023,50,0.17914179023723564,0.013449410576889023,0.850371790681601,3.345619852929334
tc20_buf1,30000000,0.05,2024,52,-0.09607355023123898,0.012460843225178703,0.7256852053458224,6.725592481746021
tc20_buf1,30000000,0.05,2025,51,0.38486631071234956,0.011363458857642787,0.7188287080480066,6.752103175735049
tc20_buf1,30000000,0.1,2020,46,0.22033848078751817,0.012953220709170502,0.9390768654560006,1.224775151212789
tc20_buf1,30000000,0.1,2021,52,0.23200996301562382,0.014693416591310269,0.8569353182324152,3.39075211060625
tc20_buf1,30000000,0.1,2022,50,0.031239005909970974,0.013856605110805626,0.8780738713520294,2.7645983576841227
tc20_buf1,30000000,0.1,2023,50,0.1791283291714223,0.013455618884294432,0.8506535149151726,3.338670497288917
tc20_buf1,30000000,0.1,2024,52,-0.09626027581643859,0.012482252290269563,0.7260878047642491,6.71339161842276
tc20_buf1,30000000,0.1,2025,51,0.3848631099740436,0.011363175614416318,0.7188046787918992,6.752754634991087
tc20_buf1,30000000,0.2,2020,46,0.22033848078751817,0.012953220709170502,0.9390768654560006,1.224775151212789
tc20_buf1,30000000,0.2,2021,52,0.23200996301562382,0.014693416591310269,0.8569353182324152,3.39075211060625
tc20_buf1,30000000,0.2,2022,50,0.031239005909970974,0.013856605110805626,0.8780738713520294,2.7645983576841227
tc20_buf1,30000000,0.2,2023,50,0.1791283291714223,0.013455618884294432,0.8506535149151726,3.338670497288917
tc20_buf1,30000000,0.2,2024,52,-0.09626027581643859,0.012482252290269563,0.7260878047642491,6.71339161842276
tc20_buf1,30000000,0.2,2025,51,0.3848631099740436,0.011363175614416318,0.7188046787918992,6.752754634991087
tc20_buf1,100000000,0.05,2020,46,0.2126786321796419,0.01530209776247224,0.9117887367789055,1.795016139149035
tc20_buf1,100000000,0.05,2021,52,0.21764277290292644,0.016364958328009514,0.8000200100420218,4.802980223060901
tc20_buf1,100000000,0.05,2022,50,0.0228869886466887,0.01610518310246525,0.8506710390475493,3.3999461895240537
tc20_buf1,100000000,0.05,2023,50,0.1672793798788279,0.015822362063877122,0.825690145244596,3.927523928805269
tc20_buf1,100000000,0.05,2024,52,-0.10030789437418308,0.014692595870447545,0.7037765073118665,7.427157391429524
tc20_buf1,100000000,0.05,2025,51,0.3810883826797542,0.013407070565249465,0.7126360143942447,6.928538172512357
tc20_buf1,100000000,0.1,2020,46,0.21558091905339305,0.01589373713500198,0.9345358699407565,1.3163886300628964
tc20_buf1,100000000,0.1,2021,52,0.2211062204170755,0.017958238240516643,0.8475119012297149,3.6198401620543708
tc20_buf1,100000000,0.1,2022,50,0.026157005000758682,0.017069425180696866,0.8764881022452395,2.8066775278266465
tc20_buf1,100000000,0.1,2023,50,0.1750574745917315,0.016620584125278975,0.8475382070964323,3.4116871047157584
tc20_buf1,100000000,0.1,2024,52,-0.0993295853381505,0.015272443813260395,0.7226514439136322,6.815153602699683
tc20_buf1,100000000,0.1,2025,51,0.38176916346651635,0.013581800168759912,0.7184518623470134,6.761735946513071
tc20_buf1,100000000,0.2,2020,46,0.21662266179772227,0.01603284051492876,0.9390039439765987,1.226328559462216
tc20_buf1,100000000,0.2,2021,52,0.22747321696946354,0.01840864312177632,0.8568482681744413,3.3921775822184883
tc20_buf1,100000000,0.2,2022,50,0.027785147706197666,0.017178385601021706,0.8780617831040441,2.764812174998006
tc20_buf1,100000000,0.2,2023,50,0.17524387624295112,0.016754165343741117,0.8506484619718186,3.338789014658019
tc20_buf1,100000000,0.2,2024,52,-0.09882506050590811,0.015416327926192004,0.7258555142812523,6.720562762835674
tc20_buf1,100000000,0.2,2025,51,0.38177858408173804,0.01359364592750804,0.7188161745386565,6.752443150628737
tc20_buf2,10000000,0.05,2020,46,0.2463034167857454,0.011402560430801418,0.9357800450382403,1.3008238037138662
tc20_buf2,10000000,0.05,2021,52,0.23724916902733417,0.012853031124959904,0.8643259435130077,3.2213296112660923
tc20_buf2,10000000,0.05,2022,50,0.048447731934164295,0.01218872094880075,0.8795426863179227,2.736356569638044
tc20_buf2,10000000,0.05,2023,50,0.18016212606934223,0.011813740962568809,0.850831696217316,3.347635893160719
tc20_buf2,10000000,0.05,2024,52,-0.09470442380745592,0.011055988208741119,0.7284001348079602,6.667195138398345
tc20_buf2,10000000,0.05,2025,51,0.35336989102972827,0.010220234568360976,0.7172285728785598,6.80457115679672
tc20_buf2,10000000,0.1,2020,46,0.2463034167857454,0.011402560430801418,0.9357800450382403,1.3008238037138662
tc20_buf2,10000000,0.1,2021,52,0.23724916902733417,0.012853031124959904,0.8643259435130077,3.2213296112660923
tc20_buf2,10000000,0.1,2022,50,0.048447731934164295,0.01218872094880075,0.8795426863179227,2.736356569638044
tc20_buf2,10000000,0.1,2023,50,0.18016212606934223,0.011813740962568809,0.850831696217316,3.347635893160719
tc20_buf2,10000000,0.1,2024,52,-0.09470442380745592,0.011055988208741119,0.7284001348079602,6.667195138398345
tc20_buf2,10000000,0.1,2025,51,0.35336989102972827,0.010220234568360976,0.7172285728785598,6.80457115679672
tc20_buf2,10000000,0.2,2020,46,0.2463034167857454,0.011402560430801418,0.9357800450382403,1.3008238037138662
tc20_buf2,10000000,0.2,2021,52,0.23724916902733417,0.012853031124959904,0.8643259435130077,3.2213296112660923
tc20_buf2,10000000,0.2,2022,50,0.048447731934164295,0.01218872094880075,0.8795426863179227,2.736356569638044
tc20_buf2,10000000,0.2,2023,50,0.18016212606934223,0.011813740962568809,0.850831696217316,3.347635893160719
tc20_buf2,10000000,0.2,2024,52,-0.09470442380745592,0.011055988208741119,0.7284001348079602,6.667195138398345
tc20_buf2,10000000,0.2,2025,51,0.35336989102972827,0.010220234568360976,0.7172285728785598,6.80457115679672
tc20_buf2,30000000,0.05,2020,46,0.2444415063085026,0.012981993304142622,0.9355545765198698,1.3057213178130436
tc20_buf2,30000000,0.05,2021,52,0.23348796146203288,0.014726389229734632,0.8631506616057035,3.248745252655426
tc20_buf2,30000000,0.05,2022,50,0.046566434747405294,0.013889846829973627,0.8794877225291329,2.737984783432654
tc20_buf2,30000000,0.05,2023,50,0.17817376616809044,0.013505387802819749,0.8505076452680876,3.3555053198263125
tc20_buf2,30000000,0.05,2024,52,-0.09593522955532463,0.012579268063596528,0.7283017654096817,6.667237352516051
tc20_buf2,30000000,0.05,2025,51,0.3518264316348738,0.011362422354453535,0.7172428676858085,6.804184565826979
tc20_buf2,30000000,0.1,2020,46,0.2443327252201739,0.012984622326622317,0.9357800450382403,1.3008238037138662
tc20_buf2,30000000,0.1,2021,52,0.23485088515094943,0.014792784697857414,0.8643259435130077,3.2213296112660923
tc20_buf2,30000000,0.1,2022,50,0.046658042590474125,0.013896717940872884,0.8795426863179227,2.736356569638044
tc20_buf2,30000000,0.1,2023,50,0.17815899523778933,0.013512079454640275,0.850831696217316,3.347635893160719
tc20_buf2,30000000,0.1,2024,52,-0.09609838027360118,0.012596598775944167,0.7284001348079602,6.667195138398345
tc20_buf2,30000000,0.1,2025,51,0.35182486173438754,0.011362255540849605,0.7172285728785598,6.80457115679672
tc20_buf2,30000000,0.2,2020,46,0.2443327252201739,0.012984622326622317,0.9357800450382403,1.3008238037138662
tc20_buf2,30000000,0.2,2021,52,0.23485088515094943,0.014792784697857414,0.8643259435130077,3.2213296112660923
tc20_buf2,30000000,0.2,2022,50,0.046658042590474125,0.013896717940872884,0.8795426863179227,2.736356569638044
tc20_buf2,30000000,0.2,2023,50,0.17815899523778933,0.013512079454640275,0.850831696217316,3.347635893160719
tc20_buf2,30000000,0.2,2024,52,-0.09609838027360118,0.012596598775944167,0.7284001348079602,6.667195138398345
tc20_buf2,30000000,0.2,2025,51,0.35182486173438754,0.011362255540849605,0.7172285728785598,6.80457115679672
tc20_buf2,100000000,0.05,2020,46,0.24327868285472554,0.015342435260295158,0.9079408658740735,1.8893629549639759
tc20_buf2,100000000,0.05,2021,52,0.2210813794373423,0.01644468541745731,0.8056827136936532,4.643821228132943
tc20_buf2,100000000,0.05,2022,50,0.040014989966497216,0.01618990304024257,0.8523299038424297,3.367186275945283
tc20_buf2,100000000,0.05,2023,50,0.16240243957497258,0.01581096764031734,0.822054546080944,4.022510070441487
tc20_buf2,100000000,0.05,2024,52,-0.09996643539227401,0.014746408653407397,0.7022920112993236,7.468360218769627
tc20_buf2,100000000,0.05,2025,51,0.3469793996977333,0.013416405373573383,0.7110191003426707,6.979937847737936
tc20_buf2,100000000,0.1,2020,46,0.24103684442702322,0.015968696261633074,0.9322290296080583,1.374498686667146
tc20_buf2,100000000,0.1,2021,52,0.22403669444040375,0.018065500324298375,0.854022088627013,3.465024610931004
tc20_buf2,100000000,0.1,2022,50,0.04173906173637598,0.017124614009904518,0.8778477960030692,2.7800719943748096
tc20_buf2,100000000,0.1,2023,50,0.17402826174576513,0.01668439467494194,0.8473585952241044,3.4292303815911733
tc20_buf2,100000000,0.1,2024,52,-0.09841921901292194,0.015460130642220345,0.7258023555813691,6.74440946090633
tc20_buf2,100000000,0.1,2025,51,0.3488228805178777,0.013583887719046712,0.7170137358856843,6.809833177394397
tc20_buf2,100000000,0.2,2020,46,0.24053548583733453,0.016073048090365888,0.9356950366041746,1.3026584343627956
tc20_buf2,100000000,0.2,2021,52,0.23005264088531074,0.018537102269290395,0.8639455353173399,3.2304245509396314
tc20_buf2,100000000,0.2,2022,50,0.043139636661228664,0.01723097207872233,0.87951657752658,2.736910975741647
tc20_buf2,100000000,0.2,2023,50,0.1742546666709024,0.016829951390484838,0.8508189396292848,3.3479366338253502
tc20_buf2,100000000,0.2,2024,52,-0.09872833653790802,0.01559004553965094,0.7283489398978612,6.667152261419366
tc20_buf2,100000000,0.2,2025,51,0.34881206410426246,0.013593559463113618,0.717235824433068,6.804374797138622
tc20_buf3,10000000,0.05,2020,46,0.25188959302023073,0.011417493562805081,0.9369512268710024,1.2742177168104527
tc20_buf3,10000000,0.05,2021,52,0.227008587581645,0.012885423050077168,0.8651118593924404,3.2081562753353485
tc20_buf3,10000000,0.05,2022,50,0.053733433919488816,0.01221036922396947,0.8812734340184565,2.6911990322976007
tc20_buf3,10000000,0.05,2023,50,0.18470808083873758,0.011858277299961782,0.8517020957029345,3.3412258789091385
tc20_buf3,10000000,0.05,2024,52,-0.11922335060476663,0.01107082523020733,0.7265353963356931,6.739496664567111
tc20_buf3,10000000,0.05,2025,51,0.3534111466498382,0.010195842763068619,0.7145816383712761,6.8779388541677875
tc20_buf3,10000000,0.1,2020,46,0.25188959302023073,0.011417493562805081,0.9369512268710024,1.2742177168104527
tc20_buf3,10000000,0.1,2021,52,0.227008587581645,0.012885423050077168,0.8651118593924404,3.2081562753353485
tc20_buf3,10000000,0.1,2022,50,0.053733433919488816,0.01221036922396947,0.8812734340184565,2.6911990322976007
tc20_buf3,10000000,0.1,2023,50,0.18470808083873758,0.011858277299961782,0.8517020957029345,3.3412258789091385
tc20_buf3,10000000,0.1,2024,52,-0.11922335060476663,0.01107082523020733,0.7265353963356931,6.739496664567111
tc20_buf3,10000000,0.1,2025,51,0.3534111466498382,0.010195842763068619,0.7145816383712761,6.8779388541677875
tc20_buf3,10000000,0.2,2020,46,0.25188959302023073,0.011417493562805081,0.9369512268710024,1.2742177168104527
tc20_buf3,10000000,0.2,2021,52,0.227008587581645,0.012885423050077168,0.8651118593924404,3.2081562753353485
tc20_buf3,10000000,0.2,2022,50,0.053733433919488816,0.01221036922396947,0.8812734340184565,2.6911990322976007
tc20_buf3,10000000,0.2,2023,50,0.18470808083873758,0.011858277299961782,0.8517020957029345,3.3412258789091385
tc20_buf3,10000000,0.2,2024,52,-0.11922335060476663,0.01107082523020733,0.7265353963356931,6.739496664567111
tc20_buf3,10000000,0.2,2025,51,0.3534111466498382,0.010195842763068619,0.7145816383712761,6.8779388541677875
tc20_buf3,30000000,0.05,2020,46,0.24975315403801313,0.013003787486526657,0.9366237453970822,1.2808975989863707
tc20_buf3,30000000,0.05,2021,52,0.2236463052863631,0.014761537396568427,0.8641209793470762,3.2310236833228605
tc20_buf3,30000000,0.05,2022,50,0.051828244539041,0.013914933382408018,0.8812440944222704,2.6921933219185314
tc20_buf3,30000000,0.05,2023,50,0.1827016071800256,0.013559545445180643,0.8513870103460293,3.348871936875235
tc20_buf3,30000000,0.05,2024,52,-0.12040242794946121,0.012601242661924477,0.7264538768708325,6.73874644267555
tc20_buf3,30000000,0.05,2025,51,0.3518761041161065,0.011332849141524437,0.714604701445549,6.877308338869657
tc20_buf3,30000000,0.1,2020,46,0.24989676311430342,0.01301019643131092,0.9369512268710024,1.2742177168104527
tc20_buf3,30000000,0.1,2021,52,0.22463176133151586,0.014823863595286776,0.8651118593924404,3.2081562753353485
tc20_buf3,30000000,0.1,2022,50,0.051930854524053105,0.013922041181087579,0.8812734340184565,2.6911990322976007
tc20_buf3,30000000,0.1,2023,50,0.18268590357744507,0.013566191898325346,0.8517020957029345,3.3412258789091385
tc20_buf3,30000000,0.1,2024,52,-0.12058598538302523,0.012618745448418976,0.7265353963356931,6.739496664567111
tc20_buf3,30000000,0.1,2025,51,0.3518732137660132,0.01133258129838462,0.7145816383712761,6.8779388541677875
tc20_buf3,30000000,0.2,2020,46,0.24989676311430342,0.01301019643131092,0.9369512268710024,1.2742177168104527
tc20_buf3,30000000,0.2,2021,52,0.22463176133151586,0.014823863595286776,0.8651118593924404,3.2081562753353485
tc20_buf3,30000000,0.2,2022,50,0.051930854524053105,0.013922041181087579,0.8812734340184565,2.6911990322976007
tc20_buf3,30000000,0.2,2023,50,0.18268590357744507,0.013566191898325346,0.8517020957029345,3.3412258789091385
tc20_buf3,30000000,0.2,2024,52,-0.12058598538302523,0.012618745448418976,0.7265353963356931,6.739496664567111
tc20_buf3,30000000,0.2,2025,51,0.3518732137660132,0.01133258129838462,0.7145816383712761,6.8779388541677875
tc20_buf3,100000000,0.05,2020,46,0.24471024783006667,0.015319973481362038,0.9052087660887251,1.9502670818140935
tc20_buf3,100000000,0.05,2021,52,0.2105870779579262,0.016510544948103695,0.8094730116001009,4.565569726503847
tc20_buf3,100000000,0.05,2022,50,0.046454731032977925,0.016209811515046284,0.8525433344363483,3.369188238399959
tc20_buf3,100000000,0.05,2023,50,0.16451048369292454,0.01584215620882541,0.8217791074160092,4.033361730130824
tc20_buf3,100000000,0.05,2024,52,-0.12527952786461583,0.014824737565374536,0.7054236787345676,7.401216269733259
tc20_buf3,100000000,0.05,2025,51,0.3477555633847895,0.013451068323542053,0.7133105923437529,6.918308409814812
tc20_buf3,100000000,0.1,2020,46,0.24579827880409355,0.01599062148567561,0.9326335152580149,1.3646242022340074
tc20_buf3,100000000,0.1,2021,52,0.21407032673372517,0.018095090985632677,0.8553254689966825,3.4403857669392237
tc20_buf3,100000000,0.1,2022,50,0.04683667771751887,0.017148487348132117,0.8793359880443606,2.7417926535087216
tc20_buf3,100000000,0.1,2023,50,0.17863442385524264,0.016743404730603057,0.8477706968552312,3.4313527860994095
tc20_buf3,100000000,0.1,2024,52,-0.12418165829011729,0.01546416064825587,0.7233724094840555,6.830932408723834
tc20_buf3,100000000,0.1,2025,51,0.3488555007959031,0.013540727433250983,0.7141454599914289,6.889316049997545
tc20_buf3,100000000,0.2,2020,46,0.2460122553392019,0.016121901776345968,0.9369512268710024,1.2742177168104527
tc20_buf3,100000000,0.2,2021,52,0.22004950403308499,0.018575208049869826,0.8650231248927369,3.2096065376915366
tc20_buf3,100000000,0.2,2022,50,0.048383455793677754,0.017263298609148034,0.881260528313185,2.691426528275194
tc20_buf3,100000000,0.2,2023,50,0.1787447096924013,0.01690290027330386,0.8516967766601853,3.3413519409847137
tc20_buf3,100000000,0.2,2024,52,-0.1231405786247819,0.01562627044707043,0.7264931266766481,6.738971969921366
tc20_buf3,100000000,0.2,2025,51,0.3488749897569132,0.013553643454711209,0.7145941352018225,6.877596790763778
tc20_buf4,10000000,0.05,2020,46,0.24200202728416875,0.011408061730267554,0.9385942435969686,1.2383557819483613
tc20_buf4,10000000,0.05,2021,52,0.21853724243953576,0.012873010666899328,0.864463521012951,3.22080748374138
tc20_buf4,10000000,0.05,2022,50,0.06948153202349872,0.012238035772588848,0.8836940556279074,2.6348992023528015
tc20_buf4,10000000,0.05,2023,50,0.180245503054836,0.011859247485036525,0.8513681111216037,3.349433567022885
tc20_buf4,10000000,0.05,2024,52,-0.12032630448494708,0.011071303101474441,0.7257640310304545,6.767300577254334
tc20_buf4,10000000,0.05,2025,51,0.35635990930432815,0.010199210945596816,0.7146927566236276,6.875811157427853
tc20_buf4,10000000,0.1,2020,46,0.24200202728416875,0.011408061730267554,0.9385942435969686,1.2383557819483613
tc20_buf4,10000000,0.1,2021,52,0.21853724243953576,0.012873010666899328,0.864463521012951,3.22080748374138
tc20_buf4,10000000,0.1,2022,50,0.06948153202349872,0.012238035772588848,0.8836940556279074,2.6348992023528015
tc20_buf4,10000000,0.1,2023,50,0.180245503054836,0.011859247485036525,0.8513681111216037,3.349433567022885
tc20_buf4,10000000,0.1,2024,52,-0.12032630448494708,0.011071303101474441,0.7257640310304545,6.767300577254334
tc20_buf4,10000000,0.1,2025,51,0.35635990930432815,0.010199210945596816,0.7146927566236276,6.875811157427853
tc20_buf4,10000000,0.2,2020,46,0.24200202728416875,0.011408061730267554,0.9385942435969686,1.2383557819483613
tc20_buf4,10000000,0.2,2021,52,0.21853724243953576,0.012873010666899328,0.864463521012951,3.22080748374138
tc20_buf4,10000000,0.2,2022,50,0.06948153202349872,0.012238035772588848,0.8836940556279074,2.6348992023528015
tc20_buf4,10000000,0.2,2023,50,0.180245503054836,0.011859247485036525,0.8513681111216037,3.349433567022885
tc20_buf4,10000000,0.2,2024,52,-0.12032630448494708,0.011071303101474441,0.7257640310304545,6.767300577254334
tc20_buf4,10000000,0.2,2025,51,0.35635990930432815,0.010199210945596816,0.7146927566236276,6.875811157427853
tc20_buf4,30000000,0.05,2020,46,0.2400299649662716,0.012993038413499984,0.9385957513601904,1.238358559090013
tc20_buf4,30000000,0.05,2021,52,0.21489562372549886,0.014747678815774556,0.8633303052518948,3.2475064051462197
tc20_buf4,30000000,0.05,2022,50,0.06758150074206015,0.01394340937861047,0.8836091418909195,2.63728104045748
tc20_buf4,30000000,0.05,2023,50,0.178255023523322,0.013559125940802223,0.8510523018547242,3.3572190788971796
tc20_buf4,30000000,0.05,2024,52,-0.12136683018595285,0.012593723245131713,0.7254069791989133,6.773960027084113
tc20_buf4,30000000,0.05,2025,51,0.3548239733798173,0.011337010526894547,0.7147390333644081,6.874541721224282
tc20_buf4,30000000,0.1,2020,46,0.24003475941476737,0.012992846435863646,0.9385942435969686,1.2383557819483613
tc20_buf4,30000000,0.1,2021,52,0.21617670628834795,0.014811550257963312,0.864463521012951,3.22080748374138
tc20_buf4,30000000,0.1,2022,50,0.06764948003950955,0.01395207882456197,0.8836940556279074,2.6348992023528015
tc20_buf4,30000000,0.1,2023,50,0.1782324769883057,0.013565859952256051,0.8513681111216037,3.349433567022885
tc20_buf4,30000000,0.1,2024,52,-0.1216850035797109,0.012616686431992038,0.7257640310304545,6.767300577254334
tc20_buf4,30000000,0.1,2025,51,0.35481791251323114,0.01133647551620579,0.7146927566236276,6.875811157427853
tc20_buf4,30000000,0.2,2020,46,0.24003475941476737,0.012992846435863646,0.9385942435969686,1.2383557819483613
tc20_buf4,30000000,0.2,2021,52,0.21617670628834795,0.014811550257963312,0.864463521012951,3.22080748374138
tc20_buf4,30000000,0.2,2022,50,0.06764948003950955,0.01395207882456197,0.8836940556279074,2.6348992023528015
tc20_buf4,30000000,0.2,2023,50,0.1782324769883057,0.013565859952256051,0.8513681111216037,3.349433567022885
tc20_buf4,30000000,0.2,2024,52,-0.1216850035797109,0.012616686431992038,0.7257640310304545,6.767300577254334
tc20_buf4,30000000,0.2,2025,51,0.35481791251323114,0.01133647551620579,0.7146927566236276,6.875811157427853
tc20_buf4,100000000,0.05,2020,46,0.2346872730827776,0.015396785292492802,0.9114649019649548,1.8158134135163375
tc20_buf4,100000000,0.05,2021,52,0.20166519560907115,0.01646025634826995,0.8062682321909596,4.639482130638094
tc20_buf4,100000000,0.05,2022,50,0.06426403409088333,0.0162746950151615,0.8569283381013472,3.2599597945217353
tc20_buf4,100000000,0.05,2023,50,0.165327726154465,0.015826184306425007,0.8203341306158953,4.0749858350103025
tc20_buf4,100000000,0.05,2024,52,-0.12597190998838603,0.014791159547491965,0.7007295168891788,7.559302863516691
tc20_buf4,100000000,0.05,2025,51,0.3503801639667721,0.013419772674430782,0.7109877907786815,6.9827557280052135
tc20_buf4,100000000,0.1,2020,46,0.2362623669949806,0.01599135492999723,0.9355486486737029,1.302747702935571
tc20_buf4,100000000,0.1,2021,52,0.20533774562462925,0.018094213164019473,0.8546079740837467,3.454295594779492
tc20_buf4,100000000,0.1,2022,50,0.06324819822926986,0.017177792434451982,0.8818596522906001,2.681532319616194
tc20_buf4,100000000,0.1,2023,50,0.1746609336542333,0.01673940565780711,0.8475706740484223,3.4368689374442005
tc20_buf4,100000000,0.1,2024,52,-0.12499309943531078,0.015469836313005754,0.722347800396549,6.870988083211966
tc20_buf4,100000000,0.1,2025,51,0.35181755531453507,0.013548501678010062,0.7144469403745669,6.881959182992034
tc20_buf4,100000000,0.2,2020,46,0.23620003475760432,0.016089081858456585,0.9385942435969686,1.2383557819483613
tc20_buf4,100000000,0.2,2021,52,0.21143573377621738,0.018558542301434087,0.8642563008493018,3.2254443135092923
tc20_buf4,100000000,0.2,2022,50,0.06404372143120085,0.017297959169692904,0.8836813019666308,2.635120879056041
tc20_buf4,100000000,0.2,2023,50,0.1743091264194374,0.016900027337691213,0.8513629329509665,3.349556440127078
tc20_buf4,100000000,0.2,2024,52,-0.12420737735207121,0.015617213320714815,0.7256749829267911,6.768003429537004
tc20_buf4,100000000,0.2,2025,51,0.35181226604864024,0.013558621452937196,0.7147090650638787,6.875364026405829
tc30_buf1,10000000,0.05,2020,46,0.3186543258782999,0.016303081398196313,0.9135807903467617,2.565195379013504
tc30_buf1,10000000,0.05,2021,52,0.48769054556342195,0.01938455513195751,0.9226569644363718,2.5662131117347773
tc30_buf1,10000000,0.05,2022,50,0.16084032515739777,0.01883215512726591,0.9565050977007928,1.3899244495967578
tc30_buf1,10000000,0.05,2023,50,0.07720551129720166,0.01911027886709352,0.9664711385857985,1.0534240754727042
tc30_buf1,10000000,0.05,2024,52,-0.0534546998606501,0.018804072496312416,0.8923093332648205,3.577855974332982
tc30_buf1,10000000,0.05,2025,51,0.29074576164457877,0.016695891334624527,0.8429886145976417,5.193873047135273
tc30_buf1,10000000,0.1,2020,46,0.3186543258782999,0.016303081398196313,0.9135807903467617,2.565195379013504
tc30_buf1,10000000,0.1,2021,52,0.48769054556342195,0.01938455513195751,0.9226569644363718,2.5662131117347773
tc30_buf1,10000000,0.1,2022,50,0.16084032515739777,0.01883215512726591,0.9565050977007928,1.3899244495967578
tc30_buf1,10000000,0.1,2023,50,0.07720551129720166,0.01911027886709352,0.9664711385857985,1.0534240754727042
tc30_buf1,10000000,0.1,2024,52,-0.0534546998606501,0.018804072496312416,0.8923093332648205,3.577855974332982
tc30_buf1,10000000,0.1,2025,51,0.29074576164457877,0.016695891334624527,0.8429886145976417,5.193873047135273
tc30_buf1,10000000,0.2,2020,46,0.3186543258782999,0.016303081398196313,0.9135807903467617,2.565195379013504
tc30_buf1,10000000,0.2,2021,52,0.48769054556342195,0.01938455513195751,0.9226569644363718,2.5662131117347773
tc30_buf1,10000000,0.2,2022,50,0.16084032515739777,0.01883215512726591,0.9565050977007928,1.3899244495967578
tc30_buf1,10000000,0.2,2023,50,0.07720551129720166,0.01911027886709352,0.9664711385857985,1.0534240754727042
tc30_buf1,10000000,0.2,2024,52,-0.0534546998606501,0.018804072496312416,0.8923093332648205,3.577855974332982
tc30_buf1,10000000,0.2,2025,51,0.29074576164457877,0.016695891334624527,0.8429886145976417,5.193873047135273
tc30_buf1,30000000,0.05,2020,46,0.3156724499654959,0.018557065392473565,0.9132879381729603,2.5739907797680464
tc30_buf1,30000000,0.05,2021,52,0.4812606595715194,0.022297907165838248,0.922063251417826,2.5860076457323875
tc30_buf1,30000000,0.05,2022,50,0.15772880074128515,0.021526574611177504,0.9559371221390423,1.407381890560297
tc30_buf1,30000000,0.05,2023,50,0.07401136881711468,0.022017922178195534,0.9658860011472167,1.071868303851708
tc30_buf1,30000000,0.05,2024,52,-0.055509107277530334,0.02161328072090064,0.8914428508380712,3.6056480731507548
tc30_buf1,30000000,0.05,2025,51,0.28815862285005367,0.018705932472255896,0.8430236804439207,5.192654462072336
tc30_buf1,30000000,0.1,2020,46,0.3156726547707065,0.018565928958238907,0.9135807903467617,2.565195379013504
tc30_buf1,30000000,0.1,2021,52,0.48326880293959995,0.022359988778004214,0.9226569644363718,2.5662131117347773
tc30_buf1,30000000,0.1,2022,50,0.1576537979284418,0.021579825786304282,0.9565050977007928,1.3899244495967578
tc30_buf1,30000000,0.1,2023,50,0.07405835535319727,0.022034930655626464,0.9664711385857985,1.0534240754727042
tc30_buf1,30000000,0.1,2024,52,-0.05606772195451526,0.02168215955498446,0.8923038502533481,3.5777612574603186
tc30_buf1,30000000,0.1,2025,51,0.28815468728787996,0.018705407728473344,0.8429949316795546,5.193653517743632
tc30_buf1,30000000,0.2,2020,46,0.3156726547707065,0.018565928958238907,0.9135807903467617,2.565195379013504
tc30_buf1,30000000,0.2,2021,52,0.48326880293959995,0.022359988778004214,0.9226569644363718,2.5662131117347773
tc30_buf1,30000000,0.2,2022,50,0.1576537979284418,0.021579825786304282,0.9565050977007928,1.3899244495967578
tc30_buf1,30000000,0.2,2023,50,0.07405835535319727,0.022034930655626464,0.9664711385857985,1.0534240754727042
tc30_buf1,30000000,0.2,2024,52,-0.05618237463497322,0.021688804752163823,0.8923093332648205,3.577855974332982
tc30_buf1,30000000,0.2,2025,51,0.28815382250882227,0.018705292424585466,0.8429886145976417,5.193873047135273
tc30_buf1,100000000,0.05,2020,46,0.30674534714271684,0.02204602429980115,0.8912878763962011,3.250809189134129
tc30_buf1,100000000,0.05,2021,52,0.45470545674033946,0.024985024702569823,0.8649694159867066,4.549173607153297
tc30_buf1,100000000,0.05,2022,50,0.14814855200487798,0.02483938129485544,0.9208615427880228,2.508283551791182
tc30_buf1,100000000,0.05,2023,50,0.05584812078064916,0.025356409612971507,0.9216092892536689,2.4710395127255205
tc30_buf1,100000000,0.05,2024,52,-0.06533837787475938,0.025603152631304034,0.8572256059232795,4.881241314620301
tc30_buf1,100000000,0.05,2025,51,0.28480099199235753,0.022349386294430222,0.8387065748971391,5.349019804438531
tc30_buf1,100000000,0.1,2020,46,0.3103059451761616,0.022820684481058062,0.9105620295334973,2.65565458768791
tc30_buf1,100000000,0.1,2021,52,0.4642234012736086,0.027453781218685823,0.9134466172448232,2.8740688632304767
tc30_buf1,100000000,0.1,2022,50,0.14929656801853097,0.026577096744012606,0.9520090576770468,1.530587959777804
tc30_buf1,100000000,0.1,2023,50,0.0668052914721402,0.027442515097438613,0.9616753734501714,1.2038558052619464
tc30_buf1,100000000,0.1,2024,52,-0.06133012697980478,0.026839148699100625,0.8859282733475956,3.8022611445277965
tc30_buf1,100000000,0.1,2025,51,0.283437722923513,0.022581871538937745,0.8420484214839055,5.226005584581822
tc30_buf1,100000000,0.2,2020,46,0.30986628870463107,0.022986913554185383,0.9135807903467617,2.565195379013504
tc30_buf1,100000000,0.2,2021,52,0.4742105039852196,0.028114537879714876,0.9223616804087512,2.575697392415589
tc30_buf1,100000000,0.2,2022,50,0.15161513258970682,0.026902715560707724,0.956257568243567,1.3974494782207039
tc30_buf1,100000000,0.2,2023,50,0.0679061123259792,0.027736907863044252,0.9662469261843419,1.0604502198795895
tc30_buf1,100000000,0.2,2024,52,-0.06089695196786282,0.027254106268035098,0.892012634008599,3.5865435794858604
tc30_buf1,100000000,0.2,2025,51,0.28310856485678526,0.022631845174079335,0.8430194305031484,5.1928021515076805
tc30_buf2,10000000,0.05,2020,46,0.34520876748759965,0.016356048998144055,0.9150613884724362,2.5256464996222774
tc30_buf2,10000000,0.05,2021,52,0.5191401224569892,0.019443590031282303,0.9225737971002405,2.5827725108471817
tc30_buf2,10000000,0.05,2022,50,0.16473798595337485,0.01881952104895021,0.9546125432334258,1.451536999368785
tc30_buf2,10000000,0.05,2023,50,0.0834867323764874,0.019147010986680472,0.9681063501823052,1.0025189682548552
tc30_buf2,10000000,0.05,2024,52,-0.06694493410822044,0.0188150973773413,0.890948221248953,3.6218295060435852
tc30_buf2,10000000,0.05,2025,51,0.31100965715908035,0.016730820188503335,0.8418634631185088,5.248860398360065
tc30_buf2,10000000,0.1,2020,46,0.34520876748759965,0.016356048998144055,0.9150613884724362,2.5256464996222774
tc30_buf2,10000000,0.1,2021,52,0.5191401224569892,0.019443590031282303,0.9225737971002405,2.5827725108471817
tc30_buf2,10000000,0.1,2022,50,0.16473798595337485,0.01881952104895021,0.9546125432334258,1.451536999368785
tc30_buf2,10000000,0.1,2023,50,0.0834867323764874,0.019147010986680472,0.9681063501823052,1.0025189682548552
tc30_buf2,10000000,0.1,2024,52,-0.06694493410822044,0.0188150973773413,0.890948221248953,3.6218295060435852
tc30_buf2,10000000,0.1,2025,51,0.31100965715908035,0.016730820188503335,0.8418634631185088,5.248860398360065
tc30_buf2,10000000,0.2,2020,46,0.34520876748759965,0.016356048998144055,0.9150613884724362,2.5256464996222774
tc30_buf2,10000000,0.2,2021,52,0.5191401224569892,0.019443590031282303,0.9225737971002405,2.5827725108471817
tc30_buf2,10000000,0.2,2022,50,0.16473798595337485,0.01881952104895021,0.9546125432334258,1.451536999368785
tc30_buf2,10000000,0.2,2023,50,0.0834867323764874,0.019147010986680472,0.9681063501823052,1.0025189682548552
tc30_buf2,10000000,0.2,2024,52,-0.06694493410822044,0.0188150973773413,0.890948221248953,3.6218295060435852
tc30_buf2,10000000,0.2,2025,51,0.31100965715908035,0.016730820188503335,0.8418634631185088,5.248860398360065
tc30_buf2,30000000,0.05,2020,46,0.34222109135477385,0.018623310267267858,0.9149977223302459,2.5275551184282414
tc30_buf2,30000000,0.05,2021,52,0.5125704530805459,0.02234726623780273,0.9219790635245885,2.602749076320563
tc30_buf2,30000000,0.05,2022,50,0.16160205002016914,0.021528504571126872,0.954305220534254,1.461077382837596
tc30_buf2,30000000,0.05,2023,50,0.08026257689554184,0.022064653692182152,0.9675211355234721,1.0209341288538774
tc30_buf2,30000000,0.05,2024,52,-0.06883775408058612,0.02163291383056639,0.8902384752822047,3.64355349730525
tc30_buf2,30000000,0.05,2025,51,0.308374382446704,0.01874755714347269,0.8419065454172382,5.247353428502136
tc30_buf2,30000000,0.1,2020,46,0.34215827675495003,0.018625430529002996,0.9150613884724362,2.5256464996222774
tc30_buf2,30000000,0.1,2021,52,0.5146377599336591,0.02241053812881255,0.9225737971002405,2.5827725108471817
tc30_buf2,30000000,0.1,2022,50,0.16155065281154868,0.021558677484760758,0.9546125432334258,1.451536999368785
tc30_buf2,30000000,0.1,2023,50,0.08031046732345581,0.02208161426559804,0.9681063501823052,1.0025189682548552
tc30_buf2,30000000,0.1,2024,52,-0.06952501214513396,0.02169758102844121,0.8909425817819853,3.621731224211001
tc30_buf2,30000000,0.1,2025,51,0.30836930070543644,0.018746893468828168,0.8418697289792529,5.248641222541953
tc30_buf2,30000000,0.2,2020,46,0.34215827675495003,0.018625430529002996,0.9150613884724362,2.5256464996222774
tc30_buf2,30000000,0.2,2021,52,0.5146377599336591,0.02241053812881255,0.9225737971002405,2.5827725108471817
tc30_buf2,30000000,0.2,2022,50,0.16155065281154868,0.021558677484760758,0.9546125432334258,1.451536999368785
tc30_buf2,30000000,0.2,2023,50,0.08031046732345581,0.02208161426559804,0.9681063501823052,1.0025189682548552
tc30_buf2,30000000,0.2,2024,52,-0.06963783212786079,0.021704230555178217,0.890948221248953,3.6218295060435852
tc30_buf2,30000000,0.2,2025,51,0.30836843583040685,0.018746780516877597,0.8418634631185088,5.248860398360065
tc30_buf2,100000000,0.05,2020,46,0.3385355131029022,0.022184850952247162,0.8936922833153141,3.1862716055736344
tc30_buf2,100000000,0.05,2021,52,0.48871904521255183,0.025055651967089775,0.8659440652529522,4.528881937251119
tc30_buf2,100000000,0.05,2022,50,0.15375573567350176,0.02480067549359583,0.9166841107730036,2.6473106714793775
tc30_buf2,100000000,0.05,2023,50,0.062135798718517155,0.025408837308219516,0.921855599903095,2.464066249749974
tc30_buf2,100000000,0.05,2024,52,-0.08063768668004156,0.025609688868153964,0.856168568445089,4.911597487233662
tc30_buf2,100000000,0.05,2025,51,0.3046986487559782,0.02239485101990785,0.8373968828335662,5.411967958898612
tc30_buf2,100000000,0.1,2020,46,0.3377017372590927,0.02290833947313747,0.9121464921433078,2.6144727304151427
tc30_buf2,100000000,0.1,2021,52,0.49585305032154525,0.027506148935185964,0.9140679307114161,2.867913968876205
tc30_buf2,100000000,0.1,2022,50,0.1534480391062416,0.026573426005304605,0.9502881197036508,1.587926386785588
tc30_buf2,100000000,0.1,2023,50,0.07253742518360351,0.027493224380492124,0.9628558214909908,1.1665093026176363
tc30_buf2,100000000,0.1,2024,52,-0.0747401066332316,0.026868561426815592,0.8848658753185117,3.8332105070763633
tc30_buf2,100000000,0.1,2025,51,0.30357111132545134,0.02263683104825995,0.8409399919136735,5.280602554712624
tc30_buf2,100000000,0.2,2020,46,0.3362179506644114,0.023059180715013755,0.9150613884724362,2.5256464996222774
tc30_buf2,100000000,0.2,2021,52,0.5054118835795736,0.02814831472536165,0.9222833709127392,2.592198064542772
tc30_buf2,100000000,0.2,2022,50,0.1554645006849411,0.026893025599965745,0.954606250804854,1.4516702873196443
tc30_buf2,100000000,0.2,2023,50,0.07410101445611406,0.027803121183983773,0.9678835092152432,1.0094961067139785
tc30_buf2,100000000,0.2,2024,52,-0.07430970263689429,0.02727861344076139,0.8906620771442912,3.630136061610969
tc30_buf2,100000000,0.2,2025,51,0.3032271056346081,0.022686113234546796,0.8418931372600832,5.2478224252083345
tc30_buf3,10000000,0.05,2020,46,0.3556542560438847,0.016361001100664803,0.915041222798746,2.527085514851347
tc30_buf3,10000000,0.05,2021,52,0.4936395700030216,0.0194464426956983,0.9223616533787388,2.590817888102465
tc30_buf3,10000000,0.05,2022,50,0.13425316074528015,0.01879130492469058,0.953062375367864,1.503295605641146
tc30_buf3,10000000,0.05,2023,50,0.09240514446777448,0.01915471644707831,0.9681748658002836,1.0014211514161513
tc30_buf3,10000000,0.05,2024,52,-0.07119429959866486,0.01892563883334636,0.896908396774623,3.411642423037802
tc30_buf3,10000000,0.05,2025,51,0.29125622435538956,0.01675155342124459,0.8421560038634442,5.240550013571858
tc30_buf3,10000000,0.1,2020,46,0.3556542560438847,0.016361001100664803,0.915041222798746,2.527085514851347
tc30_buf3,10000000,0.1,2021,52,0.4936395700030216,0.0194464426956983,0.9223616533787388,2.590817888102465
tc30_buf3,10000000,0.1,2022,50,0.13425316074528015,0.01879130492469058,0.953062375367864,1.503295605641146
tc30_buf3,10000000,0.1,2023,50,0.09240514446777448,0.01915471644707831,0.9681748658002836,1.0014211514161513
tc30_buf3,10000000,0.1,2024,52,-0.07119429959866486,0.01892563883334636,0.896908396774623,3.411642423037802
tc30_buf3,10000000,0.1,2025,51,0.29125622435538956,0.01675155342124459,0.8421560038634442,5.240550013571858
tc30_buf3,10000000,0.2,2020,46,0.3556542560438847,0.016361001100664803,0.915041222798746,2.527085514851347
tc30_buf3,10000000,0.2,2021,52,0.4936395700030216,0.0194464426956983,0.9223616533787388,2.590817888102465
tc30_buf3,10000000,0.2,2022,50,0.13425316074528015,0.01879130492469058,0.953062375367864,1.503295605641146
tc30_buf3,10000000,0.2,2023,50,0.09240514446777448,0.01915471644707831,0.9681748658002836,1.0014211514161513
tc30_buf3,10000000,0.2,2024,52,-0.07119429959866486,0.01892563883334636,0.896908396774623,3.411642423037802
tc30_buf3,10000000,0.2,2025,51,0.29125622435538956,0.01675155342124459,0.8421560038634442,5.240550013571858
tc30_buf3,30000000,0.05,2020,46,0.35264573341800864,0.018626805155058223,0.9149766947586165,2.5290286360453633
tc30_buf3,30000000,0.05,2021,52,0.4871909398735872,0.02235402454401622,0.9218445238469936,2.6081613785293234
tc30_buf3,30000000,0.05,2022,50,0.13120442085570638,0.02149752807555747,0.9527588714938366,1.512712416887962
tc30_buf3,30000000,0.05,2023,50,0.08921929711821686,0.022089394157163135,0.9679740376025195,1.0077844938528435
tc30_buf3,30000000,0.05,2024,52,-0.07284248581545394,0.021769006959204508,0.8961372116271142,3.43590401876074
tc30_buf3,30000000,0.05,2025,51,0.2886576415191384,0.018772510915142898,0.8422148991519592,5.238487848111177
tc30_buf3,30000000,0.1,2020,46,0.35258199772393883,0.018628964486660616,0.915041222798746,2.527085514851347
tc30_buf3,30000000,0.1,2021,52,0.4892115838197506,0.02241419771172665,0.9223616533787388,2.590817888102465
tc30_buf3,30000000,0.1,2022,50,0.13115317420441674,0.0215269948115893,0.953062375367864,1.503295605641146
tc30_buf3,30000000,0.1,2023,50,0.08919823924854198,0.022093445016499364,0.9681748658002836,1.0014211514161513
tc30_buf3,30000000,0.1,2024,52,-0.07378609276345405,0.021833697514487653,0.8969030224635838,3.4115433108209876
tc30_buf3,30000000,0.1,2025,51,0.288650567261749,0.018771570724335475,0.8421623385186737,5.2403282067230545
tc30_buf3,30000000,0.2,2020,46,0.35258199772393883,0.018628964486660616,0.915041222798746,2.527085514851347
tc30_buf3,30000000,0.2,2021,52,0.4892115838197506,0.02241419771172665,0.9223616533787388,2.590817888102465
tc30_buf3,30000000,0.2,2022,50,0.13115317420441674,0.0215269948115893,0.953062375367864,1.503295605641146
tc30_buf3,30000000,0.2,2023,50,0.08919823924854198,0.022093445016499364,0.9681748658002836,1.0014211514161513
tc30_buf3,30000000,0.2,2024,52,-0.07389858558080997,0.02184029410763141,0.896908396774623,3.411642423037802
tc30_buf3,30000000,0.2,2025,51,0.2886497146602893,0.0187714574118498,0.8421560038634442,5.240550013571858
tc30_buf3,100000000,0.05,2020,46,0.3490308595092806,0.022242975986368506,0.8956877798644968,3.1299795225971097
tc30_buf3,100000000,0.05,2021,52,0.4593912366468975,0.02502183458359263,0.8646976301341194,4.580589369395996
tc30_buf3,100000000,0.05,2022,50,0.12689508957337492,0.024787286088327896,0.9151674154936689,2.700694253115048
tc30_buf3,100000000,0.05,2023,50,0.06955204571951557,0.02539418039016885,0.9209871520569906,2.4870756765220063
tc30_buf3,100000000,0.05,2024,52,-0.08134225102328108,0.025662491281538604,0.8587112753277271,4.81257903962495
tc30_buf3,100000000,0.05,2025,51,0.28474035933285213,0.022414997242375282,0.8375003751070048,5.409921179462747
tc30_buf3,100000000,0.1,2020,46,0.34784013231609245,0.022934251342802407,0.9129101990280502,2.591690012447124
tc30_buf3,100000000,0.1,2021,52,0.4697293112784571,0.027498503675956413,0.9135982684184446,2.885110423372015
tc30_buf3,100000000,0.1,2022,50,0.12380417012737843,0.026535098010605294,0.9486783002745434,1.641767397428404
tc30_buf3,100000000,0.1,2023,50,0.08137208027583487,0.02751990721430631,0.9629995067768362,1.1630517145838797
tc30_buf3,100000000,0.1,2024,52,-0.07784868005501067,0.02704082988910921,0.8904291794314183,3.6335924114058744
tc30_buf3,100000000,0.1,2025,51,0.28392398565290766,0.022670805490760136,0.8412956622315215,5.270138348839793
tc30_buf3,100000000,0.2,2020,46,0.34659927160534143,0.023059944005877263,0.915041222798746,2.527085514851347
tc30_buf3,100000000,0.2,2021,52,0.4801387287739478,0.02815377894962467,0.9220708978571336,2.60022220299012
tc30_buf3,100000000,0.2,2022,50,0.1252346309272372,0.02685486887633436,0.9530559491163784,1.5034329980959906
tc30_buf3,100000000,0.2,2023,50,0.0829621176551456,0.027834357643597627,0.9681637046183114,1.0017852414756967
tc30_buf3,100000000,0.2,2024,52,-0.07852293968346413,0.027470286424038086,0.8967312851249427,3.4162598852816264
tc30_buf3,100000000,0.2,2025,51,0.2835765575897178,0.022718603894847793,0.842190566905051,5.239339808184389
tc30_buf4,10000000,0.05,2020,46,0.3708037318970703,0.016368502628824194,0.9152467856043327,2.521959122567057
tc30_buf4,10000000,0.05,2021,52,0.4687094099310589,0.019425732709419722,0.9203762326246608,2.657887369825038
tc30_buf4,10000000,0.05,2022,50,0.12621926977889064,0.01880795321381413,0.9540266060751665,1.4716590190092989
tc30_buf4,10000000,0.05,2023,50,0.09627276940010754,0.019159008033374725,0.9681872143476579,1.001333886669684
tc30_buf4,10000000,0.05,2024,52,-0.05672253824639284,0.018959828064760893,0.8979518700714982,3.381333586163763
tc30_buf4,10000000,0.05,2025,51,0.2933846538933902,0.016766253957074633,0.8431811789527993,5.2045189241917225
tc30_buf4,10000000,0.1,2020,46,0.3708037318970703,0.016368502628824194,0.9152467856043327,2.521959122567057
tc30_buf4,10000000,0.1,2021,52,0.4687094099310589,0.019425732709419722,0.9203762326246608,2.657887369825038
tc30_buf4,10000000,0.1,2022,50,0.12621926977889064,0.01880795321381413,0.9540266060751665,1.4716590190092989
tc30_buf4,10000000,0.1,2023,50,0.09627276940010754,0.019159008033374725,0.9681872143476579,1.001333886669684
tc30_buf4,10000000,0.1,2024,52,-0.05672253824639284,0.018959828064760893,0.8979518700714982,3.381333586163763
tc30_buf4,10000000,0.1,2025,51,0.2933846538933902,0.016766253957074633,0.8431811789527993,5.2045189241917225
tc30_buf4,10000000,0.2,2020,46,0.3708037318970703,0.016368502628824194,0.9152467856043327,2.521959122567057
tc30_buf4,10000000,0.2,2021,52,0.4687094099310589,0.019425732709419722,0.9203762326246608,2.657887369825038
tc30_buf4,10000000,0.2,2022,50,0.12621926977889064,0.01880795321381413,0.9540266060751665,1.4716590190092989
tc30_buf4,10000000,0.2,2023,50,0.09627276940010754,0.019159008033374725,0.9681872143476579,1.001333886669684
tc30_buf4,10000000,0.2,2024,52,-0.05672253824639284,0.018959828064760893,0.8979518700714982,3.381333586163763
tc30_buf4,10000000,0.2,2025,51,0.2933846538933902,0.016766253957074633,0.8431811789527993,5.2045189241917225
tc30_buf4,30000000,0.05,2020,46,0.3677633213961309,0.018633040378261117,0.9151822571823429,2.523902250431724
tc30_buf4,30000000,0.05,2021,52,0.4623861045577835,0.0223260293923913,0.9198542100802511,2.6752951925889095
tc30_buf4,30000000,0.05,2022,50,0.12319109750676915,0.02151849081556136,0.9537227332561221,1.4810778665341269
tc30_buf4,30000000,0.05,2023,50,0.09307348546828575,0.022095204336929537,0.9679889668845817,1.0076258481728326
tc30_buf4,30000000,0.05,2024,52,-0.05841978205516296,0.021807058196879052,0.8971415969646874,3.406980215180966
tc30_buf4,30000000,0.05,2025,51,0.2907780195361813,0.01878987828332837,0.843237952795037,5.202532477574156
tc30_buf4,30000000,0.1,2020,46,0.36769887383412425,0.01863519974261261,0.9152467856043327,2.521959122567057
tc30_buf4,30000000,0.1,2021,52,0.4643646756491058,0.022387109662797344,0.9203762326246608,2.657887369825038
tc30_buf4,30000000,0.1,2022,50,0.12313606977936464,0.021548243180981513,0.9540266060751665,1.4716590190092989
tc30_buf4,30000000,0.1,2023,50,0.09305288977760329,0.02209921848144509,0.9681872143476579,1.001333886669684
tc30_buf4,30000000,0.1,2024,52,-0.05936118149981873,0.02187461810983766,0.8979467590306365,3.3812383996286908
tc30_buf4,30000000,0.1,2025,51,0.2907711923068754,0.018788975657807856,0.8431874000008815,5.204301253041742
tc30_buf4,30000000,0.2,2020,46,0.36769887383412425,0.01863519974261261,0.9152467856043327,2.521959122567057
tc30_buf4,30000000,0.2,2021,52,0.4643646756491058,0.022387109662797344,0.9203762326246608,2.657887369825038
tc30_buf4,30000000,0.2,2022,50,0.12313606977936464,0.021548243180981513,0.9540266060751665,1.4716590190092989
tc30_buf4,30000000,0.2,2023,50,0.09305288977760329,0.02209921848144509,0.9681872143476579,1.001333886669684
tc30_buf4,30000000,0.2,2024,52,-0.05947525586504154,0.021881173201102923,0.8979518700714982,3.381333586163763
tc30_buf4,30000000,0.2,2025,51,0.29077035213969027,0.018788864580456675,0.8431811789527993,5.2045189241917225
tc30_buf4,100000000,0.05,2020,46,0.3651654648346012,0.022245190143921605,0.8960454005745112,3.1170171169566743
tc30_buf4,100000000,0.05,2021,52,0.435967040059001,0.025023885354579025,0.8639586031225515,4.6047575776498
tc30_buf4,100000000,0.05,2022,50,0.1192705035114372,0.024822840817797127,0.9159346543791451,2.679998870549179
tc30_buf4,100000000,0.05,2023,50,0.07206917361657972,0.025408344518862168,0.9208331311581469,2.49164944553381
tc30_buf4,100000000,0.05,2024,52,-0.06598175510690474,0.025752574049888725,0.8587583266471271,4.829289240396818
tc30_buf4,100000000,0.05,2025,51,0.2876973022671161,0.022434149635942004,0.8385394016317544,5.371965383592685
tc30_buf4,100000000,0.1,2020,46,0.362659267309843,0.0229492336412779,0.913450715566156,2.576087615526873
tc30_buf4,100000000,0.1,2021,52,0.4450398364286008,0.027462688945753377,0.9118557799969685,2.943883820459158
tc30_buf4,100000000,0.1,2022,50,0.11577326325286319,0.026564335998534718,0.9497376934587243,1.6078226134610254
tc30_buf4,100000000,0.1,2023,50,0.0852397800767668,0.027524698198512335,0.962950780763855,1.1646737859676386
tc30_buf4,100000000,0.1,2024,52,-0.0626799889321682,0.027120919888483423,0.8916959869350437,3.598019049059162
tc30_buf4,100000000,0.1,2025,51,0.28603613756699153,0.022694424010522306,0.8423644492417004,5.232552211160932
tc30_buf4,100000000,0.2,2020,46,0.3616526549184602,0.023063705312623833,0.9152467856043327,2.521959122567057
tc30_buf4,100000000,0.2,2021,52,0.45546427244786547,0.028113543181248618,0.9200838673676942,2.6672808974208144
tc30_buf4,100000000,0.2,2022,50,0.11724941222390739,0.026885107798507224,0.9540201664899202,1.4717965478451887
tc30_buf4,100000000,0.2,2023,50,0.08679093679149874,0.027843148655917263,0.9681786325800019,1.0016151726476616
tc30_buf4,100000000,0.2,2024,52,-0.06417090194330999,0.027522254840585167,0.8977592308969806,3.386376341452429
tc30_buf4,100000000,0.2,2025,51,0.2856820598051768,0.022741299337973215,0.8432158071843674,5.203307314504544
tc40_buf1,10000000,0.05,2020,46,0.373778161221183,0.021729076609217846,0.9299893364199888,2.7140982237561575
tc40_buf1,10000000,0.05,2021,52,0.7421481956638785,0.026002576496856042,0.9458350898751214,2.336845588249441
tc40_buf1,10000000,0.05,2022,50,0.14717949520427287,0.024704179502164168,0.9609587393226456,1.6127117459335545
tc40_buf1,10000000,0.05,2023,50,0.06390645850134091,0.025314420393549666,0.9743245618928217,1.0567425547635803
tc40_buf1,10000000,0.05,2024,52,0.0019124241775119177,0.025220558820280105,0.9178725247076851,3.541772238994581
tc40_buf1,10000000,0.05,2025,51,0.28507004962451066,0.022657073899775847,0.878059080342249,5.240979174950853
tc40_buf1,10000000,0.1,2020,46,0.373778161221183,0.021729076609217846,0.9299893364199888,2.7140982237561575
tc40_buf1,10000000,0.1,2021,52,0.7421481956638785,0.026002576496856042,0.9458350898751214,2.336845588249441
tc40_buf1,10000000,0.1,2022,50,0.14717949520427287,0.024704179502164168,0.9609587393226456,1.6127117459335545
tc40_buf1,10000000,0.1,2023,50,0.06390645850134091,0.025314420393549666,0.9743245618928217,1.0567425547635803
tc40_buf1,10000000,0.1,2024,52,0.0019124241775119177,0.025220558820280105,0.9178725247076851,3.541772238994581
tc40_buf1,10000000,0.1,2025,51,0.28507004962451066,0.022657073899775847,0.878059080342249,5.240979174950853
tc40_buf1,10000000,0.2,2020,46,0.373778161221183,0.021729076609217846,0.9299893364199888,2.7140982237561575
tc40_buf1,10000000,0.2,2021,52,0.7421481956638785,0.026002576496856042,0.9458350898751214,2.336845588249441
tc40_buf1,10000000,0.2,2022,50,0.14717949520427287,0.024704179502164168,0.9609587393226456,1.6127117459335545
tc40_buf1,10000000,0.2,2023,50,0.06390645850134091,0.025314420393549666,0.9743245618928217,1.0567425547635803
tc40_buf1,10000000,0.2,2024,52,0.0019124241775119177,0.025220558820280105,0.9178725247076851,3.541772238994581
tc40_buf1,10000000,0.2,2025,51,0.28507004962451066,0.022657073899775847,0.878059080342249,5.240979174950853
tc40_buf1,30000000,0.05,2020,46,0.36965394803565244,0.024771764307795093,0.9299281782290363,2.7165014981619886
tc40_buf1,30000000,0.05,2021,52,0.7316108925830866,0.02997696121302928,0.9439738307111637,2.4184946628284005
tc40_buf1,30000000,0.05,2022,50,0.14362555416357847,0.028259460694114894,0.9602194476281715,1.642915522422146
tc40_buf1,30000000,0.05,2023,50,0.05978899750514177,0.0292037281598679,0.9741817374602166,1.0627798823366192
tc40_buf1,30000000,0.05,2024,52,-0.0016177862570456725,0.029059786535511754,0.9171376224034579,3.5734576255708124
tc40_buf1,30000000,0.05,2025,51,0.28151950526449876,0.025424387661319558,0.8780715039237279,5.2404255406288
tc40_buf1,30000000,0.1,2020,46,0.3695990872610748,0.024774192783293302,0.9299893364199888,2.7140982237561575
tc40_buf1,30000000,0.1,2021,52,0.7347656419441653,0.03009101061167031,0.9456071660296422,2.3470042828516897
tc40_buf1,30000000,0.1,2022,50,0.14302072958229273,0.028333909279651074,0.9609576173882957,1.6127596876158625
tc40_buf1,30000000,0.1,2023,50,0.05977025571036165,0.029207603557594598,0.9743245618928217,1.0567425547635803
tc40_buf1,30000000,0.1,2024,52,-0.0018726020466399707,0.029127563816024785,0.9178702150473027,3.541673847763895
tc40_buf1,30000000,0.1,2025,51,0.28151826978130057,0.025424207860516752,0.8780640303242165,5.240758587437893
tc40_buf1,30000000,0.2,2020,46,0.3695990872610748,0.024774192783293302,0.9299893364199888,2.7140982237561575
tc40_buf1,30000000,0.2,2021,52,0.7350206031410005,0.030099985626711002,0.9458350898751214,2.336845588249441
tc40_buf1,30000000,0.2,2022,50,0.14302084369996493,0.02833393074932334,0.9609587393226456,1.6127117459335545
tc40_buf1,30000000,0.2,2023,50,0.05977025571036165,0.029207603557594598,0.9743245618928217,1.0567425547635803
tc40_buf1,30000000,0.2,2024,52,-0.002003244129227255,0.029134325444179113,0.9178725247076851,3.541772238994581
tc40_buf1,30000000,0.2,2025,51,0.281517451483168,0.025424088773264956,0.878059080342249,5.240979174950853
tc40_buf1,100000000,0.05,2020,46,0.36612763260294656,0.02940057513608364,0.9065386013290148,3.6525419938689456
tc40_buf1,100000000,0.05,2021,52,0.6946169156071329,0.03311322680579724,0.8773353533631668,5.3739223296387175
tc40_buf1,100000000,0.05,2022,50,0.13829472685260025,0.032640367425917555,0.9248803662383832,3.093002039168003
tc40_buf1,100000000,0.05,2023,50,0.04057384886786308,0.033785074559207595,0.9306172036174526,2.8640347233872783
tc40_buf1,100000000,0.05,2024,52,-0.011802535831380356,0.03419825665872975,0.8787536129829123,5.360039861135512
tc40_buf1,100000000,0.05,2025,51,0.27559688244380687,0.030446174777844358,0.8720735639377816,5.5159357879074635
tc40_buf1,100000000,0.1,2020,46,0.36238765979799226,0.030535291885786308,0.92755674331227,2.809919245029699
tc40_buf1,100000000,0.1,2021,52,0.7109580948567662,0.036953853440062606,0.9332840816133834,2.886841009648604
tc40_buf1,100000000,0.1,2022,50,0.13671065615809153,0.03489346963317714,0.9561080733239958,1.812491051758386
tc40_buf1,100000000,0.1,2023,50,0.05018294816673907,0.036516978796008064,0.9708891200368412,1.1981683210541636
tc40_buf1,100000000,0.1,2024,52,-0.008175267919139695,0.036233663329817416,0.9120566892997062,3.8035020816847105
tc40_buf1,100000000,0.1,2025,51,0.2749612053273065,0.03076839725100632,0.8773623172670723,5.270287410537376
tc40_buf1,100000000,0.2,2020,46,0.3614701534717242,0.030723516076728782,0.9299893364199888,2.7140982237561575
tc40_buf1,100000000,0.2,2021,52,0.7196190041995105,0.03798127866022146,0.9447230499504502,2.385418587851159
tc40_buf1,100000000,0.2,2022,50,0.13513621747193416,0.03536421333544891,0.9606275851511532,1.626080081266991
tc40_buf1,100000000,0.2,2023,50,0.0517352165925522,0.03681369070461413,0.9743226940953398,1.0568214124160349
tc40_buf1,100000000,0.2,2024,52,-0.009111362985426807,0.036704013742754574,0.9175414429522879,3.555766680189821
tc40_buf1,100000000,0.2,2025,51,0.2746070170066104,0.030830613239920413,0.878076094577326,5.240220967691803
tc40_buf2,10000000,0.05,2020,46,0.4036884831315577,0.021801067365416246,0.9313962711259469,2.666765437896295
tc40_buf2,10000000,0.05,2021,52,0.7869062615186457,0.026048748617583998,0.9465609862601789,2.3118619124210866
tc40_buf2,10000000,0.05,2022,50,0.1797536994392699,0.024685882306978178,0.9606094758109219,1.6248789752507375
tc40_buf2,10000000,0.05,2023,50,0.05231491651098863,0.02532127839209036,0.9743129906057901,1.058081667355765
tc40_buf2,10000000,0.05,2024,52,0.005775904370790119,0.02530925933738617,0.9172396544738428,3.581010355908658
tc40_buf2,10000000,0.05,2025,51,0.28560590097220917,0.022686950714552918,0.8782087939958035,5.2434949090635845
tc40_buf2,10000000,0.1,2020,46,0.4036884831315577,0.021801067365416246,0.9313962711259469,2.666765437896295
tc40_buf2,10000000,0.1,2021,52,0.7869062615186457,0.026048748617583998,0.9465609862601789,2.3118619124210866
tc40_buf2,10000000,0.1,2022,50,0.1797536994392699,0.024685882306978178,0.9606094758109219,1.6248789752507375
tc40_buf2,10000000,0.1,2023,50,0.05231491651098863,0.02532127839209036,0.9743129906057901,1.058081667355765
tc40_buf2,10000000,0.1,2024,52,0.005775904370790119,0.02530925933738617,0.9172396544738428,3.581010355908658
tc40_buf2,10000000,0.1,2025,51,0.28560590097220917,0.022686950714552918,0.8782087939958035,5.2434949090635845
tc40_buf2,10000000,0.2,2020,46,0.4036884831315577,0.021801067365416246,0.9313962711259469,2.666765437896295
tc40_buf2,10000000,0.2,2021,52,0.7869062615186457,0.026048748617583998,0.9465609862601789,2.3118619124210866
tc40_buf2,10000000,0.2,2022,50,0.1797536994392699,0.024685882306978178,0.9606094758109219,1.6248789752507375
tc40_buf2,10000000,0.2,2023,50,0.05231491651098863,0.02532127839209036,0.9743129906057901,1.058081667355765
tc40_buf2,10000000,0.2,2024,52,0.005775904370790119,0.02530925933738617,0.9172396544738428,3.581010355908658
tc40_buf2,10000000,0.2,2025,51,0.28560590097220917,0.022686950714552918,0.8782087939958035,5.2434949090635845
tc40_buf2,30000000,0.05,2020,46,0.39945944618644336,0.024854767065272662,0.9313348276223741,2.669175287252881
tc40_buf2,30000000,0.05,2021,52,0.7770143478499483,0.030026582282148214,0.9450536975257919,2.377936622799425
tc40_buf2,30000000,0.05,2022,50,0.17603908494221243,0.02823671759333073,0.9598687988688258,1.6552103526949078
tc40_buf2,30000000,0.05,2023,50,0.04819014496799423,0.029211011458758783,0.974082078657,1.0677168826385222
tc40_buf2,30000000,0.05,2024,52,0.0022277772388077377,0.029159074024300395,0.916296016459296,3.6219779549227504
tc40_buf2,30000000,0.05,2025,51,0.2820573861918929,0.02545152193114196,0.8782214841804636,5.24292787934592
tc40_buf2,30000000,0.1,2020,46,0.399402948198464,0.02485723192728993,0.9313962711259469,2.666765437896295
tc40_buf2,30000000,0.1,2021,52,0.7793519983243813,0.030126716679820774,0.9463331374569658,2.322022042612356
tc40_buf2,30000000,0.1,2022,50,0.17548485900882826,0.02830891700435733,0.9606083562278855,1.62492664940557
tc40_buf2,30000000,0.1,2023,50,0.04821925132462335,0.02921877777572764,0.9743129906057901,1.058081667355765
tc40_buf2,30000000,0.1,2024,52,0.0019546897628111015,0.029237798478315966,0.9172373350789121,3.580911832779971
tc40_buf2,30000000,0.1,2025,51,0.28205614066292006,0.025451337608143127,0.8782137500827891,5.243273457889677
tc40_buf2,30000000,0.2,2020,46,0.399402948198464,0.02485723192728993,0.9313962711259469,2.666765437896295
tc40_buf2,30000000,0.2,2021,52,0.7796141636960152,0.03013570513338249,0.9465609862601789,2.3118619124210866
tc40_buf2,30000000,0.2,2022,50,0.1754848384969332,0.02830893926191213,0.9606094758109219,1.6248789752507375
tc40_buf2,30000000,0.2,2023,50,0.04821925132462335,0.02921877777572764,0.9743129906057901,1.058081667355765
tc40_buf2,30000000,0.2,2024,52,0.0018235391449672456,0.029244563232466273,0.9172396544738428,3.581010355908658
tc40_buf2,30000000,0.2,2025,51,0.2820553425138228,0.025451219492157964,0.8782087939958035,5.2434949090635845
tc40_buf2,100000000,0.05,2020,46,0.3946387406408911,0.0294684436858146,0.9079465043098413,3.594213054544762
tc40_buf2,100000000,0.05,2021,52,0.7385549813599588,0.033181108508815206,0.8768842102935582,5.41651539292792
tc40_buf2,100000000,0.05,2022,50,0.17028684359724222,0.032758697616845266,0.9260896834553424,3.0546503062455734
tc40_buf2,100000000,0.05,2023,50,0.026106708649433097,0.033759665469980216,0.9288910889828996,2.9364591921452634
tc40_buf2,100000000,0.05,2024,52,-0.006027350645901541,0.03427241930555901,0.8758997235201377,5.508755856655037
tc40_buf2,100000000,0.05,2025,51,0.2761198518409538,0.030489136503223723,0.8727411301376397,5.49535461104554
tc40_buf2,100000000,0.1,2020,46,0.39158842334524735,0.030638317529367555,0.9290912070400283,2.7559641569270346
tc40_buf2,100000000,0.1,2021,52,0.7584632356612435,0.03701100703242302,0.9346612857996188,2.8337009713605656
tc40_buf2,100000000,0.1,2022,50,0.16831322594512743,0.03486668835059597,0.9557321509814897,1.8278916775438454
tc40_buf2,100000000,0.1,2023,50,0.03893193258067318,0.03653663489999684,0.9708374050570434,1.201522357440636
tc40_buf2,100000000,0.1,2024,52,-0.0035566055591857992,0.03637033358137032,0.9110167735529724,3.861877974513994
tc40_buf2,100000000,0.1,2025,51,0.2755089094784928,0.03079207965583118,0.8775505768978192,5.271180050421562
tc40_buf2,100000000,0.2,2020,46,0.3910670678718504,0.030828140745587315,0.9313962711259469,2.666765437896295
tc40_buf2,100000000,0.2,2021,52,0.764525438395598,0.03801750650233332,0.9457685670701987,2.3464245891597533
tc40_buf2,100000000,0.2,2022,50,0.16736633334470086,0.03532795495943339,0.9602812943487402,1.638186372604086
tc40_buf2,100000000,0.2,2023,50,0.04026286890035169,0.03683332878279541,0.9743115881754335,1.0581408408608115
tc40_buf2,100000000,0.2,2024,52,-0.005346441855437867,0.03685072276252977,0.9168427989297415,3.597970775369798
tc40_buf2,100000000,0.2,2025,51,0.27514879139556925,0.030852377240186406,0.878225897493356,5.242730682496941
tc40_buf3,10000000,0.05,2020,46,0.4064327346975043,0.021789957709022565,0.9312349117095925,2.6732211532468333
tc40_buf3,10000000,0.05,2021,52,0.8104534074279657,0.026008934473127035,0.9455480833052999,2.3563683520160836
tc40_buf3,10000000,0.05,2022,50,0.18419169190618923,0.02471520911220323,0.9616491656572633,1.585085100156138
tc40_buf3,10000000,0.05,2023,50,0.06942773940488678,0.025366599467874288,0.9752481998740096,1.0216702008074159
tc40_buf3,10000000,0.05,2024,52,0.025155816735197956,0.025343939382711247,0.9156316108722004,3.671061267338365
tc40_buf3,10000000,0.05,2025,51,0.2915509369504037,0.022674206833492062,0.8770788919096034,5.294452907998787
tc40_buf3,10000000,0.1,2020,46,0.4064327346975043,0.021789957709022565,0.9312349117095925,2.6732211532468333
tc40_buf3,10000000,0.1,2021,52,0.8104534074279657,0.026008934473127035,0.9455480833052999,2.3563683520160836
tc40_buf3,10000000,0.1,2022,50,0.18419169190618923,0.02471520911220323,0.9616491656572633,1.585085100156138
tc40_buf3,10000000,0.1,2023,50,0.06942773940488678,0.025366599467874288,0.9752481998740096,1.0216702008074159
tc40_buf3,10000000,0.1,2024,52,0.025155816735197956,0.025343939382711247,0.9156316108722004,3.671061267338365
tc40_buf3,10000000,0.1,2025,51,0.2915509369504037,0.022674206833492062,0.8770788919096034,5.294452907998787
tc40_buf3,10000000,0.2,2020,46,0.4064327346975043,0.021789957709022565,0.9312349117095925,2.6732211532468333
tc40_buf3,10000000,0.2,2021,52,0.8104534074279657,0.026008934473127035,0.9455480833052999,2.3563683520160836
tc40_buf3,10000000,0.2,2022,50,0.18419169190618923,0.02471520911220323,0.9616491656572633,1.585085100156138
tc40_buf3,10000000,0.2,2023,50,0.06942773940488678,0.025366599467874288,0.9752481998740096,1.0216702008074159
tc40_buf3,10000000,0.2,2024,52,0.025155816735197956,0.025343939382711247,0.9156316108722004,3.671061267338365
tc40_buf3,10000000,0.2,2025,51,0.2915509369504037,0.022674206833492062,0.8770788919096034,5.294452907998787
tc40_buf3,30000000,0.05,2020,46,0.40220359912073866,0.024837520733789892,0.9311727444373495,2.675655249574884
tc40_buf3,30000000,0.05,2021,52,0.8005238137546138,0.029975935524928683,0.9441124273256458,2.4192133906795883
tc40_buf3,30000000,0.05,2022,50,0.18045496882412504,0.02827128824893749,0.9609037438923923,1.6155996081058084
tc40_buf3,30000000,0.05,2023,50,0.0652254937156369,0.02926914990320969,0.9750204481562987,1.03107792638946
tc40_buf3,30000000,0.05,2024,52,0.021388087157121927,0.0291995117714127,0.914727633863297,3.709934439994531
tc40_buf3,30000000,0.05,2025,51,0.2879921173681905,0.025433183489730542,0.8770857726889125,5.294144589682237
tc40_buf3,30000000,0.1,2020,46,0.40214738985560916,0.024840015660869387,0.9312349117095925,2.6732211532468333
tc40_buf3,30000000,0.1,2021,52,0.802825198846109,0.03007270041286241,0.9453202035595473,2.3665286869433104
tc40_buf3,30000000,0.1,2022,50,0.17989992423208734,0.028344063329860135,0.9616480533245797,1.5851325008232324
tc40_buf3,30000000,0.1,2023,50,0.06525203629778553,0.029276698555344344,0.9752481998740096,1.0216702008074159
tc40_buf3,30000000,0.1,2024,52,0.021256800833071132,0.029276493008557503,0.9156292477095191,3.6709663281011418
tc40_buf3,30000000,0.1,2025,51,0.28799178630625066,0.02543313598110734,0.8770837539849357,5.294235044886938
tc40_buf3,30000000,0.2,2020,46,0.40214738985560916,0.024840015660869387,0.9312349117095925,2.6732211532468333
tc40_buf3,30000000,0.2,2021,52,0.8030908441176285,0.030081690444002173,0.9455480833052999,2.3563683520160836
tc40_buf3,30000000,0.2,2022,50,0.17989990258043753,0.028344085189183642,0.9616491656572633,1.585085100156138
tc40_buf3,30000000,0.2,2023,50,0.06525203629778553,0.029276698555344344,0.9752481998740096,1.0216702008074159
tc40_buf3,30000000,0.2,2024,52,0.021123187056981463,0.029283260682461457,0.9156316108722004,3.671061267338365
tc40_buf3,30000000,0.2,2025,51,0.28799098893825814,0.025433021555972355,0.8770788919096034,5.294452907998787
tc40_buf3,100000000,0.05,2020,46,0.3949359088439597,0.02951063990939656,0.908349922295259,3.5864721501113412
tc40_buf3,100000000,0.05,2021,52,0.7569581509789456,0.03319331502828329,0.8768007003171743,5.4216480249431225
tc40_buf3,100000000,0.05,2022,50,0.17386600364843408,0.03280451337269121,0.9267173561661679,3.0325494222916074
tc40_buf3,100000000,0.05,2023,50,0.04158327228205594,0.0337496425701526,0.9281547185518975,2.9654616212286293
tc40_buf3,100000000,0.05,2024,52,0.011978484772964482,0.034390159792962,0.8748587501683981,5.573205436522616
tc40_buf3,100000000,0.05,2025,51,0.28131150861400456,0.030447409914410223,0.8714226689612118,5.5540628775497956
tc40_buf3,100000000,0.1,2020,46,0.3942716271433655,0.030628685256097982,0.9292120157677565,2.752101273143915
tc40_buf3,100000000,0.1,2021,52,0.7805803289177644,0.03696359299996503,0.9339244925849658,2.865937321441044
tc40_buf3,100000000,0.1,2022,50,0.17194088545352382,0.0349208559355139,0.9569251116935462,1.7814306701212412
tc40_buf3,100000000,0.1,2023,50,0.055670651680289174,0.03660960076400999,0.9716162282442268,1.1710178643757028
tc40_buf3,100000000,0.1,2024,52,0.016107992970069374,0.03642257564520868,0.9092481564545452,3.959632413295401
tc40_buf3,100000000,0.1,2025,51,0.28143093007794096,0.030763648063208932,0.8764362595997294,5.3214284987214935
tc40_buf3,100000000,0.2,2020,46,0.3938118062199025,0.03079899383507967,0.9312349117095925,2.6732211532468333
tc40_buf3,100000000,0.2,2021,52,0.7878774117628786,0.037937031471220815,0.9447622283157481,2.3905329118590366
tc40_buf3,100000000,0.2,2022,50,0.17174072685369746,0.03537417270707356,0.9613202120604833,1.5984247018289448
tc40_buf3,100000000,0.2,2023,50,0.057140242480254955,0.036915881673091594,0.975247034808105,1.021719487936021
tc40_buf3,100000000,0.2,2024,52,0.013803000555491662,0.036898663598580565,0.9152492052380394,3.6873316999492567
tc40_buf3,100000000,0.2,2025,51,0.2810660983324209,0.030823504337801882,0.8770955756780191,5.293705333828705
tc40_buf4,10000000,0.05,2020,46,0.4104150059942062,0.02178262874608872,0.9303930805329241,2.7069465711884373
tc40_buf4,10000000,0.05,2021,52,0.807480098967368,0.02601961192313522,0.9457118861413062,2.34953489338454
tc40_buf4,10000000,0.05,2022,50,0.18258410759340848,0.024762619185745516,0.9634593953026797,1.5101993314241628
tc40_buf4,10000000,0.05,2023,50,0.0661798092392416,0.025364459362785273,0.9752221584617891,1.0228021515936587
tc40_buf4,10000000,0.05,2024,52,0.03305397184734371,0.025383724160807915,0.9175038883307564,3.591860373552924
tc40_buf4,10000000,0.05,2025,51,0.2875784524415548,0.022674995390936394,0.8771081669464527,5.293431245715883
tc40_buf4,10000000,0.1,2020,46,0.4104150059942062,0.02178262874608872,0.9303930805329241,2.7069465711884373
tc40_buf4,10000000,0.1,2021,52,0.807480098967368,0.02601961192313522,0.9457118861413062,2.34953489338454
tc40_buf4,10000000,0.1,2022,50,0.18258410759340848,0.024762619185745516,0.9634593953026797,1.5101993314241628
tc40_buf4,10000000,0.1,2023,50,0.0661798092392416,0.025364459362785273,0.9752221584617891,1.0228021515936587
tc40_buf4,10000000,0.1,2024,52,0.03305397184734371,0.025383724160807915,0.9175038883307564,3.591860373552924
tc40_buf4,10000000,0.1,2025,51,0.2875784524415548,0.022674995390936394,0.8771081669464527,5.293431245715883
tc40_buf4,10000000,0.2,2020,46,0.4104150059942062,0.02178262874608872,0.9303930805329241,2.7069465711884373
tc40_buf4,10000000,0.2,2021,52,0.807480098967368,0.02601961192313522,0.9457118861413062,2.34953489338454
tc40_buf4,10000000,0.2,2022,50,0.18258410759340848,0.024762619185745516,0.9634593953026797,1.5101993314241628
tc40_buf4,10000000,0.2,2023,50,0.0661798092392416,0.025364459362785273,0.9752221584617891,1.0228021515936587
tc40_buf4,10000000,0.2,2024,52,0.03305397184734371,0.025383724160807915,0.9175038883307564,3.591860373552924
tc40_buf4,10000000,0.2,2025,51,0.2875784524415548,0.022674995390936394,0.8771081669464527,5.293431245715883
tc40_buf4,30000000,0.05,2020,46,0.40617995631413883,0.02482588452049021,0.9303309123437099,2.7093806286003552
tc40_buf4,30000000,0.05,2021,52,0.7975636365686822,0.029988894768244293,0.9442675761220612,2.412661289420816
tc40_buf4,30000000,0.05,2022,50,0.1788424286695287,0.028326563435484613,0.9627077332822105,1.5409159852725085
tc40_buf4,30000000,0.05,2023,50,0.06203651808172905,0.02926984854780572,0.9750764583849673,1.0288460663495784
tc40_buf4,30000000,0.05,2024,52,0.02930727006561562,0.029243307026325754,0.9167274494241463,3.625133078143041
tc40_buf4,30000000,0.05,2025,51,0.2840317121902016,0.025433398343691932,0.8771170713066446,5.2930322264053
tc40_buf4,30000000,0.1,2020,46,0.4061235877819469,0.024828379665184027,0.9303930805329241,2.7069465711884373
tc40_buf4,30000000,0.1,2021,52,0.7998565169203928,0.030086421286592446,0.9454819203547931,2.359768368295525
tc40_buf4,30000000,0.1,2022,50,0.17828827469250008,0.028399860260768687,0.9634582826741823,1.5102467695521256
tc40_buf4,30000000,0.1,2023,50,0.0620176668240342,0.02927373182045006,0.9752221584617891,1.0228021515936587
tc40_buf4,30000000,0.1,2024,52,0.029119383730586534,0.02931632482908429,0.9175007090667833,3.5917719437965587
tc40_buf4,30000000,0.1,2025,51,0.2840310117215321,0.02543329787704533,0.8771127998215437,5.2932236384890565
tc40_buf4,30000000,0.2,2020,46,0.4061235877819469,0.024828379665184027,0.9303930805329241,2.7069465711884373
tc40_buf4,30000000,0.2,2021,52,0.8001239872773696,0.030095498148882766,0.9457118861413062,2.34953489338454
tc40_buf4,30000000,0.2,2022,50,0.1782882535505439,0.028399881708789456,0.9634593953026797,1.5101993314241628
tc40_buf4,30000000,0.2,2023,50,0.0620176668240342,0.02927373182045006,0.9752221584617891,1.0228021515936587
tc40_buf4,30000000,0.2,2024,52,0.02898987834825717,0.02932342813658698,0.9175038883307564,3.591860373552924
tc40_buf4,30000000,0.2,2025,51,0.2840302519883491,0.02543318891041072,0.8771081669464527,5.293431245715883
tc40_buf4,100000000,0.05,2020,46,0.3980884626256125,0.02953808051315611,0.9079847457376801,3.6033402512470767
tc40_buf4,100000000,0.05,2021,52,0.7521042098620694,0.033226071583883125,0.8771296663014608,5.406987417973873
tc40_buf4,100000000,0.05,2022,50,0.17191539918361398,0.03289583037238268,0.9284264294513992,2.9622531017862856
tc40_buf4,100000000,0.05,2023,50,0.039182600431609815,0.033773972076568674,0.9283029580028184,2.961784220875066
tc40_buf4,100000000,0.05,2024,52,0.016017460939290684,0.03447319734936307,0.8754340600879663,5.566995958577743
tc40_buf4,100000000,0.05,2025,51,0.2774789152068098,0.030445385642001967,0.8713785085583662,5.556369593267218
tc40_buf4,100000000,0.1,2020,46,0.3984085914659885,0.030616907130091908,0.928500297623314,2.7808527869898674
tc40_buf4,100000000,0.1,2021,52,0.777327278468146,0.03698492723668602,0.9341427486002503,2.8568203879497855
tc40_buf4,100000000,0.1,2022,50,0.170333660414697,0.03498813753968615,0.9587156857092439,1.7075237643219217
tc40_buf4,100000000,0.1,2023,50,0.05232203624629639,0.03660957416382093,0.9717419810849175,1.1658088194527316
tc40_buf4,100000000,0.1,2024,52,0.023082639208805267,0.03648654733527926,0.9111278374890409,3.8810813917185563
tc40_buf4,100000000,0.1,2025,51,0.27748620309006355,0.030761423090101245,0.8764301343773616,5.321975322730649
tc40_buf4,100000000,0.2,2020,46,0.39777613903346776,0.03077894307660389,0.9303930805329241,2.7069465711884373
tc40_buf4,100000000,0.2,2021,52,0.784924913825376,0.03795619061566643,0.9449208810079377,2.383847236698975
tc40_buf4,100000000,0.2,2022,50,0.17012618431883153,0.03544628801900698,0.963129437341437,1.5235813294777052
tc40_buf4,100000000,0.2,2023,50,0.053932447654670534,0.03691124775640341,0.9752202122640152,1.0228843797380032
tc40_buf4,100000000,0.2,2024,52,0.021598817892801048,0.03693745170330849,0.9171220259392187,3.6079829804166637
tc40_buf4,100000000,0.2,2025,51,0.2771281110934496,0.03082243681777946,0.8771241709232905,5.292714082549948
tc50_buf1,10000000,0.05,2020,46,0.3939755105533964,0.02673519693893339,0.9427705435511847,2.662879790774225
tc50_buf1,10000000,0.05,2021,52,0.8333622500808051,0.03198751080884067,0.9553771464261592,2.3390226717910845
tc50_buf1,10000000,0.05,2022,50,0.20049865052058768,0.030500071757990008,0.967130314979108,1.647609540183981
tc50_buf1,10000000,0.05,2023,50,0.13987641215544433,0.03139713594042159,0.978256862857658,1.0999880727177225
tc50_buf1,10000000,0.05,2024,52,0.08479247828201775,0.03150707616686799,0.9314115680260389,3.6337043105537323
tc50_buf1,10000000,0.05,2025,51,0.36376665013231,0.028340526747320405,0.9026360394574272,5.084659929178466
tc50_buf1,10000000,0.1,2020,46,0.3939755105533964,0.02673519693893339,0.9427705435511847,2.662879790774225
tc50_buf1,10000000,0.1,2021,52,0.8333622500808051,0.03198751080884067,0.9553771464261592,2.3390226717910845
tc50_buf1,10000000,0.1,2022,50,0.20049865052058768,0.030500071757990008,0.967130314979108,1.647609540183981
tc50_buf1,10000000,0.1,2023,50,0.13987641215544433,0.03139713594042159,0.978256862857658,1.0999880727177225
tc50_buf1,10000000,0.1,2024,52,0.08479247828201775,0.03150707616686799,0.9314115680260389,3.6337043105537323
tc50_buf1,10000000,0.1,2025,51,0.36376665013231,0.028340526747320405,0.9026360394574272,5.084659929178466
tc50_buf1,10000000,0.2,2020,46,0.3939755105533964,0.02673519693893339,0.9427705435511847,2.662879790774225
tc50_buf1,10000000,0.2,2021,52,0.8333622500808051,0.03198751080884067,0.9553771464261592,2.3390226717910845
tc50_buf1,10000000,0.2,2022,50,0.20049865052058768,0.030500071757990008,0.967130314979108,1.647609540183981
tc50_buf1,10000000,0.2,2023,50,0.13987641215544433,0.03139713594042159,0.978256862857658,1.0999880727177225
tc50_buf1,10000000,0.2,2024,52,0.08479247828201775,0.03150707616686799,0.9314115680260389,3.6337043105537323
tc50_buf1,10000000,0.2,2025,51,0.36376665013231,0.028340526747320405,0.9026360394574272,5.084659929178466
tc50_buf1,30000000,0.05,2020,46,0.38877938005758805,0.030512246364921652,0.9427190457994774,2.6653727084098637
tc50_buf1,30000000,0.05,2021,52,0.8210405769984677,0.03696360096275998,0.9540609503159512,2.408983637876632
tc50_buf1,30000000,0.05,2022,50,0.19524638167598085,0.03496498307677561,0.9664314603740537,1.6830725573065604
tc50_buf1,30000000,0.05,2023,50,0.13430755818578066,0.036265999536204345,0.9780991400945301,1.108133288846332
tc50_buf1,30000000,0.05,2024,52,0.0796904334657289,0.03634069105851233,0.9306034325307019,3.675232413113667
tc50_buf1,30000000,0.05,2025,51,0.35900698479167037,0.03183541171032995,0.9026395778570148,5.0844711022302
tc50_buf1,30000000,0.1,2020,46,0.38871364892976823,0.0305146763288651,0.9427705435511847,2.662879790774225
tc50_buf1,30000000,0.1,2021,52,0.8237414023870486,0.037082749998075516,0.955320075398425,2.342218479241792
tc50_buf1,30000000,0.1,2022,50,0.1950448338057036,0.03505017981466636,0.9671294248198673,1.6476552648634761
tc50_buf1,30000000,0.1,2023,50,0.13432539404305888,0.036275544456488056,0.978256862857658,1.0999880727177225
tc50_buf1,30000000,0.1,2024,52,0.07960900310902819,0.03643174320135157,0.9314103992366805,3.633610021768857
tc50_buf1,30000000,0.1,2025,51,0.3590071052948902,0.03183542528026895,0.9026400313010875,5.084446904186309
tc50_buf1,30000000,0.2,2020,46,0.38871364892976823,0.0305146763288651,0.9427705435511847,2.662879790774225
tc50_buf1,30000000,0.2,2021,52,0.8240377684473321,0.03708303279227331,0.9553771464261592,2.3390226717910845
tc50_buf1,30000000,0.2,2022,50,0.19504503089693048,0.03505020161307358,0.967130314979108,1.647609540183981
tc50_buf1,30000000,0.2,2023,50,0.13432539404305888,0.036275544456488056,0.978256862857658,1.0999880727177225
tc50_buf1,30000000,0.2,2024,52,0.0794522357518952,0.036438773872504854,0.9314115680260389,3.6337043105537323
tc50_buf1,30000000,0.2,2025,51,0.3590060444583887,0.03183530581884886,0.9026360394574272,5.084659929178466
tc50_buf1,100000000,0.05,2020,46,0.3924450440314733,0.03594408969520875,0.9166982131193085,3.9108403880272498
tc50_buf1,100000000,0.05,2021,52,0.7751542918392069,0.04057576410798132,0.8864160201363755,6.008987775281263
tc50_buf1,100000000,0.05,2022,50,0.19104202760269207,0.04037891309313728,0.9309328876485035,3.4592435040362908
tc50_buf1,100000000,0.05,2023,50,0.1066903877777956,0.04197540523419422,0.9339000850146744,3.3486179339585096
tc50_buf1,100000000,0.05,2024,52,0.05357612750018492,0.04270067080808962,0.8917674423135711,5.8391931034132245
tc50_buf1,100000000,0.05,2025,51,0.3491961650215041,0.03821338754656842,0.8966226646942379,5.422647411776621
tc50_buf1,100000000,0.1,2020,46,0.37958858823242525,0.03761075547799843,0.939967229865141,2.796958630234868
tc50_buf1,100000000,0.1,2021,52,0.799352652880144,0.04559411479041654,0.9434330020574928,2.967516132251571
tc50_buf1,100000000,0.1,2022,50,0.18532344645074073,0.04330838099793613,0.9625792866703565,1.8786364555776067
tc50_buf1,100000000,0.1,2023,50,0.1228681916731289,0.0453918174811356,0.9746886426552342,1.2813120970635428
tc50_buf1,100000000,0.1,2024,52,0.06848806953867581,0.045461237974183895,0.9262168068715659,3.914014555820846
tc50_buf1,100000000,0.1,2025,51,0.35017473839270785,0.038606466916164435,0.9019011661213713,5.124258742758616
tc50_buf1,100000000,0.2,2020,46,0.3784893870157884,0.037898744287588215,0.9427705435511847,2.662879790774225
tc50_buf1,100000000,0.2,2021,52,0.8045784517880807,0.04693095382026147,0.954620907402027,2.3792219209218954
tc50_buf1,100000000,0.2,2022,50,0.184687371245581,0.04387757911051596,0.9668681245637343,1.6608295772938542
tc50_buf1,100000000,0.2,2023,50,0.12355651914617649,0.04580661905607708,0.978256862857658,1.0999880727177225
tc50_buf1,100000000,0.2,2024,52,0.07000465074359408,0.04598515572749451,0.9311524184300157,3.646931075022654
tc50_buf1,100000000,0.2,2025,51,0.34975758426939474,0.03866401055402681,0.9026580861380996,5.08348341361162
tc50_buf2,10000000,0.05,2020,46,0.45941921697830046,0.026801384407257444,0.9447965598895164,2.5722510634994897
tc50_buf2,10000000,0.05,2021,52,0.8691728999101047,0.03201919086840323,0.9548336231504385,2.367333739243787
tc50_buf2,10000000,0.05,2022,50,0.21210239683711474,0.03055098959823764,0.9671912964462872,1.6468783903703497
tc50_buf2,10000000,0.05,2023,50,0.11363261556509463,0.031425784704366924,0.9789423684391049,1.0673318939647447
tc50_buf2,10000000,0.05,2024,52,0.09666531010133816,0.03163311696547353,0.9324871680322114,3.5971563929217
tc50_buf2,10000000,0.05,2025,51,0.3315338288073446,0.0283703329536155,0.901640409083566,5.147311227722627
tc50_buf2,10000000,0.1,2020,46,0.45941921697830046,0.026801384407257444,0.9447965598895164,2.5722510634994897
tc50_buf2,10000000,0.1,2021,52,0.8691728999101047,0.03201919086840323,0.9548336231504385,2.367333739243787
tc50_buf2,10000000,0.1,2022,50,0.21210239683711474,0.03055098959823764,0.9671912964462872,1.6468783903703497
tc50_buf2,10000000,0.1,2023,50,0.11363261556509463,0.031425784704366924,0.9789423684391049,1.0673318939647447
tc50_buf2,10000000,0.1,2024,52,0.09666531010133816,0.03163311696547353,0.9324871680322114,3.5971563929217
tc50_buf2,10000000,0.1,2025,51,0.3315338288073446,0.0283703329536155,0.901640409083566,5.147311227722627
tc50_buf2,10000000,0.2,2020,46,0.45941921697830046,0.026801384407257444,0.9447965598895164,2.5722510634994897
tc50_buf2,10000000,0.2,2021,52,0.8691728999101047,0.03201919086840323,0.9548336231504385,2.367333739243787
tc50_buf2,10000000,0.2,2022,50,0.21210239683711474,0.03055098959823764,0.9671912964462872,1.6468783903703497
tc50_buf2,10000000,0.2,2023,50,0.11363261556509463,0.031425784704366924,0.9789423684391049,1.0673318939647447
tc50_buf2,10000000,0.2,2024,52,0.09666531010133816,0.03163311696547353,0.9324871680322114,3.5971563929217
tc50_buf2,10000000,0.2,2025,51,0.3315338288073446,0.0283703329536155,0.901640409083566,5.147311227722627
tc50_buf2,30000000,0.05,2020,46,0.4540334856224817,0.03058527705328421,0.9446839195822075,2.5776708185957142
tc50_buf2,30000000,0.05,2021,52,0.8563892097177834,0.036971137311552334,0.9532088482945607,2.454034042416512
tc50_buf2,30000000,0.05,2022,50,0.20679975171343257,0.03501920500276845,0.9665246776188208,1.6805490222733184
tc50_buf2,30000000,0.05,2023,50,0.10818123814983949,0.036304124182931725,0.9787836510290456,1.075426524335453
tc50_buf2,30000000,0.05,2024,52,0.0913333001858565,0.03649204175495767,0.9317902630382788,3.632196147530813
tc50_buf2,30000000,0.05,2025,51,0.3268799447629456,0.03186939829644064,0.9016400661518679,5.147329607219111
tc50_buf2,30000000,0.1,2020,46,0.45389087193914035,0.030594230656567127,0.9447965598895164,2.5722510634994897
tc50_buf2,30000000,0.1,2021,52,0.859545485897957,0.03709607697077207,0.9546576602770631,2.376749350880844
tc50_buf2,30000000,0.1,2022,50,0.20659396405648023,0.03510279519044404,0.967190878712558,1.6468999376036193
tc50_buf2,30000000,0.1,2023,50,0.1081989156083023,0.036313645443065874,0.9789423684391049,1.0673318939647447
tc50_buf2,30000000,0.1,2024,52,0.09139923589312104,0.036579023652850894,0.9324859628009042,3.5970667649222317
tc50_buf2,30000000,0.1,2025,51,0.3268810591696125,0.03186952395585959,0.9016443811108735,5.1470983464075175
tc50_buf2,30000000,0.2,2020,46,0.45389087193914035,0.030594230656567127,0.9447965598895164,2.5722510634994897
tc50_buf2,30000000,0.2,2021,52,0.8596877190588599,0.037103197717380104,0.9548336231504385,2.367333739243787
tc50_buf2,30000000,0.2,2022,50,0.2065940273957123,0.03510280466098648,0.9671912964462872,1.6468783903703497
tc50_buf2,30000000,0.2,2023,50,0.1081989156083023,0.036313645443065874,0.9789423684391049,1.0673318939647447
tc50_buf2,30000000,0.2,2024,52,0.09124327474788285,0.0365861848169239,0.9324871680322114,3.5971563929217
tc50_buf2,30000000,0.2,2025,51,0.3268800333305131,0.03186940828323269,0.901640409083566,5.147311227722627
tc50_buf2,100000000,0.05,2020,46,0.45223853772033373,0.0360933142216723,0.9184577630083074,3.8304875867689665
tc50_buf2,100000000,0.05,2021,52,0.8099903418258789,0.04074230494342009,0.8855709507100508,6.079249632812926
tc50_buf2,100000000,0.05,2022,50,0.20052287931171908,0.040539457628635034,0.9303824645475529,3.5005079681184474
tc50_buf2,100000000,0.05,2023,50,0.08179619889828982,0.04199468084267792,0.9329070489478878,3.402743057269876
tc50_buf2,100000000,0.05,2024,52,0.06417866517807114,0.0427991015904947,0.8904570171158717,5.935761729151419
tc50_buf2,100000000,0.05,2025,51,0.3166520147344314,0.03822232772231595,0.894715310202402,5.536580880635748
tc50_buf2,100000000,0.1,2020,46,0.4438479730685949,0.03771715023819237,0.9422441655973068,2.6923475911305648
tc50_buf2,100000000,0.1,2021,52,0.8358634079129892,0.04567199674341934,0.9436161242239199,2.960358883057004
tc50_buf2,100000000,0.1,2022,50,0.1962845836940521,0.043371163908209755,0.9625589577022575,1.881131013392247
tc50_buf2,100000000,0.1,2023,50,0.0969623911856583,0.04545452476003369,0.9753776564324532,1.2481241833357617
tc50_buf2,100000000,0.1,2024,52,0.07866810388044176,0.04565048755090483,0.9270395101497324,3.8900477407313727
tc50_buf2,100000000,0.1,2025,51,0.31793462929989436,0.03865172008267595,0.9008925464885735,5.1878922704516395
tc50_buf2,100000000,0.2,2020,46,0.4431650243624412,0.03800162985461831,0.9447592071429998,2.574136558943345
tc50_buf2,100000000,0.2,2021,52,0.8398324511236019,0.04691786656131496,0.9539333296888783,2.4152681644582485
tc50_buf2,100000000,0.2,2022,50,0.19613065116984663,0.04393389178873895,0.9669265459510591,1.6601406992580638
tc50_buf2,100000000,0.2,2023,50,0.09765778027606009,0.045863187097790865,0.9789423684391049,1.0673318939647447
tc50_buf2,100000000,0.2,2024,52,0.08164460075204638,0.04617394339586932,0.9322389875944986,3.609681793918767
tc50_buf2,100000000,0.2,2025,51,0.31783915028748244,0.038706492866533236,0.9016626571186006,5.146118849100239
tc50_buf3,10000000,0.05,2020,46,0.47669020116331984,0.02681994142298145,0.9448456292344763,2.569569973706134
tc50_buf3,10000000,0.05,2021,52,0.862409118186616,0.032014340615961555,0.9550273442196185,2.3570303150284473
tc50_buf3,10000000,0.05,2022,50,0.22276187157471639,0.03055076942411922,0.9661691814746848,1.7027260029923181
tc50_buf3,10000000,0.05,2023,50,0.1032366641752227,0.03141341534744527,0.9781630906942531,1.1056151077385032
tc50_buf3,10000000,0.05,2024,52,0.09612517880649163,0.03173101446882591,0.9317255488682659,3.659494012603291
tc50_buf3,10000000,0.05,2025,51,0.33804292383004597,0.028374126996115596,0.9002954133973956,5.223902062285535
tc50_buf3,10000000,0.1,2020,46,0.47669020116331984,0.02681994142298145,0.9448456292344763,2.569569973706134
tc50_buf3,10000000,0.1,2021,52,0.862409118186616,0.032014340615961555,0.9550273442196185,2.3570303150284473
tc50_buf3,10000000,0.1,2022,50,0.22276187157471639,0.03055076942411922,0.9661691814746848,1.7027260029923181
tc50_buf3,10000000,0.1,2023,50,0.1032366641752227,0.03141341534744527,0.9781630906942531,1.1056151077385032
tc50_buf3,10000000,0.1,2024,52,0.09612517880649163,0.03173101446882591,0.9317255488682659,3.659494012603291
tc50_buf3,10000000,0.1,2025,51,0.33804292383004597,0.028374126996115596,0.9002954133973956,5.223902062285535
tc50_buf3,10000000,0.2,2020,46,0.47669020116331984,0.02681994142298145,0.9448456292344763,2.569569973706134
tc50_buf3,10000000,0.2,2021,52,0.862409118186616,0.032014340615961555,0.9550273442196185,2.3570303150284473
tc50_buf3,10000000,0.2,2022,50,0.22276187157471639,0.03055076942411922,0.9661691814746848,1.7027260029923181
tc50_buf3,10000000,0.2,2023,50,0.1032366641752227,0.03141341534744527,0.9781630906942531,1.1056151077385032
tc50_buf3,10000000,0.2,2024,52,0.09612517880649163,0.03173101446882591,0.9317255488682659,3.659494012603291
tc50_buf3,10000000,0.2,2025,51,0.33804292383004597,0.028374126996115596,0.9002954133973956,5.223902062285535
tc50_buf3,30000000,0.05,2020,46,0.4712698270198026,0.03060391826657632,0.9447333445103404,2.5749693955400668
tc50_buf3,30000000,0.05,2021,52,0.8496474213118894,0.036957663551266166,0.9533815881095785,2.4448277060811168
tc50_buf3,30000000,0.05,2022,50,0.21744364706085206,0.03501303286139795,0.9655305558834592,1.7349592409854095
tc50_buf3,30000000,0.05,2023,50,0.09783691784275828,0.0362911972673494,0.9780039719814897,1.1137350488822033
tc50_buf3,30000000,0.05,2024,52,0.09073961256649254,0.03660097079597623,0.9310191216691117,3.6949288545670504
tc50_buf3,30000000,0.05,2025,51,0.33336483370770287,0.031874017830180366,0.90029388528386,5.223984239843335
tc50_buf3,30000000,0.1,2020,46,0.47109639268946846,0.030612813180973412,0.9448456292344763,2.569569973706134
tc50_buf3,30000000,0.1,2021,52,0.8528302390295375,0.037083835408740246,0.9548513739867394,2.36644590612954
tc50_buf3,30000000,0.1,2022,50,0.2172133828100946,0.03509569158040743,0.9661687664876812,1.702747482689126
tc50_buf3,30000000,0.1,2023,50,0.09785428418021946,0.03630073392537226,0.9781630906942531,1.1056151077385032
tc50_buf3,30000000,0.1,2024,52,0.09084818082659174,0.036689077240927535,0.9317242920263541,3.6594075068147673
tc50_buf3,30000000,0.1,2025,51,0.3333662624005165,0.0318741758866158,0.9002993819752705,5.223688643994807
tc50_buf3,30000000,0.2,2020,46,0.47109639268946846,0.030612813180973412,0.9448456292344763,2.569569973706134
tc50_buf3,30000000,0.2,2021,52,0.8529719639449647,0.037090957236993016,0.9550273442196185,2.3570303150284473
tc50_buf3,30000000,0.2,2022,50,0.2172134461939017,0.03509570080442162,0.9661691814746848,1.7027260029923181
tc50_buf3,30000000,0.2,2023,50,0.09785428418021946,0.03630073392537226,0.9781630906942531,1.1056151077385032
tc50_buf3,30000000,0.2,2024,52,0.09069254032062712,0.036696235908656644,0.9317255488682659,3.659494012603291
tc50_buf3,30000000,0.2,2025,51,0.3333652308930002,0.03187406177082928,0.9002954133973956,5.223902062285535
tc50_buf3,100000000,0.05,2020,46,0.47121258160601576,0.03613214136428952,0.9189035636501954,3.811416292047806
tc50_buf3,100000000,0.05,2021,52,0.8037447249647043,0.04076897113349604,0.8861722725379033,6.047480412390417
tc50_buf3,100000000,0.05,2022,50,0.21092605889800087,0.04055902126962198,0.9297897594885375,3.539550652118537
tc50_buf3,100000000,0.05,2023,50,0.07367756250896851,0.04199046995772823,0.9315259505331471,3.4760767072336
tc50_buf3,100000000,0.05,2024,52,0.06428644431439712,0.042948985681405434,0.889478234938716,6.01493358435002
tc50_buf3,100000000,0.05,2025,51,0.32398969261561406,0.03824743291105775,0.8937176888374732,5.5953268879083575
tc50_buf3,100000000,0.1,2020,46,0.46182485814165797,0.03774011671843411,0.9423724583971642,2.6860246941306483
tc50_buf3,100000000,0.1,2021,52,0.8285343605692792,0.04564535689708191,0.9436857007085978,2.9561258647307307
tc50_buf3,100000000,0.1,2022,50,0.20682371284209933,0.04335795784110133,0.9617106490974373,1.9287069603768614
tc50_buf3,100000000,0.1,2023,50,0.08714361380390079,0.045439671570947755,0.9745204149974314,1.2905812059750172
tc50_buf3,100000000,0.1,2024,52,0.07893813689071671,0.04580888473277724,0.9261699409314499,3.9601056635446694
tc50_buf3,100000000,0.1,2025,51,0.3243814022096152,0.038659329456963876,0.8995773103398937,5.262938674341768
tc50_buf3,100000000,0.2,2020,46,0.46024347610811844,0.0380202755102477,0.9448084892451855,2.571446509586884
tc50_buf3,100000000,0.2,2021,52,0.8332145313795931,0.0468905657715729,0.9541213161199297,2.4052691053638346
tc50_buf3,100000000,0.2,2022,50,0.20667423965475873,0.04391334056480776,0.965904466788988,1.7159878223797937
tc50_buf3,100000000,0.2,2023,50,0.08741269780487415,0.045849216346384995,0.9781630906942531,1.1056151077385032
tc50_buf3,100000000,0.2,2024,52,0.08107878897651632,0.04630671227270176,0.9314725968817213,3.6722194332032703
tc50_buf3,100000000,0.2,2025,51,0.32427797759927324,0.03871282127614652,0.9003178047016318,5.222697932829437
tc50_buf4,10000000,0.05,2020,46,0.47682083965177746,0.026827962364290085,0.9448638788629561,2.5692259420172725
tc50_buf4,10000000,0.05,2021,52,0.8587556471607445,0.03198956697983473,0.9543424815603233,2.393828532238895
tc50_buf4,10000000,0.05,2022,50,0.21303808750987097,0.03058592270493522,0.9668385861684693,1.6689971983584555
tc50_buf4,10000000,0.05,2023,50,0.10256510574908084,0.03141171266642392,0.9781601063870198,1.1057586410699787
tc50_buf4,10000000,0.05,2024,52,0.10336350350528711,0.031648212263187196,0.9299970226456046,3.7494943360747746
tc50_buf4,10000000,0.05,2025,51,0.3405542641657986,0.02838376389356466,0.9004749883073219,5.215870014143477
tc50_buf4,10000000,0.1,2020,46,0.47682083965177746,0.026827962364290085,0.9448638788629561,2.5692259420172725
tc50_buf4,10000000,0.1,2021,52,0.8587556471607445,0.03198956697983473,0.9543424815603233,2.393828532238895
tc50_buf4,10000000,0.1,2022,50,0.21303808750987097,0.03058592270493522,0.9668385861684693,1.6689971983584555
tc50_buf4,10000000,0.1,2023,50,0.10256510574908084,0.03141171266642392,0.9781601063870198,1.1057586410699787
tc50_buf4,10000000,0.1,2024,52,0.10336350350528711,0.031648212263187196,0.9299970226456046,3.7494943360747746
tc50_buf4,10000000,0.1,2025,51,0.3405542641657986,0.02838376389356466,0.9004749883073219,5.215870014143477
tc50_buf4,10000000,0.2,2020,46,0.47682083965177746,0.026827962364290085,0.9448638788629561,2.5692259420172725
tc50_buf4,10000000,0.2,2021,52,0.8587556471607445,0.03198956697983473,0.9543424815603233,2.393828532238895
tc50_buf4,10000000,0.2,2022,50,0.21303808750987097,0.03058592270493522,0.9668385861684693,1.6689971983584555
tc50_buf4,10000000,0.2,2023,50,0.10256510574908084,0.03141171266642392,0.9781601063870198,1.1057586410699787
tc50_buf4,10000000,0.2,2024,52,0.10336350350528711,0.031648212263187196,0.9299970226456046,3.7494943360747746
tc50_buf4,10000000,0.2,2025,51,0.3405542641657986,0.02838376389356466,0.9004749883073219,5.215870014143477
tc50_buf4,30000000,0.05,2020,46,0.4713956999460118,0.030614560310845085,0.9447514961829238,2.574626706636763
tc50_buf4,30000000,0.05,2021,52,0.846036465308805,0.036928562362996444,0.9526997838037369,2.4814500780607824
tc50_buf4,30000000,0.05,2022,50,0.20775665528036313,0.03505492170644438,0.9661995534796922,1.7012421510620974
tc50_buf4,30000000,0.05,2023,50,0.09716610370421574,0.03629192816108888,0.978000505113496,1.1139013586568414
tc50_buf4,30000000,0.05,2024,52,0.09791565253274959,0.036502851870458985,0.9292536457068786,3.7870309490363114
tc50_buf4,30000000,0.05,2025,51,0.3358679455803051,0.031882984105431986,0.9004723143839015,5.216013827216438
tc50_buf4,30000000,0.1,2020,46,0.4712226475910013,0.030623474894119852,0.9448638788629561,2.5692259420172725
tc50_buf4,30000000,0.1,2021,52,0.8492033343762939,0.03705486460345725,0.9541665170450886,2.4032441392953565
tc50_buf4,30000000,0.1,2022,50,0.20752512427871883,0.03513795615918121,0.9668381694928537,1.6690187793977822
tc50_buf4,30000000,0.1,2023,50,0.09718331775838762,0.036301476423655187,0.9781601063870198,1.1057586410699787
tc50_buf4,30000000,0.1,2024,52,0.09806894309983871,0.036593024156208444,0.929995830554498,3.749403889339125
tc50_buf4,30000000,0.1,2025,51,0.33586969163676783,0.031883176551739126,0.9004790051822763,5.215653972910993
tc50_buf4,30000000,0.2,2020,46,0.4712226475910013,0.030623474894119852,0.9448638788629561,2.5692259420172725
tc50_buf4,30000000,0.2,2021,52,0.8493447776861891,0.03706198559131757,0.9543424815603233,2.393828532238895
tc50_buf4,30000000,0.2,2022,50,0.20752518770467532,0.03513796520134118,0.9668385861684693,1.6689971983584555
tc50_buf4,30000000,0.2,2023,50,0.09718331775838762,0.036301476423655187,0.9781601063870198,1.1057586410699787
tc50_buf4,30000000,0.2,2024,52,0.09790970815439026,0.03660004454471067,0.9299970226456046,3.7494943360747746
tc50_buf4,30000000,0.2,2025,51,0.33586864337772226,0.03188306101504433,0.9004749883073219,5.215870014143477
tc50_buf4,100000000,0.05,2020,46,0.47176775168806073,0.03614474770285469,0.9188140281554951,3.8179682269756685
tc50_buf4,100000000,0.05,2021,52,0.8003374466528572,0.040724854392502105,0.8853986365718385,6.0903556043508
tc50_buf4,100000000,0.05,2022,50,0.20152241576624563,0.040627617419333004,0.9302839231428179,3.517029634996704
tc50_buf4,100000000,0.05,2023,50,0.07399377378629612,0.04199641102123942,0.9312523776341856,3.4916562325898575
tc50_buf4,100000000,0.05,2024,52,0.07339246684431444,0.042875979611495675,0.8875422635191662,6.117921048301197
tc50_buf4,100000000,0.05,2025,51,0.32650120954684847,0.03826449642281409,0.8940828062571219,5.5771611886574135
tc50_buf4,100000000,0.1,2020,46,0.461933010714336,0.03775505388424224,0.9423808366253165,2.686171484855898
tc50_buf4,100000000,0.1,2021,52,0.825065333550105,0.04560812428754235,0.943018742823313,2.9920841178798976
tc50_buf4,100000000,0.1,2022,50,0.1971604783943337,0.04340905038775944,0.9623717223898853,1.8957030376099369
tc50_buf4,100000000,0.1,2023,50,0.0864724393642764,0.04544510604053766,0.9745155443706356,1.2907727953350763
tc50_buf4,100000000,0.1,2024,52,0.08635341883226966,0.04566915583644765,0.924201711945735,4.063131959762291
tc50_buf4,100000000,0.1,2025,51,0.3268709867713553,0.03866728955711876,0.8997628673700847,5.254586247315895
tc50_buf4,100000000,0.2,2020,46,0.46036125549580054,0.038036096514290754,0.9448267386417114,2.571102481074777
tc50_buf4,100000000,0.2,2021,52,0.829641558617694,0.04685307730362494,0.9534367334237223,2.4420327561426687
tc50_buf4,100000000,0.2,2022,50,0.1970531995899989,0.043969501428872716,0.9665738425536542,1.682260097168427
tc50_buf4,100000000,0.2,2023,50,0.08674291734560735,0.045854736055572186,0.9781601063870198,1.1057586410699787
tc50_buf4,100000000,0.2,2024,52,0.08826164104044687,0.04618399749570771,0.9297457959595457,3.7620916913744464
tc50_buf4,100000000,0.2,2025,51,0.32676596322108087,0.038720570228454855,0.9004972563506499,5.214672370867954
tc60_buf1,10000000,0.05,2020,46,0.42214823485275565,0.030806511890200165,0.949533493158126,2.6426314294002102
tc60_buf1,10000000,0.05,2021,52,0.9343363024019484,0.037064813270545886,0.959677260357284,2.416320336960033
tc60_buf1,10000000,0.05,2022,50,0.2675633114160787,0.035808185983404614,0.9698719273818991,1.7565186150589414
tc60_buf1,10000000,0.05,2023,50,0.17746941906429026,0.03721577456822738,0.9821559192091754,1.0627778685162221
tc60_buf1,10000000,0.05,2024,52,0.12741434903495574,0.03712667024528832,0.9382856307981311,3.8372993873281596
tc60_buf1,10000000,0.05,2025,51,0.3865921726386037,0.033427105676164276,0.9139996381775862,5.2185665510213575
tc60_buf1,10000000,0.1,2020,46,0.42214823485275565,0.030806511890200165,0.949533493158126,2.6426314294002102
tc60_buf1,10000000,0.1,2021,52,0.9343363024019484,0.037064813270545886,0.959677260357284,2.416320336960033
tc60_buf1,10000000,0.1,2022,50,0.2675633114160787,0.035808185983404614,0.9698719273818991,1.7565186150589414
tc60_buf1,10000000,0.1,2023,50,0.17746941906429026,0.03721577456822738,0.9821559192091754,1.0627778685162221
tc60_buf1,10000000,0.1,2024,52,0.12741434903495574,0.03712667024528832,0.9382856307981311,3.8372993873281596
tc60_buf1,10000000,0.1,2025,51,0.3865921726386037,0.033427105676164276,0.9139996381775862,5.2185665510213575
tc60_buf1,10000000,0.2,2020,46,0.42214823485275565,0.030806511890200165,0.949533493158126,2.6426314294002102
tc60_buf1,10000000,0.2,2021,52,0.9343363024019484,0.037064813270545886,0.959677260357284,2.416320336960033
tc60_buf1,10000000,0.2,2022,50,0.2675633114160787,0.035808185983404614,0.9698719273818991,1.7565186150589414
tc60_buf1,10000000,0.2,2023,50,0.17746941906429026,0.03721577456822738,0.9821559192091754,1.0627778685162221
tc60_buf1,10000000,0.2,2024,52,0.12741434903495574,0.03712667024528832,0.9382856307981311,3.8372993873281596
tc60_buf1,10000000,0.2,2025,51,0.3865921726386037,0.033427105676164276,0.9139996381775862,5.2185665510213575
tc60_buf1,30000000,0.05,2020,46,0.41654933482478085,0.03517116318564403,0.9492018664374433,2.6614579254196933
tc60_buf1,30000000,0.05,2021,52,0.9192618342272301,0.042797648570518196,0.9581617562997956,2.5101348525079246
tc60_buf1,30000000,0.05,2022,50,0.2611840093513773,0.041044221837473256,0.9693779451760816,1.7863585710902463
tc60_buf1,30000000,0.05,2023,50,0.17063308137717415,0.04300695181907824,0.9820270461059576,1.0706327641955045
tc60_buf1,30000000,0.05,2024,52,0.1199489999301886,0.04284899925693998,0.9373353155328286,3.894526147884108
tc60_buf1,30000000,0.05,2025,51,0.38085360145120406,0.03756498807997726,0.9139774559388573,5.219926470314274
tc60_buf1,30000000,0.1,2020,46,0.41592088332512955,0.035191744906714936,0.949533493158126,2.6426314294002102
tc60_buf1,30000000,0.1,2021,52,0.9227822618383139,0.042949913243094995,0.959625055014253,2.41942118299884
tc60_buf1,30000000,0.1,2022,50,0.26083878749427414,0.04112312245778195,0.9698714913267306,1.7565445138917561
tc60_buf1,30000000,0.1,2023,50,0.17065370343141195,0.04301633233954823,0.9821559192091754,1.0627778685162221
tc60_buf1,30000000,0.1,2024,52,0.12088408101837156,0.04292944082125534,0.9382418484453601,3.8402101532554407
tc60_buf1,30000000,0.1,2025,51,0.3808612982953723,0.03756576725416633,0.9139995958186912,5.218569147885586
tc60_buf1,30000000,0.2,2020,46,0.41592088332512955,0.035191744906714936,0.949533493158126,2.6426314294002102
tc60_buf1,30000000,0.2,2021,52,0.9229725678857204,0.042952233331536784,0.959677260357284,2.416320336960033
tc60_buf1,30000000,0.2,2022,50,0.26083892052890456,0.041123135020393616,0.9698719273818991,1.7565186150589414
tc60_buf1,30000000,0.2,2023,50,0.17065370343141195,0.04301633233954823,0.9821559192091754,1.0627778685162221
tc60_buf1,30000000,0.2,2024,52,0.12088349829836909,0.042931710261027024,0.9382856307981311,3.8372993873281596
tc60_buf1,30000000,0.2,2025,51,0.380861313021287,0.037565768744912215,0.9139996381775862,5.2185665510213575
tc60_buf1,100000000,0.05,2020,46,0.4157483921807996,0.041302893796268336,0.9224695831867809,4.112503555609708
tc60_buf1,100000000,0.05,2021,52,0.8520640348209654,0.04724291015418494,0.8938423498977777,6.399945474609273
tc60_buf1,100000000,0.05,2022,50,0.25064735624118617,0.04763802643043768,0.9364398809001184,3.6985534204520323
tc60_buf1,100000000,0.05,2023,50,0.13884337780347167,0.04970642849918414,0.9382309021746486,3.673763714434209
tc60_buf1,100000000,0.05,2024,52,0.08951177948725575,0.05026741642575197,0.8984141702487827,6.394946239351606
tc60_buf1,100000000,0.05,2025,51,0.36690128790813614,0.04511010093066125,0.9082571231055159,5.590794221214598
tc60_buf1,100000000,0.1,2020,46,0.4051643690808464,0.04340808419336195,0.9466753111486668,2.797420669101828
tc60_buf1,100000000,0.1,2021,52,0.8906966787574435,0.05288124551593389,0.9484766465711899,3.090897610277186
tc60_buf1,100000000,0.1,2022,50,0.2490318372131155,0.050867094221362624,0.965995959966553,1.9845474438744677
tc60_buf1,100000000,0.1,2023,50,0.15677662448788188,0.053882720693500884,0.9788529730333738,1.2607187373802047
tc60_buf1,100000000,0.1,2024,52,0.10553846990958293,0.05360573622247231,0.9324147494199841,4.208979486904582
tc60_buf1,100000000,0.1,2025,51,0.36873774096153733,0.04558291662556772,0.9131620991543735,5.271591720603849
tc60_buf1,100000000,0.2,2020,46,0.4039543226644242,0.04375216880461363,0.9494654103506197,2.6464693481554518
tc60_buf1,100000000,0.2,2021,52,0.8997435511903724,0.05433045620051727,0.9590047244067196,2.4576485005002864
tc60_buf1,100000000,0.2,2022,50,0.24805408667042017,0.05144497972736345,0.9696524371155338,1.7697220497912953
tc60_buf1,100000000,0.2,2023,50,0.1574489749832939,0.05434903411218748,0.9821559192091754,1.0627778685162221
tc60_buf1,100000000,0.2,2024,52,0.10868298248716357,0.05420540715278503,0.9378710309265073,3.8638754301209604
tc60_buf1,100000000,0.2,2025,51,0.36973434838842767,0.04565196193187914,0.9140078622096016,5.218062367969655
tc60_buf2,10000000,0.05,2020,46,0.4555284269793185,0.03114799189952926,0.965666559367241,1.8058496720833266
tc60_buf2,10000000,0.05,2021,52,0.9374080379946272,0.037107048105503714,0.9639836470365329,2.1451894009120913
tc60_buf2,10000000,0.05,2022,50,0.24667972212972122,0.035789523281485415,0.9705582765585262,1.715038380373732
tc60_buf2,10000000,0.05,2023,50,0.17444360476863618,0.03723826034644092,0.9824210709067142,1.0465665615165893
tc60_buf2,10000000,0.05,2024,52,0.12210083429475227,0.03720156630532903,0.9377676325426576,3.9058652003065135
tc60_buf2,10000000,0.05,2025,51,0.40088578430539346,0.03351763871382586,0.9139459950394477,5.233484949733116
tc60_buf2,10000000,0.1,2020,46,0.4555284269793185,0.03114799189952926,0.965666559367241,1.8058496720833266
tc60_buf2,10000000,0.1,2021,52,0.9374080379946272,0.037107048105503714,0.9639836470365329,2.1451894009120913
tc60_buf2,10000000,0.1,2022,50,0.24667972212972122,0.035789523281485415,0.9705582765585262,1.715038380373732
tc60_buf2,10000000,0.1,2023,50,0.17444360476863618,0.03723826034644092,0.9824210709067142,1.0465665615165893
tc60_buf2,10000000,0.1,2024,52,0.12210083429475227,0.03720156630532903,0.9377676325426576,3.9058652003065135
tc60_buf2,10000000,0.1,2025,51,0.40088578430539346,0.03351763871382586,0.9139459950394477,5.233484949733116
tc60_buf2,10000000,0.2,2020,46,0.4555284269793185,0.03114799189952926,0.965666559367241,1.8058496720833266
tc60_buf2,10000000,0.2,2021,52,0.9374080379946272,0.037107048105503714,0.9639836470365329,2.1451894009120913
tc60_buf2,10000000,0.2,2022,50,0.24667972212972122,0.035789523281485415,0.9705582765585262,1.715038380373732
tc60_buf2,10000000,0.2,2023,50,0.17444360476863618,0.03723826034644092,0.9824210709067142,1.0465665615165893
tc60_buf2,10000000,0.2,2024,52,0.12210083429475227,0.03720156630532903,0.9377676325426576,3.9058652003065135
tc60_buf2,10000000,0.2,2025,51,0.40088578430539346,0.03351763871382586,0.9139459950394477,5.233484949733116
tc60_buf2,30000000,0.05,2020,46,0.4491454655870699,0.03558231543047955,0.9654524394317162,1.8180212687676973
tc60_buf2,30000000,0.05,2021,52,0.9222924688825982,0.042835662288797,0.9622901361925016,2.250794227318567
tc60_buf2,30000000,0.05,2022,50,0.24031343003264394,0.041008640203625386,0.9699697467608934,1.7504950733597546
tc60_buf2,30000000,0.05,2023,50,0.1676182885189772,0.043035030828962664,0.9822922201696872,1.0544235726920757
tc60_buf2,30000000,0.05,2024,52,0.11473511829306404,0.04293620260439886,0.9368343316838386,3.9625716566957423
tc60_buf2,30000000,0.05,2025,51,0.3950729998373328,0.037666773585784734,0.9139255224320914,5.234744865934864
tc60_buf2,30000000,0.1,2020,46,0.44906852092312954,0.03559276651496683,0.965666559367241,1.8058496720833266
tc60_buf2,30000000,0.1,2021,52,0.9258130036911938,0.04300370402485112,0.9639334369292332,2.1482737192196684
tc60_buf2,30000000,0.1,2022,50,0.24008001643944255,0.041093186724388775,0.9705578570922434,1.7150632942915816
tc60_buf2,30000000,0.1,2023,50,0.16763885776132725,0.04304441471011029,0.9824210709067142,1.0465665615165893
tc60_buf2,30000000,0.1,2024,52,0.11558854196868618,0.04301627627251129,0.93772387032726,3.9087752487026313
tc60_buf2,30000000,0.1,2025,51,0.3950802230982262,0.03766747732983948,0.9139459642801702,5.233486842693575
tc60_buf2,30000000,0.2,2020,46,0.44906852092312954,0.03559276651496683,0.965666559367241,1.8058496720833266
tc60_buf2,30000000,0.2,2021,52,0.9260039338835717,0.04300603828979891,0.9639836470365329,2.1451894009120913
tc60_buf2,30000000,0.2,2022,50,0.24008011606491064,0.041093197740599406,0.9705582765585262,1.715038380373732
tc60_buf2,30000000,0.2,2023,50,0.16763885776132725,0.04304441471011029,0.9824210709067142,1.0465665615165893
tc60_buf2,30000000,0.2,2024,52,0.11558741932531036,0.04301855323433575,0.9377676325426576,3.9058652003065135
tc60_buf2,30000000,0.2,2025,51,0.39508023396722036,0.03766747838877692,0.9139459950394477,5.233484949733116
tc60_buf2,100000000,0.05,2020,46,0.44788158440036363,0.04179373109213175,0.9358523887313605,3.416068458736804
tc60_buf2,100000000,0.05,2021,52,0.8504159583788415,0.047296800973600756,0.8955460701195176,6.30500522403992
tc60_buf2,100000000,0.05,2022,50,0.23444070495939795,0.04769981545488758,0.9367118714729753,3.693940165041716
tc60_buf2,100000000,0.05,2023,50,0.13931681629215253,0.049753356643893305,0.9369142253519044,3.7676315406707834
tc60_buf2,100000000,0.05,2024,52,0.08500444030670251,0.05039972087858106,0.8971570784495615,6.517400719748116
tc60_buf2,100000000,0.05,2025,51,0.38145708538006295,0.045258302666660935,0.9084461761197196,5.59225836819701
tc60_buf2,100000000,0.1,2020,46,0.43708885461672775,0.043923068460208325,0.9623784557819709,1.9823645739910332
tc60_buf2,100000000,0.1,2021,52,0.8918646932352696,0.05297147240393183,0.9525635447272246,2.839791800919052
tc60_buf2,100000000,0.1,2022,50,0.22773823573233254,0.050832902275676516,0.9666463667212226,1.944683765569482
tc60_buf2,100000000,0.1,2023,50,0.15379776147393054,0.053913739478681194,0.9788456957466568,1.2614520370003082
tc60_buf2,100000000,0.1,2024,52,0.10089693969646607,0.05370194379042887,0.9318468836374596,4.281998726631739
tc60_buf2,100000000,0.1,2025,51,0.3830583160507759,0.04571307369685642,0.9131905562545239,5.281554196250638
tc60_buf2,100000000,0.2,2020,46,0.43654427872611246,0.04427385032937905,0.9656339845946016,1.8077424360679568
tc60_buf2,100000000,0.2,2021,52,0.9027183611725382,0.05439798860642164,0.9632518733604916,2.1906834075155874
tc60_buf2,100000000,0.2,2022,50,0.22753011637552722,0.051392626241655075,0.9703349193859039,1.7283877950529276
tc60_buf2,100000000,0.2,2023,50,0.15445548365630812,0.05438805069192893,0.9824210709067142,1.0465665615165893
tc60_buf2,100000000,0.2,2024,52,0.10345165860422689,0.05431505634075824,0.937355576360833,3.9323235934887864
tc60_buf2,100000000,0.2,2025,51,0.38380868031505244,0.04577553168464191,0.9139549217764953,5.232935590034041
tc60_buf3,10000000,0.05,2020,46,0.4612304096638551,0.03119560180597202,0.9657143976233382,1.8045391922700387
tc60_buf3,10000000,0.05,2021,52,0.9417894156382391,0.037105579060548385,0.963552909415625,2.1735442171263233
tc60_buf3,10000000,0.05,2022,50,0.23534384626599603,0.035803134641052385,0.9705522616304403,1.715632661848261
tc60_buf3,10000000,0.05,2023,50,0.17426114955931649,0.03726315550980442,0.9823737173960332,1.0495762931615946
tc60_buf3,10000000,0.05,2024,52,0.13362085586485506,0.03723363008236579,0.9370147255678746,3.9693636531708685
tc60_buf3,10000000,0.05,2025,51,0.3902065632365741,0.03353661356611975,0.9139145690620225,5.237448518535824
tc60_buf3,10000000,0.1,2020,46,0.4612304096638551,0.03119560180597202,0.9657143976233382,1.8045391922700387
tc60_buf3,10000000,0.1,2021,52,0.9417894156382391,0.037105579060548385,0.963552909415625,2.1735442171263233
tc60_buf3,10000000,0.1,2022,50,0.23534384626599603,0.035803134641052385,0.9705522616304403,1.715632661848261
tc60_buf3,10000000,0.1,2023,50,0.17426114955931649,0.03726315550980442,0.9823737173960332,1.0495762931615946
tc60_buf3,10000000,0.1,2024,52,0.13362085586485506,0.03723363008236579,0.9370147255678746,3.9693636531708685
tc60_buf3,10000000,0.1,2025,51,0.3902065632365741,0.03353661356611975,0.9139145690620225,5.237448518535824
tc60_buf3,10000000,0.2,2020,46,0.4612304096638551,0.03119560180597202,0.9657143976233382,1.8045391922700387
tc60_buf3,10000000,0.2,2021,52,0.9417894156382391,0.037105579060548385,0.963552909415625,2.1735442171263233
tc60_buf3,10000000,0.2,2022,50,0.23534384626599603,0.035803134641052385,0.9705522616304403,1.715632661848261
tc60_buf3,10000000,0.2,2023,50,0.17426114955931649,0.03726315550980442,0.9823737173960332,1.0495762931615946
tc60_buf3,10000000,0.2,2024,52,0.13362085586485506,0.03723363008236579,0.9370147255678746,3.9693636531708685
tc60_buf3,10000000,0.2,2025,51,0.3902065632365741,0.03353661356611975,0.9139145690620225,5.237448518535824
tc60_buf3,30000000,0.05,2020,46,0.45481304180461146,0.035635751393632495,0.9655015630466346,1.8167108010233388
tc60_buf3,30000000,0.05,2021,52,0.9266358252210176,0.042836329725900846,0.9618600572737661,2.2791417517654837
tc60_buf3,30000000,0.05,2022,50,0.22902823480150136,0.04102626437274912,0.9699616303440951,1.751234120551882
tc60_buf3,30000000,0.05,2023,50,0.1674318487952593,0.04306423387258213,0.9822449550861042,1.0574333043370814
tc60_buf3,30000000,0.05,2024,52,0.1261303839332597,0.042972388612646295,0.936078247458685,4.026151249658327
tc60_buf3,30000000,0.05,2025,51,0.38442913142185553,0.03769198481789586,0.9138931997262523,5.238764886192295
tc60_buf3,30000000,0.1,2020,46,0.4547366994606683,0.03564620744044331,0.9657143976233382,1.8045391922700387
tc60_buf3,30000000,0.1,2021,52,0.9301636924454468,0.043004549350197666,0.9635026953939783,2.1766284984511026
tc60_buf3,30000000,0.1,2022,50,0.22879913668647522,0.041110873258262244,0.9705518416416878,1.7156576210096723
tc60_buf3,30000000,0.1,2023,50,0.16745242497528867,0.04307361574916866,0.9823737173960332,1.0495762931615946
tc60_buf3,30000000,0.1,2024,52,0.12703689425364106,0.043052817596801414,0.9369709516646639,3.9722736471226296
tc60_buf3,30000000,0.1,2025,51,0.38443658217078114,0.037692714746111126,0.9139145435989823,5.237450087066969
tc60_buf3,30000000,0.2,2020,46,0.4547366994606683,0.03564620744044331,0.9657143976233382,1.8045391922700387
tc60_buf3,30000000,0.2,2021,52,0.9303550485941516,0.04300688362216282,0.963552909415625,2.1735442171263233
tc60_buf3,30000000,0.2,2022,50,0.22879923522187307,0.04111088421782174,0.9705522616304403,1.715632661848261
tc60_buf3,30000000,0.2,2023,50,0.16745242497528867,0.04307361574916866,0.9823737173960332,1.0495762931615946
tc60_buf3,30000000,0.2,2024,52,0.1270355181867402,0.04305509294672316,0.9370147255678746,3.9693636531708685
tc60_buf3,30000000,0.2,2025,51,0.3844365910594576,0.03769271561690773,0.9139145690620225,5.237448518535824
tc60_buf3,100000000,0.05,2020,46,0.45362878371628645,0.0418619821475148,0.935681462429249,3.432645132483231
tc60_buf3,100000000,0.05,2021,52,0.8539815544693996,0.04727147282966157,0.8949565633184666,6.3447859017906225
tc60_buf3,100000000,0.05,2022,50,0.22224335409207585,0.04773931402812241,0.9365113293670582,3.7099847386717726
tc60_buf3,100000000,0.05,2023,50,0.1356523185165568,0.04977086135556063,0.9365920565507468,3.788062848927495
tc60_buf3,100000000,0.05,2024,52,0.0940562752186358,0.05047344848909256,0.8966336497230633,6.583166202312161
tc60_buf3,100000000,0.05,2025,51,0.370850048505055,0.04528913500381018,0.9082801407305253,5.604460049941402
tc60_buf3,100000000,0.1,2020,46,0.44268683501090145,0.04398754315080755,0.9624346465774722,1.981230863546431
tc60_buf3,100000000,0.1,2021,52,0.8964203168969589,0.052976560595667924,0.9521399428390622,2.868355125546241
tc60_buf3,100000000,0.1,2022,50,0.21628340013755332,0.050851977737667774,0.9665492963967591,1.9510133626646677
tc60_buf3,100000000,0.1,2023,50,0.15366994822418478,0.0539573851368124,0.9789073278922864,1.258027788168234
tc60_buf3,100000000,0.1,2024,52,0.11159770138883163,0.053780699298720244,0.9311680365129956,4.3423749378765955
tc60_buf3,100000000,0.1,2025,51,0.3724858467180405,0.04575010784777136,0.9131474963088917,5.286262998206484
tc60_buf3,100000000,0.2,2020,46,0.4421470029140715,0.04433868344643815,0.9656818224716843,1.8064319671330706
tc60_buf3,100000000,0.2,2021,52,0.9070068643816893,0.05440306606570694,0.9628209102026675,2.219042272360442
tc60_buf3,100000000,0.2,2022,50,0.2163536983994765,0.05141827511606872,0.9703288936016018,1.72898264949466
tc60_buf3,100000000,0.2,2023,50,0.1542614271912517,0.05442566423320584,0.9823737173960332,1.0495762931615946
tc60_buf3,100000000,0.2,2024,52,0.11475656749014251,0.05435970639745955,0.9366010560577305,3.995872711701625
tc60_buf3,100000000,0.2,2025,51,0.3732341190912618,0.04581299112954161,0.9139232639358976,5.236912913280868
tc60_buf4,10000000,0.05,2020,46,0.4561421244685653,0.031197431205293006,0.9656965540916359,1.8055030415023536
tc60_buf4,10000000,0.05,2021,52,0.9240285549206602,0.03709342919282548,0.9633679735425248,2.183822901501662
tc60_buf4,10000000,0.05,2022,50,0.23682620294715417,0.03581358259392973,0.9711022437412897,1.682081706146771
tc60_buf4,10000000,0.05,2023,50,0.1715667016576954,0.03727005395491569,0.9823796923754224,1.0492843517253487
tc60_buf4,10000000,0.05,2024,52,0.12343575247053873,0.03723161082924452,0.9368920602112681,3.9763093801307736
tc60_buf4,10000000,0.05,2025,51,0.3830098029480131,0.03352841790846462,0.9136271230841121,5.2550992254463615
tc60_buf4,10000000,0.1,2020,46,0.4561421244685653,0.031197431205293006,0.9656965540916359,1.8055030415023536
tc60_buf4,10000000,0.1,2021,52,0.9240285549206602,0.03709342919282548,0.9633679735425248,2.183822901501662
tc60_buf4,10000000,0.1,2022,50,0.23682620294715417,0.03581358259392973,0.9711022437412897,1.682081706146771
tc60_buf4,10000000,0.1,2023,50,0.1715667016576954,0.03727005395491569,0.9823796923754224,1.0492843517253487
tc60_buf4,10000000,0.1,2024,52,0.12343575247053873,0.03723161082924452,0.9368920602112681,3.9763093801307736
tc60_buf4,10000000,0.1,2025,51,0.3830098029480131,0.03352841790846462,0.9136271230841121,5.2550992254463615
tc60_buf4,10000000,0.2,2020,46,0.4561421244685653,0.031197431205293006,0.9656965540916359,1.8055030415023536
tc60_buf4,10000000,0.2,2021,52,0.9240285549206602,0.03709342919282548,0.9633679735425248,2.183822901501662
tc60_buf4,10000000,0.2,2022,50,0.23682620294715417,0.03581358259392973,0.9711022437412897,1.682081706146771
tc60_buf4,10000000,0.2,2023,50,0.1715667016576954,0.03727005395491569,0.9823796923754224,1.0492843517253487
tc60_buf4,10000000,0.2,2024,52,0.12343575247053873,0.03723161082924452,0.9368920602112681,3.9763093801307736
tc60_buf4,10000000,0.2,2025,51,0.3830098029480131,0.03352841790846462,0.9136271230841121,5.2550992254463615
tc60_buf4,30000000,0.05,2020,46,0.44974486097342936,0.03563912580607695,0.9654837196559297,1.8176746414295026
tc60_buf4,30000000,0.05,2021,52,0.9090324257110742,0.04282259430483959,0.9617023313517978,2.287547893225238
tc60_buf4,30000000,0.05,2022,50,0.2306076008532436,0.04104277154961217,0.9706037714812333,1.7120625250043675
tc60_buf4,30000000,0.05,2023,50,0.16474973177765162,0.04307399787627388,0.9822509571370265,1.057141362900835
tc60_buf4,30000000,0.05,2024,52,0.11617089843558426,0.04296293872412887,0.9358311019867049,4.041078387072481
tc60_buf4,30000000,0.05,2025,51,0.3772651120745383,0.037682619525906354,0.9136088351046818,5.256226024757128
tc60_buf4,30000000,0.1,2020,46,0.4496687844958569,0.03564958186638286,0.9656965540916359,1.8055030415023536
tc60_buf4,30000000,0.1,2021,52,0.9125130932073822,0.04299034097987971,0.9633177724259814,2.1869073045492593
tc60_buf4,30000000,0.1,2022,50,0.23027259194004235,0.041122170635912045,0.9711018211240082,1.6821068236821435
tc60_buf4,30000000,0.1,2023,50,0.1647702590180855,0.043083380069670225,0.9823796923754224,1.0492843517253487
tc60_buf4,30000000,0.1,2024,52,0.11691008333491992,0.043051591048050564,0.9368483152201205,3.9792191720039067
tc60_buf4,30000000,0.1,2025,51,0.3772714498382437,0.03768324382216104,0.9136270979354504,5.255100774951096
tc60_buf4,30000000,0.2,2020,46,0.4496687844958569,0.03564958186638286,0.9656965540916359,1.8055030415023536
tc60_buf4,30000000,0.2,2021,52,0.9127027170514841,0.04299267519170404,0.9633679735425248,2.183822901501662
tc60_buf4,30000000,0.2,2022,50,0.2302726913545392,0.04112218159527548,0.9711022437412897,1.682081706146771
tc60_buf4,30000000,0.2,2023,50,0.1647702590180855,0.043083380069670225,0.9823796923754224,1.0492843517253487
tc60_buf4,30000000,0.2,2024,52,0.11690870262992892,0.04305385941222243,0.9368920602112681,3.9763093801307736
tc60_buf4,30000000,0.2,2025,51,0.3772714585656025,0.037683244681841595,0.9136271230841121,5.2550992254463615
tc60_buf4,100000000,0.05,2020,46,0.4479163813286726,0.041884317718302984,0.9354163884801829,3.4494024056742427
tc60_buf4,100000000,0.05,2021,52,0.8386654944884366,0.047262263277088996,0.8949040199845245,6.345984499530596
tc60_buf4,100000000,0.05,2022,50,0.22602116491626933,0.04774475277504449,0.9365563796938531,3.7080095570440337
tc60_buf4,100000000,0.05,2023,50,0.13276547560467278,0.04977526075814695,0.936260726322891,3.8082099871269497
tc60_buf4,100000000,0.05,2024,52,0.08568003365316335,0.05047011377173655,0.895463308940243,6.666332207530708
tc60_buf4,100000000,0.05,2025,51,0.3637628698037527,0.045278720174344166,0.9080189040441041,5.620561134903949
tc60_buf4,100000000,0.1,2020,46,0.43733617872026853,0.04398709318817824,0.9623363079528527,1.9862457852817013
tc60_buf4,100000000,0.1,2021,52,0.8796115783208516,0.05295992396005637,0.951995444040983,2.875980712260529
tc60_buf4,100000000,0.1,2022,50,0.21821353365703144,0.050867162252808754,0.9671453491430411,1.9146572669177817
tc60_buf4,100000000,0.1,2023,50,0.15100847395002925,0.053972674976393485,0.9789139621923666,1.2577072185339053
tc60_buf4,100000000,0.1,2024,52,0.10195021386045089,0.05374790673013657,0.9304448758585357,4.387874569121654
tc60_buf4,100000000,0.1,2025,51,0.36538779958012824,0.04573844540712548,0.9128661133088475,5.303547232325587
tc60_buf4,100000000,0.2,2020,46,0.4371186028441172,0.04434507641688227,0.965663979067071,1.8073958084098838
tc60_buf4,100000000,0.2,2021,52,0.8895771993641677,0.05438423764254454,0.9626359242022052,2.229312451358104
tc60_buf4,100000000,0.2,2022,50,0.21781019449377248,0.051431232819738625,0.9708788503566449,1.6954327582922928
tc60_buf4,100000000,0.2,2023,50,0.1516031115339751,0.054441027689583005,0.9823796923754224,1.0492843517253487
tc60_buf4,100000000,0.2,2024,52,0.1048105154839194,0.05434769240917727,0.9363614299159061,4.010251890893216
tc60_buf4,100000000,0.2,2025,51,0.3661308199570008,0.04580108966136396,0.9136371825590119,5.25447942514309
