date,signal_date,next_date,return,num_stocks,turnover,pre_candidate_pool_size,selected_codes
2020-02-17,2020-02-14,2020-02-24,0.1025274657064681,100,0.0,500,"['300037.SZ', '002792.SZ', '002023.SZ', '300590.SZ', '603596.SH', '300699.SZ', '000516.SZ', '603881.SH', '002369.SZ', '000931.SZ', '300674.SZ', '002859.SZ', '002851.SZ', '000710.SZ', '002579.SZ', '002618.SZ', '300568.SZ', '002474.SZ', '300634.SZ', '300725.SZ', '300429.SZ', '002421.SZ', '603712.SH', '300630.SZ', '300676.SZ', '002063.SZ', '300298.SZ', '300735.SZ', '002389.SZ', '002847.SZ', '300357.SZ', '002106.SZ', '002920.SZ', '300602.SZ', '300009.SZ', '300497.SZ', '603936.SH', '300232.SZ', '600478.SH', '002276.SZ', '300570.SZ', '601615.SH', '002288.SZ', '300623.SZ', '300229.SZ', '002151.SZ', '603127.SH', '603305.SH', '000823.SZ', '300657.SZ', '000813.SZ', '300666.SZ', '002124.SZ', '002912.SZ', '300456.SZ', '002733.SZ', '603060.SH', '300170.SZ', '300751.SZ', '002139.SZ', '002567.SZ', '000735.SZ', '002222.SZ', '603043.SH', '300054.SZ', '300101.SZ', '603718.SH', '300603.SZ', '002055.SZ', '300448.SZ', '300523.SZ', '002446.SZ', '300672.SZ', '300386.SZ', '300682.SZ', '300679.SZ', '603220.SH', '002783.SZ', '300770.SZ', '300131.SZ', '300685.SZ', '600707.SH', '300401.SZ', '002484.SZ', '300573.SZ', '300079.SZ', '300352.SZ', '300183.SZ', '603068.SH', '300474.SZ', '002332.SZ', '300527.SZ', '300292.SZ', '603516.SH', '002364.SZ', '300365.SZ', '600523.SH', '300081.SZ', '300252.SZ', '600602.SH']"
2020-02-24,2020-02-21,2020-03-02,-0.055647615769706366,100,0.5,500,"['002792.SZ', '000516.SZ', '002474.SZ', '300568.SZ', '300170.SZ', '300037.SZ', '002151.SZ', '603881.SH', '300365.SZ', '002063.SZ', '002389.SZ', '300770.SZ', '002618.SZ', '300751.SZ', '600478.SH', '002276.SZ', '000931.SZ', '002579.SZ', '300657.SZ', '002859.SZ', '300101.SZ', '002364.SZ', '300456.SZ', '300674.SZ', '000710.SZ', '002421.SZ', '300666.SZ', '600602.SH', '300672.SZ', '603068.SH', '300229.SZ', '300523.SZ', '300634.SZ', '600523.SH', '300298.SZ', '603936.SH', '300630.SZ', '002222.SZ', '601615.SH', '002106.SZ', '300725.SZ', '300448.SZ', '300685.SZ', '002920.SZ', '300590.SZ', '603220.SH', '300429.SZ', '603712.SH', '002446.SZ', '002851.SZ', '002313.SZ', '300520.SZ', '300633.SZ', '603033.SH', '603636.SH', '600876.SH', '300047.SZ', '603876.SH', '300525.SZ', '000561.SZ', '600184.SH', '000697.SZ', '000802.SZ', '002876.SZ', '300031.SZ', '000547.SZ', '300604.SZ', '300098.SZ', '300149.SZ', '600151.SH', '300367.SZ', '600936.SH', '300027.SZ', '600601.SH', '600771.SH', '002331.SZ', '600480.SH', '600990.SH', '603218.SH', '002376.SZ', '000738.SZ', '300065.SZ', '300035.SZ', '600756.SH', '600207.SH', '600855.SH', '300368.SZ', '002279.SZ', '600435.SH', '300199.SZ', '000851.SZ', '002115.SZ', '002104.SZ', '603606.SH', '601929.SH', '300376.SZ', '002528.SZ', '300438.SZ', '600825.SH', '600645.SH']"
2020-03-02,2020-02-28,2020-03-09,-0.002531997146178803,100,0.5,500,"['002313.SZ', '603876.SH', '000516.SZ', '600480.SH', '300568.SZ', '300674.SZ', '603636.SH', '600876.SH', '300633.SZ', '300657.SZ', '601929.SH', '300199.SZ', '601615.SH', '600771.SH', '600936.SH', '600151.SH', '300368.SZ', '300725.SZ', '002106.SZ', '002618.SZ', '300525.SZ', '300630.SZ', '002389.SZ', '002876.SZ', '002331.SZ', '603220.SH', '300047.SZ', '002851.SZ', '002421.SZ', '002376.SZ', '603606.SH', '300751.SZ', '300770.SZ', '300149.SZ', '300298.SZ', '000802.SZ', '600478.SH', '603218.SH', '000931.SZ', '000710.SZ', '300604.SZ', '300634.SZ', '300031.SZ', '600990.SH', '002528.SZ', '300520.SZ', '000697.SZ', '300170.SZ', '300523.SZ', '300101.SZ', '002567.SZ', '600973.SH', '603618.SH', '600502.SH', '002034.SZ', '600581.SH', '603421.SH', '601858.SH', '601789.SH', '600230.SH', '000665.SZ', '002060.SZ', '603043.SH', '000550.SZ', '603660.SH', '300068.SZ', '600888.SH', '600537.SH', '600996.SH', '603368.SH', '603959.SH', '600765.SH', '300140.SZ', '600707.SH', '300355.SZ', '603987.SH', '000597.SZ', '600577.SH', '600685.SH', '300252.SZ', '600879.SH', '002335.SZ', '300440.SZ', '600552.SH', '002288.SZ', '600055.SH', '600986.SH', '300571.SZ', '603127.SH', '002661.SZ', '002028.SZ', '300401.SZ', '300185.SZ', '300102.SZ', '600626.SH', '002023.SZ', '300232.SZ', '600312.SH', '600742.SH', '300497.SZ']"
2020-03-09,2020-03-06,2020-03-16,-0.05514335520786506,100,0.5,500,"['603618.SH', '002331.SZ', '002313.SZ', '600480.SH', '002567.SZ', '300725.SZ', '600888.SH', '002661.SZ', '600537.SH', '600151.SH', '603636.SH', '603218.SH', '002851.SZ', '300140.SZ', '300630.SZ', '603606.SH', '600502.SH', '000665.SZ', '002618.SZ', '300047.SZ', '002528.SZ', '600990.SH', '601929.SH', '000697.SZ', '600581.SH', '300368.SZ', '600742.SH', '300149.SZ', '000931.SZ', '300102.SZ', '300440.SZ', '300497.SZ', '300170.SZ', '300401.SZ', '300520.SZ', '300634.SZ', '000802.SZ', '300633.SZ', '600876.SH', '000710.SZ', '600230.SH', '603876.SH', '600765.SH', '300101.SZ', '600996.SH', '600973.SH', '300657.SZ', '600577.SH', '002421.SZ', '300525.SZ', '002300.SZ', '600345.SH', '300414.SZ', '603333.SH', '000025.SZ', '000796.SZ', '600268.SH', '300423.SZ', '002346.SZ', '000682.SZ', '300365.SZ', '600855.SH', '600468.SH', '002090.SZ', '002322.SZ', '600133.SH', '002488.SZ', '002548.SZ', '002124.SZ', '300332.SZ', '600108.SH', '600088.SH', '300376.SZ', '000561.SZ', '002189.SZ', '002706.SZ', '601890.SH', '002168.SZ', '000851.SZ', '603306.SH', '000529.SZ', '002063.SZ', '000639.SZ', '002222.SZ', '600975.SH', '600713.SH', '603387.SH', '002121.SZ', '002364.SZ', '002645.SZ', '002474.SZ', '603990.SH', '300406.SZ', '600195.SH', '002181.SZ', '002491.SZ', '300367.SZ', '600391.SH', '002232.SZ', '300653.SZ']"
2020-03-16,2020-03-13,2020-03-23,-0.03456407204102444,100,0.5,500,"['600855.SH', '600151.SH', '000561.SZ', '300332.SZ', '600990.SH', '002331.SZ', '002346.SZ', '600888.SH', '000697.SZ', '600468.SH', '002121.SZ', '601929.SH', '600268.SH', '300149.SZ', '603333.SH', '601890.SH', '002618.SZ', '002548.SZ', '600975.SH', '600391.SH', '600480.SH', '600230.SH', '002474.SZ', '002322.SZ', '002528.SZ', '300101.SZ', '002090.SZ', '000025.SZ', '300414.SZ', '600108.SH', '002661.SZ', '002124.SZ', '603618.SH', '300633.SZ', '002300.SZ', '002488.SZ', '002181.SZ', '002421.SZ', '603306.SH', '600765.SH', '300368.SZ', '300440.SZ', '300140.SZ', '002567.SZ', '002232.SZ', '600345.SH', '603990.SH', '000665.SZ', '300367.SZ', '600502.SH', '600601.SH', '300199.SZ', '300189.SZ', '600207.SH', '002284.SZ', '603777.SH', '600478.SH', '300002.SZ', '600416.SH', '300027.SZ', '000150.SZ', '000516.SZ', '300323.SZ', '600562.SH', '600525.SH', '600198.SH', '601126.SH', '300185.SZ', '600343.SH', '600316.SH', '002644.SZ', '300663.SZ', '300077.SZ', '600435.SH', '002270.SZ', '300516.SZ', '600676.SH', '000532.SZ', '600117.SH', '300065.SZ', '600756.SH', '002218.SZ', '300477.SZ', '600293.SH', '300159.SZ', '002829.SZ', '600707.SH', '600764.SH', '000793.SZ', '300143.SZ', '002662.SZ', '600158.SH', '002665.SZ', '300304.SZ', '002309.SZ', '300128.SZ', '600685.SH', '002358.SZ', '600664.SH', '600523.SH']"
2020-03-23,2020-03-20,2020-03-30,-0.003968342267550028,100,0.5,500,"['002567.SZ', '300143.SZ', '002548.SZ', '002644.SZ', '601890.SH', '002331.SZ', '300440.SZ', '300414.SZ', '600345.SH', '000561.SZ', '002232.SZ', '600975.SH', '002474.SZ', '300128.SZ', '300189.SZ', '600268.SH', '603306.SH', '600293.SH', '600468.SH', '000532.SZ', '300516.SZ', '601126.SH', '002121.SZ', '600756.SH', '600502.SH', '002270.SZ', '300199.SZ', '002090.SZ', '002488.SZ', '603618.SH', '300077.SZ', '002300.SZ', '002661.SZ', '600855.SH', '300663.SZ', '000150.SZ', '603333.SH', '600664.SH', '002618.SZ', '300002.SZ', '600158.SH', '300101.SZ', '002322.SZ', '002421.SZ', '300368.SZ', '000025.SZ', '600888.SH', '000697.SZ', '600523.SH', '600480.SH', '600620.SH', '002750.SZ', '002476.SZ', '300261.SZ', '002167.SZ', '002313.SZ', '600800.SH', '002650.SZ', '300138.SZ', '000836.SZ', '002060.SZ', '600876.SH', '600581.SH', '000859.SZ', '600626.SH', '300365.SZ', '600713.SH', '300011.SZ', '002106.SZ', '603528.SH', '000639.SZ', '002246.SZ', '002782.SZ', '600550.SH', '600211.SH', '000796.SZ', '002063.SZ', '300215.SZ', '300047.SZ', '002950.SZ', '000903.SZ', '000922.SZ', '600088.SH', '600055.SH', '000813.SZ', '603590.SH', '002462.SZ', '002017.SZ', '300204.SZ', '000615.SZ', '300170.SZ', '300043.SZ', '600594.SH', '300110.SZ', '600965.SH', '000597.SZ', '002288.SZ', '000915.SZ', '300079.SZ', '002279.SZ']"
2020-03-30,2020-03-27,2020-04-07,0.037908418317341354,100,0.5,500,"['603333.SH', '002300.SZ', '002644.SZ', '002270.SZ', '300138.SZ', '002322.SZ', '002246.SZ', '603306.SH', '300440.SZ', '002661.SZ', '600965.SH', '600055.SH', '300215.SZ', '600211.SH', '000025.SZ', '002331.SZ', '600345.SH', '002567.SZ', '300414.SZ', '002650.SZ', '603618.SH', '300143.SZ', '002548.SZ', '300043.SZ', '600268.SH', '002950.SZ', '300189.SZ', '600664.SH', '000915.SZ', '600594.SH', '300110.SZ', '000597.SZ', '000813.SZ', '603528.SH', '300199.SZ', '002106.SZ', '002750.SZ', '600088.SH', '002421.SZ', '002782.SZ', '300368.SZ', '601126.SH', '600975.SH', '000561.SZ', '600468.SH', '600581.SH', '002090.SZ', '002121.SZ', '002618.SZ', '600480.SH', '000529.SZ', '002412.SZ', '300630.SZ', '603108.SH', '603987.SH', '002706.SZ', '000403.SZ', '603127.SH', '300233.SZ', '603043.SH', '603606.SH', '600054.SH', '300039.SZ', '300766.SZ', '603886.SH', '300725.SZ', '002287.SZ', '000710.SZ', '600557.SH', '300633.SZ', '300685.SZ', '300527.SZ', '300571.SZ', '300140.SZ', '002020.SZ', '300596.SZ', '603516.SH', '600382.SH', '600993.SH', '300381.SZ', '002737.SZ', '300401.SZ', '300174.SZ', '300016.SZ', '000682.SZ', '002262.SZ', '300761.SZ', '603609.SH', '300495.SZ', '300206.SZ', '002645.SZ', '002022.SZ', '300238.SZ', '002581.SZ', '002266.SZ', '300137.SZ', '002679.SZ', '300702.SZ', '300481.SZ', '600479.SH']"
2020-04-07,2020-04-03,2020-04-13,0.0022983292409736165,100,0.5,500,"['603043.SH', '300630.SZ', '300633.SZ', '603127.SH', '000710.SZ', '600557.SH', '603987.SH', '300138.SZ', '300725.SZ', '603886.SH', '300685.SZ', '300761.SZ', '300381.SZ', '002020.SZ', '300401.SZ', '002412.SZ', '000915.SZ', '002644.SZ', '603516.SH', '002661.SZ', '603333.SH', '603609.SH', '300233.SZ', '002262.SZ', '000025.SZ', '000403.SZ', '600965.SH', '002022.SZ', '600993.SH', '002300.SZ', '000529.SZ', '300481.SZ', '600211.SH', '603108.SH', '002737.SZ', '300199.SZ', '002782.SZ', '300039.SZ', '300702.SZ', '300016.SZ', '300215.SZ', '603528.SH', '000597.SZ', '000813.SZ', '300368.SZ', '002618.SZ', '600664.SH', '600055.SH', '601126.SH', '002246.SZ', '002840.SZ', '601020.SH', '603919.SH', '002507.SZ', '300676.SZ', '603997.SH', '002734.SZ', '300559.SZ', '002732.SZ', '603027.SH', '300298.SZ', '000516.SZ', '300357.SZ', '002043.SZ', '300602.SZ', '002859.SZ', '300595.SZ', '002847.SZ', '600529.SH', '300568.SZ', '000045.SZ', '300759.SZ', '300026.SZ', '002925.SZ', '600197.SH', '300009.SZ', '300482.SZ', '000848.SZ', '300558.SZ', '603737.SH', '603727.SH', '002726.SZ', '300463.SZ', '300149.SZ', '300737.SZ', '002372.SZ', '002643.SZ', '600771.SH', '300770.SZ', '002294.SZ', '600597.SH', '300735.SZ', '002233.SZ', '603883.SH', '002038.SZ', '603387.SH', '002675.SZ', '002461.SZ', '300741.SZ', '603605.SH']"
2020-04-13,2020-04-10,2020-04-20,0.027273845151368468,100,0.49,500,"['300138.SZ', '002661.SZ', '603919.SH', '002300.SZ', '300381.SZ', '002644.SZ', '002840.SZ', '600211.SH', '002737.SZ', '600965.SH', '600197.SH', '002043.SZ', '300039.SZ', '002022.SZ', '600557.SH', '000848.SZ', '300630.SZ', '603043.SH', '603886.SH', '300481.SZ', '300761.SZ', '002507.SZ', '601126.SH', '002925.SZ', '603027.SH', '600664.SH', '002294.SZ', '002038.SZ', '000025.SZ', '300676.SZ', '000813.SZ', '600597.SH', '603516.SH', '000403.SZ', '002859.SZ', '300633.SZ', '300233.SZ', '300725.SZ', '300357.SZ', '300149.SZ', '300401.SZ', '300685.SZ', '002372.SZ', '300595.SZ', '603883.SH', '600993.SH', '603987.SH', '002262.SZ', '603108.SH', '603127.SH', '300482.SZ', '600531.SH', '600713.SH', '000788.SZ', '600613.SH', '600251.SH', '002582.SZ', '002589.SZ', '300258.SZ', '600090.SH', '603399.SH', '600750.SH', '000028.SZ', '000829.SZ', '000930.SZ', '002309.SZ', '002219.SZ', '603123.SH', '600973.SH', '000059.SZ', '000049.SZ', '000615.SZ', '000989.SZ', '600710.SH', '300127.SZ', '000935.SZ', '002741.SZ', '002221.SZ', '600594.SH', '600335.SH', '603299.SH', '002818.SZ', '002222.SZ', '600351.SH', '600420.SH', '002556.SZ', '600563.SH', '002695.SZ', '000523.SZ', '002302.SZ', '000550.SZ', '000078.SZ', '000789.SZ', '600329.SH', '600566.SH', '600062.SH', '600873.SH', '300131.SZ', '600129.SH', '000739.SZ']"
2020-04-20,2020-04-17,2020-04-27,-0.024393455932664187,100,0.5,500,"['603043.SH', '300761.SZ', '300630.SZ', '603516.SH', '002043.SZ', '002741.SZ', '002925.SZ', '002840.SZ', '300633.SZ', '603987.SH', '300131.SZ', '002507.SZ', '300725.SZ', '300138.SZ', '300481.SZ', '300401.SZ', '603919.SH', '300357.SZ', '300482.SZ', '600197.SH', '603127.SH', '603027.SH', '300381.SZ', '000403.SZ', '002661.SZ', '002582.SZ', '300595.SZ', '000049.SZ', '000025.SZ', '000848.SZ', '000788.SZ', '300685.SZ', '002022.SZ', '000935.SZ', '600563.SH', '300149.SZ', '000739.SZ', '600211.SH', '002222.SZ', '600335.SH', '002262.SZ', '002372.SZ', '300676.SZ', '600664.SH', '002695.SZ', '002038.SZ', '300127.SZ', '000930.SZ', '600597.SH', '002300.SZ', '300602.SZ', '300735.SZ', '300737.SZ', '002369.SZ', '300568.SZ', '603078.SH', '300398.SZ', '002335.SZ', '002950.SZ', '002643.SZ', '603133.SH', '300666.SZ', '002734.SZ', '300429.SZ', '603456.SH', '603997.SH', '300393.SZ', '300623.SZ', '300759.SZ', '300487.SZ', '603138.SH', '600171.SH', '300331.SZ', '300346.SZ', '300053.SZ', '601020.SH', '300438.SZ', '600360.SH', '300624.SZ', '002920.SZ', '300657.SZ', '000931.SZ', '300525.SZ', '300319.SZ', '300252.SZ', '000516.SZ', '300653.SZ', '300303.SZ', '002596.SZ', '600206.SH', '300627.SZ', '000735.SZ', '300363.SZ', '300497.SZ', '300520.SZ', '002223.SZ', '603596.SH', '002568.SZ', '603605.SH', '600195.SH']"
2020-04-27,2020-04-24,2020-05-06,0.013111982887645337,100,0.5,500,"['002840.SZ', '000788.SZ', '603997.SH', '000025.SZ', '600664.SH', '000931.SZ', '300393.SZ', '603043.SH', '000735.SZ', '603919.SH', '002262.SZ', '300149.SZ', '002038.SZ', '000516.SZ', '300525.SZ', '300429.SZ', '000935.SZ', '600197.SH', '300381.SZ', '300725.SZ', '600597.SH', '603027.SH', '300735.SZ', '300630.SZ', '300602.SZ', '300357.SZ', '300568.SZ', '002925.SZ', '300319.SZ', '300627.SZ', '300761.SZ', '300497.SZ', '000930.SZ', '300595.SZ', '002372.SZ', '300653.SZ', '603133.SH', '000848.SZ', '000049.SZ', '002043.SZ', '600563.SH', '002920.SZ', '603596.SH', '000403.SZ', '603127.SH', '300053.SZ', '002596.SZ', '300676.SZ', '300633.SZ', '300666.SZ', '002567.SZ', '600531.SH', '300143.SZ', '600876.SH', '600055.SH', '000829.SZ', '601858.SH', '603333.SH', '600975.SH', '300642.SZ', '000925.SZ', '000561.SZ', '300448.SZ', '300672.SZ', '002412.SZ', '002618.SZ', '002726.SZ', '300516.SZ', '601116.SH', '603886.SH', '600601.SH', '000657.SZ', '000597.SZ', '300094.SZ', '600965.SH', '600645.SH', '002685.SZ', '002288.SZ', '600129.SH', '300199.SZ', '601366.SH', '600973.SH', '002699.SZ', '600771.SH', '600300.SH', '300128.SZ', '300184.SZ', '000915.SZ', '600986.SH', '002163.SZ', '300191.SZ', '002570.SZ', '600480.SH', '603108.SH', '603232.SH', '600571.SH', '600713.SH', '000957.SZ', '300298.SZ', '600227.SH']"
2020-05-06,2020-04-30,2020-05-11,0.012763069998999477,100,0.5,500,"['000735.SZ', '300630.SZ', '300053.SZ', '300761.SZ', '300602.SZ', '002925.SZ', '002920.SZ', '300725.SZ', '300429.SZ', '002570.SZ', '300672.SZ', '002840.SZ', '300735.SZ', '300497.SZ', '601366.SH', '300525.SZ', '300568.SZ', '600601.SH', '603997.SH', '002038.SZ', '300666.SZ', '603133.SH', '002372.SZ', '600664.SH', '600563.SH', '300653.SZ', '000561.SZ', '600597.SH', '000930.SZ', '000025.SZ', '000935.SZ', '600531.SH', '600197.SH', '300357.SZ', '000925.SZ', '300627.SZ', '300595.SZ', '600975.SH', '002163.SZ', '603027.SH', '300319.SZ', '002567.SZ', '603127.SH', '600645.SH', '603232.SH', '300184.SZ', '300191.SZ', '600571.SH', '002043.SZ', '000788.SZ', '000012.SZ', '300398.SZ', '300401.SZ', '002294.SZ', '002449.SZ', '300009.SZ', '002124.SZ', '002579.SZ', '300623.SZ', '002745.SZ', '002222.SZ', '002859.SZ', '300327.SZ', '603613.SH', '002950.SZ', '300365.SZ', '300215.SZ', '300759.SZ', '300331.SZ', '603678.SH', '600711.SH', '002474.SZ', '603486.SH', '603078.SH', '300232.SZ', '002080.SZ', '002458.SZ', '300322.SZ', '603626.SH', '002815.SZ', '603328.SH', '002055.SZ', '300520.SZ', '600328.SH', '000710.SZ', '002182.SZ', '002476.SZ', '002139.SZ', '000813.SZ', '600171.SH', '002507.SZ', '600789.SH', '002643.SZ', '000156.SZ', '300047.SZ', '300078.SZ', '600742.SH', '002036.SZ', '300481.SZ', '300682.SZ']"
2020-05-11,2020-05-08,2020-05-18,0.000593773520028813,100,0.45,500,"['002139.SZ', '002449.SZ', '300232.SZ', '002222.SZ', '300327.SZ', '300568.SZ', '002859.SZ', '000710.SZ', '300322.SZ', '300053.SZ', '603678.SH', '002458.SZ', '300401.SZ', '002815.SZ', '002579.SZ', '603626.SH', '300497.SZ', '002182.SZ', '300602.SZ', '300630.SZ', '300735.SZ', '300481.SZ', '603328.SH', '300047.SZ', '002055.SZ', '002294.SZ', '002124.SZ', '300429.SZ', '300627.SZ', '603486.SH', '300078.SZ', '000012.SZ', '000735.SZ', '002643.SZ', '002925.SZ', '300331.SZ', '002036.SZ', '002474.SZ', '600597.SH', '002745.SZ', '002080.SZ', '600563.SH', '300623.SZ', '002567.SZ', '300365.SZ', '300725.SZ', '000156.SZ', '300398.SZ', '603613.SH', '300666.SZ', '603078.SH', '002507.SZ', '002840.SZ', '002372.SZ', '600171.SH', '603305.SH', '603387.SH', '002224.SZ', '002664.SZ', '002484.SZ', '603363.SH', '002876.SZ', '002402.SZ', '000672.SZ', '603596.SH', '002197.SZ', '000682.SZ', '002234.SZ', '300409.SZ', '603920.SH', '002126.SZ', '000823.SZ', '300679.SZ', '002649.SZ', '000789.SZ', '002677.SZ', '603533.SH', '300438.SZ', '603538.SH', '002019.SZ', '300296.SZ', '603609.SH', '002746.SZ', '300075.SZ', '300751.SZ', '300206.SZ', '300373.SZ', '002262.SZ', '300738.SZ', '300406.SZ', '300685.SZ', '300044.SZ', '300298.SZ', '000062.SZ', '000048.SZ', '002106.SZ', '601636.SH', '002847.SZ', '300624.SZ', '300432.SZ']"
2020-05-18,2020-05-15,2020-05-25,-0.02276458660277994,100,0.5,500,"['002677.SZ', '300401.SZ', '002222.SZ', '300053.SZ', '300327.SZ', '002449.SZ', '300331.SZ', '300630.SZ', '300725.SZ', '002224.SZ', '300298.SZ', '603678.SH', '000710.SZ', '300685.SZ', '002859.SZ', '002372.SZ', '000048.SZ', '000735.SZ', '603078.SH', '600597.SH', '300322.SZ', '002474.SZ', '002664.SZ', '002579.SZ', '300078.SZ', '300568.SZ', '300627.SZ', '002507.SZ', '600563.SH', '300365.SZ', '002847.SZ', '300047.SZ', '002262.SZ', '300481.SZ', '603538.SH', '603920.SH', '300406.SZ', '603613.SH', '300623.SZ', '002815.SZ', '603328.SH', '002643.SZ', '603626.SH', '002840.SZ', '000156.SZ', '603387.SH', '002925.SZ', '300602.SZ', '300735.SZ', '000672.SZ', '300653.SZ', '000516.SZ', '000025.SZ', '603267.SH', '002238.SZ', '300009.SZ', '600996.SH', '603043.SH', '600197.SH', '600523.SH', '300215.SZ', '600601.SH', '300016.SZ', '300761.SZ', '002383.SZ', '300149.SZ', '600707.SH', '603027.SH', '600702.SH', '600136.SH', '002749.SZ', '600198.SH', '300027.SZ', '300396.SZ', '603127.SH', '300525.SZ', '603789.SH', '603566.SH', '000795.SZ', '603096.SH', '601595.SH', '600305.SH', '300633.SZ', '600590.SH', '300634.SZ', '002461.SZ', '603133.SH', '300183.SZ', '000532.SZ', '601366.SH', '603989.SH', '603306.SH', '300151.SZ', '300493.SZ', '300319.SZ', '300672.SZ', '000019.SZ', '600059.SH', '002161.SZ', '600037.SH']"
2020-05-25,2020-05-22,2020-06-01,0.05723814053701181,100,0.43,500,"['002222.SZ', '300653.SZ', '603267.SH', '603078.SH', '300327.SZ', '002840.SZ', '300630.SZ', '300298.SZ', '603027.SH', '300401.SZ', '002238.SZ', '300331.SZ', '300009.SZ', '600601.SH', '002449.SZ', '600305.SH', '300053.SZ', '603566.SH', '300149.SZ', '000025.SZ', '600197.SH', '600996.SH', '600198.SH', '600597.SH', '300215.SZ', '000795.SZ', '002579.SZ', '300525.SZ', '603096.SH', '002847.SZ', '600702.SH', '300568.SZ', '300633.SZ', '300672.SZ', '603043.SH', '603538.SH', '603133.SH', '300761.SZ', '603678.SH', '603626.SH', '600136.SH', '300725.SZ', '300396.SZ', '300481.SZ', '000710.SZ', '300047.SZ', '000019.SZ', '002224.SZ', '600563.SH', '600059.SH', '002372.SZ', '300493.SZ', '300685.SZ', '603989.SH', '600523.SH', '300322.SZ', '002859.SZ', '603187.SH', '600936.SH', '603777.SH', '300776.SZ', '002378.SZ', '000713.SZ', '002876.SZ', '000915.SZ', '300138.SZ', '000913.SZ', '601606.SH', '002119.SZ', '000657.SZ', '000612.SZ', '000403.SZ', '603416.SH', '002539.SZ', '600742.SH', '300398.SZ', '002746.SZ', '002782.SZ', '300429.SZ', '000561.SZ', '300127.SZ', '600756.SH', '002661.SZ', '603363.SH', '300573.SZ', '002167.SZ', '300666.SZ', '000931.SZ', '600329.SH', '000957.SZ', '002515.SZ', '000546.SZ', '300642.SZ', '600230.SH', '002655.SZ', '002695.SZ', '600975.SH', '300102.SZ', '002283.SZ', '600993.SH']"
2020-06-01,2020-05-29,2020-06-08,0.004202402507980904,100,0.5,500,"['002378.SZ', '600996.SH', '600136.SH', '600198.SH', '002449.SZ', '300149.SZ', '300493.SZ', '000025.SZ', '600601.SH', '002119.SZ', '600197.SH', '600936.SH', '002238.SZ', '603133.SH', '300401.SZ', '002167.SZ', '002222.SZ', '300331.SZ', '603267.SH', '600523.SH', '300761.SZ', '300009.SZ', '300653.SZ', '300053.SZ', '000931.SZ', '002579.SZ', '300327.SZ', '600597.SH', '603043.SH', '600702.SH', '300568.SZ', '002876.SZ', '300633.SZ', '300127.SZ', '300322.SZ', '603678.SH', '300525.SZ', '603078.SH', '300047.SZ', '300298.SZ', '000713.SZ', '300776.SZ', '603027.SH', '000546.SZ', '300630.SZ', '603187.SH', '000915.SZ', '000657.SZ', '000957.SZ', '000710.SZ', '000697.SZ', '603728.SH', '603801.SH', '300222.SZ', '002741.SZ', '600478.SH', '300775.SZ', '002383.SZ', '000665.SZ', '002677.SZ', '002732.SZ', '601595.SH', '300027.SZ', '000532.SZ', '300077.SZ', '002474.SZ', '600707.SH', '002646.SZ', '002288.SZ', '002055.SZ', '300054.SZ', '002520.SZ', '002057.SZ', '300204.SZ', '600108.SH', '000584.SZ', '600366.SH', '002161.SZ', '600360.SH', '600990.SH', '601020.SH', '300510.SZ', '600686.SH', '600331.SH', '300177.SZ', '600425.SH', '603660.SH', '600805.SH', '000969.SZ', '300409.SZ', '300128.SZ', '002650.SZ', '600880.SH', '002079.SZ', '300634.SZ', '600676.SH', '600206.SH', '300663.SZ', '002547.SZ', '002369.SZ']"
2020-06-08,2020-06-05,2020-06-15,-0.008990079503750116,100,0.5,500,"['600996.SH', '600136.SH', '002449.SZ', '000697.SZ', '300222.SZ', '300077.SZ', '600707.SH', '002057.SZ', '300409.SZ', '000665.SZ', '300322.SZ', '600425.SH', '002055.SZ', '300510.SZ', '300128.SZ', '300053.SZ', '002222.SZ', '603133.SH', '002579.SZ', '002369.SZ', '600805.SH', '000584.SZ', '600990.SH', '600478.SH', '600936.SH', '600601.SH', '002288.SZ', '300493.SZ', '300401.SZ', '300149.SZ', '300663.SZ', '300327.SZ', '600198.SH', '300568.SZ', '600880.SH', '002876.SZ', '000931.SZ', '603678.SH', '300177.SZ', '002383.SZ', '300331.SZ', '300127.SZ', '000532.SZ', '000025.SZ', '002741.SZ', '603078.SH', '002161.SZ', '600676.SH', '002547.SZ', '000957.SZ', '300102.SZ', '300679.SZ', '000802.SZ', '300201.SZ', '002488.SZ', '300307.SZ', '300323.SZ', '300252.SZ', '300232.SZ', '300044.SZ', '002657.SZ', '002197.SZ', '300299.SZ', '300365.SZ', '603138.SH', '002139.SZ', '002189.SZ', '300297.SZ', '300296.SZ', '300336.SZ', '002045.SZ', '002510.SZ', '002095.SZ', '300657.SZ', '002168.SZ', '600715.SH', '000882.SZ', '603300.SH', '603626.SH', '002425.SZ', '600986.SH', '002662.SZ', '600552.SH', '600110.SH', '300377.SZ', '601929.SH', '002596.SZ', '300291.SZ', '600326.SH', '002815.SZ', '000859.SZ', '300182.SZ', '002118.SZ', '300094.SZ', '600831.SH', '300131.SZ', '300130.SZ', '002611.SZ', '000639.SZ', '002280.SZ']"
2020-06-15,2020-06-12,2020-06-22,0.024151993396070024,100,0.5,500,"['300127.SZ', '002057.SZ', '002741.SZ', '600715.SH', '000532.SZ', '600996.SH', '600136.SH', '600676.SH', '600425.SH', '002547.SZ', '600326.SH', '300149.SZ', '300131.SZ', '300222.SZ', '600478.SH', '002425.SZ', '000931.SZ', '002510.SZ', '300401.SZ', '002596.SZ', '600707.SH', '002657.SZ', '000025.SZ', '600831.SH', '000665.SZ', '000802.SZ', '002383.SZ', '300252.SZ', '002189.SZ', '300182.SZ', '002168.SZ', '300322.SZ', '002118.SZ', '002369.SZ', '300177.SZ', '300128.SZ', '600990.SH', '300657.SZ', '002662.SZ', '600198.SH', '300679.SZ', '300365.SZ', '300044.SZ', '002222.SZ', '600110.SH', '002288.SZ', '603138.SH', '000882.SZ', '300331.SZ', '300510.SZ', '601127.SH', '300273.SZ', '600129.SH', '600267.SH', '000546.SZ', '600366.SH', '000607.SZ', '000518.SZ', '300267.SZ', '603660.SH', '300233.SZ', '600664.SH', '600211.SH', '300642.SZ', '600645.SH', '300171.SZ', '600691.SH', '300189.SZ', '000597.SZ', '300633.SZ', '002229.SZ', '600702.SH', '600789.SH', '600738.SH', '000566.SZ', '601595.SH', '300204.SZ', '300006.SZ', '002550.SZ', '600200.SH', '000516.SZ', '002287.SZ', '603399.SH', '300630.SZ', '603043.SH', '300755.SZ', '300039.SZ', '002382.SZ', '603258.SH', '000058.SZ', '603896.SH', '603919.SH', '300396.SZ', '000788.SZ', '300244.SZ', '300381.SZ', '300238.SZ', '601116.SH', '002570.SZ', '002292.SZ']"
2020-06-22,2020-06-19,2020-06-29,-0.011118852491585687,100,0.5,500,"['601116.SH', '300401.SZ', '300322.SZ', '300127.SZ', '300365.SZ', '002287.SZ', '603896.SH', '300396.SZ', '002222.SZ', '600136.SH', '603138.SH', '002369.SZ', '600702.SH', '600478.SH', '002570.SZ', '002288.SZ', '300273.SZ', '300131.SZ', '300630.SZ', '600211.SH', '600996.SH', '300679.SZ', '300267.SZ', '300233.SZ', '000025.SZ', '300331.SZ', '603919.SH', '002168.SZ', '002547.SZ', '300252.SZ', '603258.SH', '000058.SZ', '002057.SZ', '002741.SZ', '600715.SH', '000532.SZ', '600676.SH', '600425.SH', '600326.SH', '300149.SZ', '300222.SZ', '002425.SZ', '000931.SZ', '002510.SZ', '002596.SZ', '600707.SH', '002657.SZ', '600831.SH', '000665.SZ', '000802.SZ', '603328.SH', '603728.SH', '002139.SZ', '002182.SZ', '603678.SH', '002449.SZ', '300047.SZ', '600171.SH', '002234.SZ', '300130.SZ', '300487.SZ', '002636.SZ', '300481.SZ', '600933.SH', '002643.SZ', '000062.SZ', '002815.SZ', '600563.SH', '300183.SZ', '002238.SZ', '603267.SH', '300634.SZ', '002539.SZ', '600633.SH', '000813.SZ', '002664.SZ', '000935.SZ', '002792.SZ', '300184.SZ', '002746.SZ', '002515.SZ', '600422.SH', '300570.SZ', '300232.SZ', '002579.SZ', '000859.SZ', '002925.SZ', '300327.SZ', '600557.SH', '300768.SZ', '603920.SH', '600206.SH', '300310.SZ', '002106.SZ', '603189.SH', '002484.SZ', '300078.SZ', '300596.SZ', '300054.SZ', '000823.SZ']"
2020-06-29,2020-06-24,2020-07-06,0.058714012391942745,100,0.5,500,"['300322.SZ', '300331.SZ', '300149.SZ', '300401.SZ', '002287.SZ', '002449.SZ', '300327.SZ', '603728.SH', '002579.SZ', '300630.SZ', '300054.SZ', '300679.SZ', '002925.SZ', '600933.SH', '603678.SH', '603920.SH', '603267.SH', '600211.SH', '300570.SZ', '600136.SH', '603896.SH', '002643.SZ', '600563.SH', '002815.SZ', '300396.SZ', '603189.SH', '002139.SZ', '300487.SZ', '300481.SZ', '603919.SH', '600478.SH', '002636.SZ', '300273.SZ', '002664.SZ', '002741.SZ', '000823.SZ', '002369.SZ', '002570.SZ', '603138.SH', '002288.SZ', '300252.SZ', '300078.SZ', '603328.SH', '300127.SZ', '300183.SZ', '000813.SZ', '600171.SH', '002106.SZ', '300267.SZ', '002234.SZ', '603626.SH', '002294.SZ', '300657.SZ', '300602.SZ', '603078.SH', '300298.SZ', '300319.SZ', '300639.SZ', '600305.SH', '300709.SZ', '300653.SZ', '300595.SZ', '300406.SZ', '603133.SH', '300623.SZ', '002859.SZ', '300016.SZ', '300357.SZ', '600529.SH', '300035.SZ', '603387.SH', '300009.SZ', '603027.SH', '002876.SZ', '002609.SZ', '300633.SZ', '300735.SZ', '603789.SH', '603179.SH', '603737.SH', '600363.SH', '600601.SH', '603601.SH', '300725.SZ', '300759.SZ', '300497.SZ', '002223.SZ', '300702.SZ', '000710.SZ', '300573.SZ', '603538.SH', '300147.SZ', '002749.SZ', '300360.SZ', '000607.SZ', '300685.SZ', '300044.SZ', '300604.SZ', '300206.SZ', '600360.SH']"
2020-07-06,2020-07-03,2020-07-13,0.09720985347225387,100,0.5,500,"['002234.SZ', '002288.SZ', '300487.SZ', '300016.SZ', '300360.SZ', '603189.SH', '300252.SZ', '300035.SZ', '603387.SH', '603896.SH', '300322.SZ', '300331.SZ', '300149.SZ', '300401.SZ', '002287.SZ', '002449.SZ', '300327.SZ', '603728.SH', '002579.SZ', '300630.SZ', '300054.SZ', '300679.SZ', '002925.SZ', '600933.SH', '603678.SH', '603920.SH', '603267.SH', '600211.SH', '300570.SZ', '600136.SH', '002643.SZ', '600563.SH', '002815.SZ', '300396.SZ', '002139.SZ', '300481.SZ', '603919.SH', '600478.SH', '002636.SZ', '300273.SZ', '002664.SZ', '002741.SZ', '000823.SZ', '002369.SZ', '002570.SZ', '603138.SH', '300078.SZ', '603328.SH', '300127.SZ', '300183.SZ', '000563.SZ', '600120.SH', '600864.SH', '600658.SH', '000686.SZ', '600901.SH', '603613.SH', '000682.SZ', '600765.SH', '002444.SZ', '000012.SZ', '600316.SH', '000581.SZ', '002243.SZ', '601717.SH', '002298.SZ', '001696.SZ', '601375.SH', '600468.SH', '000976.SZ', '600510.SH', '600093.SH', '600657.SH', '002567.SZ', '002459.SZ', '000036.SZ', '600456.SH', '300047.SZ', '002322.SZ', '600967.SH', '600070.SH', '300682.SZ', '600770.SH', '600737.SH', '002340.SZ', '601222.SH', '300130.SZ', '000935.SZ', '603997.SH', '600643.SH', '000738.SZ', '603298.SH', '300422.SZ', '300427.SZ', '603609.SH', '603232.SH', '600783.SH', '601163.SH', '002619.SZ', '002080.SZ']"
2020-07-13,2020-07-10,2020-07-20,-0.04163296219746373,100,0.5,500,"['000686.SZ', '000563.SZ', '603613.SH', '300487.SZ', '600120.SH', '600783.SH', '300130.SZ', '600070.SH', '600864.SH', '001696.SZ', '600770.SH', '600765.SH', '600456.SH', '603138.SH', '300682.SZ', '000738.SZ', '601375.SH', '002340.SZ', '000935.SZ', '002567.SZ', '600967.SH', '600093.SH', '300047.SZ', '603232.SH', '300016.SZ', '600316.SH', '603189.SH', '000976.SZ', '600737.SH', '601717.SH', '002234.SZ', '600901.SH', '600657.SH', '002298.SZ', '002243.SZ', '000682.SZ', '300427.SZ', '603387.SH', '000036.SZ', '603997.SH', '002570.SZ', '000581.SZ', '002288.SZ', '300360.SZ', '300252.SZ', '300035.SZ', '603896.SH', '300322.SZ', '300331.SZ', '300149.SZ', '603650.SH', '000612.SZ', '600975.SH', '002182.SZ', '000576.SZ', '002747.SZ', '002707.SZ', '300209.SZ', '603876.SH', '300075.SZ', '600621.SH', '601038.SH', '601606.SH', '002124.SZ', '603777.SH', '600435.SH', '000712.SZ', '603960.SH', '002025.SZ', '300776.SZ', '000758.SZ', '000839.SZ', '600764.SH', '600318.SH', '000933.SZ', '300034.SZ', '000878.SZ', '000810.SZ', '600571.SH', '002416.SZ', '000561.SZ', '002117.SZ', '300377.SZ', '300368.SZ', '300297.SZ', '600330.SH', '300634.SZ', '300365.SZ', '002239.SZ', '002649.SZ', '600559.SH', '000800.SZ', '600392.SH', '300114.SZ', '000913.SZ', '300775.SZ', '002639.SZ', '601069.SH', '300159.SZ', '600291.SH']"
2020-07-20,2020-07-17,2020-07-27,-0.028382436765561923,100,0.5,500,"['002234.SZ', '002124.SZ', '000563.SZ', '001696.SZ', '600770.SH', '002567.SZ', '000036.SZ', '000686.SZ', '600975.SH', '601717.SH', '002182.SZ', '600291.SH', '603777.SH', '000581.SZ', '600657.SH', '000758.SZ', '600901.SH', '000935.SZ', '000612.SZ', '601038.SH', '002117.SZ', '603960.SH', '600967.SH', '600864.SH', '603613.SH', '002025.SZ', '600120.SH', '300427.SZ', '300487.SZ', '002298.SZ', '603896.SH', '300130.SZ', '300114.SZ', '000682.SZ', '601606.SH', '600559.SH', '300776.SZ', '000839.SZ', '600316.SH', '600435.SH', '300159.SZ', '000913.SZ', '000878.SZ', '600330.SH', '600737.SH', '000561.SZ', '600764.SH', '300047.SZ', '000576.SZ', '000976.SZ', '002746.SZ', '002218.SZ', '600668.SH', '600643.SH', '000807.SZ', '002391.SZ', '600658.SH', '601058.SH', '002097.SZ', '002664.SZ', '603363.SH', '002215.SZ', '600300.SH', '300055.SZ', '600638.SH', '000717.SZ', '603012.SH', '002283.SZ', '002734.SZ', '000789.SZ', '300255.SZ', '002233.SZ', '603298.SH', '601222.SH', '002852.SZ', '603299.SH', '600461.SH', '600308.SH', '002833.SZ', '300300.SZ', '603609.SH', '002318.SZ', '603579.SH', '600507.SH', '002458.SZ', '300783.SZ', '600338.SH', '300185.SZ', '601163.SH', '002303.SZ', '002085.SZ', '002151.SZ', '000848.SZ', '300388.SZ', '601952.SH', '600755.SH', '000713.SZ', '603367.SH', '002111.SZ', '000887.SZ']"
2020-07-27,2020-07-24,2020-08-03,0.07470277690037516,100,0.5,500,"['600300.SH', '000878.SZ', '600755.SH', '002852.SZ', '000887.SZ', '002085.SZ', '002124.SZ', '300388.SZ', '603363.SH', '000717.SZ', '002318.SZ', '002283.SZ', '603777.SH', '603609.SH', '000807.SZ', '600975.SH', '000561.SZ', '601717.SH', '601058.SH', '600338.SH', '002458.SZ', '002746.SZ', '002567.SZ', '601952.SH', '002734.SZ', '002233.SZ', '603298.SH', '600657.SH', '002215.SZ', '603012.SH', '600435.SH', '000848.SZ', '600308.SH', '600668.SH', '000789.SZ', '002234.SZ', '603960.SH', '000036.SZ', '002097.SZ', '603299.SH', '603896.SH', '300783.SZ', '600764.SH', '000758.SZ', '002664.SZ', '002182.SZ', '600658.SH', '600643.SH', '002151.SZ', '000612.SZ', '603008.SH', '000788.SZ', '600710.SH', '000667.SZ', '600626.SH', '000417.SZ', '300147.SZ', '300198.SZ', '000550.SZ', '600597.SH', '000657.SZ', '600549.SH', '000597.SZ', '300415.SZ', '603600.SH', '603377.SH', '600531.SH', '600711.SH', '000930.SZ', '002520.SZ', '002726.SZ', '002840.SZ', '600729.SH', '600073.SH', '603789.SH', '000060.SZ', '300401.SZ', '002589.SZ', '000829.SZ', '603801.SH', '000528.SZ', '002034.SZ', '600822.SH', '601069.SH', '300208.SZ', '601168.SH', '000960.SZ', '002228.SZ', '002677.SZ', '603043.SH', '000534.SZ', '600565.SH', '000697.SZ', '002302.SZ', '000801.SZ', '600577.SH', '002665.SZ', '600006.SH', '603187.SH', '300422.SZ']"
2020-08-03,2020-07-31,2020-08-10,0.004169783359900855,100,0.49,500,"['300198.SZ', '603600.SH', '603008.SH', '000697.SZ', '600300.SH', '000788.SZ', '600597.SH', '000829.SZ', '600822.SH', '002852.SZ', '000417.SZ', '000550.SZ', '300147.SZ', '002283.SZ', '600549.SH', '600710.SH', '000667.SZ', '002677.SZ', '002567.SZ', '000807.SZ', '002182.SZ', '603043.SH', '000887.SZ', '002458.SZ', '002746.SZ', '002318.SZ', '002085.SZ', '000717.SZ', '603609.SH', '600577.SH', '603801.SH', '002228.SZ', '000534.SZ', '002034.SZ', '000878.SZ', '600073.SH', '600338.SH', '601168.SH', '002726.SZ', '002302.SZ', '000930.SZ', '002124.SZ', '603377.SH', '603187.SH', '000060.SZ', '601952.SH', '600755.SH', '600711.SH', '601058.SH', '000612.SZ', '002097.SZ', '603579.SH', '002330.SZ', '600973.SH', '600713.SH', '300174.SZ', '603676.SH', '300568.SZ', '600545.SH', '002111.SZ', '002640.SZ', '603718.SH', '300777.SZ', '002237.SZ', '300094.SZ', '000025.SZ', '002014.SZ', '600391.SH', '002035.SZ', '600251.SH', '600685.SH', '002796.SZ', '603919.SH', '300065.SZ', '600283.SH', '002539.SZ', '000639.SZ', '601965.SH', '603737.SH', '600261.SH', '000973.SZ', '600862.SH', '300209.SZ', '000913.SZ', '002378.SZ', '002155.SZ', '002637.SZ', '300114.SZ', '002392.SZ', '300439.SZ', '000738.SZ', '600810.SH', '000537.SZ', '002438.SZ', '000751.SZ', '002519.SZ', '603305.SH', '300127.SZ', '603399.SH', '002906.SZ']"
2020-08-10,2020-08-07,2020-08-17,0.0116406496739445,100,0.5,500,"['603579.SH', '002318.SZ', '300198.SZ', '603600.SH', '601058.SH', '002677.SZ', '600300.SH', '603609.SH', '300568.SZ', '002034.SZ', '300777.SZ', '000887.SZ', '601965.SH', '002746.SZ', '002726.SZ', '002111.SZ', '603919.SH', '002567.SZ', '002097.SZ', '300114.SZ', '002519.SZ', '002796.SZ', '603043.SH', '600549.SH', '600973.SH', '002458.SZ', '600713.SH', '000025.SZ', '603737.SH', '002182.SZ', '600338.SH', '000878.SZ', '000537.SZ', '600073.SH', '600711.SH', '600261.SH', '000550.SZ', '300065.SZ', '601952.SH', '603187.SH', '002283.SZ', '002085.SZ', '000788.SZ', '603377.SH', '601168.SH', '002906.SZ', '000807.SZ', '002330.SZ', '000829.SZ', '002852.SZ', '600207.SH', '000657.SZ', '002732.SZ', '002664.SZ', '002757.SZ', '002833.SZ', '002218.SZ', '600195.SH', '300769.SZ', '300328.SZ', '603179.SH', '002520.SZ', '603131.SH', '601882.SH', '603811.SH', '600658.SH', '300696.SZ', '603336.SH', '000789.SZ', '002190.SZ', '300762.SZ', '600419.SH', '600636.SH', '600668.SH', '300034.SZ', '002025.SZ', '300422.SZ', '002967.SZ', '300470.SZ', '300758.SZ', '603306.SH', '002234.SZ', '603363.SH', '603666.SH', '600456.SH', '603896.SH', '603777.SH', '000036.SZ', '603416.SH', '601137.SH', '000012.SZ', '603337.SH', '000893.SZ', '600523.SH', '603198.SH', '600077.SH', '002959.SZ', '002303.SZ', '601717.SH', '600802.SH']"
2020-08-17,2020-08-14,2020-08-24,-0.0026850038346062045,100,0.5,500,"['603609.SH', '002034.SZ', '002732.SZ', '600338.SH', '002746.SZ', '000887.SZ', '002567.SZ', '601058.SH', '002234.SZ', '002519.SZ', '603363.SH', '002318.SZ', '600711.SH', '002726.SZ', '603377.SH', '002967.SZ', '002959.SZ', '002097.SZ', '600668.SH', '603187.SH', '603336.SH', '002218.SZ', '603179.SH', '601717.SH', '600300.SH', '603777.SH', '002458.SZ', '000788.SZ', '603131.SH', '002664.SZ', '601168.SH', '600973.SH', '300034.SZ', '601137.SH', '600419.SH', '600549.SH', '300328.SZ', '603737.SH', '600802.SH', '300065.SZ', '000807.SZ', '002757.SZ', '600073.SH', '600195.SH', '000829.SZ', '002190.SZ', '002085.SZ', '300777.SZ', '600077.SH', '603600.SH', '300044.SZ', '002783.SZ', '300300.SZ', '300627.SZ', '603938.SH', '603590.SH', '002233.SZ', '300443.SZ', '002837.SZ', '002438.SZ', '300016.SZ', '002840.SZ', '300416.SZ', '600626.SH', '600742.SH', '300175.SZ', '600975.SH', '002582.SZ', '000526.SZ', '300127.SZ', '600901.SH', '000058.SZ', '600184.SH', '300215.SZ', '603326.SH', '600685.SH', '300511.SZ', '600764.SH', '300209.SZ', '300715.SZ', '000561.SZ', '002171.SZ', '688066.SH', '603111.SH', '603613.SH', '000848.SZ', '600459.SH', '600643.SH', '300775.SZ', '300006.SZ', '002314.SZ', '300761.SZ', '000801.SZ', '603012.SH', '002401.SZ', '600710.SH', '300273.SZ', '300618.SZ', '002124.SZ', '002091.SZ']"
2020-08-24,2020-08-21,2020-08-31,-0.00919618830740487,100,0.5,500,"['002732.SZ', '002783.SZ', '000887.SZ', '600338.SH', '603938.SH', '601137.SH', '603609.SH', '002438.SZ', '002746.SZ', '600419.SH', '002519.SZ', '601058.SH', '002664.SZ', '002233.SZ', '600802.SH', '300300.SZ', '002567.SZ', '002124.SZ', '300044.SZ', '002318.SZ', '002726.SZ', '600742.SH', '002218.SZ', '002967.SZ', '000526.SZ', '601717.SH', '603131.SH', '603179.SH', '600901.SH', '603012.SH', '600711.SH', '002837.SZ', '603363.SH', '600685.SH', '600643.SH', '600668.SH', '002757.SZ', '600195.SH', '300627.SZ', '000848.SZ', '603187.SH', '002840.SZ', '300328.SZ', '002458.SZ', '002234.SZ', '300209.SZ', '600973.SH', '601168.SH', '300777.SZ', '002097.SZ', '603579.SH', '603180.SH', '603303.SH', '002391.SZ', '002225.SZ', '600761.SH', '000789.SZ', '600888.SH', '002443.SZ', '603008.SH', '300258.SZ', '000672.SZ', '600770.SH', '600327.SH', '002303.SZ', '300007.SZ', '603166.SH', '002080.SZ', '601677.SH', '002548.SZ', '300349.SZ', '600449.SH', '002056.SZ', '300687.SZ', '002270.SZ', '600523.SH', '300580.SZ', '603859.SH', '002669.SZ', '603811.SH', '002197.SZ', '603060.SH', '002201.SZ', '600720.SH', '600967.SH', '002852.SZ', '600503.SH', '000697.SZ', '000048.SZ', '002565.SZ', '603566.SH', '002283.SZ', '688388.SH', '000563.SZ', '600251.SH', '603239.SH', '600366.SH', '002641.SZ', '002372.SZ', '002182.SZ']"
2020-08-31,2020-08-28,2020-09-07,-0.015035841957994813,100,0.5,500,"['603012.SH', '002438.SZ', '002519.SZ', '000563.SZ', '603303.SH', '002270.SZ', '600503.SH', '300349.SZ', '000848.SZ', '600685.SH', '002732.SZ', '002318.SZ', '600449.SH', '603239.SH', '600901.SH', '002746.SZ', '002233.SZ', '002757.SZ', '603859.SH', '300044.SZ', '002565.SZ', '600327.SH', '002234.SZ', '600668.SH', '600888.SH', '600761.SH', '688388.SH', '300627.SZ', '002372.SZ', '002097.SZ', '600251.SH', '600802.SH', '600770.SH', '002669.SZ', '600643.SH', '002458.SZ', '300777.SZ', '300258.SZ', '600967.SH', '600195.SH', '601058.SH', '600523.SH', '603566.SH', '600720.SH', '000672.SZ', '603187.SH', '603180.SH', '603179.SH', '002837.SZ', '300328.SZ', '300360.SZ', '002322.SZ', '300440.SZ', '603306.SH', '000655.SZ', '300193.SZ', '002111.SZ', '300259.SZ', '002392.SZ', '300066.SZ', '600184.SH', '002657.SZ', '002401.SZ', '600070.SH', '600433.SH', '603611.SH', '002818.SZ', '603189.SH', '603025.SH', '601700.SH', '601163.SH', '600965.SH', '603138.SH', '603766.SH', '300470.SZ', '300175.SZ', '300127.SZ', '600053.SH', '300520.SZ', '002057.SZ', '000811.SZ', '600479.SH', '002596.SZ', '000859.SZ', '603358.SH', '300075.SZ', '002512.SZ', '603886.SH', '600894.SH', '300341.SZ', '300220.SZ', '603618.SH', '601882.SH', '300552.SZ', '002432.SZ', '600590.SH', '300365.SZ', '601126.SH', '000935.SZ', '300276.SZ']"
2020-09-07,2020-09-04,2020-09-14,-0.016278034325575886,100,0.41,500,"['300193.SZ', '300360.SZ', '300440.SZ', '002322.SZ', '300066.SZ', '002392.SZ', '600433.SH', '002270.SZ', '000935.SZ', '002519.SZ', '600479.SH', '603886.SH', '603303.SH', '601126.SH', '603611.SH', '600901.SH', '603012.SH', '603025.SH', '601700.SH', '600251.SH', '600184.SH', '000848.SZ', '000563.SZ', '002657.SZ', '300349.SZ', '002111.SZ', '002401.SZ', '300259.SZ', '601163.SH', '002818.SZ', '600668.SH', '002438.SZ', '300127.SZ', '600761.SH', '300520.SZ', '600888.SH', '600449.SH', '002757.SZ', '300220.SZ', '601058.SH', '600643.SH', '002097.SZ', '002746.SZ', '002596.SZ', '600894.SH', '002565.SZ', '002057.SZ', '002372.SZ', '600503.SH', '002234.SZ', '002732.SZ', '600070.SH', '300365.SZ', '600590.SH', '002233.SZ', '000859.SZ', '002432.SZ', '002318.SZ', '603138.SH', '002346.SZ', '002218.SZ', '603111.SH', '300137.SZ', '002331.SZ', '603360.SH', '603169.SH', '002344.SZ', '000989.SZ', '600773.SH', '600828.SH', '000517.SZ', '002577.SZ', '600571.SH', '002833.SZ', '002423.SZ', '601677.SH', '300359.SZ', '002107.SZ', '600467.SH', '601717.SH', '300130.SZ', '600006.SH', '002884.SZ', '300065.SZ', '603896.SH', '002358.SZ', '600120.SH', '300527.SZ', '002201.SZ', '000639.SZ', '002300.SZ', '603776.SH', '002031.SZ', '600093.SH', '002649.SZ', '000528.SZ', '002158.SZ', '603008.SH', '603158.SH', '000525.SZ']"
2020-09-14,2020-09-11,2020-09-21,0.0069038967340530255,100,0.47,500,"['300193.SZ', '002519.SZ', '600251.SH', '002270.SZ', '002344.SZ', '000935.SZ', '002392.SZ', '600449.SH', '601677.SH', '603886.SH', '000989.SZ', '600888.SH', '002746.SZ', '601126.SH', '002322.SZ', '002234.SZ', '600668.SH', '000848.SZ', '600643.SH', '601058.SH', '002818.SZ', '603111.SH', '600761.SH', '600901.SH', '002757.SZ', '601163.SH', '300440.SZ', '300066.SZ', '300349.SZ', '002649.SZ', '000639.SZ', '002107.SZ', '300127.SZ', '603012.SH', '002432.SZ', '002233.SZ', '002218.SZ', '600467.SH', '002318.SZ', '601700.SH', '601717.SH', '300360.SZ', '600120.SH', '300130.SZ', '600590.SH', '000563.SZ', '002097.SZ', '002884.SZ', '600070.SH', '002833.SZ', '600006.SH', '002372.SZ', '002158.SZ', '603063.SH', '002443.SZ', '603969.SH', '600638.SH', '300580.SZ', '000811.SZ', '600603.SH', '000686.SZ', '603079.SH', '002588.SZ', '000401.SZ', '600770.SH', '002582.SZ', '600742.SH', '600295.SH', '603279.SH', '300607.SZ', '600720.SH', '002100.SZ', '600873.SH', '600737.SH', '601002.SH', '603489.SH', '002669.SZ', '600523.SH', '300664.SZ', '600351.SH', '300039.SZ', '000976.SZ', '601890.SH', '600975.SH', '002661.SZ', '001696.SZ', '600300.SH', '600366.SH', '600586.SH', '300441.SZ', '300423.SZ', '000831.SZ', '600195.SH', '002677.SZ', '000869.SZ', '002367.SZ', '000712.SZ', '600685.SH', '300119.SZ', '000612.SZ']"
2020-09-21,2020-09-18,2020-09-28,-0.05698299199197735,100,0.5,500,"['002649.SZ', '601058.SH', '002519.SZ', '002234.SZ', '600901.SH', '000935.SZ', '002218.SZ', '002443.SZ', '600668.SH', '600449.SH', '600070.SH', '002757.SZ', '600975.SH', '600120.SH', '601677.SH', '300130.SZ', '001696.SZ', '300607.SZ', '002270.SZ', '300423.SZ', '600643.SH', '000639.SZ', '002746.SZ', '600195.SH', '000563.SZ', '002884.SZ', '600770.SH', '002318.SZ', '002100.SZ', '601163.SH', '002582.SZ', '603079.SH', '600366.SH', '600761.SH', '600720.SH', '600742.SH', '002432.SZ', '000401.SZ', '600888.SH', '601717.SH', '300580.SZ', '600295.SH', '300119.SZ', '002158.SZ', '000612.SZ', '300066.SZ', '002588.SZ', '603063.SH', '300349.SZ', '600300.SH', '002538.SZ', '002548.SZ', '002423.SZ', '600657.SH', '600419.SH', '603609.SH', '300159.SZ', '002567.SZ', '688066.SH', '300255.SZ', '688015.SH', '300194.SZ', '600330.SH', '000926.SZ', '300173.SZ', '600562.SH', '300007.SZ', '603385.SH', '300016.SZ', '688033.SH', '600073.SH', '002515.SZ', '000736.SZ', '300815.SZ', '600802.SH', '600855.SH', '600326.SH', '603301.SH', '300019.SZ', '000789.SZ', '002057.SZ', '688002.SH', '600501.SH', '002208.SZ', '000933.SZ', '601020.SH', '002614.SZ', '000012.SZ', '002091.SZ', '600327.SH', '600894.SH', '002726.SZ', '300075.SZ', '600822.SH', '600155.SH', '002413.SZ', '600095.SH', '603189.SH', '300209.SZ', '600622.SH']"
2020-09-28,2020-09-25,2020-10-09,0.04210751150715085,100,0.5,500,"['002582.SZ', '002270.SZ', '002423.SZ', '603301.SH', '002884.SZ', '600770.SH', '600070.SH', '600761.SH', '603385.SH', '001696.SZ', '300159.SZ', '601717.SH', '002649.SZ', '300016.SZ', '600822.SH', '002208.SZ', '002614.SZ', '600295.SH', '000789.SZ', '002318.SZ', '600419.SH', '000012.SZ', '600742.SH', '600095.SH', '600155.SH', '300255.SZ', '000933.SZ', '600300.SH', '601058.SH', '002519.SZ', '002234.SZ', '600901.SH', '000935.SZ', '002218.SZ', '002443.SZ', '600668.SH', '600449.SH', '002757.SZ', '600975.SH', '600120.SH', '601677.SH', '300130.SZ', '300607.SZ', '300423.SZ', '600643.SH', '000639.SZ', '002746.SZ', '600195.SH', '000563.SZ', '002100.SZ', '600908.SH', '603323.SH', '002839.SZ', '600621.SH', '601208.SH', '600794.SH', '600075.SH', '000690.SZ', '000540.SZ', '600993.SH', '002838.SZ', '002489.SZ', '000686.SZ', '002097.SZ', '600527.SH', '002128.SZ', '600285.SH', '300244.SZ', '300677.SZ', '300246.SZ', '600477.SH', '300206.SZ', '601038.SH', '601222.SH', '000881.SZ', '600351.SH', '600823.SH', '601001.SH', '600063.SH', '000027.SZ', '002382.SZ', '000591.SZ', '000875.SZ', '000718.SZ', '002498.SZ', '300054.SZ', '300031.SZ', '002392.SZ', '002283.SZ', '300390.SZ', '002232.SZ', '002407.SZ', '600633.SH', '002262.SZ', '002747.SZ', '300143.SZ', '002022.SZ', '603416.SH', '000902.SZ', '002108.SZ']"
2020-10-09,2020-09-30,2020-10-12,0.03728032672000001,100,0.5,500,"['002884.SZ', '600621.SH', '600794.SH', '002407.SZ', '600770.SH', '002582.SZ', '600063.SH', '300016.SZ', '600822.SH', '002232.SZ', '300244.SZ', '300054.SZ', '002838.SZ', '600351.SH', '002747.SZ', '300677.SZ', '002270.SZ', '002649.SZ', '600419.SH', '600742.SH', '002489.SZ', '000690.SZ', '002392.SZ', '600908.SH', '603385.SH', '600993.SH', '300246.SZ', '600095.SH', '000875.SZ', '000540.SZ', '002614.SZ', '002318.SZ', '600761.SH', '300206.SZ', '601038.SH', '300390.SZ', '601001.SH', '002498.SZ', '600527.SH', '600285.SH', '300031.SZ', '600633.SH', '000881.SZ', '603416.SH', '002262.SZ', '002382.SZ', '600155.SH', '601222.SH', '600477.SH', '600823.SH', '000529.SZ', '603128.SH', '300145.SZ', '300414.SZ', '002266.SZ', '600133.SH', '603298.SH', '002670.SZ', '002832.SZ', '300541.SZ', '300291.SZ', '300448.SZ', '000088.SZ', '300265.SZ', '300303.SZ', '300200.SZ', '000037.SZ', '300598.SZ', '300815.SZ', '300046.SZ', '600207.SH', '300339.SZ', '300578.SZ', '300237.SZ', '300082.SZ', '300365.SZ', '000828.SZ', '300481.SZ', '300638.SZ', '603678.SH', '002617.SZ', '002197.SZ', '300133.SZ', '002130.SZ', '300190.SZ', '601882.SH', '300671.SZ', '603612.SH', '300127.SZ', '000823.SZ', '600577.SH', '000712.SZ', '603600.SH', '002583.SZ', '002378.SZ', '300315.SZ', '300297.SZ', '002287.SZ', '300148.SZ', '300487.SZ']"
2020-10-12,2020-10-09,2020-10-19,-0.014614472093190091,100,0.5,500,"['600794.SH', '002270.SZ', '002582.SZ', '600063.SH', '002838.SZ', '600419.SH', '600770.SH', '600207.SH', '000037.SZ', '300414.SZ', '002498.SZ', '000881.SZ', '002318.SZ', '600742.SH', '601001.SH', '600577.SH', '002614.SZ', '300127.SZ', '002407.SZ', '002130.SZ', '600095.SH', '300265.SZ', '300200.SZ', '300303.SZ', '300390.SZ', '300481.SZ', '300487.SZ', '300671.SZ', '300082.SZ', '300638.SZ', '002583.SZ', '002378.SZ', '002884.SZ', '600621.SH', '300016.SZ', '600822.SH', '002232.SZ', '300244.SZ', '300054.SZ', '600351.SH', '002747.SZ', '300677.SZ', '002649.SZ', '002489.SZ', '000690.SZ', '002392.SZ', '600908.SH', '603385.SH', '600993.SH', '300246.SZ', '600075.SH', '600507.SH', '603360.SH', '600562.SH', '600975.SH', '000655.SZ', '300159.SZ', '002588.SZ', '601208.SH', '000729.SZ', '002709.SZ', '300735.SZ', '300019.SZ', '601058.SH', '603599.SH', '601677.SH', '002110.SZ', '000612.SZ', '601126.SH', '600163.SH', '002085.SZ', '002443.SZ', '603305.SH', '002746.SZ', '300360.SZ', '000507.SZ', '600928.SH', '603186.SH', '603788.SH', '600834.SH', '002738.SZ', '601311.SH', '601163.SH', '600971.SH', '002936.SZ', '600869.SH', '000791.SZ', '300548.SZ', '600070.SH', '601678.SH', '300580.SZ', '300602.SZ', '600508.SH', '600782.SH', '002515.SZ', '600620.SH', '300493.SZ', '603919.SH', '600395.SH', '000968.SZ']"
2020-10-19,2020-10-16,2020-10-26,-0.019605236003667263,100,0.5,500,"['002270.SZ', '603788.SH', '002443.SZ', '600507.SH', '601208.SH', '002838.SZ', '002110.SZ', '600419.SH', '601677.SH', '603360.SH', '002582.SZ', '002588.SZ', '600063.SH', '600975.SH', '600577.SH', '600782.SH', '300019.SZ', '603599.SH', '600971.SH', '002318.SZ', '600508.SH', '300580.SZ', '600070.SH', '002498.SZ', '601001.SH', '601058.SH', '600742.SH', '000791.SZ', '000612.SZ', '601163.SH', '600395.SH', '600075.SH', '300082.SZ', '300360.SZ', '002738.SZ', '300200.SZ', '603186.SH', '601126.SH', '002614.SZ', '600562.SH', '300390.SZ', '600207.SH', '600869.SH', '002085.SZ', '601311.SH', '300481.SZ', '000968.SZ', '300159.SZ', '603305.SH', '002130.SZ', '000922.SZ', '603238.SH', '002539.SZ', '600389.SH', '002283.SZ', '000951.SZ', '600073.SH', '000532.SZ', '000717.SZ', '002734.SZ', '300174.SZ', '002768.SZ', '603113.SH', '603489.SH', '601717.SH', '002695.SZ', '601567.SH', '600282.SH', '002434.SZ', '300119.SZ', '300596.SZ', '000932.SZ', '002756.SZ', '002637.SZ', '002782.SZ', '002726.SZ', '000581.SZ', '603158.SH', '002911.SZ', '000778.SZ', '600997.SH', '000921.SZ', '300041.SZ', '002440.SZ', '002128.SZ', '603916.SH', '600517.SH', '600581.SH', '000652.SZ', '002810.SZ', '002461.SZ', '603579.SH', '600873.SH', '002548.SZ', '600985.SH', '600348.SH', '002669.SZ', '300256.SZ', '603766.SH', '000983.SZ']"
2020-10-26,2020-10-23,2020-11-02,-0.008278812605750172,100,0.39,500,"['600577.SH', '601058.SH', '600782.SH', '600985.SH', '601677.SH', '002443.SZ', '002637.SZ', '000932.SZ', '600073.SH', '000717.SZ', '600507.SH', '600742.SH', '600581.SH', '002110.SZ', '601311.SH', '002128.SZ', '600075.SH', '002270.SZ', '300082.SZ', '300360.SZ', '000921.SZ', '000951.SZ', '002434.SZ', '600282.SH', '002539.SZ', '000922.SZ', '601001.SH', '300019.SZ', '600508.SH', '600971.SH', '000778.SZ', '002734.SZ', '600348.SH', '002582.SZ', '601717.SH', '603599.SH', '601208.SH', '002085.SZ', '000983.SZ', '002726.SZ', '002756.SZ', '002461.SZ', '002318.SZ', '603113.SH', '600070.SH', '002838.SZ', '603186.SH', '601567.SH', '000612.SZ', '002283.SZ', '300580.SZ', '300200.SZ', '002768.SZ', '603158.SH', '603766.SH', '300119.SZ', '600873.SH', '000581.SZ', '600395.SH', '300256.SZ', '603360.SH', '000959.SZ', '002101.SZ', '000933.SZ', '601666.SH', '600603.SH', '002182.SZ', '600141.SH', '002237.SZ', '603639.SH', '000807.SZ', '002534.SZ', '000878.SZ', '600973.SH', '603727.SH', '002045.SZ', '002203.SZ', '002519.SZ', '002688.SZ', '600794.SH', '603303.SH', '000957.SZ', '600295.SH', '300493.SZ', '603181.SH', '600459.SH', '300551.SZ', '000099.SZ', '002028.SZ', '002139.SZ', '601598.SH', '000937.SZ', '002895.SZ', '000825.SZ', '600888.SH', '601966.SH', '300423.SZ', '000060.SZ', '300341.SZ', '600523.SH']"
2020-11-02,2020-10-30,2020-11-09,0.06505755697953491,100,0.5,500,"['002101.SZ', '002045.SZ', '300082.SZ', '000807.SZ', '600742.SH', '600141.SH', '000933.SZ', '002139.SZ', '600073.SH', '300019.SZ', '600523.SH', '300341.SZ', '603186.SH', '002318.SZ', '000878.SZ', '300119.SZ', '601677.SH', '600581.SH', '002434.SZ', '002110.SZ', '601058.SH', '002237.SZ', '603360.SH', '300360.SZ', '300256.SZ', '000951.SZ', '002182.SZ', '002726.SZ', '002461.SZ', '000099.SZ', '000060.SZ', '300580.SZ', '000959.SZ', '600973.SH', '600075.SH', '300493.SZ', '600459.SH', '601966.SH', '000922.SZ', '000825.SZ', '000717.SZ', '600782.SH', '600507.SH', '600985.SH', '603181.SH', '300200.SZ', '002539.SZ', '601598.SH', '601311.SH', '601666.SH', '300620.SZ', '000532.SZ', '300424.SZ', '300568.SZ', '300769.SZ', '600096.SH', '002497.SZ', '300438.SZ', '600711.SH', '603919.SH', '603043.SH', '300548.SZ', '600537.SH', '002300.SZ', '002092.SZ', '300596.SZ', '300516.SZ', '002759.SZ', '603305.SH', '002662.SZ', '300319.SZ', '002104.SZ', '300740.SZ', '000652.SZ', '300761.SZ', '601168.SH', '300227.SZ', '603197.SH', '688388.SH', '600419.SH', '002930.SZ', '300657.SZ', '300265.SZ', '300709.SZ', '300258.SZ', '603238.SH', '300655.SZ', '603078.SH', '000550.SZ', '603010.SH', '300735.SZ', '603612.SH', '300489.SZ', '600596.SH', '600197.SH', '000960.SZ', '600435.SH', '300328.SZ', '600988.SH', '603027.SH']"
2020-11-09,2020-11-06,2020-11-16,-0.0007285667184522248,100,0.49,500,"['000807.SZ', '600742.SH', '603305.SH', '300620.SZ', '300735.SZ', '300548.SZ', '300769.SZ', '000717.SZ', '300438.SZ', '300657.SZ', '601168.SH', '002110.SZ', '000951.SZ', '300709.SZ', '300319.SZ', '300489.SZ', '603078.SH', '300341.SZ', '600581.SH', '300655.SZ', '000878.SZ', '002182.SZ', '600711.SH', '002726.SZ', '688388.SH', '600075.SH', '000550.SZ', '000933.SZ', '300019.SZ', '600459.SH', '600073.SH', '600419.SH', '601058.SH', '002139.SZ', '600985.SH', '002318.SZ', '300258.SZ', '300082.SZ', '603186.SH', '603612.SH', '600782.SH', '601666.SH', '300493.SZ', '002101.SZ', '603197.SH', '603043.SH', '300360.SZ', '000060.SZ', '300328.SZ', '300740.SZ', '600096.SH', '002579.SZ', '300618.SZ', '600810.SH', '600458.SH', '300037.SZ', '300679.SZ', '603113.SH', '002276.SZ', '000823.SZ', '002056.SZ', '000301.SZ', '002171.SZ', '002897.SZ', '002815.SZ', '603626.SH', '603489.SH', '600580.SH', '300560.SZ', '300602.SZ', '601020.SH', '600597.SH', '300638.SZ', '603185.SH', '300073.SZ', '603486.SH', '002130.SZ', '603630.SH', '300174.SZ', '002585.SZ', '300481.SZ', '603886.SH', '300432.SZ', '600577.SH', '002288.SZ', '000932.SZ', '300767.SZ', '002351.SZ', '600562.SH', '300303.SZ', '000859.SZ', '603595.SH', '002782.SZ', '002048.SZ', '600095.SH', '002810.SZ', '603118.SH', '002386.SZ', '000810.SZ', '002128.SZ']"
2020-11-16,2020-11-13,2020-11-23,0.033072038169161114,100,0.5,500,"['000878.SZ', '600096.SH', '600711.SH', '000823.SZ', '603612.SH', '601168.SH', '002386.SZ', '600419.SH', '600073.SH', '002288.SZ', '601020.SH', '600458.SH', '600581.SH', '000807.SZ', '300328.SZ', '300620.SZ', '000859.SZ', '300341.SZ', '601666.SH', '600742.SH', '603197.SH', '300319.SZ', '300769.SZ', '300657.SZ', '002897.SZ', '603078.SH', '002276.SZ', '600580.SH', '300258.SZ', '000717.SZ', '300709.SZ', '688388.SH', '300679.SZ', '000933.SZ', '002130.SZ', '600597.SH', '002182.SZ', '000060.SZ', '603113.SH', '600782.SH', '603489.SH', '603630.SH', '002110.SZ', '300655.SZ', '002585.SZ', '600985.SH', '002128.SZ', '300438.SZ', '300493.SZ', '002351.SZ', '002449.SZ', '002206.SZ', '002588.SZ', '000957.SZ', '600961.SH', '600552.SH', '600063.SH', '601015.SH', '002155.SZ', '600933.SH', '000960.SZ', '002539.SZ', '600360.SH', '601212.SH', '002045.SZ', '000825.SZ', '600141.SH', '600537.SH', '603777.SH', '002104.SZ', '600300.SH', '600549.SH', '002055.SZ', '600230.SH', '300256.SZ', '600295.SH', '000959.SZ', '002741.SZ', '300053.SZ', '000683.SZ', '300184.SZ', '002472.SZ', '300590.SZ', '300215.SZ', '300224.SZ', '601127.SH', '002428.SZ', '601966.SH', '600691.SH', '002538.SZ', '002378.SZ', '002237.SZ', '002203.SZ', '300219.SZ', '600389.SH', '600203.SH', '000937.SZ', '601137.SH', '002547.SZ', '300397.SZ']"
2020-11-23,2020-11-20,2020-11-30,-0.022935015593297338,100,0.49,500,"['600096.SH', '600458.SH', '000878.SZ', '601020.SH', '002386.SZ', '000957.SZ', '600141.SH', '601015.SH', '601212.SH', '600073.SH', '600711.SH', '002449.SZ', '000959.SZ', '601127.SH', '603612.SH', '000683.SZ', '000960.SZ', '000825.SZ', '600742.SH', '002055.SZ', '600537.SH', '600581.SH', '300184.SZ', '600295.SH', '600691.SH', '000807.SZ', '600203.SH', '600961.SH', '601168.SH', '000823.SZ', '002237.SZ', '600063.SH', '600552.SH', '000937.SZ', '601666.SH', '002472.SZ', '600360.SH', '002378.SZ', '300224.SZ', '002104.SZ', '600549.SH', '000933.SZ', '600782.SH', '002538.SZ', '002203.SZ', '300769.SZ', '002182.SZ', '002897.SZ', '600230.SH', '002155.SZ', '002288.SZ', '002101.SZ', '600569.SH', '000969.SZ', '002662.SZ', '601101.SH', '000810.SZ', '600523.SH', '600435.SH', '600480.SH', '002446.SZ', '000905.SZ', '000936.SZ', '600335.SH', '002570.SZ', '600490.SH', '600291.SH', '600839.SH', '601969.SH', '000016.SZ', '000887.SZ', '002668.SZ', '000758.SZ', '002048.SZ', '002707.SZ', '600759.SH', '600348.SH', '600277.SH', '603997.SH', '600758.SH', '000059.SZ', '600546.SH', '002549.SZ', '002906.SZ', '000983.SZ', '000550.SZ', '601003.SH', '002335.SZ', '000697.SZ', '300568.SZ', '600478.SH', '600810.SH', '600467.SH', '600318.SH', '600331.SH', '601918.SH', '600973.SH', '002488.SZ', '300109.SZ', '603619.SH']"
2020-11-30,2020-11-27,2020-12-07,0.0005092467216337882,100,0.44,500,"['601020.SH', '000823.SZ', '002055.SZ', '002101.SZ', '601666.SH', '600063.SH', '002449.SZ', '600458.SH', '002048.SZ', '600230.SH', '600537.SH', '601015.SH', '600348.SH', '000959.SZ', '000825.SZ', '601101.SH', '000807.SZ', '600711.SH', '603612.SH', '000960.SZ', '600523.SH', '000016.SZ', '000937.SZ', '601168.SH', '002662.SZ', '600277.SH', '600742.SH', '600073.SH', '000878.SZ', '600295.SH', '600141.SH', '600360.SH', '600435.SH', '601918.SH', '600335.SH', '600096.SH', '600782.SH', '000905.SZ', '300769.SZ', '002897.SZ', '600546.SH', '002104.SZ', '601212.SH', '000969.SZ', '000983.SZ', '000683.SZ', '600480.SH', '002386.SZ', '002288.SZ', '002446.SZ', '000933.SZ', '600569.SH', '600961.SH', '300184.SZ', '002668.SZ', '600581.SH', '001896.SZ', '601678.SH', '300657.SZ', '000921.SZ', '603078.SH', '300118.SZ', '000973.SZ', '300331.SZ', '300256.SZ', '600509.SH', '603083.SH', '601137.SH', '600985.SH', '002840.SZ', '300761.SZ', '300319.SZ', '300620.SZ', '002128.SZ', '002002.SZ', '300655.SZ', '601615.SH', '002110.SZ', '600282.SH', '601001.SH', '000060.SZ', '600997.SH', '000932.SZ', '600590.SH', '000881.SZ', '300053.SZ', '002206.SZ', '600971.SH', '600123.SH', '600609.SH', '002226.SZ', '000778.SZ', '601699.SH', '603618.SH', '600884.SH', '600988.SH', '002340.SZ', '300709.SZ', '603766.SH', '300082.SZ']"
2020-12-07,2020-12-04,2020-12-14,-0.02515196220870461,100,0.5,500,"['002449.SZ', '000807.SZ', '601615.SH', '002104.SZ', '603078.SH', '300620.SZ', '000683.SZ', '300709.SZ', '000878.SZ', '300657.SZ', '600096.SH', '002897.SZ', '300256.SZ', '002101.SZ', '603612.SH', '300769.SZ', '600073.SH', '300053.SZ', '300761.SZ', '300319.SZ', '600711.SH', '601015.SH', '601168.SH', '601101.SH', '002386.SZ', '601212.SH', '603083.SH', '300655.SZ', '002055.SZ', '002206.SZ', '002288.SZ', '002840.SZ', '000823.SZ', '600961.SH', '600277.SH', '600569.SH', '600458.SH', '000973.SZ', '600063.SH', '000959.SZ', '000960.SZ', '600884.SH', '000937.SZ', '600480.SH', '000825.SZ', '601137.SH', '300184.SZ', '601020.SH', '601666.SH', '002048.SZ', '601127.SH', '300328.SZ', '300568.SZ', '002635.SZ', '000936.SZ', '300777.SZ', '603997.SH', '603068.SH', '300397.SZ', '600758.SH', '300102.SZ', '002326.SZ', '002428.SZ', '603026.SH', '300783.SZ', '300159.SZ', '002125.SZ', '000810.SZ', '300258.SZ', '300252.SZ', '002351.SZ', '300134.SZ', '300638.SZ', '601966.SH', '002568.SZ', '688388.SH', '300224.SZ', '688006.SH', '600478.SH', '000887.SZ', '300128.SZ', '000700.SZ', '002341.SZ', '600933.SH', '300215.SZ', '002237.SZ', '002023.SZ', '000957.SZ', '000615.SZ', '300409.SZ', '002506.SZ', '002810.SZ', '300127.SZ', '300775.SZ', '002847.SZ', '603626.SH', '600291.SH', '002378.SZ', '600403.SH', '000025.SZ']"
2020-12-14,2020-12-11,2020-12-21,0.040404227136786194,100,0.5,500,"['002568.SZ', '300638.SZ', '002810.SZ', '688006.SH', '300777.SZ', '601615.SH', '002351.SZ', '300783.SZ', '002847.SZ', '600277.SH', '688388.SH', '600758.SH', '600480.SH', '002897.SZ', '300258.SZ', '002237.SZ', '300568.SZ', '300769.SZ', '000823.SZ', '000683.SZ', '000807.SZ', '002635.SZ', '600073.SH', '000878.SZ', '300224.SZ', '002386.SZ', '300397.SZ', '002449.SZ', '603068.SH', '000887.SZ', '601101.SH', '603612.SH', '603078.SH', '300328.SZ', '300256.SZ', '002326.SZ', '000700.SZ', '002206.SZ', '002125.SZ', '601168.SH', '300620.SZ', '300709.SZ', '000957.SZ', '600096.SH', '600884.SH', '300127.SZ', '300319.SZ', '600961.SH', '000937.SZ', '300102.SZ', '300726.SZ', '603218.SH', '600305.SH', '300767.SZ', '002878.SZ', '300724.SZ', '603027.SH', '603505.SH', '002959.SZ', '300763.SZ', '300627.SZ', '300394.SZ', '603489.SH', '002216.SZ', '000923.SZ', '300432.SZ', '002677.SZ', '002214.SZ', '603596.SH', '300487.SZ', '300776.SZ', '300037.SZ', '300481.SZ', '300390.SZ', '601965.SH', '603185.SH', '603688.SH', '603198.SH', '603010.SH', '603129.SH', '300741.SZ', '002756.SZ', '002706.SZ', '002851.SZ', '300073.SZ', '603239.SH', '300751.SZ', '002695.SZ', '300443.SZ', '300566.SZ', '300034.SZ', '600378.SH', '603606.SH', '002218.SZ', '002518.SZ', '002056.SZ', '603306.SH', '600330.SH', '300132.SZ', '603579.SH']"
2020-12-21,2020-12-18,2020-12-28,-0.013685249442433411,100,0.5,500,"['000878.SZ', '600096.SH', '000887.SZ', '600073.SH', '000683.SZ', '603218.SH', '601615.SH', '603612.SH', '000807.SZ', '002386.SZ', '601168.SH', '688006.SH', '002237.SZ', '600480.SH', '000923.SZ', '600305.SH', '603027.SH', '300224.SZ', '300638.SZ', '600277.SH', '000957.SZ', '300741.SZ', '300726.SZ', '000823.SZ', '000937.SZ', '603198.SH', '601101.SH', '002056.SZ', '601965.SH', '002449.SZ', '002635.SZ', '603489.SH', '300783.SZ', '600758.SH', '603505.SH', '002677.SZ', '002959.SZ', '300481.SZ', '300767.SZ', '600961.SH', '002206.SZ', '002810.SZ', '002851.SZ', '600884.SH', '603596.SH', '600378.SH', '300751.SZ', '300258.SZ', '300777.SZ', '300132.SZ', '000960.SZ', '002309.SZ', '600141.SH', '600458.SH', '600456.SH', '600691.SH', '000825.SZ', '601966.SH', '601212.SH', '601311.SH', '000959.SZ', '000758.SZ', '600497.SH', '000060.SZ', '600295.SH', '600569.SH', '002335.SZ', '600459.SH', '000969.SZ', '000933.SZ', '002055.SZ', '600597.SH', '600742.SH', '600765.SH', '300427.SZ', '002538.SZ', '603730.SH', '300219.SZ', '600580.SH', '600546.SH', '600312.SH', '300082.SZ', '600335.SH', '002258.SZ', '002203.SZ', '002048.SZ', '002539.SZ', '002155.SZ', '600751.SH', '600873.SH', '600403.SH', '000913.SZ', '000970.SZ', '603728.SH', '601666.SH', '000990.SZ', '000400.SZ', '600933.SH', '600063.SH', '600537.SH']"
2020-12-28,2020-12-25,2021-01-04,0.0346030055328408,100,0.49,500,"['601615.SH', '603218.SH', '600312.SH', '000923.SZ', '600458.SH', '600497.SH', '600305.SH', '002309.SZ', '601311.SH', '600141.SH', '688006.SH', '600456.SH', '601101.SH', '002335.SZ', '000683.SZ', '600295.SH', '600096.SH', '300726.SZ', '600580.SH', '000960.SZ', '600765.SH', '600073.SH', '000937.SZ', '300219.SZ', '000400.SZ', '300082.SZ', '603728.SH', '601965.SH', '300638.SZ', '603027.SH', '000913.SZ', '601168.SH', '600884.SH', '600691.SH', '000933.SZ', '000957.SZ', '600277.SH', '603505.SH', '000758.SZ', '000970.SZ', '300224.SZ', '000969.SZ', '002677.SZ', '300767.SZ', '000825.SZ', '000878.SZ', '002237.SZ', '000959.SZ', '002959.SZ', '002056.SZ', '600378.SH', '300568.SZ', '002461.SZ', '002549.SZ', '603358.SH', '300034.SZ', '002756.SZ', '600549.SH', '000869.SZ', '002518.SZ', '603997.SH', '601015.SH', '000519.SZ', '300073.SZ', '002226.SZ', '688388.SH', '002636.SZ', '002970.SZ', '600197.SH', '603306.SH', '600435.SH', '600478.SH', '603688.SH', '300627.SZ', '600523.SH', '300604.SZ', '000426.SZ', '002610.SZ', '688005.SH', '002284.SZ', '002588.SZ', '603181.SH', '601969.SH', '002570.SZ', '300118.SZ', '600988.SH', '600151.SH', '600609.SH', '002218.SZ', '000936.SZ', '601020.SH', '002568.SZ', '002126.SZ', '600300.SH', '000615.SZ', '600623.SH', '600392.SH', '000541.SZ', '300776.SZ', '002125.SZ']"
2021-01-04,2020-12-31,2021-01-11,-0.03682040118402632,100,0.5,500,"['601311.SH', '600884.SH', '603218.SH', '002335.SZ', '688006.SH', '000933.SZ', '601615.SH', '300776.SZ', '300568.SZ', '002756.SZ', '600623.SH', '300224.SZ', '002126.SZ', '600295.SH', '300034.SZ', '000923.SZ', '300118.SZ', '002970.SZ', '300726.SZ', '600765.SH', '601020.SH', '603505.SH', '002636.SZ', '002549.SZ', '601168.SH', '000869.SZ', '002588.SZ', '600151.SH', '600300.SH', '600312.SH', '600458.SH', '600497.SH', '600305.SH', '002309.SZ', '600141.SH', '600456.SH', '601101.SH', '000683.SZ', '600096.SH', '600580.SH', '000960.SZ', '600073.SH', '000937.SZ', '300219.SZ', '000400.SZ', '300082.SZ', '603728.SH', '601965.SH', '300638.SZ', '603027.SH', '000830.SZ', '603128.SH', '000049.SZ', '000626.SZ', '600499.SH', '002563.SZ', '002091.SZ', '002092.SZ', '000921.SZ', '600876.SH', '300567.SZ', '002183.SZ', '000550.SZ', '000012.SZ', '002967.SZ', '603225.SH', '600711.SH', '603960.SH', '600827.SH', '600428.SH', '601233.SH', '000905.SZ', '600737.SH', '002643.SZ', '002064.SZ', '603666.SH', '603025.SH', '300598.SZ', '002386.SZ', '002497.SZ', '600509.SH', '000034.SZ', '600460.SH', '600641.SH', '300054.SZ', '601908.SH', '002960.SZ', '601375.SH', '000928.SZ', '002318.SZ', '601611.SH', '300386.SZ', '603267.SH', '000983.SZ', '600335.SH', '600710.SH', '603678.SH', '601717.SH', '600409.SH', '000028.SZ']"
2021-01-11,2021-01-08,2021-01-18,0.03191020281690925,100,0.5,500,"['603505.SH', '603666.SH', '000960.SZ', '002318.SZ', '000012.SZ', '300082.SZ', '002549.SZ', '600141.SH', '600876.SH', '000933.SZ', '300224.SZ', '600300.SH', '002756.SZ', '600335.SH', '600096.SH', '002960.SZ', '000923.SZ', '600073.SH', '002092.SZ', '002386.SZ', '002183.SZ', '600458.SH', '000928.SZ', '000905.SZ', '601020.SH', '601311.SH', '600884.SH', '603218.SH', '002335.SZ', '688006.SH', '601615.SH', '300776.SZ', '300568.SZ', '600623.SH', '002126.SZ', '600295.SH', '300034.SZ', '300118.SZ', '002970.SZ', '300726.SZ', '600765.SH', '002636.SZ', '601168.SH', '000869.SZ', '002588.SZ', '600151.SH', '600312.SH', '600497.SH', '600305.SH', '002309.SZ', '002810.SZ', '002833.SZ', '002677.SZ', '600378.SH', '002831.SZ', '603313.SH', '002258.SZ', '603429.SH', '300487.SZ', '002803.SZ', '603688.SH', '002324.SZ', '603596.SH', '002847.SZ', '002695.SZ', '000831.SZ', '600452.SH', '300617.SZ', '300196.SZ', '603915.SH', '002732.SZ', '300616.SZ', '300767.SZ', '603010.SH', '002918.SZ', '002701.SZ', '600459.SH', '002572.SZ', '603650.SH', '002911.SZ', '002300.SZ', '300497.SZ', '601137.SH', '002641.SZ', '603208.SH', '600330.SH', '600500.SH', '300737.SZ', '600523.SH', '002326.SZ', '000657.SZ', '300783.SZ', '603916.SH', '002155.SZ', '000532.SZ', '603113.SH', '002950.SZ', '000301.SZ', '002130.SZ', '300132.SZ']"
2021-01-18,2021-01-15,2021-01-25,-0.002263473158695347,100,0.5,500,"['002677.SZ', '603505.SH', '002833.SZ', '300497.SZ', '002318.SZ', '603666.SH', '002803.SZ', '600458.SH', '002918.SZ', '002831.SZ', '002130.SZ', '002810.SZ', '002960.SZ', '603313.SH', '000933.SZ', '600452.SH', '603208.SH', '300737.SZ', '002326.SZ', '000012.SZ', '002641.SZ', '600141.SH', '600876.SH', '600523.SH', '300082.SZ', '002549.SZ', '300487.SZ', '603010.SH', '600073.SH', '002572.SZ', '002258.SZ', '300783.SZ', '600378.SH', '000960.SZ', '600096.SH', '603916.SH', '002847.SZ', '300767.SZ', '002950.SZ', '601020.SH', '603688.SH', '002701.SZ', '300196.SZ', '603915.SH', '000905.SZ', '600500.SH', '300132.SZ', '000657.SZ', '603650.SH', '002695.SZ', '300016.SZ', '600720.SH', '600063.SH', '603600.SH', '603811.SH', '000915.SZ', '000789.SZ', '002034.SZ', '000060.SZ', '300198.SZ', '002669.SZ', '600075.SH', '603360.SH', '002057.SZ', '002408.SZ', '002233.SZ', '600507.SH', '600273.SH', '600389.SH', '300259.SZ', '601678.SH', '002768.SZ', '000672.SZ', '600609.SH', '002479.SZ', '002645.SZ', '002110.SZ', '300127.SZ', '000025.SZ', '603303.SH', '603238.SH', '000576.SZ', '603686.SH', '601918.SH', '002522.SZ', '600116.SH', '603180.SH', '300180.SZ', '300360.SZ', '603181.SH', '002228.SZ', '002226.SZ', '002662.SZ', '300007.SZ', '002838.SZ', '300684.SZ', '002039.SZ', '002243.SZ', '000875.SZ', '002108.SZ']"
2021-01-25,2021-01-22,2021-02-01,-0.011875897564764284,100,0.5,500,"['002810.SZ', '002918.SZ', '603666.SH', '603505.SH', '603208.SH', '002833.SZ', '002677.SZ', '603650.SH', '603313.SH', '300737.SZ', '600073.SH', '600458.SH', '300198.SZ', '300767.SZ', '000012.SZ', '300132.SZ', '000933.SZ', '002803.SZ', '603686.SH', '002838.SZ', '002695.SZ', '603181.SH', '002831.SZ', '002669.SZ', '300497.SZ', '002318.SZ', '002960.SZ', '002258.SZ', '600609.SH', '300016.SZ', '603600.SH', '603916.SH', '600096.SH', '002326.SZ', '300082.SZ', '300487.SZ', '002572.SZ', '600141.SH', '600378.SH', '002228.SZ', '002108.SZ', '300196.SZ', '603688.SH', '600876.SH', '600116.SH', '600075.SH', '300684.SZ', '601020.SH', '000875.SZ', '002130.SZ', '603906.SH', '300651.SZ', '300258.SZ', '300019.SZ', '600459.SH', '000923.SZ', '002182.SZ', '600336.SH', '002756.SZ', '300740.SZ', '603306.SH', '600966.SH', '300439.SZ', '603601.SH', '002163.SZ', '603733.SH', '601016.SH', '002254.SZ', '600532.SH', '600586.SH', '603997.SH', '601208.SH', '300566.SZ', '002539.SZ', '688388.SH', '002585.SZ', '300569.SZ', '603612.SH', '300435.SZ', '603896.SH', '300041.SZ', '000957.SZ', '002286.SZ', '603596.SH', '002126.SZ', '300715.SZ', '300364.SZ', '600300.SH', '600691.SH', '002845.SZ', '300314.SZ', '002386.SZ', '300382.SZ', '600802.SH', '002237.SZ', '300160.SZ', '300174.SZ', '600199.SH', '600810.SH', '603801.SH']"
2021-02-01,2021-01-29,2021-02-08,-0.029820406485945274,100,0.49,500,"['603505.SH', '002831.SZ', '002810.SZ', '603313.SH', '002318.SZ', '603208.SH', '002918.SZ', '002803.SZ', '002677.SZ', '603181.SH', '300497.SZ', '300767.SZ', '300439.SZ', '603600.SH', '002539.SZ', '300651.SZ', '603686.SH', '300132.SZ', '603801.SH', '300737.SZ', '300258.SZ', '002254.SZ', '300019.SZ', '002572.SZ', '002838.SZ', '000923.SZ', '300041.SZ', '000875.SZ', '000012.SZ', '300715.SZ', '600810.SH', '603906.SH', '300569.SZ', '688388.SH', '603688.SH', '601208.SH', '300487.SZ', '600459.SH', '603916.SH', '603596.SH', '603650.SH', '002258.SZ', '600378.SH', '002326.SZ', '600458.SH', '600073.SH', '603306.SH', '300196.SZ', '002669.SZ', '002228.SZ', '300684.SZ', '300815.SZ', '600452.SH', '300121.SZ', '603238.SH', '603180.SH', '300729.SZ', '002911.SZ', '002206.SZ', '603809.SH', '600976.SH', '603010.SH', '002950.SZ', '002641.SZ', '603319.SH', '300806.SZ', '603983.SH', '603599.SH', '603595.SH', '603223.SH', '002757.SZ', '603330.SH', '000589.SZ', '603326.SH', '300331.SZ', '000060.SZ', '300705.SZ', '002088.SZ', '300791.SZ', '000672.SZ', '688181.SH', '300580.SZ', '601678.SH', '002605.SZ', '300596.SZ', '300259.SZ', '600477.SH', '603110.SH', '002110.SZ', '002324.SZ', '603429.SH', '600419.SH', '000789.SZ', '000885.SZ', '600163.SH', '300127.SZ', '600456.SH', '600507.SH', '300587.SZ', '603787.SH']"
2021-02-08,2021-02-05,2021-02-18,0.05779130277892189,100,0.5,500,"['603238.SH', '002831.SZ', '300439.SZ', '002810.SZ', '600452.SH', '603326.SH', '002228.SZ', '300121.SZ', '603600.SH', '300729.SZ', '300705.SZ', '603223.SH', '600810.SH', '603505.SH', '000875.SZ', '002918.SZ', '000060.SZ', '300767.SZ', '603208.SH', '002206.SZ', '603181.SH', '603180.SH', '300497.SZ', '002950.SZ', '603313.SH', '601678.SH', '002318.SZ', '600458.SH', '300258.SZ', '002088.SZ', '603010.SH', '002110.SZ', '300596.SZ', '300815.SZ', '000885.SZ', '603330.SH', '603809.SH', '300806.SZ', '002838.SZ', '002324.SZ', '600163.SH', '603983.SH', '600419.SH', '002803.SZ', '000589.SZ', '300737.SZ', '603801.SH', '300587.SZ', '300715.SZ', '603787.SH', '603811.SH', '300669.SZ', '300723.SZ', '600500.SH', '601968.SH', '002386.SZ', '603727.SH', '002003.SZ', '603666.SH', '603848.SH', '002520.SZ', '002752.SZ', '600569.SH', '002203.SZ', '002468.SZ', '688026.SH', '000863.SZ', '600096.SH', '603818.SH', '600165.SH', '000825.SZ', '600389.SH', '603579.SH', '002155.SZ', '300180.SZ', '300616.SZ', '600239.SH', '002408.SZ', '601003.SH', '000955.SZ', '000917.SZ', '002237.SZ', '000688.SZ', '002672.SZ', '002378.SZ', '002472.SZ', '000526.SZ', '300436.SZ', '600126.SH', '000949.SZ', '600623.SH', '002479.SZ', '603601.SH', '600116.SH', '600337.SH', '600230.SH', '300147.SZ', '600731.SH', '000059.SZ', '300199.SZ']"
2021-02-18,2021-02-10,2021-02-22,0.05932435439247805,100,0.48,500,"['603326.SH', '000917.SZ', '600096.SH', '300121.SZ', '002468.SZ', '300587.SZ', '600458.SH', '002155.SZ', '002206.SZ', '600810.SH', '002386.SZ', '300258.SZ', '603811.SH', '603666.SH', '002752.SZ', '002810.SZ', '688026.SH', '000825.SZ', '603727.SH', '002378.SZ', '300723.SZ', '300497.SZ', '603223.SH', '000875.SZ', '600419.SH', '601968.SH', '600230.SH', '002672.SZ', '002003.SZ', '603818.SH', '300436.SZ', '300180.SZ', '300806.SZ', '603180.SH', '600623.SH', '002237.SZ', '300596.SZ', '000059.SZ', '002831.SZ', '300729.SZ', '002203.SZ', '300705.SZ', '603579.SH', '600337.SH', '000060.SZ', '002472.SZ', '300147.SZ', '000863.SZ', '000949.SZ', '002228.SZ', '603313.SH', '300616.SZ', '600292.SH', '000957.SZ', '600609.SH', '600523.SH', '601020.SH', '603738.SH', '002166.SZ', '603619.SH', '600291.SH', '603595.SH', '603035.SH', '600686.SH', '600081.SH', '300266.SZ', '000683.SZ', '002109.SZ', '002905.SZ', '600509.SH', '300225.SZ', '600403.SH', '000960.SZ', '600581.SH', '600488.SH', '000936.SZ', '603429.SH', '600960.SH', '300328.SZ', '603997.SH', '002428.SZ', '300191.SZ', '600742.SH', '603859.SH', '000918.SZ', '000518.SZ', '600335.SH', '000931.SZ', '000700.SZ', '300708.SZ', '600711.SH', '600336.SH', '000793.SZ', '000560.SZ', '002750.SZ', '002274.SZ', '002345.SZ', '600480.SH', '603538.SH', '002960.SZ']"
2021-02-22,2021-02-19,2021-03-01,-0.0023576924408755806,100,0.5,500,"['002386.SZ', '600292.SH', '600096.SH', '002166.SZ', '603035.SH', '000957.SZ', '600081.SH', '600960.SH', '300147.SZ', '600458.SH', '600509.SH', '000683.SZ', '000825.SZ', '601968.SH', '002155.SZ', '600742.SH', '600403.SH', '000560.SZ', '600581.SH', '002109.SZ', '002468.SZ', '600335.SH', '600623.SH', '300587.SZ', '000917.SZ', '600291.SH', '603619.SH', '600686.SH', '002672.SZ', '002905.SZ', '600609.SH', '002228.SZ', '603738.SH', '300121.SZ', '601020.SH', '002203.SZ', '000960.SZ', '300191.SZ', '002206.SZ', '600419.SH', '000059.SZ', '000793.SZ', '000700.SZ', '600336.SH', '000936.SZ', '300258.SZ', '600337.SH', '300180.SZ', '300708.SZ', '600230.SH', '600117.SH', '600569.SH', '601101.SH', '000620.SZ', '600961.SH', '000525.SZ', '300047.SZ', '600133.SH', '600758.SH', '000959.SZ', '601918.SH', '002662.SZ', '000937.SZ', '600819.SH', '601789.SH', '300198.SZ', '600328.SH', '600971.SH', '600325.SH', '300460.SZ', '600594.SH', '600331.SH', '000031.SZ', '600123.SH', '300381.SZ', '002538.SZ', '603167.SH', '600782.SH', '600308.SH', '600375.SH', '000543.SZ', '601579.SH', '000878.SZ', '600596.SH', '300094.SZ', '002570.SZ', '600461.SH', '603995.SH', '002391.SZ', '000589.SZ', '603393.SH', '603069.SH', '600657.SH', '601595.SH', '603612.SH', '002688.SZ', '000969.SZ', '002110.SZ', '600490.SH', '000659.SZ']"
2021-03-01,2021-02-26,2021-03-08,0.011837547175087218,100,0.5,500,"['601918.SH', '603035.SH', '600971.SH', '000589.SZ', '000543.SZ', '002110.SZ', '000937.SZ', '600782.SH', '002538.SZ', '600308.SH', '600458.SH', '600325.SH', '600742.SH', '600133.SH', '600657.SH', '600081.SH', '300587.SZ', '000825.SZ', '000959.SZ', '600123.SH', '600403.SH', '000031.SZ', '300047.SZ', '600961.SH', '600609.SH', '600581.SH', '002166.SZ', '600292.SH', '603393.SH', '600509.SH', '300147.SZ', '600335.SH', '601579.SH', '000560.SZ', '600096.SH', '000957.SZ', '002203.SZ', '600819.SH', '002672.SZ', '600419.SH', '600328.SH', '603167.SH', '002386.SZ', '600336.SH', '601020.SH', '000969.SZ', '000700.SZ', '600569.SH', '600596.SH', '300180.SZ', '603385.SH', '601001.SH', '000899.SZ', '300388.SZ', '600720.SH', '000600.SZ', '600348.SH', '002016.SZ', '000791.SZ', '002443.SZ', '600987.SH', '002543.SZ', '300007.SZ', '002641.SZ', '000717.SZ', '601666.SH', '600668.SH', '000719.SZ', '001896.SZ', '002061.SZ', '600508.SH', '002083.SZ', '002154.SZ', '600985.SH', '000778.SZ', '600070.SH', '600282.SH', '002582.SZ', '002226.SZ', '601003.SH', '600846.SH', '600802.SH', '603766.SH', '000789.SZ', '600300.SH', '000875.SZ', '600285.SH', '600125.SH', '600622.SH', '601886.SH', '601677.SH', '002637.SZ', '600449.SH', '600507.SH', '600510.SH', '600126.SH', '002588.SZ', '300422.SZ', '601619.SH', '600997.SH']"
2021-03-08,2021-03-05,2021-03-15,0.020497709086165293,100,0.47,500,"['601918.SH', '300388.SZ', '000543.SZ', '000937.SZ', '600971.SH', '000600.SZ', '600508.SH', '600123.SH', '601001.SH', '000791.SZ', '600325.SH', '603035.SH', '600133.SH', '002672.SZ', '603766.SH', '600742.SH', '000825.SZ', '600308.SH', '002110.SZ', '000875.SZ', '603393.SH', '000778.SZ', '000560.SZ', '300422.SZ', '600328.SH', '600458.SH', '000957.SZ', '600403.SH', '002061.SZ', '600668.SH', '300147.SZ', '600985.SH', '002226.SZ', '600782.SH', '000959.SZ', '600125.SH', '002538.SZ', '000717.SZ', '600081.SH', '600282.SH', '600720.SH', '601003.SH', '000589.SZ', '601886.SH', '002166.SZ', '300047.SZ', '300180.SZ', '600961.SH', '002582.SZ', '600802.SH', '600846.SH', '002386.SZ', '600581.SH', '600587.SH', '000546.SZ', '000850.SZ', '000966.SZ', '300158.SZ', '000525.SZ', '002479.SZ', '000900.SZ', '600210.SH', '603323.SH', '600512.SH', '002454.SZ', '000968.SZ', '601860.SH', '601101.SH', '603611.SH', '600326.SH', '600567.SH', '002822.SZ', '002662.SZ', '600261.SH', '002936.SZ', '600639.SH', '000006.SZ', '603366.SH', '002573.SZ', '000531.SZ', '603727.SH', '002228.SZ', '600063.SH', '002067.SZ', '600618.SH', '600117.SH', '600928.SH', '600681.SH', '300182.SZ', '000912.SZ', '002002.SZ', '300194.SZ', '600986.SH', '002341.SZ', '002301.SZ', '000029.SZ', '603326.SH', '002051.SZ', '300664.SZ', '002326.SZ']"
2021-03-15,2021-03-12,2021-03-22,0.019227429385822826,100,0.4,500,"['000850.SZ', '000546.SZ', '600133.SH', '000900.SZ', '600308.SH', '600742.SH', '600508.SH', '601001.SH', '600326.SH', '600971.SH', '600210.SH', '000543.SZ', '300158.SZ', '601918.SH', '600512.SH', '000560.SZ', '000600.SZ', '002386.SZ', '000959.SZ', '600985.SH', '600123.SH', '600328.SH', '601101.SH', '603035.SH', '300388.SZ', '600081.SH', '002454.SZ', '603323.SH', '600063.SH', '002662.SZ', '600961.SH', '603366.SH', '000778.SZ', '600117.SH', '600282.SH', '600567.SH', '600125.SH', '002672.SZ', '600782.SH', '002110.SZ', '000006.SZ', '000957.SZ', '600458.SH', '002061.SZ', '000825.SZ', '601860.SH', '000589.SZ', '600581.SH', '000717.SZ', '601003.SH', '000791.SZ', '600846.SH', '603393.SH', '300182.SZ', '002002.SZ', '002067.SZ', '600618.SH', '002822.SZ', '002479.SZ', '002226.SZ', '600565.SH', '600657.SH', '000539.SZ', '600780.SH', '600622.SH', '002062.SZ', '002345.SZ', '600491.SH', '600736.SH', '000031.SZ', '002588.SZ', '300381.SZ', '002377.SZ', '000719.SZ', '600096.SH', '000910.SZ', '600070.SH', '002225.SZ', '000905.SZ', '600335.SH', '600490.SH', '002155.SZ', '000683.SZ', '600748.SH', '600012.SH', '601789.SH', '002039.SZ', '002668.SZ', '300184.SZ', '600269.SH', '600461.SH', '603385.SH', '000726.SZ', '600569.SH', '000601.SZ', '002203.SZ', '603167.SH', '002154.SZ', '300055.SZ', '000949.SZ']"
2021-03-22,2021-03-19,2021-03-29,-0.01767949973525859,100,0.47,500,"['600308.SH', '600461.SH', '600508.SH', '000589.SZ', '600326.SH', '002039.SZ', '601918.SH', '002067.SZ', '601001.SH', '000601.SZ', '600985.SH', '600971.SH', '000717.SZ', '000600.SZ', '600567.SH', '600063.SH', '600780.SH', '600133.SH', '000543.SZ', '600282.SH', '000791.SZ', '002672.SZ', '300388.SZ', '300158.SZ', '002377.SZ', '000778.SZ', '600565.SH', '000539.SZ', '002110.SZ', '600210.SH', '600782.SH', '002479.SZ', '603323.SH', '002225.SZ', '002002.SZ', '600123.SH', '600742.SH', '000006.SZ', '600081.SH', '603393.SH', '600846.SH', '600328.SH', '600125.SH', '000905.SZ', '600581.SH', '600070.SH', '000910.SZ', '000959.SZ', '002226.SZ', '600618.SH', '002061.SZ', '002386.SZ', '601860.SH', '000875.SZ', '000544.SZ', '600594.SH', '000531.SZ', '603299.SH', '000885.SZ', '600668.SH', '300147.SZ', '600419.SH', '300422.SZ', '002520.SZ', '002206.SZ', '001896.SZ', '002391.SZ', '000789.SZ', '600740.SH', '600449.SH', '002435.SZ', '000899.SZ', '002228.SZ', '000045.SZ', '002233.SZ', '002135.SZ', '002443.SZ', '600802.SH', '002166.SZ', '300806.SZ', '600531.SH', '603738.SH', '601579.SH', '002589.SZ', '002208.SZ', '002936.SZ', '600720.SH', '000877.SZ', '601678.SH', '000657.SZ', '600292.SH', '002734.SZ', '000680.SZ', '601137.SH', '600995.SH', '603458.SH', '002540.SZ', '600300.SH', '002468.SZ', '002283.SZ']"
2021-03-29,2021-03-26,2021-04-06,0.005191799478915641,100,0.5,500,"['600668.SH', '600449.SH', '002443.SZ', '002233.SZ', '000877.SZ', '000789.SZ', '002206.SZ', '600720.SH', '603299.SH', '600995.SH', '600419.SH', '000544.SZ', '000531.SZ', '600300.SH', '600740.SH', '002002.SZ', '000589.SZ', '600461.SH', '600971.SH', '600846.SH', '000899.SZ', '000006.SZ', '600508.SH', '601678.SH', '603458.SH', '002225.SZ', '002936.SZ', '601579.SH', '002283.SZ', '600567.SH', '001896.SZ', '002067.SZ', '002208.SZ', '002226.SZ', '600308.SH', '000601.SZ', '002479.SZ', '601137.SH', '600210.SH', '002039.SZ', '000657.SZ', '600063.SH', '000791.SZ', '000885.SZ', '002520.SZ', '600328.SH', '600326.SH', '601918.SH', '601001.SH', '600985.SH', '002191.SZ', '300255.SZ', '002327.SZ', '603599.SH', '002318.SZ', '300762.SZ', '002810.SZ', '000935.SZ', '002088.SZ', '600366.SH', '603110.SH', '600273.SH', '002440.SZ', '300723.SZ', '002950.SZ', '000848.SZ', '600433.SH', '603979.SH', '600731.SH', '000672.SZ', '600503.SH', '601008.SH', '300127.SZ', '002003.SZ', '300821.SZ', '002572.SZ', '603630.SH', '002677.SZ', '600285.SH', '603915.SH', '002342.SZ', '603113.SH', '002539.SZ', '603916.SH', '603801.SH', '002057.SZ', '002130.SZ', '600798.SH', '000923.SZ', '600116.SH', '601208.SH', '600757.SH', '002258.SZ', '300741.SZ', '600477.SH', '000557.SZ', '603359.SH', '002637.SZ', '300596.SZ', '603977.SH']"
2021-04-06,2021-04-02,2021-04-12,-0.004770425856432845,100,0.5,500,"['600366.SH', '300127.SZ', '000657.SZ', '603299.SH', '002539.SZ', '000848.SZ', '002057.SZ', '600740.SH', '002318.SZ', '300741.SZ', '000923.SZ', '603113.SH', '600731.SH', '002677.SZ', '002443.SZ', '002003.SZ', '000589.SZ', '600285.SH', '600995.SH', '600668.SH', '600449.SH', '002233.SZ', '000877.SZ', '000789.SZ', '002206.SZ', '600720.SH', '600419.SH', '000544.SZ', '000531.SZ', '600300.SH', '002002.SZ', '600461.SH', '600971.SH', '600846.SH', '000899.SZ', '000006.SZ', '600508.SH', '601678.SH', '603458.SH', '002225.SZ', '002936.SZ', '601579.SH', '002283.SZ', '600567.SH', '001896.SZ', '002067.SZ', '002208.SZ', '002226.SZ', '600308.SH', '000601.SZ', '002149.SZ', '002249.SZ', '601011.SH', '002782.SZ', '002068.SZ', '300841.SZ', '600531.SH', '601015.SH', '603489.SH', '000059.SZ', '300390.SZ', '002738.SZ', '002386.SZ', '600569.SH', '300725.SZ', '600686.SH', '300443.SZ', '000962.SZ', '600117.SH', '600121.SH', '600993.SH', '002727.SZ', '300298.SZ', '300642.SZ', '000751.SZ', '600758.SH', '300748.SZ', '002695.SZ', '300481.SZ', '300406.SZ', '002759.SZ', '002109.SZ', '603185.SH', '600189.SH', '600151.SH', '603650.SH', '000698.SZ', '002362.SZ', '300705.SZ', '603505.SH', '603987.SH', '002139.SZ', '600617.SH', '600329.SH', '688202.SH', '600295.SH', '600523.SH', '002011.SZ', '603787.SH', '600618.SH']"
2021-04-12,2021-04-09,2021-04-19,0.025756934834177327,100,0.5,500,"['600758.SH', '002011.SZ', '002386.SZ', '600686.SH', '000059.SZ', '600117.SH', '002249.SZ', '600121.SH', '002068.SZ', '002149.SZ', '300406.SZ', '601011.SH', '300642.SZ', '300841.SZ', '300298.SZ', '300725.SZ', '600151.SH', '600531.SH', '002109.SZ', '000962.SZ', '601579.SH', '688202.SH', '002695.SZ', '002727.SZ', '603987.SH', '601015.SH', '002759.SZ', '002057.SZ', '603489.SH', '600569.SH', '300705.SZ', '002782.SZ', '000589.SZ', '600329.SH', '600189.SH', '600366.SH', '300127.SZ', '000657.SZ', '603299.SH', '002539.SZ', '000848.SZ', '600740.SH', '002318.SZ', '300741.SZ', '000923.SZ', '603113.SH', '600731.SH', '002677.SZ', '002443.SZ', '002003.SZ', '002472.SZ', '002668.SZ', '601069.SH', '603619.SH', '002042.SZ', '600869.SH', '603043.SH', '300573.SZ', '300143.SZ', '002674.SZ', '300125.SZ', '600288.SH', '600844.SH', '300290.SZ', '600207.SH', '600335.SH', '603068.SH', '600200.SH', '300436.SZ', '002390.SZ', '002284.SZ', '600429.SH', '603777.SH', '002646.SZ', '002246.SZ', '600478.SH', '002107.SZ', '002345.SZ', '600129.SH', '600331.SH', '000795.SZ', '600073.SH', '002741.SZ', '000931.SZ', '600789.SH', '600756.SH', '300587.SZ', '300121.SZ', '300324.SZ', '300296.SZ', '688399.SH', '600616.SH', '603618.SH', '300633.SZ', '000908.SZ', '600199.SH', '600268.SH', '600601.SH', '603538.SH', '600310.SH']"
2021-04-19,2021-04-16,2021-04-26,-0.0014664687882153915,100,0.5,500,"['603619.SH', '600758.SH', '300290.SZ', '603777.SH', '600331.SH', '600844.SH', '002674.SZ', '002472.SZ', '002011.SZ', '300143.SZ', '002668.SZ', '300324.SZ', '002042.SZ', '300573.SZ', '600288.SH', '300436.SZ', '600268.SH', '002741.SZ', '600117.SH', '601069.SH', '300296.SZ', '601011.SH', '600686.SH', '300406.SZ', '600789.SH', '002386.SZ', '002345.SZ', '002057.SZ', '600478.SH', '300587.SZ', '002249.SZ', '300633.SZ', '002149.SZ', '600121.SH', '603538.SH', '000908.SZ', '002677.SZ', '600335.SH', '002759.SZ', '600429.SH', '002068.SZ', '300121.SZ', '300642.SZ', '002284.SZ', '300725.SZ', '600601.SH', '600200.SH', '002782.SZ', '300841.SZ', '603489.SH', '603366.SH', '600609.SH', '600203.SH', '600751.SH', '000665.SZ', '002510.SZ', '600081.SH', '603386.SH', '002095.SZ', '000936.SZ', '300510.SZ', '002623.SZ', '000802.SZ', '300046.SZ', '603808.SH', '000957.SZ', '601020.SH', '002161.SZ', '600318.SH', '002515.SZ', '000599.SZ', '000859.SZ', '002522.SZ', '603626.SH', '300238.SZ', '603232.SH', '603738.SH', '600198.SH', '600976.SH', '600645.SH', '002581.SZ', '603660.SH', '000969.SZ', '600381.SH', '300327.SZ', '300006.SZ', '000973.SZ', '300128.SZ', '603825.SH', '300364.SZ', '002733.SZ', '300102.SZ', '603990.SH', '300005.SZ', '600532.SH', '300110.SZ', '002189.SZ', '002045.SZ', '300109.SZ', '603002.SH']"
2021-04-26,2021-04-23,2021-05-06,0.022341478773651464,100,0.5,500,"['600609.SH', '300143.SZ', '002011.SZ', '300573.SZ', '300296.SZ', '600645.SH', '600751.SH', '002057.SZ', '300587.SZ', '601020.SH', '300841.SZ', '300642.SZ', '300324.SZ', '300633.SZ', '600601.SH', '600478.SH', '600331.SH', '603489.SH', '002677.SZ', '603777.SH', '300006.SZ', '300327.SZ', '002042.SZ', '300406.SZ', '300725.SZ', '603738.SH', '002741.SZ', '600121.SH', '000908.SZ', '002068.SZ', '002161.SZ', '002149.SZ', '002581.SZ', '002472.SZ', '300510.SZ', '000859.SZ', '300005.SZ', '000936.SZ', '300364.SZ', '600976.SH', '002522.SZ', '600268.SH', '600081.SH', '600335.SH', '002386.SZ', '300121.SZ', '002249.SZ', '300110.SZ', '002515.SZ', '002510.SZ', '300672.SZ', '300723.SZ', '603068.SH', '688368.SH', '688029.SH', '300456.SZ', '300219.SZ', '002166.SZ', '300769.SZ', '300041.SZ', '300032.SZ', '002913.SZ', '300685.SZ', '688202.SH', '002390.SZ', '300630.SZ', '300604.SZ', '300463.SZ', '300298.SZ', '300806.SZ', '002847.SZ', '002850.SZ', '300396.SZ', '002099.SZ', '300639.SZ', '603811.SH', '603669.SH', '002859.SZ', '300516.SZ', '300653.SZ', '603520.SH', '002549.SZ', '002428.SZ', '002959.SZ', '600732.SH', '300409.SZ', '300331.SZ', '603186.SH', '688026.SH', '603890.SH', '000403.SZ', '603330.SH', '300679.SZ', '603690.SH', '300322.SZ', '002075.SZ', '300083.SZ', '603043.SH', '603380.SH', '300666.SZ']"
2021-05-06,2021-04-30,2021-05-10,0.0028164292693092746,100,0.5,500,"['600335.SH', '300633.SZ', '002386.SZ', '300006.SZ', '300510.SZ', '300396.SZ', '688029.SH', '600268.SH', '600478.SH', '600081.SH', '300406.SZ', '002075.SZ', '300642.SZ', '600645.SH', '002166.SZ', '603043.SH', '002099.SZ', '300573.SZ', '002042.SZ', '300143.SZ', '603811.SH', '002390.SZ', '603520.SH', '002161.SZ', '300516.SZ', '300841.SZ', '600121.SH', '002510.SZ', '002741.SZ', '300653.SZ', '300685.SZ', '002249.SZ', '603068.SH', '300463.SZ', '002677.SZ', '300324.SZ', '002959.SZ', '300327.SZ', '600609.SH', '002011.SZ', '300296.SZ', '600751.SH', '002057.SZ', '300587.SZ', '601020.SH', '600601.SH', '600331.SH', '603489.SH', '603777.SH', '300725.SZ', '600525.SH', '600129.SH', '603618.SH', '600117.SH', '600267.SH', '600960.SH', '603886.SH', '002424.SZ', '601011.SH', '000566.SZ', '000078.SZ', '002582.SZ', '600686.SH', '000788.SZ', '600569.SH', '600673.SH', '600583.SH', '002695.SZ', '002589.SZ', '600400.SH', '002733.SZ', '600288.SH', '000801.SZ', '002387.SZ', '000729.SZ', '002488.SZ', '600825.SH', '002317.SZ', '300294.SZ', '600479.SH', '600771.SH', '002300.SZ', '600572.SH', '000751.SZ', '000937.SZ', '000028.SZ', '600056.SH', '300184.SZ', '002393.SZ', '600351.SH', '600126.SH', '600055.SH', '603556.SH', '002662.SZ', '600336.SH', '000793.SZ', '002498.SZ', '600305.SH', '600429.SH', '300475.SZ']"
2021-05-10,2021-05-07,2021-05-17,0.0071040721060221905,100,0.5,500,"['600686.SH', '600525.SH', '601011.SH', '600960.SH', '600117.SH', '000937.SZ', '002042.SZ', '002386.SZ', '600429.SH', '603618.SH', '002582.SZ', '600569.SH', '600129.SH', '000078.SZ', '600583.SH', '000729.SZ', '002387.SZ', '603886.SH', '000566.SZ', '600288.SH', '600126.SH', '600673.SH', '000793.SZ', '300510.SZ', '000028.SZ', '600056.SH', '600336.SH', '300184.SZ', '000751.SZ', '600478.SH', '600267.SH', '600479.SH', '002488.SZ', '300006.SZ', '002161.SZ', '600771.SH', '002424.SZ', '600081.SH', '600572.SH', '000788.SZ', '000801.SZ', '002510.SZ', '002249.SZ', '002733.SZ', '600351.SH', '002317.SZ', '600645.SH', '300324.SZ', '002390.SZ', '300633.SZ', '603977.SH', '002029.SZ', '000850.SZ', '603299.SH', '600488.SH', '603619.SH', '600587.SH', '002404.SZ', '002004.SZ', '600348.SH', '000778.SZ', '601101.SH', '000518.SZ', '600758.SH', '000959.SZ', '002217.SZ', '000919.SZ', '600616.SH', '000813.SZ', '000931.SZ', '600594.SH', '600420.SH', '002284.SZ', '600983.SH', '300381.SZ', '002745.SZ', '300147.SZ', '600327.SH', '600123.SH', '600508.SH', '601666.SH', '600580.SH', '002298.SZ', '600073.SH', '300290.SZ', '600782.SH', '600151.SH', '601339.SH', '600619.SH', '601567.SH', '300158.SZ', '600328.SH', '002045.SZ', '603108.SH', '300393.SZ', '600366.SH', '300199.SZ', '000700.SZ', '603839.SH', '600682.SH']"
2021-05-17,2021-05-14,2021-05-24,0.005688948866343342,100,0.5,500,"['600525.SH', '600673.SH', '600267.SH', '600583.SH', '600129.SH', '603618.SH', '000801.SZ', '300633.SZ', '002424.SZ', '000078.SZ', '600056.SH', '000813.SZ', '603886.SH', '600126.SH', '600572.SH', '600580.SH', '002029.SZ', '002582.SZ', '600587.SH', '000028.SZ', '000937.SZ', '002217.SZ', '603619.SH', '600420.SH', '300381.SZ', '600619.SH', '002745.SZ', '600479.SH', '300199.SZ', '601011.SH', '600328.SH', '000788.SZ', '002317.SZ', '300158.SZ', '603108.SH', '600478.SH', '000778.SZ', '600366.SH', '002386.SZ', '600645.SH', '000566.SZ', '002042.SZ', '002004.SZ', '600336.SH', '300184.SZ', '600429.SH', '600348.SH', '002488.SZ', '002733.SZ', '600073.SH', '002695.SZ', '600869.SH', '002332.SZ', '688029.SH', '002275.SZ', '600055.SH', '000869.SZ', '300406.SZ', '600556.SH', '600557.SH', '002399.SZ', '002832.SZ', '300482.SZ', '300294.SZ', '600535.SH', '600329.SH', '002675.SZ', '600880.SH', '002589.SZ', '600252.SH', '688321.SH', '002107.SZ', '603520.SH', '002038.SZ', '603043.SH', '600335.SH', '002793.SZ', '002959.SZ', '603983.SH', '002432.SZ', '600062.SH', '603669.SH', '000756.SZ', '300475.SZ', '002462.SZ', '300457.SZ', '688389.SH', '688018.SH', '002907.SZ', '002075.SZ', '603387.SH', '600789.SH', '688166.SH', '002003.SZ', '002035.SZ', '300516.SZ', '000989.SZ', '002216.SZ', '000400.SZ', '300026.SZ']"
2021-05-24,2021-05-21,2021-05-31,0.025607276328998143,100,0.5,500,"['603619.SH', '688029.SH', '600880.SH', '000869.SZ', '600525.SH', '688166.SH', '002695.SZ', '688389.SH', '002042.SZ', '688321.SH', '688018.SH', '000566.SZ', '300633.SZ', '300406.SZ', '601011.SH', '600055.SH', '002399.SZ', '000788.SZ', '002907.SZ', '600583.SH', '600478.SH', '002424.SZ', '000813.SZ', '603983.SH', '002675.SZ', '300294.SZ', '002332.SZ', '002432.SZ', '000801.SZ', '002832.SZ', '002582.SZ', '600557.SH', '002317.SZ', '600252.SH', '002488.SZ', '002029.SZ', '600535.SH', '600329.SH', '002733.SZ', '002075.SZ', '603618.SH', '300199.SZ', '000937.SZ', '600572.SH', '300482.SZ', '600267.SH', '002038.SZ', '600587.SH', '600645.SH', '002217.SZ', '000423.SZ', '002387.SZ', '000793.SZ', '600117.SH', '000729.SZ', '002506.SZ', '000931.SZ', '600686.SH', '002510.SZ', '600812.SH', '000850.SZ', '600136.SH', '600523.SH', '000665.SZ', '688007.SH', '002161.SZ', '300039.SZ', '688016.SH', '300642.SZ', '688399.SH', '688299.SH', '688037.SH', '002095.SZ', '600268.SH', '688266.SH', '300128.SZ', '600305.SH', '600400.SH', '600758.SH', '002309.SZ', '300510.SZ', '000962.SZ', '688139.SH', '688019.SH', '002411.SZ', '300291.SZ', '688116.SH', '002276.SZ', '002232.SZ', '002262.SZ', '600844.SH', '002699.SZ', '300551.SZ', '600750.SH', '002119.SZ', '300248.SZ', '002331.SZ', '300741.SZ', '000623.SZ', '300324.SZ']"
2021-05-31,2021-05-28,2021-06-07,0.011299406874905833,100,0.5,500,"['600645.SH', '000962.SZ', '300642.SZ', '002232.SZ', '002675.SZ', '300294.SZ', '688029.SH', '600525.SH', '688016.SH', '688266.SH', '600812.SH', '002506.SZ', '688007.SH', '300741.SZ', '688116.SH', '002161.SZ', '000869.SZ', '600478.SH', '002332.SZ', '688018.SH', '601011.SH', '000801.SZ', '688389.SH', '600136.SH', '000423.SZ', '002038.SZ', '600305.SH', '688139.SH', '688321.SH', '000566.SZ', '300510.SZ', '688037.SH', '688019.SH', '300199.SZ', '300633.SZ', '000729.SZ', '688399.SH', '688299.SH', '600268.SH', '600880.SH', '300128.SZ', '002488.SZ', '300039.SZ', '002399.SZ', '002424.SZ', '600329.SH', '002832.SZ', '000813.SZ', '300406.SZ', '002387.SZ', '300149.SZ', '600771.SH', '002724.SZ', '002291.SZ', '688006.SH', '300054.SZ', '300672.SZ', '300613.SZ', '600151.SH', '603068.SH', '000603.SZ', '300143.SZ', '300475.SZ', '600360.SH', '300776.SZ', '688366.SH', '000403.SZ', '300393.SZ', '600580.SH', '002741.SZ', '300046.SZ', '300009.SZ', '600129.SH', '002782.SZ', '002851.SZ', '300171.SZ', '300181.SZ', '601969.SH', '002287.SZ', '600288.SH', '688066.SH', '300296.SZ', '688198.SH', '300006.SZ', '300019.SZ', '300520.SZ', '300204.SZ', '300331.SZ', '600983.SH', '300566.SZ', '300297.SZ', '300215.SZ', '300238.SZ', '603989.SH', '000710.SZ', '002079.SZ', '300304.SZ', '002351.SZ', '300256.SZ', '300398.SZ']"
2021-06-07,2021-06-04,2021-06-15,0.0017702393272166573,100,0.5,500,"['300304.SZ', '002079.SZ', '300039.SZ', '300128.SZ', '002351.SZ', '300054.SZ', '300398.SZ', '300741.SZ', '002782.SZ', '300294.SZ', '300296.SZ', '688266.SH', '688019.SH', '300520.SZ', '300331.SZ', '603989.SH', '300510.SZ', '688037.SH', '300633.SZ', '688066.SH', '300149.SZ', '688018.SH', '600645.SH', '688007.SH', '300215.SZ', '600360.SH', '300006.SZ', '002488.SZ', '002287.SZ', '300256.SZ', '688299.SH', '688389.SH', '300019.SZ', '688016.SH', '688321.SH', '000710.SZ', '688198.SH', '300613.SZ', '688006.SH', '300297.SZ', '300406.SZ', '300181.SZ', '300393.SZ', '002506.SZ', '300776.SZ', '002291.SZ', '601969.SH', '000423.SZ', '002161.SZ', '002851.SZ', '300200.SZ', '688181.SH', '002623.SZ', '300303.SZ', '300481.SZ', '300127.SZ', '300319.SZ', '002106.SZ', '002428.SZ', '002518.SZ', '300328.SZ', '688123.SH', '300679.SZ', '300427.SZ', '300206.SZ', '002335.SZ', '300657.SZ', '300440.SZ', '300342.SZ', '300248.SZ', '300130.SZ', '300386.SZ', '002510.SZ', '300287.SZ', '002662.SZ', '002449.SZ', '002045.SZ', '300236.SZ', '002262.SZ', '000025.SZ', '002222.SZ', '000936.SZ', '002522.SZ', '002531.SZ', '300766.SZ', '300569.SZ', '688166.SH', '000700.SZ', '002549.SZ', '603189.SH', '603808.SH', '002845.SZ', '300580.SZ', '300739.SZ', '600552.SH', '600888.SH', '300327.SZ', '002815.SZ', '002317.SZ', '002643.SZ']"
2021-06-15,2021-06-11,2021-06-21,0.031998241474076226,100,0.5,500,"['300657.SZ', '300679.SZ', '300739.SZ', '300248.SZ', '300006.SZ', '002488.SZ', '300019.SZ', '300149.SZ', '603189.SH', '300328.SZ', '600552.SH', '002045.SZ', '300481.SZ', '300304.SZ', '688198.SH', '300569.SZ', '300303.SZ', '300386.SZ', '300127.SZ', '002531.SZ', '300128.SZ', '002623.SZ', '300054.SZ', '300200.SZ', '688123.SH', '002335.SZ', '002815.SZ', '300181.SZ', '300319.SZ', '300427.SZ', '688016.SH', '002522.SZ', '300296.SZ', '603808.SH', '002518.SZ', '688299.SH', '300613.SZ', '300256.SZ', '002449.SZ', '002510.SZ', '300741.SZ', '002643.SZ', '002079.SZ', '300039.SZ', '002351.SZ', '300398.SZ', '002782.SZ', '300294.SZ', '688266.SH', '688019.SH', '300460.SZ', '603738.SH', '300364.SZ', '000045.SZ', '603626.SH', '300341.SZ', '300227.SZ', '603232.SH', '300083.SZ', '002609.SZ', '600230.SH', '002913.SZ', '002189.SZ', '603186.SH', '300476.SZ', '603728.SH', '002970.SZ', '300016.SZ', '002182.SZ', '300261.SZ', '300709.SZ', '688202.SH', '300806.SZ', '300298.SZ', '002850.SZ', '300160.SZ', '300829.SZ', '603976.SH', '603690.SH', '002068.SZ', '002706.SZ', '000026.SZ', '002579.SZ', '002635.SZ', '603936.SH', '000534.SZ', '600165.SH', '002534.SZ', '300702.SZ', '600381.SH', '300318.SZ', '300358.SZ', '300323.SZ', '300593.SZ', '300566.SZ', '300769.SZ', '002895.SZ', '300672.SZ', '600211.SH', '300337.SZ']"
2021-06-21,2021-06-18,2021-06-28,0.022263765911304353,100,0.49,500,"['603232.SH', '300739.SZ', '300248.SZ', '300083.SZ', '300016.SZ', '300364.SZ', '300386.SZ', '300657.SZ', '603690.SH', '300709.SZ', '300460.SZ', '300160.SZ', '002045.SZ', '300261.SZ', '600230.SH', '002850.SZ', '002488.SZ', '300128.SZ', '603738.SH', '603626.SH', '300304.SZ', '300769.SZ', '002623.SZ', '300227.SZ', '300149.SZ', '300398.SZ', '300328.SZ', '002335.SZ', '603189.SH', '002635.SZ', '300679.SZ', '300127.SZ', '002189.SZ', '600165.SH', '300019.SZ', '300427.SZ', '603186.SH', '002510.SZ', '002068.SZ', '300256.SZ', '300569.SZ', '300481.SZ', '300318.SZ', '300358.SZ', '300702.SZ', '603936.SH', '600381.SH', '002531.SZ', '300476.SZ', '688123.SH', '300303.SZ', '300580.SZ', '002362.SZ', '300258.SZ', '603138.SH', '603078.SH', '603366.SH', '002057.SZ', '002125.SZ', '603068.SH', '300701.SZ', '300409.SZ', '603002.SH', '300440.SZ', '300224.SZ', '688181.SH', '300497.SZ', '600110.SH', '300300.SZ', '000859.SZ', '601137.SH', '300493.SZ', '300604.SZ', '603380.SH', '300331.SZ', '300516.SZ', '603920.SH', '600178.SH', '300429.SZ', '300438.SZ', '603890.SH', '000603.SZ', '002453.SZ', '300219.SZ', '000908.SZ', '300342.SZ', '300448.SZ', '688199.SH', '300232.SZ', '002288.SZ', '000025.SZ', '300322.SZ', '300655.SZ', '002169.SZ', '300666.SZ', '603990.SH', '300602.SZ', '300302.SZ', '002741.SZ', '603212.SH']"
2021-06-28,2021-06-25,2021-07-05,0.009319285747149679,100,0.49,500,"['300258.SZ', '002850.SZ', '603690.SH', '300769.SZ', '300702.SZ', '603738.SH', '300481.SZ', '300739.SZ', '603189.SH', '300497.SZ', '300127.SZ', '300709.SZ', '603186.SH', '300701.SZ', '603626.SH', '300476.SZ', '300256.SZ', '603002.SH', '300679.SZ', '601137.SH', '300224.SZ', '300657.SZ', '688181.SH', '300358.SZ', '002488.SZ', '300019.SZ', '002057.SZ', '000603.SZ', '603078.SH', '600165.SH', '603936.SH', '002068.SZ', '300149.SZ', '603890.SH', '300429.SZ', '603212.SH', '300304.SZ', '002125.SZ', '300666.SZ', '002635.SZ', '300261.SZ', '603920.SH', '300232.SZ', '300460.SZ', '603068.SH', '300604.SZ', '300602.SZ', '300569.SZ', '002335.SZ', '600230.SH', '300328.SZ', '300041.SZ', '300443.SZ', '002913.SZ', '002859.SZ', '002182.SZ', '603809.SH', '300006.SZ', '300401.SZ', '603330.SH', '600211.SH', '603776.SH', '603728.SH', '603938.SH', '300194.SZ', '300630.SZ', '300829.SZ', '600746.SH', '002579.SZ', '300639.SZ', '000534.SZ', '000823.SZ', '603317.SH', '000026.SZ', '603301.SH', '300806.SZ', '300453.SZ', '300298.SZ', '300821.SZ', '600529.SH', '688068.SH', '300109.SZ', '002643.SZ', '002824.SZ', '002950.SZ', '603185.SH', '603606.SH', '603020.SH', '002206.SZ', '688202.SH', '300035.SZ', '300456.SZ', '603995.SH', '601003.SH', '300346.SZ', '300206.SZ', '002636.SZ', '300685.SZ', '002518.SZ', '000403.SZ']"
2021-07-05,2021-07-02,2021-07-12,0.05308944894290625,100,0.5,500,"['300701.SZ', '603186.SH', '603078.SH', '603626.SH', '600230.SH', '002182.SZ', '300739.SZ', '300041.SZ', '002850.SZ', '300806.SZ', '300429.SZ', '603330.SH', '600165.SH', '603938.SH', '300709.SZ', '300261.SZ', '300453.SZ', '300769.SZ', '603212.SH', '300019.SZ', '300328.SZ', '603728.SH', '300035.SZ', '300569.SZ', '300829.SZ', '300304.SZ', '002579.SZ', '688181.SH', '300194.SZ', '300224.SZ', '002125.SZ', '300821.SZ', '300497.SZ', '601137.SH', '002335.SZ', '300443.SZ', '300127.SZ', '002635.SZ', '603995.SH', '002206.SZ', '000603.SZ', '300109.SZ', '603606.SH', '603002.SH', '002057.SZ', '600746.SH', '002518.SZ', '300256.SZ', '300258.SZ', '603690.SH', '603380.SH', '300416.SZ', '603612.SH', '002979.SZ', '300082.SZ', '002895.SZ', '300723.SZ', '600537.SH', '603688.SH', '300266.SZ', '688026.SH', '300395.SZ', '300091.SZ', '300427.SZ', '603063.SH', '300200.SZ', '300237.SZ', '688123.SH', '300263.SZ', '300034.SZ', '688233.SH', '300627.SZ', '600452.SH', '300696.SZ', '688157.SH', '002810.SZ', '300322.SZ', '300177.SZ', '603777.SH', '600381.SH', '300007.SZ', '300596.SZ', '300527.SZ', '300376.SZ', '300436.SZ', '300128.SZ', '002706.SZ', '000045.SZ', '603505.SH', '600552.SH', '600391.SH', '688505.SH', '688516.SH', '300587.SZ', '300767.SZ', '603319.SH', '300777.SZ', '688116.SH', '600343.SH', '600283.SH']"
2021-07-12,2021-07-09,2021-07-19,-0.0002925450667110008,100,0.41,500,"['603380.SH', '300769.SZ', '603330.SH', '603612.SH', '600165.SH', '300739.SZ', '300701.SZ', '002850.SZ', '300569.SZ', '002979.SZ', '300416.SZ', '300723.SZ', '300019.SZ', '600537.SH', '300709.SZ', '603002.SH', '603626.SH', '300429.SZ', '300627.SZ', '300304.SZ', '600746.SH', '603078.SH', '300767.SZ', '603777.SH', '300082.SZ', '300806.SZ', '002810.SZ', '603212.SH', '300041.SZ', '002206.SZ', '002706.SZ', '600230.SH', '300596.SZ', '300034.SZ', '002182.SZ', '300497.SZ', '300177.SZ', '300035.SZ', '603728.SH', '688026.SH', '300091.SZ', '603938.SH', '300237.SZ', '300587.SZ', '603505.SH', '688516.SH', '600452.SH', '002057.SZ', '000045.SZ', '603995.SH', '688233.SH', '300261.SZ', '300224.SZ', '600381.SH', '002579.SZ', '300829.SZ', '002895.SZ', '688123.SH', '000603.SZ', '600810.SH', '000925.SZ', '300763.SZ', '300566.SZ', '603693.SH', '000949.SZ', '300203.SZ', '603595.SH', '603076.SH', '300181.SZ', '002169.SZ', '300680.SZ', '002068.SZ', '688388.SH', '603915.SH', '300593.SZ', '002274.SZ', '002254.SZ', '601016.SH', '300726.SZ', '603185.SH', '601908.SH', '603809.SH', '603859.SH', '600207.SH', '002258.SZ', '601015.SH', '002346.SZ', '300568.SZ', '300762.SZ', '300191.SZ', '002121.SZ', '002757.SZ', '000589.SZ', '603218.SH', '002214.SZ', '000893.SZ', '300121.SZ', '002534.SZ', '300037.SZ', '603416.SH']"
2021-07-19,2021-07-16,2021-07-26,0.01622161495511823,100,0.5,500,"['000949.SZ', '600810.SH', '002068.SZ', '002274.SZ', '002169.SZ', '002206.SZ', '603693.SH', '300121.SZ', '603777.SH', '600207.SH', '601015.SH', '002254.SZ', '600746.SH', '600452.SH', '601016.SH', '002346.SZ', '603380.SH', '000589.SZ', '603728.SH', '300587.SZ', '000925.SZ', '603995.SH', '603416.SH', '603626.SH', '002182.SZ', '002810.SZ', '601908.SH', '300569.SZ', '300627.SZ', '603915.SH', '300593.SZ', '300181.SZ', '300035.SZ', '688516.SH', '002979.SZ', '600230.SH', '300041.SZ', '300566.SZ', '300769.SZ', '603330.SH', '603612.SH', '600165.SH', '300739.SZ', '300701.SZ', '002850.SZ', '300416.SZ', '300723.SZ', '300019.SZ', '600537.SH', '300709.SZ', '601918.SH', '600590.SH', '600163.SH', '002531.SZ', '000717.SZ', '601666.SH', '601001.SH', '000875.SZ', '600985.SH', '000698.SZ', '300222.SZ', '002130.SZ', '002487.SZ', '600997.SH', '603100.SH', '002128.SZ', '001696.SZ', '600569.SH', '600888.SH', '600740.SH', '601699.SH', '600075.SH', '600808.SH', '000923.SZ', '600395.SH', '002132.SZ', '000700.SZ', '603113.SH', '600971.SH', '000933.SZ', '600507.SH', '000983.SZ', '002637.SZ', '600782.SH', '600282.SH', '601388.SH', '601677.SH', '002479.SZ', '600483.SH', '002438.SZ', '603639.SH', '603985.SH', '002056.SZ', '603606.SH', '600691.SH', '600727.SH', '600123.SH', '601126.SH', '002386.SZ', '600618.SH']"
2021-07-26,2021-07-23,2021-08-02,0.00021371309616510236,100,0.5,500,"['600569.SH', '002386.SZ', '600888.SH', '001696.SZ', '000717.SZ', '600782.SH', '600810.SH', '603626.SH', '000925.SZ', '600727.SH', '600691.SH', '002132.SZ', '601666.SH', '002068.SZ', '600808.SH', '002182.SZ', '000933.SZ', '300569.SZ', '000698.SZ', '600282.SH', '002487.SZ', '600985.SH', '000875.SZ', '002274.SZ', '600590.SH', '002130.SZ', '601001.SH', '000949.SZ', '300041.SZ', '601126.SH', '603693.SH', '600075.SH', '601918.SH', '600230.SH', '603612.SH', '300416.SZ', '600740.SH', '002128.SZ', '002169.SZ', '600123.SH', '002056.SZ', '002479.SZ', '600997.SH', '600452.SH', '600971.SH', '600395.SH', '002979.SZ', '002346.SZ', '002206.SZ', '300121.SZ', '000758.SZ', '000060.SZ', '600114.SH', '002588.SZ', '000751.SZ', '600330.SH', '002125.SZ', '600869.SH', '688101.SH', '000969.SZ', '600458.SH', '300068.SZ', '002335.SZ', '600580.SH', '600711.SH', '601011.SH', '300145.SZ', '002237.SZ', '600546.SH', '600497.SH', '002218.SZ', '600277.SH', '002171.SZ', '000680.SZ', '002520.SZ', '000657.SZ', '600348.SH', '601101.SH', '000970.SZ', '002309.SZ', '002518.SZ', '600594.SH', '688186.SH', '300109.SZ', '002334.SZ', '000422.SZ', '300772.SZ', '688033.SH', '002623.SZ', '600490.SH', '000612.SZ', '688199.SH', '000778.SZ', '000973.SZ', '300007.SZ', '600063.SH', '000878.SZ', '603379.SH', '000099.SZ', '002249.SZ']"
2021-08-02,2021-07-30,2021-08-09,0.021201195751020762,100,0.5,500,"['002182.SZ', '300569.SZ', '603612.SH', '600888.SH', '002518.SZ', '002171.SZ', '002335.SZ', '002979.SZ', '600063.SH', '600114.SH', '000060.SZ', '000751.SZ', '002487.SZ', '300041.SZ', '300772.SZ', '688101.SH', '600458.SH', '603626.SH', '600711.SH', '300068.SZ', '002056.SZ', '600452.SH', '603693.SH', '300007.SZ', '600490.SH', '688199.SH', '300416.SZ', '002334.SZ', '600230.SH', '000878.SZ', '000657.SZ', '300145.SZ', '000612.SZ', '600075.SH', '600497.SH', '000970.SZ', '600782.SH', '000969.SZ', '002386.SZ', '002218.SZ', '002588.SZ', '601126.SH', '300109.SZ', '002206.SZ', '600810.SH', '600869.SH', '002132.SZ', '000422.SZ', '002623.SZ', '600569.SH', '300428.SZ', '000049.SZ', '603505.SH', '600577.SH', '002533.SZ', '300522.SZ', '300435.SZ', '002539.SZ', '300806.SZ', '600459.SH', '002895.SZ', '600531.SH', '300660.SZ', '300082.SZ', '300114.SZ', '600378.SH', '300693.SZ', '601137.SH', '603279.SH', '300762.SZ', '603688.SH', '603063.SH', '300224.SZ', '002957.SZ', '603995.SH', '000962.SZ', '300263.SZ', '300101.SZ', '601222.SH', '688006.SH', '603938.SH', '000426.SZ', '300748.SZ', '300648.SZ', '600338.SH', '300341.SZ', '002155.SZ', '601016.SH', '002837.SZ', '300438.SZ', '300829.SZ', '300129.SZ', '600549.SH', '600581.SH', '300091.SZ', '600988.SH', '002240.SZ', '300376.SZ', '002850.SZ', '603859.SH']"
2021-08-09,2021-08-06,2021-08-16,0.0447452776994658,100,0.5,500,"['002171.SZ', '000049.SZ', '002182.SZ', '600063.SH', '600452.SH', '603612.SH', '603995.SH', '600459.SH', '300114.SZ', '300416.SZ', '002155.SZ', '002979.SZ', '603693.SH', '300145.SZ', '600458.SH', '002539.SZ', '600230.SH', '603505.SH', '603688.SH', '002895.SZ', '002206.SZ', '300806.SZ', '600114.SH', '603859.SH', '600988.SH', '000878.SZ', '000060.SZ', '600378.SH', '600577.SH', '601137.SH', '688199.SH', '002533.SZ', '002850.SZ', '600810.SH', '603279.SH', '600581.SH', '600869.SH', '002588.SZ', '603063.SH', '600531.SH', '002056.SZ', '000422.SZ', '601016.SH', '300435.SZ', '002132.SZ', '600569.SH', '603938.SH', '002386.SZ', '600782.SH', '300041.SZ', '002923.SZ', '002438.SZ', '603728.SH', '002189.SZ', '002055.SZ', '002637.SZ', '603686.SH', '603212.SH', '001696.SZ', '600929.SH', '300328.SZ', '300194.SZ', '603595.SH', '600618.SH', '300587.SZ', '002203.SZ', '002254.SZ', '603606.SH', '300360.SZ', '300261.SZ', '300121.SZ', '603977.SH', '300284.SZ', '300607.SZ', '002111.SZ', '600580.SH', '601609.SH', '002527.SZ', '002732.SZ', '002110.SZ', '600501.SH', '000761.SZ', '300436.SZ', '600590.SH', '603901.SH', '300627.SZ', '300777.SZ', '600389.SH', '002046.SZ', '603386.SH', '300259.SZ', '300180.SZ', '000973.SZ', '000925.SZ', '002023.SZ', '000960.SZ', '603727.SH', '000949.SZ', '002068.SZ', '300395.SZ']"
2021-08-16,2021-08-13,2021-08-23,0.01249167354583256,100,0.5,500,"['002386.SZ', '600063.SH', '603727.SH', '600782.SH', '600590.SH', '600869.SH', '600569.SH', '603693.SH', '000060.SZ', '002637.SZ', '002588.SZ', '000949.SZ', '000761.SZ', '002438.SZ', '603686.SH', '603386.SH', '600618.SH', '002068.SZ', '002055.SZ', '000049.SZ', '002533.SZ', '002132.SZ', '300121.SZ', '002206.SZ', '600230.SH', '002732.SZ', '600114.SH', '002023.SZ', '002254.SZ', '600810.SH', '002539.SZ', '600458.SH', '002110.SZ', '300194.SZ', '603606.SH', '601137.SH', '600531.SH', '300360.SZ', '601016.SH', '002171.SZ', '002182.SZ', '000878.SZ', '600459.SH', '000422.SZ', '603995.SH', '600581.SH', '300041.SZ', '002203.SZ', '300261.SZ', '603612.SH', '000717.SZ', '000698.SZ', '601666.SH', '002538.SZ', '000680.SZ', '600997.SH', '600475.SH', '002487.SZ', '601001.SH', '002075.SZ', '002267.SZ', '600282.SH', '002128.SZ', '600368.SH', '000875.SZ', '600971.SH', '600508.SH', '603777.SH', '600546.SH', '601918.SH', '601101.SH', '000923.SZ', '601003.SH', '000690.SZ', '600075.SH', '600985.SH', '600808.SH', '000933.SZ', '600740.SH', '600126.SH', '600727.SH', '000778.SZ', '300423.SZ', '002483.SZ', '603611.SH', '600888.SH', '603393.SH', '603113.SH', '002237.SZ', '000922.SZ', '002101.SZ', '600483.SH', '600163.SH', '600507.SH', '000400.SZ', '002768.SZ', '600277.SH', '603985.SH', '000968.SZ', '600642.SH']"
2021-08-23,2021-08-20,2021-08-30,0.05439139923335249,100,0.46,500,"['600590.SH', '600475.SH', '603693.SH', '002068.SZ', '000698.SZ', '603393.SH', '300423.SZ', '000690.SZ', '603777.SH', '002487.SZ', '603985.SH', '002023.SZ', '002483.SZ', '002128.SZ', '600888.SH', '002538.SZ', '000949.SZ', '600971.SH', '002768.SZ', '300360.SZ', '002637.SZ', '600997.SH', '600810.SH', '000923.SZ', '300121.SZ', '603611.SH', '300261.SZ', '600163.SH', '600063.SH', '002588.SZ', '601001.SH', '600740.SH', '601666.SH', '000422.SZ', '603612.SH', '000717.SZ', '601003.SH', '603686.SH', '300194.SZ', '002206.SZ', '601101.SH', '000875.SZ', '600508.SH', '000680.SZ', '000933.SZ', '601918.SH', '603113.SH', '002075.SZ', '600282.SH', '000922.SZ', '002110.SZ', '603606.SH', '002732.SZ', '600075.SH', '300580.SZ', '002046.SZ', '000936.SZ', '002169.SZ', '000612.SZ', '300109.SZ', '300145.SZ', '603916.SH', '002932.SZ', '603776.SH', '603167.SH', '300664.SZ', '300259.SZ', '002057.SZ', '002214.SZ', '000859.SZ', '603067.SH', '603626.SH', '002632.SZ', '600070.SH', '002531.SZ', '603002.SH', '300815.SZ', '002346.SZ', '002274.SZ', '600746.SH', '300125.SZ', '000791.SZ', '603100.SH', '600967.SH', '300420.SZ', '000059.SZ', '603158.SH', '603203.SH', '601388.SH', '603010.SH', '002062.SZ', '603323.SH', '600167.SH', '600668.SH', '600792.SH', '002960.SZ', '002121.SZ', '603111.SH', '300065.SZ', '300066.SZ']"
2021-08-30,2021-08-27,2021-09-06,0.04165634258387747,100,0.5,500,"['000680.SZ', '002588.SZ', '000791.SZ', '000698.SZ', '601101.SH', '002046.SZ', '600590.SH', '600163.SH', '600997.SH', '600792.SH', '300145.SZ', '601666.SH', '000922.SZ', '600508.SH', '601001.SH', '000933.SZ', '000717.SZ', '002483.SZ', '002068.SZ', '300423.SZ', '600888.SH', '601918.SH', '600971.SH', '601003.SH', '600810.SH', '603611.SH', '000690.SZ', '600282.SH', '002538.SZ', '603777.SH', '300109.SZ', '000949.SZ', '002487.SZ', '002128.SZ', '300261.SZ', '603693.SH', '000923.SZ', '600063.SH', '000875.SZ', '002768.SZ', '002169.SZ', '002110.SZ', '000612.SZ', '002637.SZ', '603985.SH', '300580.SZ', '002632.SZ', '600075.SH', '603393.SH', '002023.SZ', '600869.SH', '600691.SH', '600277.SH', '000912.SZ', '000761.SZ', '600509.SH', '002101.SZ', '600569.SH', '000937.SZ', '603299.SH', '000652.SZ', '600126.SH', '601619.SH', '600123.SH', '002276.SZ', '603727.SH', '001696.SZ', '002685.SZ', '600458.SH', '603227.SH', '600617.SH', '002386.SZ', '600782.SH', '600459.SH', '600808.SH', '000758.SZ', '002226.SZ', '000778.SZ', '002237.SZ', '600985.SH', '000543.SZ', '600780.SH', '600021.SH', '600711.SH', '002039.SZ', '002077.SZ', '002611.SZ', '000878.SZ', '000407.SZ', '002539.SZ', '000591.SZ', '000049.SZ', '002267.SZ', '603386.SH', '000973.SZ', '600497.SH', '600531.SH', '000060.SZ', '600610.SH', '001896.SZ']"
2021-09-06,2021-09-03,2021-09-13,0.09962170321793107,100,0.33,500,"['000698.SZ', '002068.SZ', '600590.SH', '601918.SH', '000761.SZ', '601101.SH', '600997.SH', '002483.SZ', '601666.SH', '600277.SH', '000933.SZ', '002588.SZ', '600971.SH', '000680.SZ', '600508.SH', '600808.SH', '000758.SZ', '002128.SZ', '000717.SZ', '600985.SH', '600282.SH', '600123.SH', '000778.SZ', '000923.SZ', '000937.SZ', '600569.SH', '002023.SZ', '002101.SZ', '601003.SH', '000690.SZ', '600691.SH', '300423.SZ', '001696.SZ', '600126.SH', '600782.SH', '002077.SZ', '000949.SZ', '601001.SH', '002110.SZ', '000407.SZ', '600869.SH', '002386.SZ', '600810.SH', '002046.SZ', '603777.SH', '603393.SH', '002169.SZ', '002768.SZ', '000912.SZ', '002039.SZ', '600021.SH', '600075.SH', '603611.SH', '600711.SH', '002226.SZ', '600610.SH', '002267.SZ', '000652.SZ', '002637.SZ', '600509.SH', '000049.SZ', '000543.SZ', '600531.SH', '603727.SH', '300145.SZ', '002685.SZ', '000612.SZ', '600546.SH', '600581.SH', '600668.SH', '601699.SH', '002608.SZ', '300388.SZ', '300222.SZ', '000531.SZ', '600507.SH', '600594.SH', '000936.SZ', '002062.SZ', '002274.SZ', '002075.SZ', '000099.SZ', '002270.SZ', '600098.SH', '002440.SZ', '600681.SH', '002479.SZ', '600803.SH', '300349.SZ', '300664.SZ', '000600.SZ', '600580.SH', '002367.SZ', '002346.SZ', '600642.SH', '002176.SZ', '000852.SZ', '002009.SZ', '300190.SZ', '000655.SZ']"
2021-09-13,2021-09-10,2021-09-22,0.014617864261774506,100,0.32,500,"['600277.SH', '002046.SZ', '000761.SZ', '600569.SH', '000680.SZ', '600590.SH', '000778.SZ', '601003.SH', '600126.SH', '600508.SH', '002483.SZ', '000758.SZ', '002588.SZ', '601666.SH', '600971.SH', '600123.SH', '000698.SZ', '600808.SH', '600282.SH', '600782.SH', '600997.SH', '601101.SH', '001696.SZ', '002226.SZ', '600869.SH', '000923.SZ', '002128.SZ', '000407.SZ', '300145.SZ', '002267.SZ', '000049.SZ', '600580.SH', '600803.SH', '600098.SH', '600810.SH', '000933.SZ', '600985.SH', '600509.SH', '000717.SZ', '000937.SZ', '000949.SZ', '601918.SH', '002110.SZ', '600594.SH', '000600.SZ', '000652.SZ', '000690.SZ', '002440.SZ', '600021.SH', '600642.SH', '002479.SZ', '000543.SZ', '601001.SH', '002386.SZ', '600546.SH', '300388.SZ', '000912.SZ', '600531.SH', '002637.SZ', '000936.SZ', '300349.SZ', '600668.SH', '600581.SH', '000099.SZ', '002023.SZ', '002077.SZ', '002346.SZ', '002068.SZ', '600475.SH', '600368.SH', '002845.SZ', '002589.SZ', '601311.SH', '600458.SH', '002109.SZ', '600348.SH', '002015.SZ', '000060.SZ', '600780.SH', '000875.SZ', '600497.SH', '000791.SZ', '000969.SZ', '000922.SZ', '600792.SH', '601218.SH', '603299.SH', '600292.SH', '000539.SZ', '600888.SH', '002533.SZ', '000767.SZ', '002053.SZ', '000881.SZ', '601567.SH', '300332.SZ', '603693.SH', '601619.SH', '603020.SH', '000973.SZ']"
2021-09-22,2021-09-17,2021-09-27,-0.07809489230829214,100,0.5,500,"['600475.SH', '002483.SZ', '000758.SZ', '002053.SZ', '600590.SH', '601101.SH', '000922.SZ', '600508.SH', '002479.SZ', '002023.SZ', '002588.SZ', '000973.SZ', '300145.SZ', '300332.SZ', '002077.SZ', '000099.SZ', '000407.SZ', '002226.SZ', '600668.SH', '603693.SH', '000791.SZ', '002346.SZ', '600971.SH', '000690.SZ', '600021.SH', '000881.SZ', '600546.SH', '603299.SH', '601218.SH', '000698.SZ', '002068.SZ', '600792.SH', '000600.SZ', '000923.SZ', '000761.SZ', '000049.SZ', '002440.SZ', '002128.SZ', '000936.SZ', '000543.SZ', '000652.SZ', '000949.SZ', '600509.SH', '603020.SH', '600497.SH', '601666.SH', '600580.SH', '600123.SH', '001696.SZ', '600126.SH', '000531.SZ', '600072.SH', '300187.SZ', '300194.SZ', '603977.SH', '603639.SH', '000603.SZ', '000859.SZ', '300259.SZ', '300664.SZ', '300483.SZ', '300423.SZ', '600230.SH', '603393.SH', '002039.SZ', '002270.SZ', '300222.SZ', '600681.SH', '600711.SH', '300121.SZ', '603619.SH', '603105.SH', '601890.SH', '601008.SH', '300191.SZ', '000852.SZ', '000899.SZ', '600620.SH', '000400.SZ', '000426.SZ', '300066.SZ', '600550.SH', '600165.SH', '002515.SZ', '603916.SH', '300815.SZ', '300420.SZ', '600114.SH', '002520.SZ', '603167.SH', '300261.SZ', '600163.SH', '002757.SZ', '603686.SH', '300227.SZ', '002215.SZ', '603611.SH', '300109.SZ', '000975.SZ', '000893.SZ']"
2021-09-27,2021-09-24,2021-10-08,-0.001831371051249292,100,0.5,500,"['002515.SZ', '000099.SZ', '600165.SH', '603619.SH', '600114.SH', '002520.SZ', '601101.SH', '300483.SZ', '300815.SZ', '600475.SH', '002483.SZ', '000758.SZ', '002053.SZ', '600590.SH', '000922.SZ', '600508.SH', '002479.SZ', '002023.SZ', '002588.SZ', '000973.SZ', '300145.SZ', '300332.SZ', '002077.SZ', '000407.SZ', '002226.SZ', '600668.SH', '603693.SH', '000791.SZ', '002346.SZ', '600971.SH', '000690.SZ', '600021.SH', '000881.SZ', '600546.SH', '603299.SH', '601218.SH', '000698.SZ', '002068.SZ', '600792.SH', '000600.SZ', '000923.SZ', '000761.SZ', '000049.SZ', '002440.SZ', '002128.SZ', '000936.SZ', '000543.SZ', '000652.SZ', '000949.SZ', '600509.SH', '300267.SZ', '002320.SZ', '600548.SH', '000534.SZ', '603179.SH', '600201.SH', '600252.SH', '002545.SZ', '002557.SZ', '603305.SH', '600108.SH', '600008.SH', '002579.SZ', '600864.SH', '600851.SH', '601869.SH', '000061.SZ', '603610.SH', '603055.SH', '600673.SH', '300401.SZ', '600483.SH', '600246.SH', '600429.SH', '002421.SZ', '300702.SZ', '603039.SH', '000036.SZ', '002481.SZ', '002847.SZ', '300026.SZ', '002034.SZ', '002003.SZ', '603033.SH', '002004.SZ', '002212.SZ', '000035.SZ', '600529.SH', '600131.SH', '300476.SZ', '600076.SH', '600067.SH', '300768.SZ', '600770.SH', '002349.SZ', '002216.SZ', '603477.SH', '600750.SH', '603166.SH', '002651.SZ']"
2021-10-08,2021-09-30,2021-10-11,-0.008005616279999997,100,0.5,500,"['002515.SZ', '002557.SZ', '002349.SZ', '600201.SH', '300401.SZ', '002320.SZ', '300267.SZ', '603610.SH', '000534.SZ', '600246.SH', '002216.SZ', '600252.SH', '002847.SZ', '600548.SH', '000036.SZ', '600529.SH', '600429.SH', '300768.SZ', '600108.SH', '603055.SH', '002481.SZ', '000099.SZ', '603305.SH', '603477.SH', '002651.SZ', '600076.SH', '601869.SH', '002034.SZ', '300026.SZ', '002212.SZ', '300702.SZ', '600165.SH', '600864.SH', '002545.SZ', '600008.SH', '600770.SH', '603033.SH', '600131.SH', '600483.SH', '000035.SZ', '601101.SH', '603619.SH', '600067.SH', '600673.SH', '300815.SZ', '600114.SH', '002520.SZ', '300483.SZ', '600475.SH', '002483.SZ', '600965.SH', '002732.SZ', '603387.SH', '002867.SZ', '603027.SH', '002819.SZ', '603456.SH', '000918.SZ', '300725.SZ', '002832.SZ', '603129.SH', '603203.SH', '603060.SH', '300642.SZ', '000989.SZ', '300027.SZ', '002699.SZ', '300770.SZ', '603315.SH', '002317.SZ', '603855.SH', '603535.SH', '002517.SZ', '000915.SZ', '601928.SH', '603267.SH', '600285.SH', '300633.SZ', '002565.SZ', '603208.SH', '600007.SH', '603596.SH', '000935.SZ', '601579.SH', '002287.SZ', '002030.SZ', '000567.SZ', '300006.SZ', '300783.SZ', '300573.SZ', '002439.SZ', '300244.SZ', '600323.SH', '000402.SZ', '002233.SZ', '688202.SH', '600728.SH', '688139.SH', '600329.SH', '002489.SZ']"
2021-10-11,2021-10-08,2021-10-18,-0.014278206610379082,100,0.5,500,"['002699.SZ', '002565.SZ', '300027.SZ', '603315.SH', '002520.SZ', '603305.SH', '600114.SH', '600076.SH', '603060.SH', '300770.SZ', '603610.SH', '600483.SH', '002515.SZ', '002557.SZ', '002349.SZ', '600201.SH', '300401.SZ', '002320.SZ', '300267.SZ', '000534.SZ', '600246.SH', '002216.SZ', '600252.SH', '002847.SZ', '600548.SH', '000036.SZ', '600529.SH', '600429.SH', '300768.SZ', '600108.SH', '603055.SH', '002481.SZ', '000099.SZ', '603477.SH', '002651.SZ', '601869.SH', '002034.SZ', '300026.SZ', '002212.SZ', '300702.SZ', '600165.SH', '600864.SH', '002545.SZ', '600008.SH', '600770.SH', '603033.SH', '600131.SH', '000035.SZ', '601101.SH', '603619.SH', '600636.SH', '002121.SZ', '603377.SH', '603703.SH', '600337.SH', '600037.SH', '000796.SZ', '600532.SH', '002681.SZ', '000025.SZ', '000700.SZ', '603888.SH', '002346.SZ', '000758.SZ', '600959.SH', '600375.SH', '601606.SH', '300391.SZ', '000572.SZ', '000045.SZ', '002364.SZ', '300331.SZ', '002077.SZ', '002101.SZ', '300616.SZ', '002309.SZ', '300053.SZ', '603012.SH', '000815.SZ', '300136.SZ', '002387.SZ', '603068.SH', '600545.SH', '000917.SZ', '002935.SZ', '600416.SH', '002506.SZ', '300397.SZ', '603000.SH', '300441.SZ', '600990.SH', '002639.SZ', '300159.SZ', '600550.SH', '300420.SZ', '603078.SH', '000601.SZ', '000913.SZ', '002176.SZ', '000925.SZ']"
2021-10-18,2021-10-15,2021-10-25,0.012392927067531579,100,0.5,500,"['600375.SH', '300331.SZ', '002309.SZ', '300616.SZ', '002681.SZ', '002387.SZ', '002121.SZ', '603305.SH', '603315.SH', '603060.SH', '300053.SZ', '603377.SH', '603078.SH', '002639.SZ', '000572.SZ', '002520.SZ', '000925.SZ', '300441.SZ', '600636.SH', '600037.SH', '600550.SH', '000796.SZ', '000025.SZ', '300136.SZ', '600114.SH', '600076.SH', '000045.SZ', '600416.SH', '300397.SZ', '603068.SH', '002565.SZ', '002506.SZ', '000601.SZ', '603888.SH', '600483.SH', '300027.SZ', '002935.SZ', '002346.SZ', '002077.SZ', '000700.SZ', '002176.SZ', '002699.SZ', '000815.SZ', '300391.SZ', '300770.SZ', '603610.SH', '002515.SZ', '002557.SZ', '002349.SZ', '600201.SH', '603595.SH', '600537.SH', '002967.SZ', '300125.SZ', '002913.SZ', '000659.SZ', '300666.SZ', '002859.SZ', '300657.SZ', '300460.SZ', '600452.SH', '300739.SZ', '000688.SZ', '002300.SZ', '603076.SH', '002631.SZ', '300763.SZ', '300456.SZ', '002297.SZ', '600054.SH', '601069.SH', '002459.SZ', '002897.SZ', '002189.SZ', '300068.SZ', '300735.SZ', '300432.SZ', '601777.SH', '600391.SH', '002706.SZ', '002918.SZ', '600525.SH', '603186.SH', '300769.SZ', '600933.SH', '002192.SZ', '300416.SZ', '601595.SH', '000793.SZ', '600868.SH', '300729.SZ', '000777.SZ', '000070.SZ', '603185.SH', '600184.SH', '601700.SH', '300065.SZ', '002273.SZ', '002472.SZ', '002534.SZ']"
2021-10-25,2021-10-22,2021-11-01,0.015706852357987352,100,0.5,500,"['300331.SZ', '300666.SZ', '603060.SH', '300735.SZ', '000688.SZ', '300456.SZ', '002859.SZ', '600452.SH', '300616.SZ', '300053.SZ', '002897.SZ', '002189.SZ', '002913.SZ', '300416.SZ', '002935.SZ', '600537.SH', '002631.SZ', '002273.SZ', '000925.SZ', '603305.SH', '000777.SZ', '002967.SZ', '300657.SZ', '603068.SH', '603595.SH', '300739.SZ', '300397.SZ', '300136.SZ', '603076.SH', '000659.SZ', '300763.SZ', '300441.SZ', '603315.SH', '000572.SZ', '600525.SH', '002918.SZ', '600550.SH', '000815.SZ', '002706.SZ', '603078.SH', '002534.SZ', '300065.SZ', '002297.SZ', '300460.SZ', '600391.SH', '601777.SH', '300729.SZ', '300432.SZ', '300769.SZ', '600483.SH', '688106.SH', '002651.SZ', '300054.SZ', '601137.SH', '603212.SH', '300602.SZ', '002402.SZ', '300296.SZ', '600988.SH', '600841.SH', '603728.SH', '300236.SZ', '603179.SH', '300527.SZ', '002850.SZ', '603005.SH', '002851.SZ', '002413.SZ', '002741.SZ', '603129.SH', '002028.SZ', '000603.SZ', '300115.SZ', '300566.SZ', '002579.SZ', '002036.SZ', '300219.SZ', '300480.SZ', '603989.SH', '000970.SZ', '002643.SZ', '300177.SZ', '300323.SZ', '300183.SZ', '603690.SH', '300322.SZ', '688006.SH', '000576.SZ', '300618.SZ', '002635.SZ', '600456.SH', '002056.SZ', '603738.SH', '600917.SH', '600343.SH', '600478.SH', '300073.SZ', '002911.SZ', '600116.SH', '688388.SH']"
2021-11-01,2021-10-29,2021-11-08,0.02343695459727331,100,0.5,500,"['002935.SZ', '603060.SH', '300236.SZ', '002967.SZ', '300456.SZ', '000688.SZ', '601137.SH', '002706.SZ', '300666.SZ', '300397.SZ', '603005.SH', '300115.SZ', '300602.SZ', '603595.SH', '600988.SH', '002413.SZ', '300331.SZ', '603179.SH', '600525.SH', '603305.SH', '002631.SZ', '002579.SZ', '688106.SH', '603076.SH', '002859.SZ', '603129.SH', '603212.SH', '600456.SH', '600537.SH', '603315.SH', '002913.SZ', '000777.SZ', '603989.SH', '600343.SH', '600452.SH', '603690.SH', '300657.SZ', '002741.SZ', '603068.SH', '300323.SZ', '000572.SZ', '603078.SH', '002851.SZ', '000970.SZ', '300054.SZ', '600917.SH', '300053.SZ', '600550.SH', '300460.SZ', '600391.SH', '600990.SH', '603888.SH', '603859.SH', '002733.SZ', '300762.SZ', '300607.SZ', '000795.SZ', '603920.SH', '002583.SZ', '300662.SZ', '600184.SH', '600933.SH', '300696.SZ', '002261.SZ', '603915.SH', '300748.SZ', '300825.SZ', '603533.SH', '300080.SZ', '600868.SH', '300776.SZ', '002239.SZ', '600114.SH', '002681.SZ', '300068.SZ', '002093.SZ', '002436.SZ', '300232.SZ', '002132.SZ', '603158.SH', '000901.SZ', '600037.SH', '002276.SZ', '000899.SZ', '600468.SH', '002338.SZ', '300429.SZ', '601778.SH', '603197.SH', '300590.SZ', '600635.SH', '601179.SH', '300227.SZ', '603809.SH', '600363.SH', '002364.SZ', '002449.SZ', '300855.SZ', '000681.SZ', '002520.SZ']"
2021-11-08,2021-11-05,2021-11-15,0.07435348067142361,100,0.49,500,"['300397.SZ', '002733.SZ', '603078.SH', '300236.SZ', '600391.SH', '002935.SZ', '603920.SH', '300607.SZ', '002239.SZ', '300068.SZ', '601137.SH', '600343.SH', '603158.SH', '300602.SZ', '002338.SZ', '300657.SZ', '603888.SH', '300053.SZ', '300080.SZ', '002681.SZ', '300429.SZ', '300054.SZ', '600184.SH', '600525.SH', '300456.SZ', '603068.SH', '600537.SH', '002413.SZ', '603595.SH', '000901.SZ', '300762.SZ', '300232.SZ', '300323.SZ', '300666.SZ', '300331.SZ', '688106.SH', '002583.SZ', '603533.SH', '000795.SZ', '000572.SZ', '603179.SH', '300748.SZ', '603212.SH', '000777.SZ', '603076.SH', '002741.SZ', '000970.SZ', '300590.SZ', '000688.SZ', '300776.SZ', '000681.SZ', '300205.SZ', '002428.SZ', '300128.SZ', '300576.SZ', '600640.SH', '002623.SZ', '300045.SZ', '300322.SZ', '300173.SZ', '002055.SZ', '002506.SZ', '300161.SZ', '002639.SZ', '002782.SZ', '300008.SZ', '002292.SZ', '002045.SZ', '600732.SH', '300065.SZ', '300131.SZ', '300679.SZ', '603348.SH', '002126.SZ', '300258.SZ', '002510.SZ', '002664.SZ', '300185.SZ', '300680.SZ', '300398.SZ', '300516.SZ', '300364.SZ', '600206.SH', '300438.SZ', '300548.SZ', '300222.SZ', '300578.SZ', '600775.SH', '002354.SZ', '300091.SZ', '002491.SZ', '300046.SZ', '600375.SH', '300766.SZ', '600360.SH', '000793.SZ', '300566.SZ', '300739.SZ', '000426.SZ', '600151.SH']"
2021-11-15,2021-11-12,2021-11-22,0.03907327275622007,100,0.29,500,"['002733.SZ', '603920.SH', '300607.SZ', '300236.SZ', '002935.SZ', '300762.SZ', '300046.SZ', '603078.SH', '002338.SZ', '300397.SZ', '002623.SZ', '300578.SZ', '300322.SZ', '603533.SH', '300590.SZ', '600391.SH', '300173.SZ', '300548.SZ', '300429.SZ', '603158.SH', '300045.SZ', '300456.SZ', '300576.SZ', '300680.SZ', '300205.SZ', '601137.SH', '000777.SZ', '300776.SZ', '002428.SZ', '300679.SZ', '002045.SZ', '002055.SZ', '300438.SZ', '300657.SZ', '600343.SH', '300364.SZ', '002354.SZ', '600525.SH', '688106.SH', '002413.SZ', '300161.SZ', '000681.SZ', '300766.SZ', '300128.SZ', '300602.SZ', '002239.SZ', '603888.SH', '300080.SZ', '000795.SZ', '300566.SZ', '603595.SH', '300666.SZ', '300398.SZ', '300258.SZ', '300091.SZ', '002782.SZ', '603068.SH', '300054.SZ', '002639.SZ', '000688.SZ', '600184.SH', '600640.SH', '300068.SZ', '002510.SZ', '300331.SZ', '603348.SH', '300053.SZ', '300323.SZ', '300748.SZ', '002664.SZ', '300739.SZ', '300447.SZ', '603197.SH', '000561.SZ', '300328.SZ', '002095.SZ', '300127.SZ', '002276.SZ', '603060.SH', '002297.SZ', '300617.SZ', '002079.SZ', '300504.SZ', '300460.SZ', '603809.SH', '002565.SZ', '300292.SZ', '300481.SZ', '002288.SZ', '002957.SZ', '300708.SZ', '300215.SZ', '603859.SH', '300477.SZ', '002967.SZ', '603386.SH', '300095.SZ', '002222.SZ', '300709.SZ', '300655.SZ']"
2021-11-22,2021-11-19,2021-11-29,0.03177950479028296,100,0.5,500,"['300460.SZ', '002079.SZ', '300447.SZ', '603595.SH', '300748.SZ', '300481.SZ', '688106.SH', '603859.SH', '603078.SH', '000688.SZ', '300617.SZ', '300666.SZ', '603809.SH', '300762.SZ', '002297.SZ', '300566.SZ', '300456.SZ', '002664.SZ', '300709.SZ', '300776.SZ', '300607.SZ', '300328.SZ', '300680.SZ', '603158.SH', '300602.SZ', '300655.SZ', '300127.SZ', '300708.SZ', '300739.SZ', '300054.SZ', '603197.SH', '002288.SZ', '300322.SZ', '601137.SH', '002935.SZ', '603348.SH', '603920.SH', '300429.SZ', '300590.SZ', '300438.SZ', '002222.SZ', '002428.SZ', '300477.SZ', '300173.SZ', '300679.SZ', '300046.SZ', '300161.SZ', '300331.SZ', '300215.SZ', '300576.SZ', '603380.SH', '603186.SH', '300219.SZ', '300855.SZ', '300811.SZ', '300241.SZ', '300825.SZ', '603728.SH', '603738.SH', '603690.SH', '603063.SH', '603305.SH', '002182.SZ', '600452.SH', '002833.SZ', '300696.SZ', '002859.SZ', '300035.SZ', '300073.SZ', '002139.SZ', '002334.SZ', '300569.SZ', '603212.SH', '300613.SZ', '300842.SZ', '002119.SZ', '002149.SZ', '300360.SZ', '300693.SZ', '300480.SZ', '603166.SH', '300319.SZ', '300224.SZ', '002979.SZ', '600360.SH', '000925.SZ', '002929.SZ', '000970.SZ', '002824.SZ', '600988.SH', '002881.SZ', '300409.SZ', '300618.SZ', '300435.SZ', '002913.SZ', '688006.SH', '002056.SZ', '300443.SZ', '300432.SZ', '603936.SH']"
2021-11-29,2021-11-26,2021-12-06,-0.022415738229846723,100,0.33,500,"['300241.SZ', '002079.SZ', '300855.SZ', '688106.SH', '603166.SH', '300460.SZ', '603595.SH', '603348.SH', '002935.SZ', '300481.SZ', '603197.SH', '000688.SZ', '603809.SH', '601137.SH', '603920.SH', '603158.SH', '300590.SZ', '300617.SZ', '300762.SZ', '300679.SZ', '002297.SZ', '300219.SZ', '603063.SH', '300776.SZ', '300456.SZ', '300680.SZ', '603078.SH', '300328.SZ', '300696.SZ', '002222.SZ', '603859.SH', '300825.SZ', '300319.SZ', '300046.SZ', '603738.SH', '002664.SZ', '603728.SH', '002182.SZ', '300054.SZ', '300438.SZ', '300215.SZ', '300748.SZ', '300811.SZ', '300613.SZ', '300360.SZ', '603186.SH', '600360.SH', '300161.SZ', '300607.SZ', '002149.SZ', '300602.SZ', '002428.SZ', '300655.SZ', '002288.SZ', '300693.SZ', '300477.SZ', '300709.SZ', '603690.SH', '300429.SZ', '002824.SZ', '002979.SZ', '603305.SH', '300842.SZ', '000970.SZ', '002859.SZ', '300173.SZ', '300127.SZ', '300236.SZ', '002733.SZ', '002967.SZ', '000795.SZ', '300657.SZ', '002623.SZ', '002284.SZ', '002579.SZ', '000681.SZ', '002045.SZ', '002276.SZ', '002957.SZ', '300548.SZ', '002876.SZ', '603297.SH', '600259.SH', '300397.SZ', '300323.SZ', '002283.SZ', '600523.SH', '600552.SH', '300428.SZ', '603002.SH', '300458.SZ', '002291.SZ', '000777.SZ', '002520.SZ', '603306.SH', '002245.SZ', '002218.SZ', '300578.SZ', '300115.SZ', '002436.SZ']"
2021-12-06,2021-12-03,2021-12-13,0.006842803869491526,100,0.5,500,"['603002.SH', '300607.SZ', '603809.SH', '601137.SH', '300215.SZ', '002283.SZ', '300428.SZ', '300173.SZ', '002276.SZ', '002579.SZ', '603186.SH', '300241.SZ', '300548.SZ', '002733.SZ', '002291.SZ', '002876.SZ', '002623.SZ', '603166.SH', '300460.SZ', '002079.SZ', '002245.SZ', '300679.SZ', '603920.SH', '688106.SH', '300236.SZ', '002149.SZ', '002182.SZ', '002045.SZ', '300617.SZ', '603197.SH', '603063.SH', '300219.SZ', '603348.SH', '300657.SZ', '300328.SZ', '603738.SH', '002664.SZ', '300429.SZ', '300481.SZ', '600259.SH', '002428.SZ', '002288.SZ', '002935.SZ', '002824.SZ', '300842.SZ', '300456.SZ', '600552.SH', '300776.SZ', '000777.SZ', '300696.SZ', '002527.SZ', '600888.SH', '000960.SZ', '600395.SH', '600308.SH', '603766.SH', '600971.SH', '000612.SZ', '002067.SZ', '600997.SH', '000060.SZ', '600590.SH', '601918.SH', '002532.SZ', '600123.SH', '603611.SH', '600531.SH', '601388.SH', '600508.SH', '600740.SH', '002130.SZ', '600458.SH', '000550.SZ', '002636.SZ', '600985.SH', '002255.SZ', '603113.SH', '600006.SH', '600549.SH', '603936.SH', '000426.SZ', '002171.SZ', '000917.SZ', '000903.SZ', '000751.SZ', '000062.SZ', '001696.SZ', '000962.SZ', '601011.SH', '603013.SH', '600497.SH', '002346.SZ', '000581.SZ', '000899.SZ', '300280.SZ', '600166.SH', '600081.SH', '601567.SH', '600525.SH', '601677.SH']"
2021-12-13,2021-12-10,2021-12-20,-0.011869367342384076,100,0.5,500,"['000917.SZ', '000550.SZ', '600308.SH', '603766.SH', '600166.SH', '000960.SZ', '000062.SZ', '002276.SZ', '300280.SZ', '600531.SH', '600888.SH', '002067.SZ', '601567.SH', '601388.SH', '000581.SZ', '600549.SH', '600552.SH', '000903.SZ', '600006.SH', '002876.SZ', '600497.SH', '601677.SH', '000751.SZ', '002283.SZ', '002636.SZ', '600590.SH', '002291.SZ', '600081.SH', '603611.SH', '002045.SZ', '000899.SZ', '000060.SZ', '002245.SZ', '601137.SH', '000612.SZ', '001696.SZ', '300679.SZ', '002935.SZ', '603013.SH', '300548.SZ', '603002.SH', '300607.SZ', '603809.SH', '300215.SZ', '300428.SZ', '300173.SZ', '002579.SZ', '603186.SH', '300241.SZ', '002733.SZ', '000680.SZ', '002267.SZ', '300391.SZ', '002237.SZ', '000951.SZ', '002434.SZ', '600480.SH', '002203.SZ', '002491.SZ', '603315.SH', '002531.SZ', '600751.SH', '600103.SH', '600138.SH', '000690.SZ', '000878.SZ', '300571.SZ', '600310.SH', '002845.SZ', '002048.SZ', '601777.SH', '000539.SZ', '601801.SH', '600973.SH', '000993.SZ', '600312.SH', '000009.SZ', '000543.SZ', '000767.SZ', '600742.SH', '603220.SH', '600203.SH', '002610.SZ', '600681.SH', '601179.SH', '002533.SZ', '600509.SH', '600959.SH', '000927.SZ', '600343.SH', '600037.SH', '002270.SZ', '300133.SZ', '603876.SH', '002759.SZ', '601929.SH', '000791.SZ', '002106.SZ', '002218.SZ', '002176.SZ']"
2021-12-20,2021-12-17,2021-12-27,0.009829422670098436,100,0.5,500,"['000680.SZ', '000543.SZ', '600138.SH', '600310.SH', '000767.SZ', '000539.SZ', '300391.SZ', '000917.SZ', '000791.SZ', '600480.SH', '600103.SH', '002267.SZ', '600742.SH', '601929.SH', '002491.SZ', '000951.SZ', '600203.SH', '600509.SH', '600312.SH', '300133.SZ', '600343.SH', '002845.SZ', '002237.SZ', '600552.SH', '600081.SH', '000690.SZ', '600166.SH', '000993.SZ', '002733.SZ', '000899.SZ', '601801.SH', '000878.SZ', '002067.SZ', '600973.SH', '300173.SZ', '601179.SH', '603220.SH', '002048.SZ', '603876.SH', '603013.SH', '002610.SZ', '000751.SZ', '603766.SH', '002106.SZ', '600006.SH', '601777.SH', '300280.SZ', '000550.SZ', '600308.SH', '000960.SZ', '600780.SH', '600617.SH', '600758.SH', '000600.SZ', '600121.SH', '600335.SH', '000815.SZ', '002355.SZ', '002510.SZ', '000758.SZ', '000040.SZ', '002039.SZ', '600792.SH', '002101.SZ', '600880.SH', '600495.SH', '600375.SH', '300291.SZ', '001896.SZ', '000852.SZ', '601011.SH', '002383.SZ', '600337.SH', '002387.SZ', '600996.SH', '600715.SH', '600825.SH', '603776.SH', '300125.SZ', '300128.SZ', '600868.SH', '000793.SZ', '002309.SZ', '603035.SH', '600545.SH', '300159.SZ', '000697.SZ', '002121.SZ', '002217.SZ', '000531.SZ', '600744.SH', '600088.SH', '002565.SZ', '600532.SH', '600288.SH', '600508.SH', '601700.SH', '000561.SZ', '000601.SZ', '002639.SZ']"
2021-12-27,2021-12-24,2022-01-04,0.03571790917089448,100,0.5,500,"['000600.SZ', '600138.SH', '600780.SH', '600617.SH', '600996.SH', '600203.SH', '002387.SZ', '002383.SZ', '002217.SZ', '000601.SZ', '600532.SH', '002510.SZ', '002565.SZ', '002237.SZ', '600310.SH', '601929.SH', '600825.SH', '600335.SH', '300128.SZ', '000951.SZ', '300125.SZ', '600758.SH', '000040.SZ', '300133.SZ', '300291.SZ', '600166.SH', '600288.SH', '600868.SH', '600480.SH', '000793.SZ', '600495.SH', '002309.SZ', '000758.SZ', '000815.SZ', '300159.SZ', '000531.SZ', '000878.SZ', '000899.SZ', '600715.SH', '603220.SH', '002121.SZ', '600312.SH', '600121.SH', '002733.SZ', '600744.SH', '002845.SZ', '603776.SH', '601011.SH', '002101.SZ', '600742.SH', '000700.SZ', '600751.SH', '600686.SH', '300145.SZ', '600037.SH', '002681.SZ', '002059.SZ', '300068.SZ', '000584.SZ', '600066.SH', '002301.SZ', '300657.SZ', '000572.SZ', '600525.SH', '600699.SH', '000903.SZ', '600640.SH', '002055.SZ', '002369.SZ', '002085.SZ', '002590.SZ', '600396.SH', '002467.SZ', '603068.SH', '600726.SH', '601212.SH', '000070.SZ', '600831.SH', '000665.SZ', '002506.SZ', '600725.SH', '300131.SZ', '002342.SZ', '000025.SZ', '600178.SH', '002126.SZ', '002446.SZ', '002400.SZ', '600961.SH', '603533.SH', '603377.SH', '600550.SH', '600979.SH', '002338.SZ', '300752.SZ', '300322.SZ', '002196.SZ', '300292.SZ', '300900.SZ', '002354.SZ']"
2022-01-04,2021-12-31,2022-01-10,-0.007391293112369495,100,0.5,500,"['002055.SZ', '603533.SH', '002101.SZ', '300291.SZ', '600742.SH', '600335.SH', '600396.SH', '600310.SH', '600726.SH', '600640.SH', '300159.SZ', '300322.SZ', '002565.SZ', '002354.SZ', '603377.SH', '000600.SZ', '600138.SH', '600780.SH', '600617.SH', '600996.SH', '600203.SH', '002387.SZ', '002383.SZ', '002217.SZ', '000601.SZ', '600532.SH', '002510.SZ', '002237.SZ', '601929.SH', '600825.SH', '300128.SZ', '000951.SZ', '300125.SZ', '600758.SH', '000040.SZ', '300133.SZ', '600166.SH', '600288.SH', '600868.SH', '600480.SH', '000793.SZ', '600495.SH', '002309.SZ', '000758.SZ', '000815.SZ', '000531.SZ', '000878.SZ', '000899.SZ', '600715.SH', '603220.SH', '002095.SZ', '002431.SZ', '002491.SZ', '603108.SH', '603123.SH', '600267.SH', '000931.SZ', '600180.SH', '002100.SZ', '002322.SZ', '600939.SH', '600787.SH', '300170.SZ', '000710.SZ', '002344.SZ', '300766.SZ', '600336.SH', '600108.SH', '600575.SH', '002468.SZ', '002280.SZ', '600682.SH', '300439.SZ', '600775.SH', '600120.SH', '002262.SZ', '000566.SZ', '600375.SH', '000961.SZ', '002124.SZ', '600718.SH', '000671.SZ', '600975.SH', '600004.SH', '002669.SZ', '600812.SH', '000543.SZ', '600026.SH', '002675.SZ', '600057.SH', '002285.SZ', '300225.SZ', '600688.SH', '002047.SZ', '300741.SZ', '600872.SH', '600201.SH', '300271.SZ', '600479.SH', '600238.SH']"
2022-01-10,2022-01-07,2022-01-17,-0.006191070260156004,100,0.5,500,"['000961.SZ', '000671.SZ', '600787.SH', '600939.SH', '600575.SH', '600138.SH', '600688.SH', '002285.SZ', '002431.SZ', '600825.SH', '600775.SH', '600108.SH', '600201.SH', '600310.SH', '000710.SZ', '300439.SZ', '300271.SZ', '000931.SZ', '600868.SH', '002100.SZ', '603377.SH', '600718.SH', '002491.SZ', '000899.SZ', '002055.SZ', '603533.SH', '002101.SZ', '300291.SZ', '600742.SH', '600335.SH', '600396.SH', '600726.SH', '600640.SH', '300159.SZ', '300322.SZ', '002565.SZ', '002354.SZ', '000600.SZ', '600780.SH', '600617.SH', '600996.SH', '600203.SH', '002387.SZ', '002383.SZ', '002217.SZ', '000601.SZ', '600532.SH', '002510.SZ', '002237.SZ', '601929.SH', '600125.SH', '002208.SZ', '600425.SH', '000863.SZ', '600512.SH', '000090.SZ', '000560.SZ', '601598.SH', '002062.SZ', '000656.SZ', '600126.SH', '600064.SH', '002435.SZ', '600823.SH', '002020.SZ', '600979.SH', '600325.SH', '000639.SZ', '000756.SZ', '601003.SH', '002081.SZ', '002589.SZ', '000505.SZ', '002146.SZ', '000923.SZ', '002110.SZ', '000717.SZ', '600971.SH', '600282.SH', '002075.SZ', '600755.SH', '600508.SH', '600736.SH', '000761.SZ', '600007.SH', '600502.SH', '600782.SH', '600997.SH', '600985.SH', '600569.SH', '600811.SH', '002244.SZ', '600266.SH', '300238.SZ', '603458.SH', '002734.SZ', '600170.SH', '600017.SH', '002067.SZ', '000402.SZ']"
2022-01-17,2022-01-14,2022-01-24,-0.021150474556338814,100,0.5,500,"['600425.SH', '000931.SZ', '002734.SZ', '002435.SZ', '600775.SH', '002100.SZ', '600825.SH', '600979.SH', '600125.SH', '002020.SZ', '000710.SZ', '002062.SZ', '600512.SH', '000863.SZ', '002431.SZ', '600325.SH', '300238.SZ', '002208.SZ', '000505.SZ', '000671.SZ', '600138.SH', '000090.SZ', '000756.SZ', '000656.SZ', '000961.SZ', '000560.SZ', '600108.SH', '000639.SZ', '600823.SH', '600868.SH', '002491.SZ', '000923.SZ', '600064.SH', '600569.SH', '601598.SH', '600396.SH', '603458.SH', '000717.SZ', '002589.SZ', '600939.SH', '002146.SZ', '002067.SZ', '002075.SZ', '600787.SH', '600502.SH', '603377.SH', '600971.SH', '600811.SH', '600997.SH', '600201.SH', '600283.SH', '002308.SZ', '000713.SZ', '002661.SZ', '300551.SZ', '300078.SZ', '603538.SH', '300468.SZ', '002059.SZ', '002609.SZ', '000796.SZ', '600797.SH', '002467.SZ', '603363.SH', '300683.SZ', '600975.SH', '300548.SZ', '603881.SH', '600503.SH', '002314.SZ', '300205.SZ', '600053.SH', '300225.SZ', '000507.SZ', '600326.SH', '002567.SZ', '603619.SH', '300659.SZ', '002542.SZ', '000698.SZ', '000735.SZ', '600855.SH', '300379.SZ', '002941.SZ', '600622.SH', '600094.SH', '002157.SZ', '002479.SZ', '600758.SH', '002707.SZ', '600831.SH', '600251.SH', '603220.SH', '002124.SZ', '300369.SZ', '300381.SZ', '300208.SZ', '300738.SZ', '600127.SH', '000667.SZ']"
2022-01-24,2022-01-21,2022-02-07,-0.029801429257978705,100,0.5,500,"['600512.SH', '600425.SH', '000090.SZ', '600064.SH', '002308.SZ', '601598.SH', '000931.SZ', '600283.SH', '600108.SH', '603458.SH', '000961.SZ', '300078.SZ', '600502.SH', '600775.SH', '002941.SZ', '600855.SH', '300225.SZ', '600125.SH', '002208.SZ', '600971.SH', '600939.SH', '000713.SZ', '000656.SZ', '002067.SZ', '002435.SZ', '000671.SZ', '002020.SZ', '600787.SH', '600797.SH', '600997.SH', '000863.SZ', '600823.SH', '300208.SZ', '300205.SZ', '600569.SH', '600325.SH', '603220.SH', '603619.SH', '000717.SZ', '002146.SZ', '603538.SH', '000756.SZ', '000796.SZ', '300369.SZ', '000923.SZ', '600053.SH', '000710.SZ', '002467.SZ', '002431.SZ', '600127.SH', '600510.SH', '601789.SH', '603959.SH', '600713.SH', '600248.SH', '600180.SH', '002215.SZ', '600339.SH', '600170.SH', '000498.SZ', '002095.SZ', '601011.SH', '600810.SH', '300110.SZ', '600928.SH', '600688.SH', '600282.SH', '300198.SZ', '002110.SZ', '600782.SH', '600508.SH', '002183.SZ', '000761.SZ', '603368.SH', '300189.SZ', '601611.SH', '002556.SZ', '600895.SH', '601952.SH', '600783.SH', '002081.SZ', '600491.SH', '600970.SH', '600088.SH', '600649.SH', '601918.SH', '002061.SZ', '002210.SZ', '000059.SZ', '002505.SZ', '603636.SH', '000993.SZ', '002060.SZ', '001914.SZ', '600897.SH', '600985.SH', '603508.SH', '600581.SH', '600293.SH', '600075.SH']"
2022-02-07,2022-01-28,2022-02-14,0.027281659904394583,100,0.5,500,"['002061.SZ', '601598.SH', '600180.SH', '600510.SH', '000761.SZ', '600491.SH', '600782.SH', '002110.SZ', '600282.SH', '600569.SH', '002060.SZ', '600170.SH', '600581.SH', '600787.SH', '600339.SH', '600248.SH', '600502.SH', '600512.SH', '600939.SH', '603368.SH', '600971.SH', '000961.SZ', '000059.SZ', '600970.SH', '601611.SH', '000717.SZ', '600064.SH', '600997.SH', '002183.SZ', '002081.SZ', '600985.SH', '600810.SH', '002146.SZ', '000671.SZ', '601789.SH', '603458.SH', '002215.SZ', '000656.SZ', '601918.SH', '600688.SH', '600075.SH', '002208.SZ', '000090.SZ', '300110.SZ', '600425.SH', '000756.SZ', '600325.SH', '000923.SZ', '600293.SH', '600125.SH', '601003.SH', '002433.SZ', '000912.SZ', '603727.SH', '000937.SZ', '002822.SZ', '000905.SZ', '600428.SH', '002768.SZ', '600820.SH', '000949.SZ', '600348.SH', '000885.SZ', '600808.SH', '000822.SZ', '600126.SH', '002386.SZ', '002929.SZ', '600123.SH', '601101.SH', '600740.SH', '000778.SZ', '002286.SZ', '600727.SH', '000655.SZ', '000652.SZ', '000507.SZ', '603359.SH', '601869.SH', '601001.SH', '000928.SZ', '601226.SH', '600804.SH', '300174.SZ', '603612.SH', '600507.SH', '002588.SZ', '600836.SH', '002244.SZ', '002538.SZ', '300226.SZ', '000582.SZ', '002221.SZ', '600067.SH', '600295.SH', '600575.SH', '600618.SH', '601107.SH', '601015.SH', '000402.SZ']"
2022-02-14,2022-02-11,2022-02-21,0.05420177349376749,100,0.4,500,"['600510.SH', '601598.SH', '002208.SZ', '600180.SH', '600512.SH', '600502.SH', '603368.SH', '601003.SH', '601789.SH', '000961.SZ', '600425.SH', '600170.SH', '600064.SH', '600248.SH', '600125.SH', '600491.SH', '600339.SH', '000507.SZ', '600782.SH', '002110.SZ', '600126.SH', '000090.SZ', '002061.SZ', '000761.SZ', '601611.SH', '000778.SZ', '000756.SZ', '000905.SZ', '600282.SH', '002081.SZ', '000656.SZ', '600820.SH', '000671.SZ', '600581.SH', '600688.SH', '002146.SZ', '000059.SZ', '603458.SH', '002588.SZ', '600804.SH', '600939.SH', '600971.SH', '600997.SH', '002822.SZ', '600569.SH', '000402.SZ', '002244.SZ', '600325.SH', '600428.SH', '000717.SZ', '600808.SH', '000652.SZ', '600985.SH', '600970.SH', '600740.SH', '002060.SZ', '300110.SZ', '600810.SH', '300226.SZ', '601918.SH', '600133.SH', '000863.SZ', '603108.SH', '000065.SZ', '600284.SH', '002067.SZ', '000011.SZ', '002542.SZ', '601886.SH', '600508.SH', '000517.SZ', '000498.SZ', '600823.SH', '002589.SZ', '600649.SH', '600266.SH', '002298.SZ', '000560.SZ', '600811.SH', '000031.SZ', '600269.SH', '600565.SH', '600496.SH', '002431.SZ', '600503.SH', '002435.SZ', '600017.SH', '000851.SZ', '000505.SZ', '002440.SZ', '000926.SZ', '300284.SZ', '601588.SH', '002051.SZ', '603018.SH', '002469.SZ', '002307.SZ', '002020.SZ', '600208.SH', '600012.SH']"
2022-02-21,2022-02-18,2022-02-28,-0.03904931064606959,100,0.35,500,"['601789.SH', '603458.SH', '000498.SZ', '603368.SH', '600170.SH', '600180.SH', '600339.SH', '600939.SH', '600284.SH', '600491.SH', '000065.SZ', '000863.SZ', '002208.SZ', '600133.SH', '002061.SZ', '601886.SH', '600248.SH', '600502.SH', '600581.SH', '600804.SH', '000756.SZ', '600565.SH', '601611.SH', '300110.SZ', '000011.SZ', '601598.SH', '000905.SZ', '000517.SZ', '000761.SZ', '600510.SH', '600649.SH', '600782.SH', '601003.SH', '000031.SZ', '000059.SZ', '600820.SH', '600125.SH', '000961.SZ', '603018.SH', '002110.SZ', '300226.SZ', '600064.SH', '000778.SZ', '000652.SZ', '002060.SZ', '600496.SH', '002307.SZ', '600970.SH', '600266.SH', '600503.SH', '300284.SZ', '002589.SZ', '002542.SZ', '600425.SH', '000851.SZ', '000090.SZ', '600282.SH', '600428.SH', '600688.SH', '002435.SZ', '002081.SZ', '600512.SH', '002244.SZ', '600569.SH', '002051.SZ', '000006.SZ', '600836.SH', '603359.SH', '002062.SZ', '603220.SH', '603927.SH', '000736.SZ', '600881.SH', '000626.SZ', '000928.SZ', '002286.SZ', '601226.SH', '300571.SZ', '002215.SZ', '603227.SH', '300465.SZ', '600479.SH', '600855.SH', '002761.SZ', '600246.SH', '600792.SH', '600035.SH', '600620.SH', '300292.SZ', '600979.SH', '002063.SZ', '300504.SZ', '002556.SZ', '000070.SZ', '000920.SZ', '300598.SZ', '300213.SZ', '600965.SH', '300664.SZ', '000034.SZ']"
2022-02-28,2022-02-25,2022-03-07,-0.00931465167546462,100,0.5,500,"['000920.SZ', '002286.SZ', '002060.SZ', '603927.SH', '600479.SH', '603227.SH', '002063.SZ', '600428.SH', '300571.SZ', '600246.SH', '000652.SZ', '000851.SZ', '600581.SH', '600804.SH', '300598.SZ', '600939.SH', '000928.SZ', '601226.SH', '000756.SZ', '601611.SH', '603220.SH', '000626.SZ', '600180.SH', '002062.SZ', '600170.SH', '600248.SH', '002061.SZ', '002307.SZ', '300292.SZ', '600491.SH', '000498.SZ', '600339.SH', '000778.SZ', '000761.SZ', '000863.SZ', '300504.SZ', '600133.SH', '000905.SZ', '600502.SH', '600284.SH', '002556.SZ', '600569.SH', '000059.SZ', '603458.SH', '300465.SZ', '600820.SH', '000031.SZ', '300284.SZ', '600782.SH', '601789.SH', '600726.SH', '603351.SH', '600367.SH', '603222.SH', '002433.SZ', '300872.SZ', '000532.SZ', '600880.SH', '002096.SZ', '605369.SH', '603668.SH', '688068.SH', '300130.SZ', '000838.SZ', '000722.SZ', '688357.SH', '300355.SZ', '300036.SZ', '600106.SH', '600728.SH', '002170.SZ', '300075.SZ', '002717.SZ', '300587.SZ', '002177.SZ', '002550.SZ', '300093.SZ', '002317.SZ', '002756.SZ', '600610.SH', '000731.SZ', '002455.SZ', '300079.SZ', '601068.SH', '002986.SZ', '002206.SZ', '000056.SZ', '600668.SH', '000948.SZ', '300094.SZ', '688300.SH', '300248.SZ', '002140.SZ', '002386.SZ', '600351.SH', '600773.SH', '002135.SZ', '603098.SH', '688356.SH', '002805.SZ']"
2022-03-07,2022-03-04,2022-03-14,-0.03546553425366922,100,0.5,500,"['000863.SZ', '600479.SH', '002433.SZ', '000756.SZ', '002062.SZ', '000761.SZ', '002060.SZ', '603458.SH', '600569.SH', '600180.SH', '000722.SZ', '000778.SZ', '600133.SH', '600782.SH', '000905.SZ', '600581.SH', '000498.SZ', '600939.SH', '600170.SH', '600502.SH', '600491.SH', '600248.SH', '600284.SH', '601611.SH', '002286.SZ', '600339.SH', '600106.SH', '600820.SH', '600804.SH', '000652.SZ', '002061.SZ', '000626.SZ', '600668.SH', '601226.SH', '603227.SH', '600351.SH', '002556.SZ', '000920.SZ', '002386.SZ', '000059.SZ', '000731.SZ', '600246.SH', '002307.SZ', '601789.SH', '603220.SH', '000838.SZ', '688068.SH', '300284.SZ', '601068.SH', '000851.SZ', '600035.SH', '000507.SZ', '601003.SH', '002435.SZ', '600979.SH', '600512.SH', '600368.SH', '000090.SZ', '002208.SZ', '002110.SZ', '600508.SH', '000656.SZ', '600603.SH', '600971.SH', '600808.SH', '600325.SH', '600282.SH', '600594.SH', '603108.SH', '600126.SH', '600425.SH', '000961.SZ', '002244.SZ', '000671.SZ', '600064.SH', '600997.SH', '000717.SZ', '600836.SH', '601107.SH', '601588.SH', '600125.SH', '600664.SH', '002479.SZ', '002146.SZ', '000402.SZ', '600283.SH', '002067.SZ', '000065.SZ', '600449.SH', '000505.SZ', '600266.SH', '600713.SH', '000698.SZ', '601918.SH', '600017.SH', '002627.SZ', '000552.SZ', '600310.SH', '600422.SH', '002589.SZ']"
2022-03-14,2022-03-11,2022-03-21,0.032581237052029054,100,0.37,500,"['002433.SZ', '600479.SH', '000756.SZ', '600979.SH', '000507.SZ', '002627.SZ', '600603.SH', '600594.SH', '000090.SZ', '600804.SH', '002479.SZ', '600325.SH', '000652.SZ', '600125.SH', '600133.SH', '002244.SZ', '000656.SZ', '002286.SZ', '000905.SZ', '002062.SZ', '600126.SH', '601588.SH', '600512.SH', '600017.SH', '600064.SH', '600449.SH', '000722.SZ', '000671.SZ', '000961.SZ', '600569.SH', '000402.SZ', '600808.SH', '600170.SH', '002307.SZ', '600425.SH', '600246.SH', '002146.SZ', '002208.SZ', '603220.SH', '000761.SZ', '000851.SZ', '600282.SH', '000717.SZ', '600180.SH', '603108.SH', '600997.SH', '000778.SZ', '002110.SZ', '600820.SH', '600581.SH', '600502.SH', '600284.SH', '603458.SH', '002556.SZ', '600310.SH', '601611.SH', '600106.SH', '600939.SH', '600971.SH', '600782.SH', '002589.SZ', '000498.SZ', '600508.SH', '600736.SH', '600648.SH', '603927.SH', '603167.SH', '300125.SZ', '600318.SH', '600094.SH', '600639.SH', '002166.SZ', '002020.SZ', '600676.SH', '600428.SH', '300138.SZ', '002505.SZ', '600208.SH', '002439.SZ', '000828.SZ', '600789.SH', '000989.SZ', '002314.SZ', '688188.SH', '002431.SZ', '603538.SH', '601598.SH', '300194.SZ', '600223.SH', '688066.SH', '002440.SZ', '600688.SH', '002746.SZ', '300078.SZ', '688658.SH', '603110.SH', '002761.SZ', '300761.SZ', '600811.SH', '603566.SH']"
2022-03-21,2022-03-18,2022-03-28,0.019060281161287117,100,0.5,500,"['002627.SZ', '002431.SZ', '600676.SH', '600318.SH', '000851.SZ', '300761.SZ', '600811.SH', '300078.SZ', '600094.SH', '601588.SH', '002589.SZ', '002314.SZ', '000722.SZ', '603220.SH', '000652.SZ', '600736.SH', '600479.SH', '600246.SH', '002505.SZ', '600979.SH', '002433.SZ', '002439.SZ', '600789.SH', '000507.SZ', '600310.SH', '600428.SH', '002307.SZ', '002286.SZ', '000905.SZ', '002746.SZ', '603927.SH', '000402.SZ', '002062.SZ', '600133.SH', '600939.SH', '600125.SH', '600648.SH', '600425.SH', '600639.SH', '002761.SZ', '600106.SH', '002244.SZ', '600017.SH', '000756.SZ', '600603.SH', '600594.SH', '000090.SZ', '600804.SH', '002479.SZ', '600325.SH', '000667.SZ', '000566.SZ', '002310.SZ', '002548.SZ', '000918.SZ', '000558.SZ', '000713.SZ', '600067.SH', '600756.SH', '002157.SZ', '300208.SZ', '603869.SH', '000796.SZ', '002124.SZ', '000931.SZ', '601008.SH', '002313.SZ', '600744.SH', '600881.SH', '002059.SZ', '600683.SH', '300523.SZ', '300551.SZ', '000889.SZ', '600200.SH', '002308.SZ', '600121.SH', '600222.SH', '603363.SH', '600340.SH', '600604.SH', '000736.SZ', '600797.SH', '300324.SZ', '002567.SZ', '600758.SH', '603569.SH', '600622.SH', '000503.SZ', '603619.SH', '600313.SH', '000797.SZ', '300598.SZ', '002657.SZ', '002100.SZ', '000735.SZ', '300149.SZ', '002707.SZ', '002197.SZ', '600100.SH']"
2022-03-28,2022-03-25,2022-04-06,0.07536878411916423,100,0.46,500,"['002062.SZ', '600676.SH', '600094.SH', '600683.SH', '601588.SH', '000905.SZ', '002431.SZ', '002589.SZ', '000507.SZ', '002314.SZ', '600425.SH', '002310.SZ', '600125.SH', '600133.SH', '603569.SH', '601008.SH', '000667.SZ', '600811.SH', '000652.SZ', '600881.SH', '002433.SZ', '600758.SH', '600622.SH', '000402.SZ', '002286.SZ', '600648.SH', '002100.SZ', '600939.SH', '002059.SZ', '600756.SH', '000851.SZ', '600428.SH', '600603.SH', '600325.SH', '000918.SZ', '000931.SZ', '600744.SH', '600200.SH', '600246.SH', '000566.SZ', '600639.SH', '000796.SZ', '000735.SZ', '002157.SZ', '002244.SZ', '600121.SH', '300598.SZ', '600736.SH', '600479.SH', '002307.SZ', '002548.SZ', '000797.SZ', '000736.SZ', '603363.SH', '600617.SH', '600396.SH', '000926.SZ', '600376.SH', '600658.SH', '600269.SH', '600508.SH', '601886.SH', '600787.SH', '002183.SZ', '600717.SH', '000863.SZ', '600284.SH', '000560.SZ', '600138.SH', '002941.SZ', '600035.SH', '600638.SH', '300125.SZ', '600569.SH', '600266.SH', '600223.SH', '300226.SZ', '600823.SH', '600624.SH', '000656.SZ', '600575.SH', '002596.SZ', '600657.SH', '000505.SZ', '002661.SZ', '600208.SH', '600583.SH', '000557.SZ', '002146.SZ', '603609.SH', '600792.SH', '603367.SH', '603108.SH', '600808.SH', '601011.SH', '601598.SH', '600126.SH', '000961.SZ', '600784.SH', '601226.SH']"
2022-04-06,2022-04-01,2022-04-11,-0.037700302297633034,100,0.5,500,"['002062.SZ', '600035.SH', '600269.SH', '600603.SH', '600094.SH', '000507.SZ', '600683.SH', '600223.SH', '000926.SZ', '600617.SH', '600758.SH', '600508.SH', '600376.SH', '000402.SZ', '600648.SH', '600639.SH', '000656.SZ', '000560.SZ', '002314.SZ', '600622.SH', '601588.SH', '600658.SH', '600823.SH', '600676.SH', '600208.SH', '600246.SH', '600325.SH', '002146.SZ', '002431.SZ', '600396.SH', '600425.SH', '600638.SH', '600266.SH', '600284.SH', '601008.SH', '600657.SH', '600736.SH', '601011.SH', '000961.SZ', '002244.SZ', '600428.SH', '000557.SZ', '000863.SZ', '600881.SH', '600125.SH', '002286.SZ', '600121.SH', '600784.SH', '600787.SH', '000667.SZ', '002039.SZ', '603777.SH', '600616.SH', '300391.SZ', '002344.SZ', '600368.SH', '000036.SZ', '600268.SH', '600897.SH', '002419.SZ', '603167.SH', '603458.SH', '001872.SZ', '002434.SZ', '002277.SZ', '000090.SZ', '002454.SZ', '600694.SH', '001914.SZ', '600238.SH', '600327.SH', '000882.SZ', '603031.SH', '600742.SH', '600185.SH', '002210.SZ', '601512.SH', '600971.SH', '600512.SH', '000061.SZ', '600007.SH', '600827.SH', '600017.SH', '000718.SZ', '002697.SZ', '600997.SH', '000758.SZ', '601107.SH', '600449.SH', '000531.SZ', '600012.SH', '000040.SZ', '600985.SH', '600064.SH', '000501.SZ', '600312.SH', '000862.SZ', '601010.SH', '000552.SZ', '300208.SZ']"
2022-04-11,2022-04-08,2022-04-18,-0.0035535298224827904,100,0.4,500,"['600035.SH', '002062.SZ', '603458.SH', '600368.SH', '000507.SZ', '600269.SH', '000090.SZ', '600603.SH', '600997.SH', '600971.SH', '601107.SH', '600327.SH', '600694.SH', '000656.SZ', '600268.SH', '600449.SH', '002039.SZ', '600125.SH', '600742.SH', '600012.SH', '600787.SH', '600325.SH', '600508.SH', '600784.SH', '002697.SZ', '600376.SH', '600622.SH', '001872.SZ', '002146.SZ', '600284.SH', '000560.SZ', '600064.SH', '000402.SZ', '600648.SH', '600017.SH', '000926.SZ', '000961.SZ', '601588.SH', '600007.SH', '600683.SH', '600094.SH', '601512.SH', '002244.SZ', '600823.SH', '600223.SH', '600657.SH', '002277.SZ', '600185.SH', '002419.SZ', '002434.SZ', '600208.SH', '600639.SH', '002286.SZ', '600246.SH', '000501.SZ', '600512.SH', '000036.SZ', '600736.SH', '600266.SH', '601008.SH', '600717.SH', '000900.SZ', '601598.SH', '600173.SH', '600335.SH', '000905.SZ', '600729.SH', '600970.SH', '600180.SH', '600058.SH', '601015.SH', '603018.SH', '600846.SH', '600981.SH', '000822.SZ', '601918.SH', '000949.SZ', '002048.SZ', '000581.SZ', '000626.SZ', '600170.SH', '000878.SZ', '002237.SZ', '002251.SZ', '601101.SH', '600939.SH', '000671.SZ', '603035.SH', '600310.SH', '002469.SZ', '002440.SZ', '000951.SZ', '000498.SZ', '600073.SH', '600720.SH', '600531.SH', '000789.SZ', '600740.SH', '600491.SH', '600133.SH']"
2022-04-18,2022-04-15,2022-04-25,-0.11260780314043116,100,0.27,500,"['002062.SZ', '600376.SH', '002419.SZ', '600058.SH', '600125.SH', '600035.SH', '000878.SZ', '000626.SZ', '000900.SZ', '600368.SH', '600742.SH', '600269.SH', '600310.SH', '002237.SZ', '600508.SH', '600694.SH', '000507.SZ', '600325.SH', '600981.SH', '600173.SH', '000090.SZ', '600094.SH', '600180.SH', '000951.SZ', '000926.SZ', '600970.SH', '601588.SH', '600729.SH', '600335.SH', '601598.SH', '600648.SH', '600223.SH', '603458.SH', '600784.SH', '600268.SH', '000961.SZ', '601107.SH', '000656.SZ', '000905.SZ', '600683.SH', '002146.SZ', '001872.SZ', '600017.SH', '600327.SH', '600170.SH', '600846.SH', '600531.SH', '000501.SZ', '000949.SZ', '600073.SH', '600007.SH', '600939.SH', '000402.SZ', '600491.SH', '000671.SZ', '000560.SZ', '600284.SH', '601512.SH', '600720.SH', '600823.SH', '600639.SH', '002244.SZ', '000581.SZ', '002434.SZ', '600064.SH', '000498.SZ', '603018.SH', '600208.SH', '600246.SH', '600603.SH', '002440.SZ', '600266.SH', '002048.SZ', '002300.SZ', '600710.SH', '002533.SZ', '603886.SH', '600617.SH', '002302.SZ', '601028.SH', '600897.SH', '603167.SH', '600676.SH', '603708.SH', '600006.SH', '002344.SZ', '600780.SH', '002155.SZ', '601611.SH', '601388.SH', '000862.SZ', '002606.SZ', '300783.SZ', '000061.SZ', '600827.SH', '000060.SZ', '600459.SH', '002276.SZ', '600428.SH', '600458.SH']"
2022-04-25,2022-04-22,2022-05-05,0.05299648194583047,100,0.4,500,"['603886.SH', '600035.SH', '600368.SH', '000900.SZ', '002419.SZ', '600269.SH', '600648.SH', '600007.SH', '603018.SH', '600170.SH', '601028.SH', '000581.SZ', '600729.SH', '600694.SH', '000507.SZ', '600639.SH', '000949.SZ', '600710.SH', '600284.SH', '600603.SH', '002062.SZ', '600017.SH', '600742.SH', '601512.SH', '600125.SH', '600376.SH', '600325.SH', '000090.SZ', '600327.SH', '600094.SH', '600683.SH', '601598.SH', '600617.SH', '600970.SH', '601388.SH', '601107.SH', '000656.SZ', '000402.SZ', '002300.SZ', '000501.SZ', '000926.SZ', '600784.SH', '002440.SZ', '600266.SH', '601588.SH', '002344.SZ', '002146.SZ', '002302.SZ', '300783.SZ', '603708.SH', '600064.SH', '000905.SZ', '600208.SH', '600823.SH', '002276.SZ', '600223.SH', '000951.SZ', '000671.SZ', '002237.SZ', '002606.SZ', '603565.SH', '600012.SH', '600985.SH', '002088.SZ', '600644.SH', '600971.SH', '600746.SH', '000789.SZ', '603766.SH', '002732.SZ', '600658.SH', '000785.SZ', '000048.SZ', '002039.SZ', '600979.SH', '600997.SH', '600668.SH', '601015.SH', '002128.SZ', '000099.SZ', '600512.SH', '001914.SZ', '600348.SH', '600662.SH', '002314.SZ', '600810.SH', '002109.SZ', '002452.SZ', '603871.SH', '002226.SZ', '603010.SH', '000049.SZ', '002627.SZ', '603719.SH', '600532.SH', '002391.SZ', '002441.SZ', '601918.SH', '000822.SZ', '300575.SZ']"
2022-05-05,2022-04-29,2022-05-09,-0.011336813395666778,100,0.5,500,"['603565.SH', '600125.SH', '601598.SH', '002226.SZ', '002237.SZ', '600729.SH', '601015.SH', '600970.SH', '000049.SZ', '601028.SH', '600746.SH', '002109.SZ', '000785.SZ', '600376.SH', '000951.SZ', '600094.SH', '600170.SH', '000905.SZ', '000581.SZ', '002276.SZ', '601388.SH', '600662.SH', '603719.SH', '603766.SH', '002419.SZ', '600266.SH', '600007.SH', '600997.SH', '300783.SZ', '600710.SH', '000656.SZ', '000949.SZ', '002128.SZ', '000671.SZ', '000789.SZ', '603010.SH', '600284.SH', '600742.SH', '600810.SH', '600017.SH', '600648.SH', '601588.SH', '601107.SH', '002146.SZ', '600971.SH', '600064.SH', '603871.SH', '600269.SH', '001914.SZ', '600694.SH', '002984.SZ', '603613.SH', '600877.SH', '000060.SZ', '600549.SH', '600531.SH', '002416.SZ', '601212.SH', '000878.SZ', '600961.SH', '600075.SH', '002637.SZ', '000863.SZ', '000626.SZ', '002155.SZ', '600981.SH', '600166.SH', '000751.SZ', '600415.SH', '600248.SH', '603358.SH', '300618.SZ', '002048.SZ', '002203.SZ', '000559.SZ', '002043.SZ', '600395.SH', '601611.SH', '000652.SZ', '000958.SZ', '600006.SH', '600811.SH', '603113.SH', '600259.SH', '000975.SZ', '300068.SZ', '600869.SH', '605376.SH', '002838.SZ', '600738.SH', '002768.SZ', '600827.SH', '600073.SH', '300593.SZ', '600711.SH', '002588.SZ', '002818.SZ', '002085.SZ', '600888.SH', '000019.SZ']"
2022-05-09,2022-05-06,2022-05-16,0.036620552464900695,100,0.5,500,"['002043.SZ', '000626.SZ', '002203.SZ', '002237.SZ', '002155.SZ', '600981.SH', '000905.SZ', '603613.SH', '601028.SH', '600869.SH', '000751.SZ', '002637.SZ', '000878.SZ', '601212.SH', '600531.SH', '600125.SH', '603358.SH', '000652.SZ', '002768.SZ', '600073.SH', '002276.SZ', '600970.SH', '000060.SZ', '000559.SZ', '600259.SH', '600877.SH', '600166.SH', '601611.SH', '600710.SH', '000049.SZ', '000019.SZ', '603719.SH', '002416.SZ', '300618.SZ', '600549.SH', '600248.SH', '600170.SH', '600729.SH', '002226.SZ', '601598.SH', '600006.SH', '600662.SH', '002419.SZ', '300783.SZ', '600094.SH', '002984.SZ', '600742.SH', '601015.SH', '002818.SZ', '000789.SZ', '600477.SH', '000510.SZ', '600939.SH', '002171.SZ', '600459.SH', '000065.SZ', '300021.SZ', '600458.SH', '600609.SH', '603081.SH', '600496.SH', '002578.SZ', '600550.SH', '002135.SZ', '600784.SH', '002697.SZ', '600335.SH', '603708.SH', '002441.SZ', '300755.SZ', '601700.SH', '002302.SZ', '000682.SZ', '603018.SH', '002324.SZ', '002061.SZ', '002215.SZ', '002882.SZ', '000816.SZ', '300180.SZ', '002263.SZ', '603223.SH', '002570.SZ', '600820.SH', '600133.SH', '600396.SH', '000881.SZ', '600783.SH', '601789.SH', '002761.SZ', '600180.SH', '600610.SH', '000829.SZ', '601311.SH', '002051.SZ', '600965.SH', '002249.SZ', '600449.SH', '603458.SH', '600491.SH']"
2022-05-16,2022-05-13,2022-05-23,0.03582841614789913,100,0.5,500,"['600477.SH', '300021.SZ', '603223.SH', '002302.SZ', '002276.SZ', '000816.SZ', '600094.SH', '000510.SZ', '002215.SZ', '000626.SZ', '600939.SH', '002155.SZ', '000065.SZ', '600449.SH', '600335.SH', '000652.SZ', '300180.SZ', '600550.SH', '600170.SH', '600133.SH', '600981.SH', '002043.SZ', '000905.SZ', '002761.SZ', '600396.SH', '601789.SH', '603358.SH', '601611.SH', '601700.SH', '601028.SH', '002135.SZ', '002061.SZ', '600877.SH', '600820.SH', '601212.SH', '002051.SZ', '603018.SH', '000682.SZ', '002171.SZ', '603458.SH', '600710.SH', '600458.SH', '000881.SZ', '600783.SH', '002324.SZ', '002237.SZ', '002226.SZ', '600491.SH', '600970.SH', '002570.SZ', '002170.SZ', '002307.SZ', '002941.SZ', '002838.SZ', '002822.SZ', '603569.SH', '600331.SH', '002627.SZ', '002805.SZ', '600638.SH', '600988.SH', '600510.SH', '000603.SZ', '600376.SH', '603505.SH', '002548.SZ', '000688.SZ', '002244.SZ', '002246.SZ', '002455.SZ', '688357.SH', '000498.SZ', '002537.SZ', '000572.SZ', '603979.SH', '601011.SH', '600622.SH', '300443.SZ', '002534.SZ', '601886.SH', '600668.SH', '600106.SH', '600821.SH', '600727.SH', '000859.SZ', '000056.SZ', '603681.SH', '603305.SH', '600425.SH', '002310.SZ', '002060.SZ', '603010.SH', '600881.SH', '600736.SH', '002785.SZ', '002167.SZ', '300575.SZ', '600658.SH', '603123.SH', '300457.SZ']"
2022-05-23,2022-05-20,2022-05-30,-0.00911448033462673,100,0.5,500,"['000510.SZ', '600727.SH', '300457.SZ', '002171.SZ', '002170.SZ', '600458.SH', '600981.SH', '002167.SZ', '603305.SH', '002043.SZ', '600335.SH', '600331.SH', '002455.SZ', '000905.SZ', '603010.SH', '002805.SZ', '600939.SH', '603123.SH', '002537.SZ', '601700.SH', '600477.SH', '600821.SH', '002135.SZ', '600710.SH', '002276.SZ', '002215.SZ', '601611.SH', '600877.SH', '603505.SH', '000688.SZ', '002155.SZ', '601212.SH', '000859.SZ', '600396.SH', '600668.SH', '603979.SH', '300021.SZ', '688357.SH', '002060.SZ', '600510.SH', '000572.SZ', '002237.SZ', '601789.SH', '002534.SZ', '600170.SH', '002761.SZ', '601011.SH', '000682.SZ', '600970.SH', '002246.SZ', '600961.SH', '000751.SZ', '600218.SH', '002101.SZ', '002865.SZ', '002300.SZ', '600869.SH', '600230.SH', '300890.SZ', '000829.SZ', '002182.SZ', '600929.SH', '002637.SZ', '300681.SZ', '600259.SH', '688077.SH', '000906.SZ', '300428.SZ', '600470.SH', '002091.SZ', '603876.SH', '300409.SZ', '002533.SZ', '002915.SZ', '300286.SZ', '002540.SZ', '603977.SH', '000912.SZ', '002284.SZ', '688556.SH', '600577.SH', '002472.SZ', '300587.SZ', '300435.SZ', '300438.SZ', '002125.SZ', '300505.SZ', '600110.SH', '603897.SH', '300082.SZ', '603067.SH', '002664.SZ', '600478.SH', '600379.SH', '601609.SH', '002545.SZ', '603618.SH', '300337.SZ', '002196.SZ', '603197.SH']"
2022-05-30,2022-05-27,2022-06-06,0.05249597642363637,100,0.5,500,"['600869.SH', '600458.SH', '600961.SH', '002171.SZ', '600577.SH', '002043.SZ', '002533.SZ', '002091.SZ', '000906.SZ', '000829.SZ', '002284.SZ', '600981.SH', '600396.SH', '600710.SH', '002135.SZ', '002540.SZ', '300337.SZ', '300428.SZ', '603897.SH', '601700.SH', '601611.SH', '000510.SZ', '002101.SZ', '600970.SH', '300457.SZ', '600939.SH', '002276.SZ', '000682.SZ', '002915.SZ', '603977.SH', '600259.SH', '002170.SZ', '600478.SH', '002537.SZ', '600335.SH', '000912.SZ', '603197.SH', '002125.SZ', '300082.SZ', '600331.SH', '603876.SH', '000905.SZ', '002545.SZ', '002182.SZ', '600218.SH', '600379.SH', '300587.SZ', '300435.SZ', '600470.SH', '603123.SH', '600180.SH', '600758.SH', '300100.SZ', '000922.SZ', '600550.SH', '300328.SZ', '600973.SH', '300057.SZ', '002562.SZ', '601137.SH', '600780.SH', '600691.SH', '000049.SZ', '600459.SH', '000545.SZ', '002249.SZ', '002441.SZ', '600531.SH', '002386.SZ', '000969.SZ', '002419.SZ', '601116.SH', '002510.SZ', '603777.SH', '002416.SZ', '603959.SH', '002335.SZ', '600293.SH', '002283.SZ', '601388.SH', '000928.SZ', '002061.SZ', '600784.SH', '300536.SZ', '601598.SH', '002206.SZ', '002274.SZ', '600810.SH', '600748.SH', '601886.SH', '600166.SH', '300068.SZ', '603013.SH', '601311.SH', '000962.SZ', '002149.SZ', '002488.SZ', '000887.SZ', '600223.SH', '000060.SZ']"
2022-06-06,2022-06-02,2022-06-13,0.037997058293255614,100,0.5,500,"['300328.SZ', '600396.SH', '300457.SZ', '603959.SH', '600478.SH', '002562.SZ', '002170.SZ', '601137.SH', '300057.SZ', '000682.SZ', '002171.SZ', '300082.SZ', '000049.SZ', '002182.SZ', '002284.SZ', '300536.SZ', '603777.SH', '600758.SH', '600379.SH', '002915.SZ', '600259.SH', '002149.SZ', '002335.SZ', '600331.SH', '603876.SH', '300428.SZ', '603897.SH', '600961.SH', '002125.SZ', '600458.SH', '002276.SZ', '300337.SZ', '600869.SH', '300435.SZ', '600218.SH', '300587.SZ', '600577.SH', '002091.SZ', '000969.SZ', '002043.SZ', '600973.SH', '000510.SZ', '000906.SZ', '002206.SZ', '603197.SH', '002540.SZ', '601611.SH', '002533.SZ', '600335.SH', '000829.SZ', '300806.SZ', '688133.SH', '603010.SH', '603212.SH', '300811.SZ', '605376.SH', '600929.SH', '002455.SZ', '600727.SH', '002805.SZ', '002167.SZ', '600821.SH', '300890.SZ', '300432.SZ', '002196.SZ', '688357.SH', '688179.SH', '600933.SH', '603305.SH', '300586.SZ', '688388.SH', '300409.SZ', '000688.SZ', '603668.SH', '600586.SH', '002472.SZ', '300681.SZ', '300821.SZ', '600877.SH', '002865.SZ', '300093.SZ', '603348.SH', '002534.SZ', '601068.SH', '603871.SH', '688077.SH', '600537.SH', '300224.SZ', '300477.SZ', '600110.SH', '002057.SZ', '603306.SH', '603105.SH', '002286.SZ', '300258.SZ', '002127.SZ', '300712.SZ', '600165.SH', '601226.SH', '002733.SZ']"
2022-06-13,2022-06-10,2022-06-20,0.016683818247155174,100,0.5,500,"['300586.SZ', '600929.SH', '603010.SH', '603212.SH', '600933.SH', '300432.SZ', '300409.SZ', '300811.SZ', '688388.SH', '603305.SH', '600586.SH', '002167.SZ', '002455.SZ', '002472.SZ', '603348.SH', '300328.SZ', '002182.SZ', '002805.SZ', '000049.SZ', '002091.SZ', '688357.SH', '600727.SH', '000688.SZ', '300224.SZ', '300093.SZ', '605376.SH', '300821.SZ', '601137.SH', '600110.SH', '300057.SZ', '600821.SH', '300457.SZ', '002865.SZ', '688077.SH', '603668.SH', '300082.SZ', '600758.SH', '002206.SZ', '300477.SZ', '601068.SH', '600478.SH', '603876.SH', '000682.SZ', '603959.SH', '002915.SZ', '300681.SZ', '300258.SZ', '688179.SH', '300428.SZ', '002335.SZ', '300748.SZ', '603979.SH', '600395.SH', '600428.SH', '688300.SH', '300035.SZ', '000970.SZ', '300855.SZ', '000859.SZ', '000737.SZ', '002759.SZ', '300305.SZ', '300443.SZ', '600746.SH', '000887.SZ', '603067.SH', '300196.SZ', '300575.SZ', '002637.SZ', '002984.SZ', '300596.SZ', '002906.SZ', '600230.SH', '603179.SH', '688556.SH', '002128.SZ', '300593.SZ', '600810.SH', '600641.SH', '601666.SH', '601001.SH', '601126.SH', '600546.SH', '000912.SZ', '000822.SZ', '300680.SZ', '601918.SH', '002249.SZ', '603613.SH', '002109.SZ', '603565.SH', '300068.SZ', '601388.SH', '300618.SZ', '002824.SZ', '300138.SZ', '603766.SH', '300619.SZ', '002545.SZ', '000937.SZ']"
2022-06-20,2022-06-17,2022-06-27,0.045514291748764896,100,0.5,500,"['603305.SH', '600933.SH', '300811.SZ', '605376.SH', '600821.SH', '603010.SH', '603212.SH', '688388.SH', '300855.SZ', '002805.SZ', '600929.SH', '002455.SZ', '000688.SZ', '688357.SH', '600110.SH', '300680.SZ', '688179.SH', '300432.SZ', '300093.SZ', '002472.SZ', '002906.SZ', '603348.SH', '688300.SH', '002865.SZ', '300443.SZ', '300258.SZ', '601137.SH', '603979.SH', '300224.SZ', '002824.SZ', '300409.SZ', '603613.SH', '688077.SH', '300681.SZ', '600727.SH', '000682.SZ', '300821.SZ', '002167.SZ', '603179.SH', '300305.SZ', '000970.SZ', '603668.SH', '002335.SZ', '300593.SZ', '300428.SZ', '300618.SZ', '688556.SH', '600586.SH', '600478.SH', '002915.SZ', '300806.SZ', '000048.SZ', '002431.SZ', '688133.SH', '600744.SH', '002127.SZ', '002280.SZ', '002458.SZ', '002196.SZ', '300825.SZ', '002534.SZ', '002548.SZ', '600877.SH', '688006.SH', '002234.SZ', '002169.SZ', '002210.SZ', '002428.SZ', '000671.SZ', '600537.SH', '603306.SH', '002664.SZ', '002307.SZ', '601226.SH', '600418.SH', '603129.SH', '601011.SH', '000899.SZ', '600699.SH', '603197.SH', '603596.SH', '688408.SH', '002541.SZ', '000510.SZ', '002518.SZ', '688339.SH', '002706.SZ', '002284.SZ', '605366.SH', '688330.SH', '300505.SZ', '000572.SZ', '002733.SZ', '002314.SZ', '603098.SH', '600770.SH', '002665.SZ', '600523.SH', '002537.SZ', '000560.SZ']"
2022-06-27,2022-06-24,2022-07-04,-0.0012955683792532002,100,0.37,500,"['688133.SH', '603305.SH', '300680.SZ', '600933.SH', '605376.SH', '300806.SZ', '002196.SZ', '002733.SZ', '603010.SH', '688179.SH', '600821.SH', '300825.SZ', '002428.SZ', '300811.SZ', '688388.SH', '002824.SZ', '002706.SZ', '688006.SH', '300258.SZ', '600877.SH', '600537.SH', '688339.SH', '300443.SZ', '600744.SH', '688357.SH', '002455.SZ', '002127.SZ', '002280.SZ', '603212.SH', '002805.SZ', '600110.SH', '002169.SZ', '688300.SH', '603179.SH', '002534.SZ', '603306.SH', '002167.SZ', '300855.SZ', '603348.SH', '002431.SZ', '601137.SH', '300224.SZ', '002548.SZ', '600929.SH', '000688.SZ', '300821.SZ', '300409.SZ', '002664.SZ', '688408.SH', '300618.SZ', '603197.SH', '002458.SZ', '002284.SZ', '002234.SZ', '002472.SZ', '300093.SZ', '600478.SH', '002865.SZ', '000572.SZ', '300428.SZ', '600586.SH', '603668.SH', '600699.SH', '600207.SH', '300457.SZ', '300748.SZ', '600641.SH', '001201.SZ', '600165.SH', '002623.SZ', '603378.SH', '300035.SZ', '002851.SZ', '002149.SZ', '600416.SH', '002928.SZ', '688680.SH', '300890.SZ', '300328.SZ', '002201.SZ', '603566.SH', '002057.SZ', '300342.SZ', '688676.SH', '000966.SZ', '600509.SH', '300617.SZ', '688586.SH', '603105.SH', '000697.SZ', '603728.SH', '600550.SH', '002984.SZ', '300712.SZ', '300082.SZ', '600259.SH', '000913.SZ', '600773.SH', '600151.SH', '002254.SZ']"
2022-07-04,2022-07-01,2022-07-11,-0.009338670103216165,100,0.5,500,"['300811.SZ', '605376.SH', '600933.SH', '600877.SH', '603305.SH', '002472.SZ', '002431.SZ', '600416.SH', '600207.SH', '603306.SH', '002865.SZ', '600550.SH', '603348.SH', '002167.SZ', '300457.SZ', '002196.SZ', '688006.SH', '600151.SH', '000697.SZ', '002984.SZ', '600537.SH', '300328.SZ', '300035.SZ', '002706.SZ', '600744.SH', '603105.SH', '300443.SZ', '002534.SZ', '603179.SH', '688680.SH', '688339.SH', '002824.SZ', '688586.SH', '603212.SH', '600478.SH', '300409.SZ', '002851.SZ', '603197.SH', '300428.SZ', '688133.SH', '300680.SZ', '300806.SZ', '002733.SZ', '603010.SH', '688179.SH', '600821.SH', '300825.SZ', '002428.SZ', '688388.SH', '300258.SZ', '300395.SZ', '300416.SZ', '002028.SZ', '300777.SZ', '300726.SZ', '300696.SZ', '688550.SH', '002850.SZ', '003035.SZ', '002190.SZ', '688596.SH', '002438.SZ', '000682.SZ', '300034.SZ', '603169.SH', '688518.SH', '688106.SH', '603315.SH', '603703.SH', '300593.SZ', '600990.SH', '300073.SZ', '300567.SZ', '600523.SH', '603606.SH', '603678.SH', '603712.SH', '688516.SH', '603901.SH', '002465.SZ', '002389.SZ', '300474.SZ', '002297.SZ', '300953.SZ', '300048.SZ', '603595.SH', '600316.SH', '300775.SZ', '002222.SZ', '603218.SH', '300776.SZ', '600343.SH', '688390.SH', '603308.SH', '600353.SH', '600072.SH', '603300.SH', '300101.SZ', '300481.SZ', '300001.SZ']"
2022-07-11,2022-07-08,2022-07-18,0.03110321795524544,100,0.5,500,"['002431.SZ', '002190.SZ', '600537.SH', '600990.SH', '300777.SZ', '002865.SZ', '600207.SH', '000697.SZ', '002196.SZ', '300416.SZ', '300811.SZ', '600877.SH', '688518.SH', '603703.SH', '603169.SH', '300953.SZ', '600550.SH', '600744.SH', '600316.SH', '300035.SZ', '300328.SZ', '603595.SH', '603308.SH', '002534.SZ', '688680.SH', '300073.SZ', '600072.SH', '688390.SH', '002389.SZ', '603315.SH', '002438.SZ', '600151.SH', '600933.SH', '300457.SZ', '688550.SH', '688339.SH', '300034.SZ', '300258.SZ', '300567.SZ', '600353.SH', '002850.SZ', '002297.SZ', '603901.SH', '688516.SH', '300428.SZ', '688106.SH', '603218.SH', '002428.SZ', '002824.SZ', '688586.SH', '601226.SH', '600396.SH', '300091.SZ', '001896.SZ', '000852.SZ', '600391.SH', '600375.SH', '000531.SZ', '300191.SZ', '000925.SZ', '300322.SZ', '300304.SZ', '002169.SZ', '600360.SH', '002300.SZ', '300657.SZ', '600114.SH', '000572.SZ', '002097.SZ', '600509.SH', '603618.SH', '300053.SZ', '300681.SZ', '300391.SZ', '000901.SZ', '603959.SH', '600512.SH', '600961.SH', '300757.SZ', '002665.SZ', '300855.SZ', '002276.SZ', '002667.SZ', '002664.SZ', '000811.SZ', '600288.SH', '600237.SH', '002265.SZ', '600501.SH', '002741.SZ', '600336.SH', '600172.SH', '600818.SH', '600268.SH', '300480.SZ', '300008.SZ', '300323.SZ', '300125.SZ', '603667.SH', '601700.SH']"
2022-07-18,2022-07-15,2022-07-25,0.0019281379869727922,100,0.5,500,"['600396.SH', '600207.SH', '603959.SH', '000925.SZ', '300391.SZ', '300657.SZ', '002664.SZ', '002190.SZ', '603308.SH', '300953.SZ', '300811.SZ', '688390.SH', '300777.SZ', '688518.SH', '300035.SZ', '002667.SZ', '002741.SZ', '300328.SZ', '300855.SZ', '300073.SZ', '300457.SZ', '002196.SZ', '002865.SZ', '603667.SH', '600114.SH', '600537.SH', '000811.SZ', '603618.SH', '002824.SZ', '600360.SH', '300091.SZ', '600316.SH', '300323.SZ', '603169.SH', '002428.SZ', '300681.SZ', '002438.SZ', '002534.SZ', '688680.SH', '002297.SZ', '300034.SZ', '600353.SH', '600550.SH', '601226.SH', '688516.SH', '600237.SH', '603703.SH', '000697.SZ', '000852.SZ', '688339.SH', '300890.SZ', '002119.SZ', '301031.SZ', '688019.SH', '600331.SH', '002288.SZ', '002334.SZ', '688508.SH', '002167.SZ', '002520.SZ', '688077.SH', '300307.SZ', '300580.SZ', '688299.SH', '688022.SH', '002149.SZ', '300647.SZ', '603626.SH', '300131.SZ', '688595.SH', '603611.SH', '688006.SH', '002073.SZ', '688033.SH', '300219.SZ', '688007.SH', '688002.SH', '300825.SZ', '603076.SH', '688567.SH', '300342.SZ', '300850.SZ', '300708.SZ', '603960.SH', '688018.SH', '300007.SZ', '301039.SZ', '300151.SZ', '002045.SZ', '688155.SH', '300477.SZ', '688063.SH', '603936.SH', '688676.SH', '300772.SZ', '300114.SZ', '300303.SZ', '300602.SZ', '300032.SZ', '603897.SH']"
2022-07-25,2022-07-22,2022-08-01,0.06335288834550616,100,0.5,500,"['600207.SH', '300328.SZ', '603936.SH', '002667.SZ', '002297.SZ', '600237.SH', '603308.SH', '600360.SH', '002167.SZ', '002334.SZ', '002438.SZ', '002196.SZ', '002664.SZ', '300391.SZ', '300151.SZ', '000925.SZ', '300219.SZ', '002428.SZ', '300811.SZ', '300091.SZ', '002149.SZ', '300657.SZ', '300850.SZ', '688018.SH', '300890.SZ', '300825.SZ', '688002.SH', '301031.SZ', '002288.SZ', '300602.SZ', '600353.SH', '603076.SH', '002119.SZ', '300323.SZ', '600114.SH', '300342.SZ', '300114.SZ', '300953.SZ', '688022.SH', '300855.SZ', '603959.SH', '300777.SZ', '688033.SH', '600537.SH', '300307.SZ', '300032.SZ', '688339.SH', '688518.SH', '688676.SH', '603703.SH', '000700.SZ', '603859.SH', '688003.SH', '300160.SZ', '300441.SZ', '688106.SH', '603890.SH', '688550.SH', '002733.SZ', '600780.SH', '300053.SZ', '000561.SZ', '688001.SH', '688596.SH', '002364.SZ', '603078.SH', '688586.SH', '003035.SZ', '605376.SH', '000603.SZ', '000823.SZ', '603012.SH', '002035.SZ', '300322.SZ', '002449.SZ', '300762.SZ', '300504.SZ', '300145.SZ', '600979.SH', '300177.SZ', '002681.SZ', '300080.SZ', '688100.SH', '601069.SH', '688330.SH', '600590.SH', '603187.SH', '688630.SH', '600933.SH', '600525.SH', '300735.SZ', '002214.SZ', '300567.SZ', '300125.SZ', '002130.SZ', '002913.SZ', '002635.SZ', '000589.SZ', '603359.SH', '688660.SH']"
2022-08-01,2022-07-29,2022-08-08,-0.007197084872919225,100,0.5,500,"['002167.SZ', '300890.SZ', '600237.SH', '002297.SZ', '002196.SZ', '688596.SH', '300811.SZ', '002667.SZ', '300328.SZ', '600207.SH', '301031.SZ', '300850.SZ', '300160.SZ', '300151.SZ', '002334.SZ', '002733.SZ', '603959.SH', '300855.SZ', '300953.SZ', '300322.SZ', '688518.SH', '603936.SH', '002438.SZ', '603076.SH', '600114.SH', '688550.SH', '300219.SZ', '300777.SZ', '300602.SZ', '688586.SH', '300825.SZ', '688033.SH', '300657.SZ', '002664.SZ', '603078.SH', '688022.SH', '600353.SH', '300504.SZ', '600360.SH', '603890.SH', '688003.SH', '688676.SH', '688106.SH', '300091.SZ', '300441.SZ', '688630.SH', '300080.SZ', '002428.SZ', '300342.SZ', '603703.SH', '300680.SZ', '002965.SZ', '688077.SH', '300258.SZ', '603809.SH', '002805.SZ', '300739.SZ', '300415.SZ', '688388.SH', '603969.SH', '002559.SZ', '002741.SZ', '300681.SZ', '300477.SZ', '002026.SZ', '603667.SH', '300095.SZ', '300607.SZ', '300580.SZ', '300693.SZ', '300057.SZ', '300443.SZ', '600821.SH', '002125.SZ', '688020.SH', '688390.SH', '002937.SZ', '002452.SZ', '603283.SH', '300068.SZ', '603169.SH', '300842.SZ', '603105.SH', '688508.SH', '300928.SZ', '002765.SZ', '300827.SZ', '300101.SZ', '300409.SZ', '300035.SZ', '002824.SZ', '300647.SZ', '300769.SZ', '300217.SZ', '002335.SZ', '603728.SH', '300073.SZ', '603897.SH', '688311.SH', '000049.SZ']"
2022-08-08,2022-08-05,2022-08-15,0.029310034341220943,100,0.46,500,"['300811.SZ', '603809.SH', '002167.SZ', '600207.SH', '300151.SZ', '300855.SZ', '300777.SZ', '603936.SH', '300258.SZ', '002741.SZ', '002438.SZ', '300328.SZ', '603890.SH', '002196.SZ', '300035.SZ', '600353.SH', '603076.SH', '300769.SZ', '600821.SH', '002667.SZ', '688596.SH', '688388.SH', '300101.SZ', '300073.SZ', '603105.SH', '002805.SZ', '300602.SZ', '603728.SH', '300850.SZ', '002664.SZ', '688550.SH', '300647.SZ', '688518.SH', '002733.SZ', '300607.SZ', '300739.SZ', '300342.SZ', '300091.SZ', '603703.SH', '300409.SZ', '300219.SZ', '300953.SZ', '002428.SZ', '300681.SZ', '688106.SH', '300322.SZ', '300160.SZ', '600114.SH', '603169.SH', '002965.SZ', '300890.SZ', '002937.SZ', '603969.SH', '300657.SZ', '300191.SZ', '300032.SZ', '002190.SZ', '603212.SH', '600933.SH', '300304.SZ', '002851.SZ', '002957.SZ', '300429.SZ', '688516.SH', '688339.SH', '000603.SZ', '688127.SH', '300568.SZ', '688556.SH', '605376.SH', '688313.SH', '300566.SZ', '605123.SH', '603328.SH', '002723.SZ', '002149.SZ', '000531.SZ', '300726.SZ', '300127.SZ', '002850.SZ', '300593.SZ', '000803.SZ', '600468.SH', '603187.SH', '300457.SZ', '300066.SZ', '002729.SZ', '300114.SZ', '002960.SZ', '300516.SZ', '600151.SH', '002881.SZ', '603179.SH', '002579.SZ', '002488.SZ', '603131.SH', '300776.SZ', '000801.SZ', '002028.SZ', '002483.SZ']"
2022-08-15,2022-08-12,2022-08-22,0.012145446783018671,100,0.38,500,"['002167.SZ', '603809.SH', '002438.SZ', '300811.SZ', '600114.SH', '002196.SZ', '300739.SZ', '300258.SZ', '300409.SZ', '300160.SZ', '603969.SH', '002579.SZ', '600821.SH', '002667.SZ', '002483.SZ', '603890.SH', '600207.SH', '300647.SZ', '300607.SZ', '300304.SZ', '300777.SZ', '300890.SZ', '002805.SZ', '002190.SZ', '600933.SH', '688388.SH', '300191.SZ', '603212.SH', '300151.SZ', '002741.SZ', '300953.SZ', '300073.SZ', '300566.SZ', '300769.SZ', '300035.SZ', '300091.SZ', '688518.SH', '300328.SZ', '688106.SH', '300322.SZ', '603169.SH', '300342.SZ', '603328.SH', '002149.SZ', '600353.SH', '688550.SH', '688516.SH', '002488.SZ', '300602.SZ', '603076.SH', '002428.SZ', '603105.SH', '688127.SH', '002733.SZ', '600468.SH', '002664.SZ', '300681.SZ', '002851.SZ', '300855.SZ', '300066.SZ', '000531.SZ', '300219.SZ', '603115.SH', '601218.SH', '600590.SH', '600237.SH', '000823.SZ', '000791.SZ', '300441.SZ', '300435.SZ', '300317.SZ', '002297.SZ', '000962.SZ', '000589.SZ', '002833.SZ', '603897.SH', '000700.SZ', '600780.SH', '002815.SZ', '603667.SH', '000612.SZ', '002636.SZ', '603359.SH', '002452.SZ', '601008.SH', '000922.SZ', '300177.SZ', '600979.SH', '603393.SH', '300580.SZ', '300443.SZ', '002026.SZ', '300477.SZ', '002540.SZ', '600761.SH', '002759.SZ', '601388.SH', '002009.SZ', '002335.SZ', '002284.SZ']"
2022-08-22,2022-08-19,2022-08-29,-0.029226099810740546,100,0.5,500,"['603897.SH', '603969.SH', '002483.SZ', '300435.SZ', '603890.SH', '300647.SZ', '000922.SZ', '600590.SH', '002196.SZ', '603169.SH', '600761.SH', '000791.SZ', '603115.SH', '601218.SH', '300739.SZ', '603667.SH', '000612.SZ', '002009.SZ', '600114.SH', '300811.SZ', '002815.SZ', '000962.SZ', '002540.SZ', '002167.SZ', '688516.SH', '300258.SZ', '603809.SH', '300317.SZ', '603105.SH', '000823.SZ', '300441.SZ', '002488.SZ', '300304.SZ', '002438.SZ', '002805.SZ', '300409.SZ', '300073.SZ', '002664.SZ', '688388.SH', '300160.SZ', '300607.SZ', '603393.SH', '600468.SH', '002026.SZ', '300953.SZ', '300342.SZ', '002149.SZ', '300322.SZ', '601388.SH', '603076.SH', '000751.SZ', '600742.SH', '000852.SZ', '603303.SH', '600869.SH', '002073.SZ', '002479.SZ', '002533.SZ', '603766.SH', '300619.SZ', '002237.SZ', '002085.SZ', '600617.SH', '600248.SH', '300384.SZ', '300032.SZ', '300184.SZ', '600973.SH', '600523.SH', '300095.SZ', '603619.SH', '603959.SH', '002283.SZ', '603703.SH', '000727.SZ', '000968.SZ', '600818.SH', '600458.SH', '000951.SZ', '002441.SZ', '600860.SH', '300278.SZ', '600995.SH', '002265.SZ', '688556.SH', '002267.SZ', '600545.SH', '601311.SH', '300402.SZ', '002824.SZ', '002307.SZ', '300048.SZ', '300757.SZ', '603035.SH', '002655.SZ', '002865.SZ', '300179.SZ', '688022.SH', '002039.SZ', '603997.SH']"
2022-08-29,2022-08-26,2022-09-05,-0.03843179198261782,100,0.5,500,"['002039.SZ', '603766.SH', '002479.SZ', '002483.SZ', '600248.SH', '600742.SH', '002237.SZ', '603035.SH', '000791.SZ', '600590.SH', '002267.SZ', '000968.SZ', '603619.SH', '002307.SZ', '603969.SH', '603897.SH', '002085.SZ', '600761.SH', '000922.SZ', '603115.SH', '002533.SZ', '002488.SZ', '300384.SZ', '002265.SZ', '300619.SZ', '002664.SZ', '688556.SH', '002283.SZ', '603890.SH', '688022.SH', '000727.SZ', '601218.SH', '600973.SH', '002441.SZ', '002073.SZ', '300184.SZ', '300179.SZ', '300739.SZ', '600995.SH', '002865.SZ', '603997.SH', '603105.SH', '002815.SZ', '300317.SZ', '603667.SH', '600818.SH', '603303.SH', '601388.SH', '600869.SH', '002009.SZ', '600780.SH', '002048.SZ', '601038.SH', '002062.SZ', '600101.SH', '002662.SZ', '603013.SH', '600531.SH', '000680.SZ', '603018.SH', '600939.SH', '600650.SH', '000700.SZ', '601008.SH', '601528.SH', '601789.SH', '002046.SZ', '002116.SZ', '600310.SH', '002255.SZ', '600681.SH', '002057.SZ', '000016.SZ', '600327.SH', '002060.SZ', '000958.SZ', '603357.SH', '600335.SH', '000921.SZ', '002132.SZ', '002101.SZ', '000722.SZ', '600071.SH', '300428.SZ', '601702.SH', '603800.SH', '301039.SZ', '002922.SZ', '000581.SZ', '000059.SZ', '002529.SZ', '002681.SZ', '000816.SZ', '605123.SH', '002300.SZ', '603606.SH', '688676.SH', '688550.SH', '002885.SZ', '300337.SZ']"
2022-09-05,2022-09-02,2022-09-13,0.010482304602267224,100,0.5,500,"['601789.SH', '002062.SZ', '600310.SH', '000680.SZ', '000700.SZ', '000816.SZ', '603969.SH', '000958.SZ', '002039.SZ', '002060.SZ', '601008.SH', '002048.SZ', '603800.SH', '000722.SZ', '600780.SH', '002046.SZ', '600995.SH', '002265.SZ', '600335.SH', '601528.SH', '002681.SZ', '300337.SZ', '000791.SZ', '600590.SH', '000921.SZ', '600071.SH', '601218.SH', '002533.SZ', '600973.SH', '600248.SH', '002488.SZ', '603357.SH', '600761.SH', '002267.SZ', '000727.SZ', '002073.SZ', '002307.SZ', '603766.SH', '002116.SZ', '603997.SH', '300184.SZ', '002085.SZ', '603035.SH', '688022.SH', '603897.SH', '601702.SH', '603619.SH', '688676.SH', '000968.SZ', '600531.SH', '000601.SZ', '000767.SZ', '002121.SZ', '002204.SZ', '603359.SH', '600686.SH', '300080.SZ', '002519.SZ', '300490.SZ', '600268.SH', '601188.SH', '000758.SZ', '600312.SH', '300008.SZ', '600284.SH', '601179.SH', '300355.SZ', '002564.SZ', '600619.SH', '000600.SZ', '300757.SZ', '603093.SH', '600375.SH', '000905.SZ', '002766.SZ', '603366.SH', '002454.SZ', '300427.SZ', '600066.SH', '000584.SZ', '000993.SZ', '000589.SZ', '300332.SZ', '000400.SZ', '002547.SZ', '600783.SH', '300125.SZ', '002717.SZ', '002055.SZ', '600496.SH', '002542.SZ', '300569.SZ', '600617.SH', '002955.SZ', '603530.SH', '603012.SH', '002431.SZ', '002943.SZ', '600203.SH', '300527.SZ']"
2022-09-13,2022-09-09,2022-09-19,-0.08984944513267205,100,0.43,500,"['000905.SZ', '600780.SH', '000921.SZ', '002039.SZ', '601789.SH', '600617.SH', '600310.SH', '002116.SZ', '002267.SZ', '601008.SH', '000601.SZ', '002533.SZ', '002048.SZ', '002062.SZ', '600248.SH', '600973.SH', '000600.SZ', '603897.SH', '002121.SZ', '000767.SZ', '601528.SH', '600619.SH', '002204.SZ', '603357.SH', '603800.SH', '603766.SH', '000958.SZ', '002060.SZ', '000791.SZ', '600496.SH', '000993.SZ', '600531.SH', '600335.SH', '002073.SZ', '603619.SH', '002046.SZ', '603035.SH', '002488.SZ', '000700.SZ', '688022.SH', '603997.SH', '002454.SZ', '300332.SZ', '000400.SZ', '600071.SH', '601179.SH', '601218.SH', '688676.SH', '300125.SZ', '000680.SZ', '000968.SZ', '002519.SZ', '002085.SZ', '600312.SH', '603366.SH', '000722.SZ', '600995.SH', '600939.SH', '002237.SZ', '000951.SZ', '600777.SH', '600101.SH', '301039.SZ', '601187.SH', '600480.SH', '600133.SH', '002140.SZ', '000528.SZ', '002662.SZ', '300118.SZ', '600835.SH', '002270.SZ', '000852.SZ', '000823.SZ', '002479.SZ', '600459.SH', '688123.SH', '603018.SH', '603399.SH', '002882.SZ', '603920.SH', '000913.SZ', '600744.SH', '603393.SH', '002759.SZ', '300660.SZ', '002540.SZ', '600860.SH', '600821.SH', '688700.SH', '688063.SH', '603529.SH', '603728.SH', '002035.SZ', '000751.SZ', '300428.SZ', '002667.SZ', '002101.SZ', '002922.SZ', '601619.SH']"
2022-09-19,2022-09-16,2022-09-26,-0.009198573784070825,100,0.5,500,"['002882.SZ', '002062.SZ', '603357.SH', '002519.SZ', '000722.SZ', '603018.SH', '002121.SZ', '603035.SH', '002204.SZ', '002270.SZ', '300660.SZ', '000601.SZ', '600777.SH', '300125.SZ', '000993.SZ', '600071.SH', '601528.SH', '002039.SZ', '688063.SH', '002267.SZ', '601008.SH', '000958.SZ', '000700.SZ', '601187.SH', '002454.SZ', '002488.SZ', '002140.SZ', '603619.SH', '002662.SZ', '301039.SZ', '600995.SH', '000968.SZ', '600780.SH', '600860.SH', '000680.SZ', '603800.SH', '603728.SH', '603766.SH', '002667.SZ', '000400.SZ', '603399.SH', '688123.SH', '002046.SZ', '300332.SZ', '603393.SH', '002060.SZ', '603366.SH', '601789.SH', '002101.SZ', '002035.SZ', '002547.SZ', '002960.SZ', '002959.SZ', '601069.SH', '603078.SH', '603323.SH', '603359.SH', '603333.SH', '603855.SH', '002175.SZ', '002346.SZ', '002881.SZ', '300470.SZ', '600327.SH', '300008.SZ', '300776.SZ', '601965.SH', '600512.SH', '300696.SZ', '002639.SZ', '600798.SH', '600764.SH', '000837.SZ', '688556.SH', '002323.SZ', '603583.SH', '002446.SZ', '000576.SZ', '601606.SH', '688696.SH', '000957.SZ', '300284.SZ', '002690.SZ', '603738.SH', '000581.SZ', '002681.SZ', '000816.SZ', '000697.SZ', '600818.SH', '002698.SZ', '300527.SZ', '002222.SZ', '600523.SH', '002529.SZ', '605305.SH', '000899.SZ', '600794.SH', '000584.SZ', '688630.SH', '603730.SH']"
2022-09-26,2022-09-23,2022-10-10,-0.03989557082836419,100,0.5,500,"['000601.SZ', '002662.SZ', '600780.SH', '000722.SZ', '002488.SZ', '002062.SZ', '600818.SH', '000576.SZ', '002121.SZ', '002960.SZ', '002881.SZ', '603399.SH', '603800.SH', '600794.SH', '000968.SZ', '002101.SZ', '603728.SH', '002175.SZ', '002035.SZ', '002547.SZ', '300660.SZ', '603766.SH', '002667.SZ', '002882.SZ', '603357.SH', '002519.SZ', '603018.SH', '603035.SH', '002204.SZ', '002270.SZ', '600777.SH', '300125.SZ', '000993.SZ', '600071.SH', '601528.SH', '002039.SZ', '688063.SH', '002267.SZ', '601008.SH', '000958.SZ', '000700.SZ', '601187.SH', '002454.SZ', '002140.SZ', '603619.SH', '301039.SZ', '600995.SH', '600860.SH', '000680.SZ', '000400.SZ', '000915.SZ', '000728.SZ', '300765.SZ', '002818.SZ', '600750.SH', '002737.SZ', '600403.SH', '600508.SH', '603676.SH', '600101.SH', '002277.SZ', '002926.SZ', '600063.SH', '600872.SH', '000933.SZ', '002606.SZ', '300110.SZ', '000913.SZ', '600367.SH', '000731.SZ', '002030.SZ', '000975.SZ', '000976.SZ', '002109.SZ', '600621.SH', '002562.SZ', '002966.SZ', '688317.SH', '000810.SZ', '000423.SZ', '603032.SH', '000631.SZ', '601928.SH', '002517.SZ', '300481.SZ', '601339.SH', '002345.SZ', '603777.SH', '603665.SH', '002317.SZ', '000756.SZ', '300149.SZ', '603227.SH', '300724.SZ', '600395.SH', '002223.SZ', '600909.SH', '002444.SZ', '600929.SH', '688301.SH']"
2022-10-10,2022-09-30,2022-10-17,0.05573332509850453,100,0.5,500,"['600780.SH', '600508.SH', '000731.SZ', '603777.SH', '002966.SZ', '002818.SZ', '601928.SH', '000601.SZ', '600403.SH', '600794.SH', '002737.SZ', '300765.SZ', '002277.SZ', '300149.SZ', '600750.SH', '000915.SZ', '000933.SZ', '002488.SZ', '600909.SH', '600395.SH', '002562.SZ', '002926.SZ', '002062.SZ', '000722.SZ', '000728.SZ', '600063.SH', '002517.SZ', '603676.SH', '002140.SZ', '000975.SZ', '000631.SZ', '603800.SH', '603619.SH', '000423.SZ', '600621.SH', '000810.SZ', '000756.SZ', '002444.SZ', '600929.SH', '002317.SZ', '000913.SZ', '002881.SZ', '688301.SH', '000968.SZ', '600367.SH', '002960.SZ', '300110.SZ', '603399.SH', '600818.SH', '002882.SZ', '600325.SH', '000885.SZ', '600987.SH', '603886.SH', '603368.SH', '002768.SZ', '000912.SZ', '600908.SH', '002697.SZ', '603012.SH', '600350.SH', '601001.SH', '001696.SZ', '000543.SZ', '600657.SH', '002393.SZ', '300244.SZ', '600419.SH', '000778.SZ', '002244.SZ', '000921.SZ', '000557.SZ', '603108.SH', '600056.SH', '002275.SZ', '603031.SH', '603565.SH', '603639.SH', '002262.SZ', '002950.SZ', '600190.SH', '002344.SZ', '000736.SZ', '002216.SZ', '002469.SZ', '603056.SH', '002489.SZ', '600633.SH', '600121.SH', '002386.SZ', '000078.SZ', '600617.SH', '600533.SH', '603867.SH', '002003.SZ', '600710.SH', '300673.SZ', '000567.SZ', '000065.SZ', '600497.SH']"
2022-10-17,2022-10-14,2022-10-24,-0.01730447657022877,100,0.5,500,"['603777.SH', '603368.SH', '002275.SZ', '300149.SZ', '300765.SZ', '600710.SH', '600419.SH', '300244.SZ', '300110.SZ', '603676.SH', '603108.SH', '000915.SZ', '000631.SZ', '600780.SH', '600508.SH', '000731.SZ', '002966.SZ', '002818.SZ', '601928.SH', '000601.SZ', '600403.SH', '600794.SH', '002737.SZ', '002277.SZ', '600750.SH', '000933.SZ', '002488.SZ', '600909.SH', '600395.SH', '002562.SZ', '002926.SZ', '002062.SZ', '000722.SZ', '000728.SZ', '600063.SH', '002517.SZ', '002140.SZ', '000975.SZ', '603800.SH', '603619.SH', '000423.SZ', '600621.SH', '000810.SZ', '000756.SZ', '002444.SZ', '600929.SH', '002317.SZ', '000913.SZ', '002881.SZ', '688301.SH', '000070.SZ', '600616.SH', '300590.SZ', '300531.SZ', '002300.SZ', '300729.SZ', '603383.SH', '002929.SZ', '600458.SH', '300205.SZ', '002194.SZ', '002117.SZ', '600058.SH', '002208.SZ', '600713.SH', '002462.SZ', '000950.SZ', '603180.SH', '000931.SZ', '002276.SZ', '600525.SH', '300740.SZ', '600728.SH', '300674.SZ', '002533.SZ', '000788.SZ', '002399.SZ', '002421.SZ', '300188.SZ', '600105.SH', '300378.SZ', '600738.SH', '300129.SZ', '300662.SZ', '603118.SH', '600602.SH', '600850.SH', '002063.SZ', '603927.SH', '300598.SZ', '600510.SH', '603818.SH', '002330.SZ', '002880.SZ', '603208.SH', '600993.SH', '300085.SZ', '000090.SZ', '600211.SH', '000989.SZ']"
2022-10-24,2022-10-21,2022-10-31,0.03365966322199663,100,0.5,500,"['002063.SZ', '600850.SH', '300531.SZ', '300378.SZ', '600105.SH', '300590.SZ', '002421.SZ', '300129.SZ', '600993.SH', '300598.SZ', '002929.SZ', '600728.SH', '300085.SZ', '300205.SZ', '002194.SZ', '600602.SH', '300740.SZ', '603383.SH', '002533.SZ', '300188.SZ', '600525.SH', '603927.SH', '600458.SH', '002276.SZ', '300674.SZ', '600211.SH', '002275.SZ', '000989.SZ', '000931.SZ', '300110.SZ', '002300.SZ', '603676.SH', '600738.SH', '300149.SZ', '300765.SZ', '603777.SH', '603368.SH', '600710.SH', '600419.SH', '300244.SZ', '603108.SH', '000915.SZ', '000631.SZ', '600780.SH', '600508.SH', '000731.SZ', '002966.SZ', '002818.SZ', '601928.SH', '000601.SZ', '603212.SH', '600797.SH', '002368.SZ', '002649.SZ', '600131.SH', '300036.SZ', '300477.SZ', '300634.SZ', '300548.SZ', '603983.SH', '002261.SZ', '300685.SZ', '000555.SZ', '603618.SH', '300510.SZ', '600268.SH', '603222.SH', '300358.SZ', '002123.SZ', '300352.SZ', '603530.SH', '300079.SZ', '300792.SZ', '300143.SZ', '002249.SZ', '300638.SZ', '600446.SH', '300009.SZ', '300768.SZ', '300366.SZ', '002332.SZ', '300317.SZ', '300520.SZ', '000158.SZ', '601311.SH', '688208.SH', '000922.SZ', '002675.SZ', '300663.SZ', '300579.SZ', '002152.SZ', '300020.SZ', '300435.SZ', '300287.SZ', '300617.SZ', '003040.SZ', '002755.SZ', '300890.SZ', '002376.SZ', '002065.SZ']"
2022-10-31,2022-10-28,2022-11-07,0.039388630214745514,100,0.5,500,"['300110.SZ', '600850.SH', '300579.SZ', '000555.SZ', '002649.SZ', '600797.SH', '002376.SZ', '300085.SZ', '603983.SH', '000158.SZ', '600728.SH', '300036.SZ', '600446.SH', '300287.SZ', '002368.SZ', '002063.SZ', '000931.SZ', '600105.SH', '002123.SZ', '603383.SH', '603212.SH', '300188.SZ', '002275.SZ', '300548.SZ', '600602.SH', '300598.SZ', '300079.SZ', '300317.SZ', '603927.SH', '300378.SZ', '600268.SH', '300792.SZ', '000989.SZ', '002065.SZ', '002421.SZ', '300634.SZ', '300020.SZ', '002675.SZ', '002249.SZ', '003040.SZ', '600458.SH', '002152.SZ', '600131.SH', '300674.SZ', '300768.SZ', '002332.SZ', '002261.SZ', '300590.SZ', '601311.SH', '603108.SH', '002467.SZ', '300465.SZ', '601126.SH', '600771.SH', '600776.SH', '300518.SZ', '300379.SZ', '600718.SH', '600645.SH', '600329.SH', '000423.SZ', '601515.SH', '300365.SZ', '000997.SZ', '600571.SH', '000029.SZ', '300451.SZ', '002439.SZ', '600855.SH', '688266.SH', '002270.SZ', '601519.SH', '300168.SZ', '002218.SZ', '300369.SZ', '688277.SH', '600271.SH', '002581.SZ', '300468.SZ', '600252.SH', '000851.SZ', '002583.SZ', '688568.SH', '002701.SZ', '603556.SH', '000403.SZ', '688339.SH', '002117.SZ', '600200.SH', '002019.SZ', '002793.SZ', '600246.SH', '300682.SZ', '688366.SH', '002212.SZ', '002435.SZ', '002437.SZ', '688408.SH', '600475.SH', '000090.SZ']"
2022-11-07,2022-11-04,2022-11-14,-0.006947811723468798,100,0.5,500,"['600268.SH', '000090.SZ', '688339.SH', '300378.SZ', '600458.SH', '603108.SH', '300085.SZ', '688277.SH', '003040.SZ', '300379.SZ', '600776.SH', '601519.SH', '600771.SH', '300287.SZ', '002249.SZ', '002270.SZ', '002218.SZ', '300188.SZ', '300168.SZ', '688408.SH', '688266.SH', '300036.SZ', '600718.SH', '603556.SH', '300079.SZ', '002439.SZ', '300110.SZ', '002467.SZ', '002063.SZ', '002437.SZ', '300598.SZ', '002581.SZ', '601311.SH', '300590.SZ', '600446.SH', '600200.SH', '002065.SZ', '300674.SZ', '300369.SZ', '002123.SZ', '300518.SZ', '603927.SH', '000997.SZ', '300682.SZ', '000989.SZ', '002583.SZ', '300020.SZ', '600850.SH', '600246.SH', '601515.SH', '603530.SH', '002276.SZ', '002452.SZ', '300799.SZ', '000922.SZ', '000503.SZ', '688578.SH', '300617.SZ', '002017.SZ', '300435.SZ', '688166.SH', '002929.SZ', '600525.SH', '002169.SZ', '603611.SH', '002967.SZ', '603118.SH', '000682.SZ', '688676.SH', '600869.SH', '600064.SH', '300842.SZ', '600055.SH', '300348.SZ', '002191.SZ', '300457.SZ', '603398.SH', '002665.SZ', '002243.SZ', '002733.SZ', '600773.SH', '688023.SH', '300244.SZ', '300569.SZ', '688088.SH', '300953.SZ', '688100.SH', '603008.SH', '300619.SZ', '300358.SZ', '300660.SZ', '600381.SH', '002374.SZ', '300149.SZ', '600550.SH', '002300.SZ', '003031.SZ', '600641.SH', '688560.SH', '300204.SZ']"
2022-11-14,2022-11-11,2022-11-21,0.017439432253138116,100,0.5,500,"['600200.SH', '300379.SZ', '300518.SZ', '300110.SZ', '600771.SH', '600246.SH', '000503.SZ', '000090.SZ', '300204.SZ', '002581.SZ', '300085.SZ', '600446.SH', '601515.SH', '300020.SZ', '300799.SZ', '002374.SZ', '688266.SH', '601519.SH', '603108.SH', '300287.SZ', '300168.SZ', '688277.SH', '002583.SZ', '688023.SH', '300598.SZ', '002467.SZ', '600268.SH', '688339.SH', '300378.SZ', '600458.SH', '003040.SZ', '600776.SH', '002249.SZ', '002270.SZ', '002218.SZ', '300188.SZ', '688408.SH', '300036.SZ', '600718.SH', '603556.SH', '300079.SZ', '002439.SZ', '002063.SZ', '002437.SZ', '601311.SH', '300590.SZ', '002065.SZ', '300674.SZ', '300369.SZ', '002123.SZ', '002882.SZ', '002644.SZ', '002301.SZ', '002016.SZ', '600533.SH', '603138.SH', '603031.SH', '002489.SZ', '002376.SZ', '300158.SZ', '600836.SH', '600775.SH', '000766.SZ', '000029.SZ', '600571.SH', '000042.SZ', '000710.SZ', '600855.SH', '002528.SZ', '000036.SZ', '300391.SZ', '002435.SZ', '002462.SZ', '600658.SH', '600861.SH', '002657.SZ', '002393.SZ', '000631.SZ', '600738.SH', '002793.SZ', '000524.SZ', '603818.SH', '002093.SZ', '002285.SZ', '002589.SZ', '000965.SZ', '000070.SZ', '000888.SZ', '000011.SZ', '600657.SH', '300324.SZ', '002330.SZ', '002530.SZ', '600238.SH', '300365.SZ', '000838.SZ', '600603.SH', '000056.SZ', '001914.SZ', '603590.SH']"
2022-11-21,2022-11-18,2022-11-28,-0.03361150527541261,100,0.5,500,"['601515.SH', '002882.SZ', '603590.SH', '000011.SZ', '600836.SH', '300020.SZ', '000029.SZ', '300518.SZ', '000070.SZ', '002583.SZ', '600775.SH', '000036.SZ', '300110.SZ', '000090.SZ', '000888.SZ', '300365.SZ', '002270.SZ', '300391.SZ', '002581.SZ', '002644.SZ', '603556.SH', '000042.SZ', '600771.SH', '002393.SZ', '002093.SZ', '000710.SZ', '600533.SH', '600861.SH', '002489.SZ', '600446.SH', '300324.SZ', '600200.SH', '002301.SZ', '600246.SH', '001914.SZ', '300379.SZ', '300287.SZ', '000766.SZ', '600603.SH', '002285.SZ', '601519.SH', '688277.SH', '300085.SZ', '002528.SZ', '002435.SZ', '600657.SH', '002793.SZ', '600238.SH', '000524.SZ', '600855.SH', '603987.SH', '000813.SZ', '002275.SZ', '002755.SZ', '002082.SZ', '600639.SH', '000989.SZ', '603222.SH', '300377.SZ', '002107.SZ', '002364.SZ', '002117.SZ', '002038.SZ', '600645.SH', '603383.SH', '300326.SZ', '688369.SH', '300683.SZ', '600602.SH', '002277.SZ', '002346.SZ', '300406.SZ', '600895.SH', '600736.SH', '600222.SH', '688658.SH', '000997.SZ', '600054.SH', '600252.SH', '000158.SZ', '600285.SH', '300255.SZ', '600185.SH', '600572.SH', '002125.SZ', '002901.SZ', '002912.SZ', '000931.SZ', '600422.SH', '600488.SH', '600682.SH', '002033.SZ', '600503.SH', '603567.SH', '603387.SH', '002298.SZ', '002243.SZ', '000851.SZ', '002332.SZ', '000718.SZ']"
2022-11-28,2022-11-25,2022-12-05,0.048494303257989514,100,0.5,500,"['002277.SZ', '300110.SZ', '002435.SZ', '002393.SZ', '000036.SZ', '002301.SZ', '002117.SZ', '300326.SZ', '688369.SH', '000813.SZ', '600252.SH', '000011.SZ', '000718.SZ', '000042.SZ', '002038.SZ', '002882.SZ', '002298.SZ', '002107.SZ', '600503.SH', '002285.SZ', '603567.SH', '603387.SH', '002583.SZ', '600645.SH', '002901.SZ', '601515.SH', '600285.SH', '600572.SH', '300406.SZ', '300324.SZ', '000989.SZ', '600422.SH', '000524.SZ', '600682.SH', '000997.SZ', '600602.SH', '603383.SH', '300020.SZ', '000766.SZ', '002033.SZ', '300518.SZ', '600533.SH', '002332.SZ', '300377.SZ', '600446.SH', '603556.SH', '600200.SH', '002644.SZ', '002346.SZ', '603590.SH', '002697.SZ', '600828.SH', '600073.SH', '000993.SZ', '603367.SH', '600420.SH', '000501.SZ', '002940.SZ', '600624.SH', '600475.SH', '000028.SZ', '000926.SZ', '603368.SH', '002016.SZ', '600979.SH', '600789.SH', '002419.SZ', '601579.SH', '000797.SZ', '600565.SH', '600710.SH', '600511.SH', '002251.SZ', '000597.SZ', '002649.SZ', '600067.SH', '600315.SH', '002533.SZ', '300239.SZ', '600998.SH', '603611.SH', '000517.SZ', '002399.SZ', '002462.SZ', '002004.SZ', '600380.SH', '002570.SZ', '000882.SZ', '000078.SZ', '603108.SH', '600739.SH', '600479.SH', '600604.SH', '000006.SZ', '000560.SZ', '000950.SZ', '002950.SZ', '603180.SH', '002099.SZ', '300244.SZ']"
2022-12-05,2022-12-02,2022-12-12,0.007185142338179442,100,0.5,500,"['002419.SZ', '000882.SZ', '002277.SZ', '002251.SZ', '002301.SZ', '600073.SH', '600420.SH', '000028.SZ', '000078.SZ', '002393.SZ', '600710.SH', '600998.SH', '002697.SZ', '000501.SZ', '600682.SH', '600200.SH', '601515.SH', '002435.SZ', '000950.SZ', '600789.SH', '002004.SZ', '600475.SH', '603368.SH', '300020.SZ', '002298.SZ', '300324.SZ', '002462.SZ', '000597.SZ', '600511.SH', '600739.SH', '603611.SH', '002570.SZ', '002583.SZ', '600479.SH', '002038.SZ', '601579.SH', '600252.SH', '000813.SZ', '600572.SH', '300110.SZ', '002882.SZ', '600624.SH', '002117.SZ', '000766.SZ', '300518.SZ', '603108.SH', '600380.SH', '600315.SH', '603567.SH', '300377.SZ', '600758.SH', '600617.SH', '600829.SH', '002489.SZ', '000488.SZ', '600729.SH', '002589.SZ', '600973.SH', '600814.SH', '600575.SH', '603323.SH', '000040.SZ', '601828.SH', '600827.SH', '601187.SH', '300226.SZ', '600361.SH', '601528.SH', '600121.SH', '600058.SH', '600713.SH', '603031.SH', '600189.SH', '601116.SH', '600267.SH', '300788.SZ', '600836.SH', '600812.SH', '000034.SZ', '000710.SZ', '002280.SZ', '600351.SH', '600410.SH', '600966.SH', '000600.SZ', '002650.SZ', '002039.SZ', '300158.SZ', '002707.SZ', '002091.SZ', '002416.SZ', '000552.SZ', '002382.SZ', '600268.SH', '600616.SH', '000851.SZ', '600855.SH', '600429.SH', '688520.SH', '600100.SH']"
2022-12-12,2022-12-09,2022-12-19,-0.03472146193958408,100,0.5,500,"['601515.SH', '600420.SH', '002117.SZ', '002489.SZ', '002038.SZ', '002882.SZ', '000501.SZ', '600617.SH', '002583.SZ', '600267.SH', '000882.SZ', '002251.SZ', '600073.SH', '002697.SZ', '000710.SZ', '600572.SH', '000552.SZ', '600836.SH', '002570.SZ', '600200.SH', '002419.SZ', '002393.SZ', '600315.SH', '601528.SH', '600829.SH', '000813.SZ', '600575.SH', '002382.SZ', '000488.SZ', '002462.SZ', '600380.SH', '000851.SZ', '002277.SZ', '000028.SZ', '300020.SZ', '600511.SH', '002280.SZ', '600814.SH', '600998.SH', '600739.SH', '600710.SH', '601579.SH', '300518.SZ', '000034.SZ', '002004.SZ', '600973.SH', '000040.SZ', '300226.SZ', '300324.SZ', '000078.SZ', '603180.SH', '000910.SZ', '600648.SH', '000513.SZ', '600867.SH', '600694.SH', '603881.SH', '000785.SZ', '603708.SH', '002020.SZ', '300317.SZ', '600094.SH', '000403.SZ', '002396.SZ', '000417.SZ', '688677.SH', '003012.SZ', '002701.SZ', '603987.SH', '603886.SH', '002422.SZ', '600216.SH', '300170.SZ', '002467.SZ', '000042.SZ', '002727.SZ', '688301.SH', '002107.SZ', '300662.SZ', '603818.SH', '600756.SH', '000517.SZ', '603367.SH', '002191.SZ', '688289.SH', '002030.SZ', '688399.SH', '600565.SH', '300841.SZ', '688202.SH', '002581.SZ', '600079.SH', '000931.SZ', '002773.SZ', '600775.SH', '300244.SZ', '600604.SH', '002474.SZ', '000011.SZ', '300168.SZ']"
2022-12-19,2022-12-16,2022-12-26,-0.026994566380697752,100,0.48,500,"['603180.SH', '600756.SH', '002489.SZ', '603881.SH', '603708.SH', '000501.SZ', '002419.SZ', '000042.SZ', '002882.SZ', '600420.SH', '002251.SZ', '000517.SZ', '000417.SZ', '000882.SZ', '600094.SH', '600267.SH', '688202.SH', '601515.SH', '002382.SZ', '688399.SH', '003012.SZ', '600079.SH', '600648.SH', '000513.SZ', '000040.SZ', '600565.SH', '000710.SZ', '002020.SZ', '600829.SH', '002004.SZ', '600710.SH', '002697.SZ', '002583.SZ', '002030.SZ', '688301.SH', '600836.SH', '000488.SZ', '600867.SH', '000028.SZ', '002422.SZ', '300841.SZ', '000011.SZ', '000034.SZ', '002462.SZ', '600380.SH', '300244.SZ', '688677.SH', '688289.SH', '002727.SZ', '002474.SZ', '600973.SH', '002038.SZ', '600693.SH', '000560.SZ', '688068.SH', '600979.SH', '002187.SZ', '600067.SH', '600682.SH', '000402.SZ', '300738.SZ', '000926.SZ', '300677.SZ', '600361.SH', '601588.SH', '688317.SH', '300630.SZ', '300683.SZ', '000031.SZ', '300482.SZ', '300477.SZ', '300558.SZ', '000961.SZ', '300636.SZ', '600007.SH', '002244.SZ', '002082.SZ', '000838.SZ', '603222.SH', '300443.SZ', '300409.SZ', '002759.SZ', '002572.SZ', '002932.SZ', '603859.SH', '600266.SH', '603883.SH', '300510.SZ', '002950.SZ', '000736.SZ', '603087.SH', '300660.SZ', '300639.SZ', '000812.SZ', '000918.SZ', '002606.SZ', '688298.SH', '000056.SZ', '300766.SZ', '002330.SZ']"
2022-12-26,2022-12-23,2023-01-03,0.029293840454938613,100,0.5,500,"['600836.SH', '600361.SH', '603087.SH', '002382.SZ', '000882.SZ', '600979.SH', '600756.SH', '300683.SZ', '300510.SZ', '603708.SH', '300738.SZ', '000040.SZ', '300558.SZ', '600693.SH', '300477.SZ', '300677.SZ', '600682.SH', '003012.SZ', '300409.SZ', '000501.SZ', '002187.SZ', '300766.SZ', '600420.SH', '603881.SH', '002489.SZ', '002251.SZ', '300630.SZ', '603222.SH', '000417.SZ', '002004.SZ', '002606.SZ', '600829.SH', '000488.SZ', '300443.SZ', '002950.SZ', '002038.SZ', '603180.SH', '002419.SZ', '000042.SZ', '002882.SZ', '000517.SZ', '600094.SH', '600267.SH', '688202.SH', '601515.SH', '688399.SH', '600079.SH', '600648.SH', '000513.SZ', '600565.SH', '002491.SZ', '300168.SZ', '002280.SZ', '000931.SZ', '688520.SH', '000566.SZ', '002121.SZ', '600410.SH', '300369.SZ', '002218.SZ', '300318.SZ', '600824.SH', '300085.SZ', '600198.SH', '002212.SZ', '002918.SZ', '600617.SH', '000516.SZ', '300324.SZ', '688023.SH', '002912.SZ', '002650.SZ', '600624.SH', '000523.SZ', '600616.SH', '300287.SZ', '600121.SH', '300098.SZ', '688266.SH', '600189.SH', '300271.SZ', '603377.SH', '603818.SH', '603520.SH', '600535.SH', '300659.SZ', '300188.SZ', '002793.SZ', '002610.SZ', '300598.SZ', '600151.SH', '000615.SZ', '002437.SZ', '688339.SH', '300147.SZ', '300222.SZ', '600158.SH', '600200.SH', '300125.SZ', '002439.SZ']"
2023-01-03,2022-12-30,2023-01-09,0.008290014411772647,100,0.5,500,"['000516.SZ', '002912.SZ', '002121.SZ', '002491.SZ', '300598.SZ', '002918.SZ', '300659.SZ', '603881.SH', '002187.SZ', '600836.SH', '600361.SH', '603087.SH', '002382.SZ', '000882.SZ', '600979.SH', '600756.SH', '300683.SZ', '300510.SZ', '603708.SH', '300738.SZ', '000040.SZ', '300558.SZ', '600693.SH', '300477.SZ', '300677.SZ', '600682.SH', '003012.SZ', '300409.SZ', '000501.SZ', '300766.SZ', '600420.SH', '002489.SZ', '002251.SZ', '300630.SZ', '603222.SH', '000417.SZ', '002004.SZ', '002606.SZ', '600829.SH', '000488.SZ', '300443.SZ', '002950.SZ', '002038.SZ', '603180.SH', '002419.SZ', '000042.SZ', '002882.SZ', '000517.SZ', '600094.SH', '600267.SH', '600199.SH', '600536.SH', '002458.SZ', '003029.SZ', '000584.SZ', '000595.SZ', '002389.SZ', '002446.SZ', '300208.SZ', '002547.SZ', '603138.SH', '002785.SZ', '600095.SH', '000503.SZ', '002542.SZ', '000816.SZ', '603555.SH', '603777.SH', '002181.SZ', '000957.SZ', '002238.SZ', '002299.SZ', '002750.SZ', '002907.SZ', '600478.SH', '603383.SH', '002746.SZ', '600165.SH', '002707.SZ', '002234.SZ', '600685.SH', '603069.SH', '002530.SZ', '600353.SH', '603056.SH', '600818.SH', '600996.SH', '300203.SZ', '603883.SH', '002639.SZ', '300005.SZ', '000722.SZ', '002104.SZ', '002033.SZ', '600313.SH', '601020.SH', '688123.SH', '002162.SZ', '600557.SH', '000025.SZ']"
2023-01-09,2023-01-06,2023-01-16,0.008219816148611418,100,0.5,500,"['002238.SZ', '002950.SZ', '002530.SZ', '603138.SH', '002606.SZ', '002547.SZ', '300598.SZ', '002104.SZ', '003029.SZ', '002750.SZ', '002181.SZ', '300659.SZ', '600756.SH', '000516.SZ', '002912.SZ', '002121.SZ', '002491.SZ', '002918.SZ', '603881.SH', '002187.SZ', '600836.SH', '600361.SH', '603087.SH', '002382.SZ', '000882.SZ', '600979.SH', '300683.SZ', '300510.SZ', '603708.SH', '300738.SZ', '000040.SZ', '300558.SZ', '600693.SH', '300477.SZ', '300677.SZ', '600682.SH', '003012.SZ', '300409.SZ', '000501.SZ', '300766.SZ', '600420.SH', '002489.SZ', '300630.SZ', '603222.SH', '000417.SZ', '002004.SZ', '600829.SH', '000488.SZ', '300443.SZ', '002038.SZ', '300607.SZ', '300229.SZ', '002510.SZ', '002017.SZ', '002777.SZ', '003031.SZ', '300629.SZ', '001203.SZ', '603959.SH', '603619.SH', '300217.SZ', '603171.SH', '600131.SH', '605507.SH', '002843.SZ', '002197.SZ', '688377.SH', '688100.SH', '002805.SZ', '300345.SZ', '300674.SZ', '002955.SZ', '002979.SZ', '300718.SZ', '688232.SH', '605266.SH', '688305.SH', '688066.SH', '300620.SZ', '000788.SZ', '002261.SZ', '002116.SZ', '002519.SZ', '300258.SZ', '000532.SZ', '300075.SZ', '300627.SZ', '300581.SZ', '300427.SZ', '300129.SZ', '300634.SZ', '000700.SZ', '002421.SZ', '300179.SZ', '603636.SH', '300205.SZ', '603701.SH', '300550.SZ', '600850.SH', '688201.SH']"
2023-01-16,2023-01-13,2023-01-30,0.05001041256762873,100,0.5,500,"['001203.SZ', '300674.SZ', '600131.SH', '002017.SZ', '002955.SZ', '002421.SZ', '300229.SZ', '688232.SH', '603619.SH', '002805.SZ', '300205.SZ', '002777.SZ', '002843.SZ', '002606.SZ', '300217.SZ', '300607.SZ', '300598.SZ', '300627.SZ', '300075.SZ', '000788.SZ', '000700.SZ', '300179.SZ', '002116.SZ', '605266.SH', '600850.SH', '300345.SZ', '688066.SH', '603138.SH', '688377.SH', '603959.SH', '603636.SH', '688305.SH', '300634.SZ', '002197.SZ', '300129.SZ', '002750.SZ', '002530.SZ', '300659.SZ', '002510.SZ', '300718.SZ', '002547.SZ', '002261.SZ', '603701.SH', '000532.SZ', '300738.SZ', '002238.SZ', '002950.SZ', '002104.SZ', '003029.SZ', '002181.SZ', '300149.SZ', '688317.SH', '300502.SZ', '688068.SH', '600777.SH', '688399.SH', '603927.SH', '002063.SZ', '002605.SZ', '000886.SZ', '688686.SH', '601869.SH', '603898.SH', '300394.SZ', '688575.SH', '300079.SZ', '300188.SZ', '002478.SZ', '301060.SZ', '603628.SH', '300170.SZ', '002141.SZ', '002517.SZ', '002437.SZ', '000607.SZ', '601918.SH', '300130.SZ', '300343.SZ', '600971.SH', '300953.SZ', '300182.SZ', '600508.SH', '002759.SZ', '002733.SZ', '301238.SZ', '000680.SZ', '300057.SZ', '300410.SZ', '002824.SZ', '688161.SH', '002543.SZ', '300687.SZ', '300369.SZ', '000922.SZ', '002232.SZ', '002649.SZ', '002885.SZ', '601858.SH', '601928.SH', '600479.SH']"
2023-01-30,2023-01-20,2023-02-06,0.029115615569984037,100,0.5,500,"['300149.SZ', '300410.SZ', '300674.SZ', '002017.SZ', '300079.SZ', '603628.SH', '002733.SZ', '002955.SZ', '300130.SZ', '000922.SZ', '002510.SZ', '300129.SZ', '300188.SZ', '603927.SH', '000680.SZ', '000607.SZ', '002437.SZ', '300502.SZ', '002063.SZ', '688317.SH', '601858.SH', '300205.SZ', '300394.SZ', '300369.SZ', '002232.SZ', '300057.SZ', '002649.SZ', '000788.SZ', '300659.SZ', '002885.SZ', '300217.SZ', '002843.SZ', '300598.SZ', '000700.SZ', '300718.SZ', '001203.SZ', '002478.SZ', '002750.SZ', '002421.SZ', '300343.SZ', '600850.SH', '002261.SZ', '002605.SZ', '688068.SH', '002606.SZ', '002530.SZ', '300075.SZ', '002759.SZ', '002805.SZ', '301238.SZ', '000159.SZ', '300105.SZ', '300531.SZ', '002119.SZ', '600776.SH', '600379.SH', '600525.SH', '600237.SH', '002300.SZ', '300110.SZ', '688299.SH', '002026.SZ', '300629.SZ', '002516.SZ', '300046.SZ', '603011.SH', '000655.SZ', '600498.SH', '688138.SH', '600594.SH', '300645.SZ', '300183.SZ', '000529.SZ', '300007.SZ', '603118.SH', '603667.SH', '002623.SZ', '300434.SZ', '603998.SH', '002929.SZ', '300793.SZ', '600613.SH', '002544.SZ', '300378.SZ', '300326.SZ', '002922.SZ', '002765.SZ', '600533.SH', '300127.SZ', '600797.SH', '002351.SZ', '002035.SZ', '002519.SZ', '300663.SZ', '300061.SZ', '600184.SH', '002523.SZ', '300002.SZ', '002208.SZ', '002469.SZ']"
2023-02-06,2023-02-03,2023-02-13,0.020270286435076272,100,0.5,500,"['300105.SZ', '300410.SZ', '600379.SH', '300645.SZ', '300598.SZ', '300378.SZ', '300188.SZ', '300205.SZ', '300659.SZ', '300369.SZ', '600237.SH', '600797.SH', '002017.SZ', '603628.SH', '600525.SH', '000607.SZ', '600776.SH', '603667.SH', '002026.SZ', '002063.SZ', '300674.SZ', '002232.SZ', '000922.SZ', '002733.SZ', '300663.SZ', '002544.SZ', '300061.SZ', '300149.SZ', '002929.SZ', '603011.SH', '300079.SZ', '002623.SZ', '600184.SH', '600533.SH', '002922.SZ', '300183.SZ', '300110.SZ', '300531.SZ', '603118.SH', '600498.SH', '002750.SZ', '000680.SZ', '002510.SZ', '002516.SZ', '002955.SZ', '002261.SZ', '002530.SZ', '002523.SZ', '000529.SZ', '002765.SZ', '000503.SZ', '300550.SZ', '300307.SZ', '300248.SZ', '600268.SH', '300328.SZ', '300471.SZ', '300304.SZ', '688277.SH', '603076.SH', '603528.SH', '300085.SZ', '600105.SH', '000777.SZ', '603232.SH', '300353.SZ', '300020.SZ', '000931.SZ', '300490.SZ', '300098.SZ', '002189.SZ', '300345.SZ', '002565.SZ', '002529.SZ', '603990.SH', '300465.SZ', '002912.SZ', '688186.SH', '300379.SZ', '300348.SZ', '688023.SH', '603869.SH', '300161.SZ', '300579.SZ', '300128.SZ', '300510.SZ', '300799.SZ', '000158.SZ', '300168.SZ', '603068.SH', '300036.SZ', '002338.SZ', '300569.SZ', '002308.SZ', '300657.SZ', '300184.SZ', '600836.SH', '688368.SH', '300131.SZ', '300177.SZ']"
2023-02-13,2023-02-10,2023-02-20,-0.01216585788916743,100,0.5,500,"['002189.SZ', '002565.SZ', '300328.SZ', '603076.SH', '002750.SZ', '300378.SZ', '300510.SZ', '600268.SH', '000777.SZ', '300465.SZ', '300205.SZ', '002912.SZ', '300657.SZ', '300061.SZ', '300161.SZ', '300471.SZ', '603068.SH', '002529.SZ', '603990.SH', '300020.SZ', '000931.SZ', '300105.SZ', '300569.SZ', '603011.SH', '300379.SZ', '688277.SH', '000503.SZ', '300348.SZ', '300085.SZ', '300098.SZ', '300663.SZ', '300168.SZ', '600237.SH', '603232.SH', '688368.SH', '002026.SZ', '002338.SZ', '300659.SZ', '688186.SH', '300353.SZ', '300248.SZ', '000158.SZ', '600379.SH', '300579.SZ', '002530.SZ', '603667.SH', '688023.SH', '300598.SZ', '600797.SH', '002017.SZ', '603189.SH', '002196.SZ', '002631.SZ', '300477.SZ', '300287.SZ', '300031.SZ', '000710.SZ', '688299.SH', '600718.SH', '600756.SH', '300602.SZ', '603859.SH', '300204.SZ', '002527.SZ', '002829.SZ', '300617.SZ', '600990.SH', '600831.SH', '688020.SH', '600616.SH', '002297.SZ', '300377.SZ', '300683.SZ', '300366.SZ', '002330.SZ', '300766.SZ', '300134.SZ', '688733.SH', '002374.SZ', '002413.SZ', '002609.SZ', '603507.SH', '603956.SH', '300468.SZ', '300091.SZ', '300648.SZ', '300053.SZ', '002169.SZ', '002425.SZ', '603533.SH', '300869.SZ', '300291.SZ', '603138.SH', '600571.SH', '688158.SH', '601929.SH', '300656.SZ', '600728.SH', '600860.SH', '300219.SZ']"
2023-02-20,2023-02-17,2023-02-27,-0.012235786984723784,100,0.5,500,"['600268.SH', '603667.SH', '300020.SZ', '002189.SZ', '002026.SZ', '603011.SH', '300378.SZ', '002330.SZ', '002565.SZ', '300465.SZ', '002374.SZ', '600237.SH', '300105.SZ', '000710.SZ', '000503.SZ', '603990.SH', '300579.SZ', '688299.SH', '603068.SH', '300569.SZ', '300248.SZ', '603859.SH', '600616.SH', '300468.SZ', '300291.SZ', '300471.SZ', '603189.SH', '603533.SH', '300098.SZ', '300205.SZ', '300219.SZ', '300598.SZ', '600379.SH', '300617.SZ', '002912.SZ', '688277.SH', '300091.SZ', '600571.SH', '600990.SH', '300085.SZ', '603507.SH', '300328.SZ', '603076.SH', '002750.SZ', '300510.SZ', '000777.SZ', '300657.SZ', '300061.SZ', '300161.SZ', '002529.SZ', '600829.SH', '002301.SZ', '600351.SH', '000700.SZ', '600479.SH', '000680.SZ', '600133.SH', '603825.SH', '002462.SZ', '603611.SH', '002533.SZ', '300226.SZ', '600713.SH', '000059.SZ', '300110.SZ', '600575.SH', '002035.SZ', '603359.SH', '002469.SZ', '600757.SH', '002106.SZ', '300184.SZ', '688068.SH', '603818.SH', '600973.SH', '600373.SH', '000823.SZ', '600971.SH', '603890.SH', '002119.SZ', '601789.SH', '000411.SZ', '002075.SZ', '002752.SZ', '600629.SH', '300149.SZ', '000404.SZ', '688317.SH', '002062.SZ', '601801.SH', '300307.SZ', '600986.SH', '000719.SZ', '300645.SZ', '002644.SZ', '600105.SH', '002605.SZ', '000779.SZ', '000922.SZ', '603258.SH']"
2023-02-27,2023-02-24,2023-03-06,0.019647384357515535,100,0.5,500,"['000700.SZ', '002533.SZ', '002035.SZ', '000719.SZ', '002301.SZ', '000404.SZ', '000680.SZ', '002462.SZ', '600133.SH', '300226.SZ', '603818.SH', '000823.SZ', '300184.SZ', '300149.SZ', '000411.SZ', '002075.SZ', '300219.SZ', '688317.SH', '600986.SH', '002026.SZ', '002119.SZ', '688068.SH', '000059.SZ', '688299.SH', '600105.SH', '300110.SZ', '603611.SH', '002605.SZ', '600629.SH', '600351.SH', '600379.SH', '603011.SH', '603258.SH', '002330.SZ', '300248.SZ', '002062.SZ', '300105.SZ', '000503.SZ', '300598.SZ', '600237.SH', '300020.SZ', '300378.SZ', '300205.SZ', '600268.SH', '002374.SZ', '603667.SH', '002189.SZ', '002565.SZ', '300465.SZ', '000710.SZ', '002449.SZ', '601918.SH', '600644.SH', '002662.SZ', '600590.SH', '000521.SZ', '002478.SZ', '000529.SZ', '601101.SH', '000919.SZ', '600777.SH', '600433.SH', '603113.SH', '300258.SZ', '002441.SZ', '002510.SZ', '603339.SH', '600758.SH', '300607.SZ', '603118.SH', '002611.SZ', '002543.SZ', '002421.SZ', '600419.SH', '603626.SH', '000910.SZ', '603323.SH', '002606.SZ', '601860.SH', '002839.SZ', '603313.SH', '002635.SZ', '300303.SZ', '300793.SZ', '600103.SH', '002950.SZ', '600300.SH', '300770.SZ', '603998.SH', '300057.SZ', '601928.SH', '000801.SZ', '002668.SZ', '000923.SZ', '603508.SH', '601015.SH', '000968.SZ', '300355.SZ', '603869.SH', '603966.SH']"
2023-03-06,2023-03-03,2023-03-13,-0.012235644529862921,100,0.5,500,"['002462.SZ', '000059.SZ', '600105.SH', '600133.SH', '600629.SH', '000910.SZ', '603339.SH', '002330.SZ', '000411.SZ', '600590.SH', '002301.SZ', '601015.SH', '300598.SZ', '000719.SZ', '002035.SZ', '300248.SZ', '000503.SZ', '600986.SH', '002189.SZ', '300355.SZ', '300020.SZ', '000529.SZ', '002441.SZ', '300105.SZ', '000700.SZ', '603011.SH', '002421.SZ', '000680.SZ', '600268.SH', '603626.SH', '300465.SZ', '300303.SZ', '600103.SH', '002075.SZ', '000823.SZ', '603818.SH', '002449.SZ', '600351.SH', '000404.SZ', '000801.SZ', '002533.SZ', '300226.SZ', '300184.SZ', '300149.SZ', '300219.SZ', '688317.SH', '002026.SZ', '002119.SZ', '688068.SH', '688299.SH', '300645.SZ', '300284.SZ', '600327.SH', '603359.SH', '600616.SH', '603018.SH', '600198.SH', '002437.SZ', '300188.SZ', '600088.SH', '300788.SZ', '600495.SH', '603232.SH', '600825.SH', '002570.SZ', '601098.SH', '300369.SZ', '601019.SH', '000917.SZ', '002400.SZ', '603220.SH', '600757.SH', '300342.SZ', '600373.SH', '600498.SH', '600479.SH', '600775.SH', '002695.SZ', '600624.SH', '000555.SZ', '300659.SZ', '600184.SH', '601801.SH', '002413.SZ', '600037.SH', '002542.SZ', '600288.SH', '600797.SH', '600855.SH', '600776.SH', '601519.SH', '000532.SZ', '601515.SH', '300085.SZ', '688568.SH', '000607.SZ', '300315.SZ', '300133.SZ', '300674.SZ', '300516.SZ']"
2023-03-13,2023-03-10,2023-03-20,-0.008049617345390921,100,0.5,500,"['600327.SH', '603018.SH', '600616.SH', '600629.SH', '300598.SZ', '600088.SH', '000607.SZ', '300105.SZ', '002400.SZ', '300342.SZ', '600198.SH', '000503.SZ', '603232.SH', '002462.SZ', '300465.SZ', '300659.SZ', '600495.SH', '300085.SZ', '300788.SZ', '300369.SZ', '603220.SH', '600825.SH', '600268.SH', '300248.SZ', '600775.SH', '600288.SH', '600133.SH', '600855.SH', '000059.SZ', '002189.SZ', '002413.SZ', '600986.SH', '000529.SZ', '000910.SZ', '600797.SH', '600757.SH', '002570.SZ', '603011.SH', '600373.SH', '600776.SH', '000680.SZ', '300284.SZ', '600184.SH', '603818.SH', '002330.SZ', '600479.SH', '000700.SZ', '300020.SZ', '601098.SH', '002542.SZ', '300571.SZ', '600836.SH', '002644.SZ', '300110.SZ', '300379.SZ', '300078.SZ', '002750.SZ', '002912.SZ', '002117.SZ', '000816.SZ', '000777.SZ', '600571.SH', '000779.SZ', '002948.SZ', '000851.SZ', '300291.SZ', '002104.SZ', '002322.SZ', '300204.SZ', '603068.SH', '000710.SZ', '601789.SH', '002162.SZ', '600381.SH', '002565.SZ', '603528.SH', '002425.SZ', '002339.SZ', '603466.SH', '003029.SZ', '600238.SH', '002354.SZ', '300168.SZ', '002581.SZ', '600990.SH', '002543.SZ', '300053.SZ', '600728.SH', '603990.SH', '603138.SH', '300287.SZ', '603131.SH', '603533.SH', '002807.SZ', '603103.SH', '603618.SH', '600640.SH', '300423.SZ', '000158.SZ', '002766.SZ']"
2023-03-20,2023-03-17,2023-03-27,0.061445656848236066,100,0.42,500,"['300085.SZ', '300020.SZ', '600268.SH', '600495.SH', '002322.SZ', '300291.SZ', '603018.SH', '600629.SH', '000503.SZ', '600088.SH', '300465.SZ', '000777.SZ', '600373.SH', '600198.SH', '600836.SH', '600288.SH', '300342.SZ', '600855.SH', '600797.SH', '002189.SZ', '300110.SZ', '000158.SZ', '300598.SZ', '600640.SH', '300369.SZ', '600184.SH', '600990.SH', '300287.SZ', '002413.SZ', '002400.SZ', '600133.SH', '002462.SZ', '300248.SZ', '600775.SH', '300284.SZ', '300168.SZ', '300379.SZ', '600757.SH', '603220.SH', '600776.SH', '603466.SH', '300659.SZ', '603068.SH', '000607.SZ', '600571.SH', '000059.SZ', '300078.SZ', '000816.SZ', '002750.SZ', '600986.SH', '000680.SZ', '603533.SH', '603131.SH', '600479.SH', '300053.SZ', '300571.SZ', '600825.SH', '603232.SH', '000159.SZ', '300872.SZ', '300645.SZ', '601595.SH', '300579.SZ', '002063.SZ', '300188.SZ', '600351.SH', '300468.SZ', '300184.SZ', '603825.SH', '600300.SH', '300079.SZ', '300046.SZ', '002437.SZ', '300098.SZ', '300825.SZ', '300377.SZ', '000555.SZ', '600105.SH', '688083.SH', '003040.SZ', '600468.SH', '603956.SH', '600713.SH', '600103.SH', '300036.SZ', '688696.SH', '300251.SZ', '000917.SZ', '002544.SZ', '603888.SH', '600498.SH', '600619.SH', '300378.SZ', '300027.SZ', '002602.SZ', '300307.SZ', '300205.SZ', '300455.SZ', '688277.SH', '600410.SH']"
2023-03-27,2023-03-24,2023-04-03,0.01200289070983365,100,0.5,500,"['603068.SH', '300379.SZ', '688277.SH', '300085.SZ', '300378.SZ', '300872.SZ', '603466.SH', '300046.SZ', '603825.SH', '300468.SZ', '300465.SZ', '300287.SZ', '603131.SH', '300036.SZ', '000777.SZ', '000503.SZ', '600571.SH', '300455.SZ', '300020.SZ', '300098.SZ', '300377.SZ', '600198.SH', '002400.SZ', '300571.SZ', '002189.SZ', '300168.SZ', '300307.SZ', '600184.SH', '002544.SZ', '600990.SH', '300205.SZ', '300053.SZ', '000158.SZ', '600640.SH', '603533.SH', '002413.SZ', '300078.SZ', '603232.SH', '600105.SH', '600776.SH', '300579.SZ', '300184.SZ', '603220.SH', '600775.SH', '300027.SZ', '300598.SZ', '601595.SH', '600797.SH', '300342.SZ', '000680.SZ', '600446.SH', '002123.SZ', '603990.SH', '300768.SZ', '300802.SZ', '688088.SH', '002651.SZ', '300322.SZ', '002583.SZ', '300348.SZ', '688027.SH', '300061.SZ', '603859.SH', '002655.SZ', '688508.SH', '002232.SZ', '688588.SH', '688186.SH', '600556.SH', '300177.SZ', '603011.SH', '300510.SZ', '002935.SZ', '002829.SZ', '688586.SH', '002396.SZ', '600238.SH', '300590.SZ', '688366.SH', '601519.SH', '603386.SH', '002161.SZ', '002288.SZ', '002212.SZ', '688158.SH', '600728.SH', '300384.SZ', '603138.SH', '300506.SZ', '002373.SZ', '300657.SZ', '002104.SZ', '600718.SH', '002516.SZ', '300271.SZ', '300366.SZ', '300548.SZ', '301236.SZ', '603881.SH', '000997.SZ']"
2023-04-03,2023-03-31,2023-04-10,-0.0057909576164437435,100,0.5,500,"['688088.SH', '600640.SH', '600446.SH', '601519.SH', '688588.SH', '600556.SH', '600105.SH', '601595.SH', '603068.SH', '002544.SZ', '002655.SZ', '688158.SH', '603131.SH', '603881.SH', '300657.SZ', '688508.SH', '603859.SH', '002161.SZ', '002413.SZ', '002189.SZ', '688366.SH', '300379.SZ', '688277.SH', '300085.SZ', '300378.SZ', '300872.SZ', '603466.SH', '300046.SZ', '603825.SH', '300468.SZ', '300465.SZ', '300287.SZ', '300036.SZ', '000777.SZ', '000503.SZ', '600571.SH', '300455.SZ', '300020.SZ', '300098.SZ', '300377.SZ', '600198.SH', '002400.SZ', '300571.SZ', '300168.SZ', '300307.SZ', '600184.SH', '600990.SH', '300205.SZ', '300053.SZ', '000158.SZ', '603005.SH', '600072.SH', '002268.SZ', '300236.SZ', '600171.SH', '002389.SZ', '600118.SH', '600771.SH', '002218.SZ', '000818.SZ', '600552.SH', '300079.SZ', '002819.SZ', '300263.SZ', '002119.SZ', '002747.SZ', '600363.SH', '002605.SZ', '300291.SZ', '688321.SH', '688521.SH', '300252.SZ', '603169.SH', '688256.SH', '300136.SZ', '000426.SZ', '300331.SZ', '688095.SH', '300490.SZ', '000988.SZ', '300123.SZ', '600895.SH', '600199.SH', '688018.SH', '600114.SH', '688001.SH', '000032.SZ', '300645.SZ', '002453.SZ', '002434.SZ', '300476.SZ', '300317.SZ', '600201.SH', '600095.SH', '688266.SH', '002733.SZ', '300479.SZ', '600468.SH', '300339.SZ', '300212.SZ']"
2023-04-10,2023-04-07,2023-04-17,0.007575905418943043,100,0.5,500,"['603466.SH', '688277.SH', '600556.SH', '300291.SZ', '600640.SH', '688366.SH', '600198.SH', '300872.SZ', '601595.SH', '300053.SZ', '300205.SZ', '002218.SZ', '002605.SZ', '600990.SH', '300571.SZ', '002544.SZ', '300317.SZ', '002413.SZ', '600114.SH', '000777.SZ', '002189.SZ', '600468.SH', '603131.SH', '300123.SZ', '300307.SZ', '600105.SH', '600095.SH', '300252.SZ', '002733.SZ', '688088.SH', '600446.SH', '601519.SH', '688588.SH', '603068.SH', '002655.SZ', '688158.SH', '603881.SH', '300657.SZ', '688508.SH', '603859.SH', '002161.SZ', '300379.SZ', '300085.SZ', '300378.SZ', '300046.SZ', '603825.SH', '300468.SZ', '300465.SZ', '300287.SZ', '300036.SZ', '300251.SZ', '603533.SH', '688339.SH', '002617.SZ', '002428.SZ', '600776.SH', '002123.SZ', '002243.SZ', '000676.SZ', '688027.SH', '000566.SZ', '002739.SZ', '002214.SZ', '300773.SZ', '002602.SZ', '300518.SZ', '300027.SZ', '300802.SZ', '688586.SH', '300471.SZ', '002665.SZ', '002291.SZ', '300480.SZ', '601456.SH', '000710.SZ', '688222.SH', '002174.SZ', '601099.SH', '300315.SZ', '603990.SH', '300031.SZ', '300590.SZ', '002190.SZ', '002716.SZ', '300638.SZ', '301219.SZ', '300045.SZ', '300005.SZ', '600490.SH', '300342.SZ', '002935.SZ', '601908.SH', '300527.SZ', '603888.SH', '002651.SZ', '300353.SZ', '300058.SZ', '300133.SZ', '000607.SZ', '002323.SZ']"
2023-04-17,2023-04-14,2023-04-24,-0.022319589199055957,100,0.5,500,"['601908.SH', '002243.SZ', '000676.SZ', '601456.SH', '300251.SZ', '002602.SZ', '603466.SH', '600640.SH', '600198.SH', '002739.SZ', '600776.SH', '600114.SH', '601099.SH', '300773.SZ', '002218.SZ', '601595.SH', '603825.SH', '002544.SZ', '300291.SZ', '688339.SH', '603533.SH', '002716.SZ', '688277.SH', '002214.SZ', '300571.SZ', '300005.SZ', '000710.SZ', '002935.SZ', '300802.SZ', '600990.SH', '300471.SZ', '002605.SZ', '300307.SZ', '688586.SH', '603131.SH', '300053.SZ', '000607.SZ', '000777.SZ', '300027.SZ', '300133.SZ', '000566.SZ', '300527.SZ', '600105.SH', '600556.SH', '688366.SH', '300872.SZ', '300205.SZ', '300317.SZ', '002413.SZ', '002189.SZ', '300110.SZ', '600577.SH', '002611.SZ', '000612.SZ', '000680.SZ', '600863.SH', '600479.SH', '600508.SH', '601801.SH', '002249.SZ', '002039.SZ', '300384.SZ', '600621.SH', '000726.SZ', '603018.SH', '002839.SZ', '601811.SH', '600908.SH', '002062.SZ', '600268.SH', '600180.SH', '002267.SZ', '000655.SZ', '601388.SH', '000552.SZ', '002140.SZ', '600284.SH', '000906.SZ', '002807.SZ', '000885.SZ', '601222.SH', '688317.SH', '601665.SH', '000404.SZ', '002367.SZ', '600120.SH', '600757.SH', '603323.SH', '600742.SH', '601860.SH', '601900.SH', '600106.SH', '600125.SH', '600927.SH', '000036.SZ', '600794.SH', '600458.SH', '600483.SH', '000550.SZ', '688399.SH']"
2023-04-24,2023-04-21,2023-05-04,0.054559791918119306,100,0.5,500,"['601811.SH', '600284.SH', '600120.SH', '600479.SH', '600757.SH', '600483.SH', '000726.SZ', '600508.SH', '600125.SH', '601801.SH', '000552.SZ', '002611.SZ', '000885.SZ', '600927.SH', '601900.SH', '002367.SZ', '603018.SH', '601222.SH', '002839.SZ', '000612.SZ', '002602.SZ', '600621.SH', '601908.SH', '601665.SH', '600776.SH', '603323.SH', '000607.SZ', '601860.SH', '000676.SZ', '688317.SH', '600114.SH', '002218.SZ', '002249.SZ', '600908.SH', '002243.SZ', '600577.SH', '600268.SH', '000680.SZ', '601388.SH', '002807.SZ', '300110.SZ', '601099.SH', '000906.SZ', '002140.SZ', '002716.SZ', '300005.SZ', '300527.SZ', '601456.SH', '000404.SZ', '300291.SZ', '300284.SZ', '000690.SZ', '601918.SH', '000557.SZ', '600373.SH', '600133.SH', '600578.SH', '600116.SH', '600098.SH', '601019.SH', '601928.SH', '603071.SH', '601098.SH', '000923.SZ', '600987.SH', '000563.SZ', '000750.SZ', '603300.SH', '603393.SH', '001213.SZ', '002437.SZ', '600037.SH', '600368.SH', '000719.SZ', '600594.SH', '601008.SH', '605090.SH', '000529.SZ', '603357.SH', '002818.SZ', '300149.SZ', '000600.SZ', '000875.SZ', '002423.SZ', '601016.SH', '000543.SZ', '600336.SH', '000156.SZ', '603339.SH', '601789.SH', '002075.SZ', '000965.SZ', '601619.SH', '600629.SH', '600229.SH', '603236.SH', '688015.SH', '600480.SH', '002543.SZ', '600818.SH']"
2023-05-04,2023-04-28,2023-05-08,0.014232924081596918,100,0.5,500,"['601456.SH', '002423.SZ', '600037.SH', '600284.SH', '601801.SH', '600368.SH', '601860.SH', '601008.SH', '600116.SH', '300284.SZ', '002839.SZ', '600133.SH', '600479.SH', '601019.SH', '603323.SH', '601665.SH', '600908.SH', '000875.SZ', '000923.SZ', '600125.SH', '002602.SZ', '000404.SZ', '601928.SH', '600229.SH', '601619.SH', '000726.SZ', '001213.SZ', '300527.SZ', '600483.SH', '603018.SH', '000156.SZ', '600594.SH', '603236.SH', '600757.SH', '000557.SZ', '000885.SZ', '600578.SH', '600120.SH', '600776.SH', '600098.SH', '300149.SZ', '601016.SH', '002716.SZ', '002437.SZ', '601900.SH', '000543.SZ', '601811.SH', '600373.SH', '000607.SZ', '603357.SH', '600190.SH', '601566.SH', '600864.SH', '600906.SH', '002039.SZ', '002670.SZ', '300147.SZ', '601101.SH', '600035.SH', '000507.SZ', '600509.SH', '603093.SH', '002062.SZ', '002596.SZ', '002940.SZ', '600269.SH', '002015.SZ', '601528.SH', '002029.SZ', '000040.SZ', '002393.SZ', '600155.SH', '600637.SH', '300497.SZ', '000417.SZ', '002462.SZ', '600327.SH', '000627.SZ', '300702.SZ', '002383.SZ', '600738.SH', '000797.SZ', '002285.SZ', '600488.SH', '000886.SZ', '000925.SZ', '300027.SZ', '600897.SH', '600525.SH', '000905.SZ', '002478.SZ', '603126.SH', '300266.SZ', '600095.SH', '600829.SH', '000917.SZ', '601011.SH', '002264.SZ', '000900.SZ', '688658.SH']"
2023-05-08,2023-05-05,2023-05-15,-0.012273689058875333,100,0.39,500,"['600035.SH', '600864.SH', '600368.SH', '002029.SZ', '601566.SH', '300284.SZ', '600190.SH', '603018.SH', '601101.SH', '601008.SH', '600488.SH', '600483.SH', '002062.SZ', '000885.SZ', '601665.SH', '002839.SZ', '002285.SZ', '601619.SH', '000507.SZ', '603323.SH', '600908.SH', '601860.SH', '002670.SZ', '300147.SZ', '000875.SZ', '600594.SH', '601801.SH', '000417.SZ', '300027.SZ', '000923.SZ', '601528.SH', '600637.SH', '001213.SZ', '600155.SH', '600479.SH', '000917.SZ', '000726.SZ', '600327.SH', '600229.SH', '002478.SZ', '000900.SZ', '603093.SH', '600373.SH', '002437.SZ', '300527.SZ', '600509.SH', '600757.SH', '600125.SH', '600037.SH', '601811.SH', '000040.SZ', '603357.SH', '600120.SH', '000557.SZ', '600116.SH', '600098.SH', '002602.SZ', '601019.SH', '601900.SH', '002015.SZ', '002264.SZ', '600635.SH', '300194.SZ', '002948.SZ', '601963.SH', '000099.SZ', '600758.SH', '300664.SZ', '000919.SZ', '600283.SH', '002267.SZ', '002527.SZ', '002327.SZ', '600101.SH', '002208.SZ', '600351.SH', '000926.SZ', '002314.SZ', '603686.SH', '002611.SZ', '600167.SH', '603689.SH', '603053.SH', '002818.SZ', '600622.SH', '300355.SZ', '002785.SZ', '600180.SH', '002367.SZ', '002413.SZ', '300326.SZ', '002807.SZ', '002135.SZ', '600187.SH', '601098.SH', '600825.SH', '000686.SZ', '000712.SZ', '600088.SH', '002739.SZ']"
2023-05-15,2023-05-12,2023-05-22,-0.005834796431656919,100,0.5,500,"['600035.SH', '000919.SZ', '600368.SH', '600101.SH', '601101.SH', '002527.SZ', '002062.SZ', '600758.SH', '600864.SH', '600283.SH', '300194.SZ', '000923.SZ', '600635.SH', '601566.SH', '600509.SH', '002267.SZ', '002785.SZ', '601963.SH', '000875.SZ', '002948.SZ', '002839.SZ', '600351.SH', '601665.SH', '600167.SH', '000726.SZ', '600908.SH', '002478.SZ', '603323.SH', '002029.SZ', '601860.SH', '000040.SZ', '600190.SH', '002314.SZ', '603357.SH', '002670.SZ', '000926.SZ', '601528.SH', '603689.SH', '600594.SH', '002264.SZ', '002807.SZ', '600155.SH', '000900.SZ', '601619.SH', '300027.SZ', '300664.SZ', '002818.SZ', '600187.SH', '601008.SH', '002015.SZ', '002561.SZ', '603619.SH', '688068.SH', '600172.SH', '603538.SH', '002547.SZ', '300081.SZ', '300110.SZ', '300125.SZ', '600121.SH', '000552.SZ', '603959.SH', '000026.SZ', '300187.SZ', '000925.SZ', '000531.SZ', '600163.SH', '002039.SZ', '600644.SH', '300869.SZ', '002870.SZ', '002283.SZ', '002350.SZ', '601187.SH', '600643.SH', '002728.SZ', '000965.SZ', '002438.SZ', '300123.SZ', '300497.SZ', '002330.SZ', '300490.SZ', '300702.SZ', '002169.SZ', '002932.SZ', '000680.SZ', '000868.SZ', '601908.SH', '000777.SZ', '300317.SZ', '300222.SZ', '000779.SZ', '002441.SZ', '000993.SZ', '300434.SZ', '000797.SZ', '000886.SZ', '002483.SZ', '600095.SH', '600903.SH']"
2023-05-22,2023-05-19,2023-05-29,-0.007833560036969365,100,0.5,500,"['600368.SH', '600351.SH', '300110.SZ', '600035.SH', '300194.SZ', '601619.SH', '002483.SZ', '601101.SH', '002267.SZ', '600594.SH', '600758.SH', '002478.SZ', '002264.SZ', '000680.SZ', '300664.SZ', '000552.SZ', '002283.SZ', '000923.SZ', '000919.SZ', '300317.SZ', '600101.SH', '002839.SZ', '600635.SH', '601528.SH', '600908.SH', '603323.SH', '601665.SH', '600163.SH', '601860.SH', '002948.SZ', '000875.SZ', '601963.SH', '601566.SH', '002029.SZ', '000531.SZ', '600509.SH', '002062.SZ', '000726.SZ', '002527.SZ', '603959.SH', '600864.SH', '002728.SZ', '300869.SZ', '601008.SH', '002785.SZ', '600190.SH', '603538.SH', '002441.SZ', '601908.SH', '600283.SH', '002606.SZ', '603811.SH', '300435.SZ', '300307.SZ', '002559.SZ', '002611.SZ', '002345.SZ', '603339.SH', '002469.SZ', '002446.SZ', '300160.SZ', '300430.SZ', '603131.SH', '300590.SZ', '002107.SZ', '603416.SH', '300326.SZ', '603309.SH', '000962.SZ', '300770.SZ', '002833.SZ', '300504.SZ', '300580.SZ', '600479.SH', '603076.SH', '002739.SZ', '603998.SH', '002035.SZ', '002467.SZ', '603757.SH', '000576.SZ', '603686.SH', '600633.SH', '603035.SH', '002733.SZ', '000099.SZ', '002364.SZ', '002026.SZ', '000607.SZ', '300332.SZ', '603300.SH', '300314.SZ', '002154.SZ', '002095.SZ', '002270.SZ', '603565.SH', '600780.SH', '300773.SZ', '002829.SZ', '600590.SH']"
2023-05-29,2023-05-26,2023-06-05,0.03167898258220215,100,0.5,500,"['002606.SZ', '300504.SZ', '002446.SZ', '603309.SH', '300590.SZ', '002559.SZ', '300435.SZ', '002611.SZ', '300770.SZ', '603416.SH', '000607.SZ', '002469.SZ', '002833.SZ', '300307.SZ', '000962.SZ', '002345.SZ', '002270.SZ', '300430.SZ', '300160.SZ', '002467.SZ', '002035.SZ', '600351.SH', '603035.SH', '002829.SZ', '600633.SH', '603959.SH', '002154.SZ', '603757.SH', '300194.SZ', '603339.SH', '300314.SZ', '300110.SZ', '601619.SH', '300773.SZ', '603076.SH', '300580.SZ', '002733.SZ', '300332.SZ', '002364.SZ', '600368.SH', '002283.SZ', '300869.SZ', '002107.SZ', '603565.SH', '603300.SH', '002095.SZ', '000680.SZ', '002264.SZ', '000552.SZ', '601528.SH', '002194.SZ', '600114.SH', '002540.SZ', '000922.SZ', '002662.SZ', '300252.SZ', '002017.SZ', '002605.SZ', '002979.SZ', '300258.SZ', '601020.SH', '603878.SH', '603239.SH', '002167.SZ', '603103.SH', '002550.SZ', '300304.SZ', '603105.SH', '300182.SZ', '300299.SZ', '002123.SZ', '002104.SZ', '000862.SZ', '002323.SZ', '300133.SZ', '002093.SZ', '300571.SZ', '300113.SZ', '301096.SZ', '600229.SH', '300900.SZ', '600468.SH', '300286.SZ', '603628.SH', '002367.SZ', '003040.SZ', '300459.SZ', '300360.SZ', '688277.SH', '002907.SZ', '688378.SH', '300052.SZ', '002536.SZ', '300548.SZ', '688313.SH', '002125.SZ', '300494.SZ', '002115.SZ', '603126.SH', '300183.SZ']"
2023-06-05,2023-06-02,2023-06-12,-0.00047254245500283673,100,0.5,500,"['002559.SZ', '002035.SZ', '002536.SZ', '002345.SZ', '600633.SH', '002194.SZ', '600368.SH', '002733.SZ', '603565.SH', '603103.SH', '300133.SZ', '002154.SZ', '300770.SZ', '300182.SZ', '002264.SZ', '000962.SZ', '002115.SZ', '300307.SZ', '002467.SZ', '601619.SH', '002270.SZ', '300571.SZ', '300252.SZ', '300435.SZ', '603035.SH', '600229.SH', '000862.SZ', '603105.SH', '002283.SZ', '603339.SH', '688313.SH', '002123.SZ', '300504.SZ', '600351.SH', '688277.SH', '300194.SZ', '002605.SZ', '300773.SZ', '002611.SZ', '002364.SZ', '300430.SZ', '300052.SZ', '603126.SH', '300494.SZ', '300548.SZ', '002979.SZ', '300113.SZ', '688378.SH', '603757.SH', '000922.SZ', '600101.SH', '300740.SZ', '600035.SH', '603118.SH', '000589.SZ', '600537.SH', '600986.SH', '300047.SZ', '000923.SZ', '002441.SZ', '002478.SZ', '600780.SH', '002543.SZ', '300342.SZ', '002308.SZ', '600758.SH', '600152.SH', '688588.SH', '600508.SH', '000404.SZ', '002527.SZ', '600757.SH', '601566.SH', '300480.SZ', '000026.SZ', '002728.SZ', '300053.SZ', '002491.SZ', '600105.SH', '600825.SH', '688579.SH', '603998.SH', '000681.SZ', '601918.SH', '002474.SZ', '601908.SH', '300315.SZ', '002181.SZ', '002238.SZ', '601811.SH', '603507.SH', '002483.SZ', '002284.SZ', '600640.SH', '002882.SZ', '002169.SZ', '688076.SH', '688100.SH', '603888.SH', '300031.SZ']"
2023-06-12,2023-06-09,2023-06-19,0.016880291955068297,100,0.5,500,"['600101.SH', '000404.SZ', '002483.SZ', '002035.SZ', '603565.SH', '600368.SH', '600035.SH', '603103.SH', '000962.SZ', '002527.SZ', '000862.SZ', '601566.SH', '000589.SZ', '002264.SZ', '603118.SH', '300194.SZ', '000923.SZ', '603339.SH', '002115.SZ', '601619.SH', '002441.SZ', '601918.SH', '600351.SH', '600508.SH', '600758.SH', '002345.SZ', '002478.SZ', '600537.SH', '600780.SH', '300773.SZ', '600986.SH', '002283.SZ', '002154.SZ', '002181.SZ', '300435.SZ', '300740.SZ', '002733.SZ', '600640.SH', '600757.SH', '300053.SZ', '300571.SZ', '002611.SZ', '002474.SZ', '603507.SH', '300182.SZ', '600152.SH', '300342.SZ', '300133.SZ', '300307.SZ', '002536.SZ', '000560.SZ', '002298.SZ', '002662.SZ', '000627.SZ', '000926.SZ', '002314.SZ', '002839.SZ', '601860.SH', '600864.SH', '600789.SH', '600971.SH', '002062.SZ', '600509.SH', '600565.SH', '603393.SH', '300123.SZ', '300222.SZ', '603825.SH', '603323.SH', '002042.SZ', '603093.SH', '002948.SZ', '600479.SH', '600531.SH', '600590.SH', '601963.SH', '002785.SZ', '000507.SZ', '000905.SZ', '601101.SH', '002561.SZ', '300177.SZ', '600643.SH', '002437.SZ', '600172.SH', '000875.SZ', '002083.SZ', '603013.SH', '300125.SZ', '300490.SZ', '000777.SZ', '601528.SH', '601588.SH', '300326.SZ', '605599.SH', '300027.SZ', '300471.SZ', '002132.SZ', '601665.SH', '000886.SZ']"
2023-06-19,2023-06-16,2023-06-26,-0.04730846337285472,100,0.5,500,"['300053.SZ', '002115.SZ', '600640.SH', '300740.SZ', '600986.SH', '600152.SH', '300342.SZ', '002474.SZ', '300307.SZ', '000962.SZ', '002181.SZ', '002298.SZ', '300133.SZ', '300027.SZ', '300773.SZ', '300222.SZ', '600537.SH', '002527.SZ', '300490.SZ', '300125.SZ', '002345.SZ', '603507.SH', '300471.SZ', '002441.SZ', '000777.SZ', '300123.SZ', '603103.SH', '300177.SZ', '000404.SZ', '600780.SH', '000589.SZ', '002733.SZ', '600531.SH', '300571.SZ', '002264.SZ', '600757.SH', '002483.SZ', '600101.SH', '002035.SZ', '603565.SH', '600368.SH', '600035.SH', '000862.SZ', '601566.SH', '603118.SH', '300194.SZ', '000923.SZ', '603339.SH', '601619.SH', '601918.SH', '300047.SZ', '002467.SZ', '300480.SZ', '002308.SZ', '300031.SZ', '603189.SH', '688277.SH', '300302.SZ', '600571.SH', '688025.SH', '300479.SZ', '300592.SZ', '003040.SZ', '002093.SZ', '300291.SZ', '300045.SZ', '600825.SH', '002017.SZ', '002350.SZ', '603232.SH', '002512.SZ', '300693.SZ', '002559.SZ', '688100.SH', '002255.SZ', '000922.SZ', '002364.SZ', '603628.SH', '300183.SZ', '003021.SZ', '000676.SZ', '300510.SZ', '000600.SZ', '002665.SZ', '601595.SH', '600644.SH', '603998.SH', '300205.SZ', '002896.SZ', '002292.SZ', '603466.SH', '002965.SZ', '002766.SZ', '002446.SZ', '002104.SZ', '002090.SZ', '002383.SZ', '300533.SZ', '002878.SZ', '002583.SZ']"
2023-06-26,2023-06-21,2023-07-03,0.03380544660133375,100,0.5,500,"['300740.SZ', '688100.SH', '000922.SZ', '300693.SZ', '003021.SZ', '000600.SZ', '600152.SH', '002583.SZ', '603998.SH', '002965.SZ', '002017.SZ', '002090.SZ', '002665.SZ', '002115.SZ', '002512.SZ', '300480.SZ', '002446.SZ', '002308.SZ', '688277.SH', '603507.SH', '002467.SZ', '300205.SZ', '002474.SZ', '300510.SZ', '002093.SZ', '300592.SZ', '003040.SZ', '002181.SZ', '603189.SH', '000676.SZ', '300773.SZ', '300045.SZ', '002345.SZ', '600537.SH', '600780.SH', '002255.SZ', '300183.SZ', '000962.SZ', '300177.SZ', '300053.SZ', '002766.SZ', '600571.SH', '300123.SZ', '300047.SZ', '002383.SZ', '002035.SZ', '002104.SZ', '000589.SZ', '002733.SZ', '600640.SH', '603983.SH', '688239.SH', '300286.SZ', '603105.SH', '300151.SZ', '300129.SZ', '688076.SH', '002488.SZ', '000899.SZ', '300723.SZ', '003006.SZ', '000863.SZ', '603309.SH', '000819.SZ', '603982.SH', '003035.SZ', '300872.SZ', '688575.SH', '603676.SH', '002238.SZ', '601778.SH', '002919.SZ', '000603.SZ', '000690.SZ', '300443.SZ', '002297.SZ', '300638.SZ', '603126.SH', '300513.SZ', '300551.SZ', '000826.SZ', '688378.SH', '600200.SH', '000665.SZ', '688658.SH', '003031.SZ', '000543.SZ', '603757.SH', '002537.SZ', '300705.SZ', '601020.SH', '603618.SH', '600995.SH', '000567.SZ', '002167.SZ', '002908.SZ', '000797.SZ', '002990.SZ', '301087.SZ', '000040.SZ']"
2023-07-03,2023-06-30,2023-07-10,-0.019636192204777754,100,0.5,500,"['603618.SH', '000922.SZ', '000543.SZ', '300510.SZ', '688658.SH', '002919.SZ', '300286.SZ', '000797.SZ', '000819.SZ', '300693.SZ', '300129.SZ', '300592.SZ', '000600.SZ', '688076.SH', '600537.SH', '002965.SZ', '300773.SZ', '688378.SH', '301087.SZ', '002908.SZ', '002990.SZ', '300551.SZ', '300740.SZ', '688100.SH', '003021.SZ', '600152.SH', '002583.SZ', '603998.SH', '002017.SZ', '002090.SZ', '002665.SZ', '002115.SZ', '002512.SZ', '300480.SZ', '002446.SZ', '002308.SZ', '688277.SH', '603507.SH', '002467.SZ', '300205.SZ', '002474.SZ', '002093.SZ', '003040.SZ', '002181.SZ', '603189.SH', '000676.SZ', '300045.SZ', '002345.SZ', '600780.SH', '002255.SZ', '300226.SZ', '600713.SH', '002469.SZ', '000950.SZ', '600629.SH', '300815.SZ', '600686.SH', '600787.SH', '600419.SH', '000028.SZ', '600212.SH', '300049.SZ', '600664.SH', '600278.SH', '000905.SZ', '600129.SH', '000716.SZ', '600636.SH', '600658.SH', '000404.SZ', '002150.SZ', '300434.SZ', '603508.SH', '002843.SZ', '600449.SH', '000921.SZ', '000060.SZ', '002215.SZ', '600283.SH', '688258.SH', '600683.SH', '600748.SH', '600710.SH', '601212.SH', '002865.SZ', '000521.SZ', '002334.SZ', '002092.SZ', '002668.SZ', '002737.SZ', '603283.SH', '600704.SH', '002401.SZ', '000928.SZ', '000965.SZ', '600866.SH', '603225.SH', '688639.SH', '600100.SH', '300793.SZ']"
2023-07-10,2023-07-07,2023-07-17,-0.006394460699702152,100,0.5,500,"['002512.SZ', '300226.SZ', '600278.SH', '002345.SZ', '688258.SH', '002469.SZ', '002308.SZ', '600710.SH', '600686.SH', '603189.SH', '603508.SH', '002401.SZ', '600748.SH', '000797.SZ', '300592.SZ', '600683.SH', '002908.SZ', '002965.SZ', '600629.SH', '603618.SH', '000922.SZ', '000543.SZ', '300510.SZ', '688658.SH', '002919.SZ', '300286.SZ', '000819.SZ', '300693.SZ', '300129.SZ', '000600.SZ', '688076.SH', '600537.SH', '300773.SZ', '688378.SH', '301087.SZ', '002990.SZ', '300551.SZ', '300740.SZ', '688100.SH', '003021.SZ', '600152.SH', '002583.SZ', '603998.SH', '002017.SZ', '002090.SZ', '002665.SZ', '002115.SZ', '300480.SZ', '002446.SZ', '688277.SH', '603003.SH', '002870.SZ', '000551.SZ', '000829.SZ', '002301.SZ', '600853.SH', '300047.SZ', '603887.SH', '000034.SZ', '600126.SH', '603180.SH', '603982.SH', '603109.SH', '002547.SZ', '603869.SH', '600531.SH', '300779.SZ', '000560.SZ', '000751.SZ', '000700.SZ', '603995.SH', '600433.SH', '000863.SZ', '603708.SH', '600477.SH', '688039.SH', '600218.SH', '000825.SZ', '000761.SZ', '603990.SH', '000627.SZ', '603035.SH', '600742.SH', '002251.SZ', '000589.SZ', '600581.SH', '301215.SZ', '000550.SZ', '600375.SH', '300766.SZ', '600699.SH', '002237.SZ', '601789.SH', '603859.SH', '603636.SH', '603878.SH', '600282.SH', '600058.SH', '002171.SZ', '688365.SH']"
2023-07-17,2023-07-14,2023-07-24,-0.020770460117336582,100,0.5,500,"['603003.SH', '603109.SH', '000700.SZ', '000551.SZ', '603035.SH', '603508.SH', '603859.SH', '002308.SZ', '600218.SH', '002345.SZ', '603878.SH', '300047.SZ', '603990.SH', '600853.SH', '300766.SZ', '688258.SH', '688365.SH', '688039.SH', '000751.SZ', '600742.SH', '300779.SZ', '600748.SH', '000034.SZ', '603189.SH', '300226.SZ', '002512.SZ', '000829.SZ', '600531.SH', '603708.SH', '600278.SH', '000589.SZ', '601789.SH', '000560.SZ', '603636.SH', '600126.SH', '000761.SZ', '603982.SH', '002990.SZ', '603869.SH', '603887.SH', '002171.SZ', '600282.SH', '002401.SZ', '000550.SZ', '600710.SH', '600375.SH', '002547.SZ', '002965.SZ', '300592.SZ', '002469.SZ', '300872.SZ', '603165.SH', '300531.SZ', '002421.SZ', '603686.SH', '000409.SZ', '600756.SH', '002772.SZ', '688588.SH', '002197.SZ', '300664.SZ', '600469.SH', '600850.SH', '300645.SZ', '600797.SH', '000552.SZ', '300020.SZ', '000913.SZ', '002649.SZ', '300815.SZ', '002029.SZ', '300532.SZ', '000737.SZ', '300680.SZ', '002167.SZ', '600120.SH', '600794.SH', '300580.SZ', '000563.SZ', '000779.SZ', '600822.SH', '300982.SZ', '600728.SH', '002697.SZ', '002489.SZ', '603399.SH', '603357.SH', '300468.SZ', '600758.SH', '300729.SZ', '600971.SH', '603383.SH', '601101.SH', '601515.SH', '300258.SZ', '000417.SZ', '002478.SZ', '002034.SZ', '600410.SH', '688207.SH']"
2023-07-24,2023-07-21,2023-07-31,0.048861367286210156,100,0.5,500,"['603887.SH', '300226.SZ', '600853.SH', '600742.SH', '600375.SH', '600278.SH', '000551.SZ', '300047.SZ', '000829.SZ', '000751.SZ', '000034.SZ', '000560.SZ', '600282.SH', '603686.SH', '600710.SH', '002547.SZ', '600756.SH', '600410.SH', '603869.SH', '300779.SZ', '688588.SH', '600469.SH', '600531.SH', '002029.SZ', '002345.SZ', '000417.SZ', '601789.SH', '000700.SZ', '002512.SZ', '688258.SH', '600797.SH', '688365.SH', '603708.SH', '603383.SH', '603982.SH', '300766.SZ', '603357.SH', '002171.SZ', '002401.SZ', '002649.SZ', '002772.SZ', '603035.SH', '600748.SH', '002197.SZ', '002478.SZ', '300468.SZ', '603636.SH', '300580.SZ', '603859.SH', '300020.SZ', '600581.SH', '002047.SZ', '600327.SH', '000868.SZ', '600782.SH', '600335.SH', '000639.SZ', '600081.SH', '000825.SZ', '000042.SZ', '600966.SH', '300469.SZ', '002336.SZ', '000627.SZ', '603180.SH', '000926.SZ', '002314.SZ', '300271.SZ', '600185.SH', '002280.SZ', '002237.SZ', '002528.SZ', '300324.SZ', '600846.SH', '002376.SZ', '600827.SH', '002298.SZ', '603863.SH', '000505.SZ', '600058.SH', '002208.SZ', '600491.SH', '000065.SZ', '000402.SZ', '002662.SZ', '600686.SH', '002310.SZ', '300559.SZ', '600694.SH', '002116.SZ', '601828.SH', '600736.SH', '603313.SH', '600987.SH', '000501.SZ', '600266.SH', '300288.SZ', '603359.SH', '600811.SH', '600446.SH']"
2023-07-31,2023-07-28,2023-08-07,-0.00882638435222533,100,0.5,500,"['000042.SZ', '000402.SZ', '600581.SH', '603313.SH', '000627.SZ', '000829.SZ', '600081.SH', '600742.SH', '603359.SH', '600853.SH', '300324.SZ', '002314.SZ', '002208.SZ', '002298.SZ', '000825.SZ', '002376.SZ', '000751.SZ', '600846.SH', '600185.SH', '600491.SH', '600335.SH', '600278.SH', '600782.SH', '002280.SZ', '600375.SH', '000560.SZ', '601828.SH', '600811.SH', '600266.SH', '603708.SH', '600686.SH', '300047.SZ', '603887.SH', '000926.SZ', '000868.SZ', '002237.SZ', '002310.SZ', '000501.SZ', '002029.SZ', '300271.SZ', '600694.SH', '300226.SZ', '300469.SZ', '600710.SH', '603686.SH', '600282.SH', '002547.SZ', '600987.SH', '000417.SZ', '600058.SH', '600569.SH', '600337.SH', '000488.SZ', '002042.SZ', '600376.SH', '600604.SH', '000761.SZ', '600094.SH', '600126.SH', '600121.SH', '000886.SZ', '002285.SZ', '000850.SZ', '002075.SZ', '000959.SZ', '000031.SZ', '002416.SZ', '002277.SZ', '002717.SZ', '000056.SZ', '300078.SZ', '002110.SZ', '002645.SZ', '000838.SZ', '600738.SH', '002301.SZ', '300248.SZ', '002162.SZ', '002251.SZ', '601069.SH', '002163.SZ', '002374.SZ', '603518.SH', '002379.SZ', '002244.SZ', '000736.SZ', '603093.SH', '000726.SZ', '601003.SH', '600308.SH', '600939.SH', '600609.SH', '600733.SH', '601686.SH', '002697.SZ', '601162.SH', '000006.SZ', '601566.SH', '000797.SZ', '600507.SH']"
2023-08-07,2023-08-04,2023-08-14,-0.028105932748494468,100,0.38,500,"['600337.SH', '600569.SH', '002285.SZ', '000761.SZ', '002298.SZ', '000825.SZ', '600581.SH', '600686.SH', '000886.SZ', '600185.SH', '600604.SH', '000959.SZ', '601069.SH', '000402.SZ', '600126.SH', '002314.SZ', '000627.SZ', '000829.SZ', '000560.SZ', '600335.SH', '000751.SZ', '603887.SH', '600094.SH', '600782.SH', '300324.SZ', '002547.SZ', '300248.SZ', '300271.SZ', '002374.SZ', '002110.SZ', '002162.SZ', '600742.SH', '600846.SH', '600376.SH', '002717.SZ', '600121.SH', '002379.SZ', '000797.SZ', '600733.SH', '600278.SH', '000031.SZ', '000850.SZ', '002237.SZ', '600853.SH', '002280.SZ', '601003.SH', '601828.SH', '603093.SH', '600266.SH', '002244.SZ', '000926.SZ', '000056.SZ', '002075.SZ', '000006.SZ', '603708.SH', '000868.SZ', '002208.SZ', '600282.SH', '300226.SZ', '300047.SZ', '600811.SH', '002301.SZ', '300072.SZ', '600966.SH', '600827.SH', '300203.SZ', '300369.SZ', '300188.SZ', '000951.SZ', '002047.SZ', '600166.SH', '603997.SH', '002609.SZ', '002813.SZ', '300036.SZ', '300598.SZ', '000029.SZ', '300057.SZ', '002530.SZ', '600418.SH', '600675.SH', '300687.SZ', '600699.SH', '300479.SZ', '000034.SZ', '000758.SZ', '300253.SZ', '002212.SZ', '000863.SZ', '002612.SZ', '002265.SZ', '600490.SH', '002239.SZ', '603189.SH', '002336.SZ', '600053.SH', '603003.SH', '601226.SH', '000158.SZ', '002528.SZ']"
2023-08-14,2023-08-11,2023-08-21,-0.0367056256738382,100,0.5,500,"['002285.SZ', '600686.SH', '000797.SZ', '000886.SZ', '300036.SZ', '300248.SZ', '300203.SZ', '002717.SZ', '000158.SZ', '601069.SH', '002162.SZ', '300369.SZ', '300479.SZ', '300188.SZ', '002813.SZ', '600376.SH', '002530.SZ', '300072.SZ', '002374.SZ', '300598.SZ', '603887.SH', '002612.SZ', '300271.SZ', '002314.SZ', '000402.SZ', '600966.SH', '000627.SZ', '300687.SZ', '002047.SZ', '002547.SZ', '603997.SH', '000850.SZ', '000031.SZ', '300253.SZ', '600675.SH', '300324.SZ', '600094.SH', '000006.SZ', '600266.SH', '000029.SZ', '002528.SZ', '600581.SH', '300057.SZ', '002110.SZ', '000959.SZ', '600733.SH', '000868.SZ', '000863.SZ', '000825.SZ', '600569.SH', '000736.SZ', '600736.SH', '689009.SH', '300779.SZ', '002561.SZ', '002251.SZ', '002657.SZ', '601187.SH', '002670.SZ', '600340.SH', '000815.SZ', '600410.SH', '002307.SZ', '601528.SH', '300659.SZ', '600133.SH', '600375.SH', '600649.SH', '603196.SH', '601198.SH', '000798.SZ', '601162.SH', '002918.SZ', '300348.SZ', '002423.SZ', '001309.SZ', '688579.SH', '002362.SZ', '688095.SH', '600901.SH', '603323.SH', '600502.SH', '600155.SH', '601068.SH', '000750.SZ', '002766.SZ', '600283.SH', '600248.SH', '600822.SH', '600491.SH', '002419.SZ', '600446.SH', '002375.SZ', '300302.SZ', '000498.SZ', '300846.SZ', '600657.SH', '000965.SZ', '002234.SZ', '002029.SZ']"
2023-08-21,2023-08-18,2023-08-28,-0.01244932927541651,100,0.5,500,"['002251.SZ', '000736.SZ', '002717.SZ', '000797.SZ', '000965.SZ', '600133.SH', '600283.SH', '300302.SZ', '600736.SH', '603196.SH', '000006.SZ', '002561.SZ', '600649.SH', '000158.SZ', '603887.SH', '002162.SZ', '600686.SH', '601187.SH', '002362.SZ', '002375.SZ', '002307.SZ', '300779.SZ', '000886.SZ', '000863.SZ', '300271.SZ', '689009.SH', '002813.SZ', '600376.SH', '300248.SZ', '601068.SH', '688579.SH', '688095.SH', '001309.SZ', '002918.SZ', '002285.SZ', '000868.SZ', '600340.SH', '002657.SZ', '000850.SZ', '300369.SZ', '002234.SZ', '002530.SZ', '002374.SZ', '300203.SZ', '600822.SH', '002528.SZ', '600657.SH', '300598.SZ', '300188.SZ', '300659.SZ', '600629.SH', '000011.SZ', '000506.SZ', '603918.SH', '002590.SZ', '002474.SZ', '000558.SZ', '002116.SZ', '600658.SH', '002117.SZ', '300678.SZ', '002315.SZ', '002229.SZ', '000544.SZ', '601116.SH', '000957.SZ', '300288.SZ', '002401.SZ', '002310.SZ', '300042.SZ', '603357.SH', '600738.SH', '300624.SZ', '000686.SZ', '002336.SZ', '600927.SH', '300378.SZ', '600103.SH', '300592.SZ', '601375.SH', '603126.SH', '300469.SZ', '001236.SZ', '603496.SH', '002703.SZ', '300634.SZ', '300021.SZ', '002912.SZ', '002536.SZ', '600284.SH', '600683.SH', '603869.SH', '601696.SH', '300130.SZ', '603959.SH', '002298.SZ', '600604.SH', '600756.SH', '000948.SZ', '603611.SH']"
2023-08-28,2023-08-25,2023-09-04,0.0168114556560839,100,0.5,500,"['000850.SZ', '000863.SZ', '002561.SZ', '000686.SZ', '002285.SZ', '600283.SH', '000886.SZ', '002298.SZ', '600738.SH', '603887.SH', '000558.SZ', '002813.SZ', '000797.SZ', '601116.SH', '002336.SZ', '600686.SH', '600822.SH', '002307.SZ', '300271.SZ', '002717.SZ', '000868.SZ', '600376.SH', '002251.SZ', '300369.SZ', '300203.SZ', '300598.SZ', '603869.SH', '600103.SH', '600657.SH', '000011.SZ', '002530.SZ', '603959.SH', '300248.SZ', '600340.SH', '688095.SH', '300188.SZ', '000006.SZ', '002657.SZ', '300779.SZ', '002918.SZ', '002362.SZ', '002162.SZ', '000736.SZ', '300469.SZ', '002528.SZ', '002116.SZ', '000965.SZ', '600736.SH', '300042.SZ', '600133.SH', '000926.SZ', '600846.SH', '600121.SH', '000560.SZ', '600827.SH', '600337.SH', '600266.SH', '601162.SH', '600814.SH', '603093.SH', '002208.SZ', '000488.SZ', '600853.SH', '600094.SH', '000750.SZ', '000501.SZ', '002244.SZ', '002376.SZ', '002961.SZ', '601828.SH', '002547.SZ', '000402.SZ', '603359.SH', '002565.SZ', '002766.SZ', '600081.SH', '000031.SZ', '002314.SZ', '601198.SH', '002419.SZ', '000758.SZ', '600864.SH', '600906.SH', '600569.SH', '002062.SZ', '600811.SH', '002344.SZ', '600742.SH', '600354.SH', '002423.SZ', '000951.SZ', '600126.SH', '600369.SH', '600603.SH', '601011.SH', '600155.SH', '300078.SZ', '600223.SH', '600185.SH', '000532.SZ']"
2023-09-04,2023-09-01,2023-09-11,-0.007343558638904247,100,0.5,500,"['600822.SH', '002208.SZ', '002062.SZ', '600283.SH', '601162.SH', '002162.SZ', '600742.SH', '600103.SH', '300042.SZ', '603887.SH', '000951.SZ', '000686.SZ', '002116.SZ', '600266.SH', '000886.SZ', '000758.SZ', '002362.SZ', '002244.SZ', '000850.SZ', '000863.SZ', '002561.SZ', '002285.SZ', '002298.SZ', '600738.SH', '000558.SZ', '002813.SZ', '000797.SZ', '601116.SH', '002336.SZ', '600686.SH', '002307.SZ', '300271.SZ', '002717.SZ', '000868.SZ', '600376.SH', '002251.SZ', '300369.SZ', '300203.SZ', '300598.SZ', '603869.SH', '600657.SH', '000011.SZ', '002530.SZ', '603959.SH', '300248.SZ', '600340.SH', '688095.SH', '300188.SZ', '000006.SZ', '002657.SZ', '300304.SZ', '002167.SZ', '002772.SZ', '300532.SZ', '000962.SZ', '002284.SZ', '000913.SZ', '603399.SH', '002540.SZ', '603035.SH', '002965.SZ', '300507.SZ', '002662.SZ', '002478.SZ', '301039.SZ', '002345.SZ', '000700.SZ', '300047.SZ', '000655.SZ', '300170.SZ', '300520.SZ', '002232.SZ', '300691.SZ', '002536.SZ', '603686.SH', '000552.SZ', '002308.SZ', '300531.SZ', '603165.SH', '300592.SZ', '000887.SZ', '301030.SZ', '002117.SZ', '002997.SZ', '300337.SZ', '603995.SH', '000779.SZ', '600694.SH', '603990.SH', '300815.SZ', '300378.SZ', '002489.SZ', '002416.SZ', '603013.SH', '603878.SH', '000090.SZ', '002649.SZ', '002752.SZ', '600961.SH', '000751.SZ']"
2023-09-11,2023-09-08,2023-09-18,-0.02251243322668701,100,0.5,500,"['002167.SZ', '603035.SH', '002162.SZ', '300507.SZ', '300520.SZ', '002284.SZ', '002662.SZ', '000655.SZ', '002965.SZ', '603990.SH', '300337.SZ', '603878.SH', '002308.SZ', '603399.SH', '002540.SZ', '300815.SZ', '000913.SZ', '300170.SZ', '300304.SZ', '000962.SZ', '000887.SZ', '300378.SZ', '301039.SZ', '002232.SZ', '000868.SZ', '002813.SZ', '002117.SZ', '002362.SZ', '300531.SZ', '000700.SZ', '300592.SZ', '002536.SZ', '002657.SZ', '603995.SH', '688095.SH', '002530.SZ', '603887.SH', '000552.SZ', '002649.SZ', '600283.SH', '300042.SZ', '002478.SZ', '002997.SZ', '300691.SZ', '000090.SZ', '603165.SH', '000758.SZ', '002208.SZ', '002416.SZ', '600822.SH', '300258.SZ', '603809.SH', '300328.SZ', '603189.SH', '605376.SH', '688327.SH', '000503.SZ', '688207.SH', '000812.SZ', '601020.SH', '603636.SH', '688083.SH', '002101.SZ', '300846.SZ', '688365.SH', '300825.SZ', '688039.SH', '600797.SH', '603348.SH', '002283.SZ', '002182.SZ', '603528.SH', '300428.SZ', '600477.SH', '002378.SZ', '600855.SH', '603138.SH', '688158.SH', '300224.SZ', '601969.SH', '000795.SZ', '002190.SZ', '300287.SZ', '002906.SZ', '002234.SZ', '603055.SH', '002978.SZ', '002454.SZ', '002421.SZ', '300645.SZ', '000970.SZ', '600410.SH', '000762.SZ', '002577.SZ', '300479.SZ', '300168.SZ', '603859.SH', '301162.SZ', '300729.SZ', '001309.SZ']"
2023-09-18,2023-09-15,2023-09-25,-0.017434460600679116,100,0.5,500,"['002662.SZ', '002162.SZ', '000090.SZ', '603399.SH', '603035.SH', '601969.SH', '002478.SZ', '002234.SZ', '000812.SZ', '600283.SH', '603995.SH', '000655.SZ', '002965.SZ', '300258.SZ', '605376.SH', '301039.SZ', '002283.SZ', '002978.SZ', '002540.SZ', '000913.SZ', '688327.SH', '603348.SH', '300520.SZ', '000503.SZ', '300428.SZ', '000758.SZ', '000700.SZ', '603165.SH', '300846.SZ', '300304.SZ', '002182.SZ', '000795.SZ', '603055.SH', '688083.SH', '300337.SZ', '000887.SZ', '000970.SZ', '300592.SZ', '688207.SH', '688365.SH', '300328.SZ', '300224.SZ', '002536.SZ', '601020.SH', '000552.SZ', '603138.SH', '603990.SH', '002167.SZ', '300507.SZ', '002101.SZ', '000517.SZ', '600971.SH', '601101.SH', '600874.SH', '600643.SH', '600742.SH', '002489.SZ', '600295.SH', '002746.SZ', '000417.SZ', '301078.SZ', '600325.SH', '300506.SZ', '603766.SH', '000829.SZ', '600603.SH', '600461.SH', '002918.SZ', '603848.SH', '002664.SZ', '000910.SZ', '002091.SZ', '600508.SH', '600327.SH', '002541.SZ', '600480.SH', '601515.SH', '000048.SZ', '603801.SH', '002085.SZ', '600282.SH', '600997.SH', '601677.SH', '002697.SZ', '600459.SH', '600888.SH', '002345.SZ', '000560.SZ', '301175.SZ', '002244.SZ', '600064.SH', '600710.SH', '002572.SZ', '600338.SH', '600502.SH', '300057.SZ', '002799.SZ', '600185.SH', '600403.SH', '000751.SZ']"
2023-09-25,2023-09-22,2023-10-09,0.007709620441529963,100,0.5,500,"['600874.SH', '002918.SZ', '300304.SZ', '002746.SZ', '002244.SZ', '300258.SZ', '000812.SZ', '000700.SZ', '601677.SH', '688327.SH', '603348.SH', '002662.SZ', '002162.SZ', '000090.SZ', '603399.SH', '603035.SH', '601969.SH', '002478.SZ', '002234.SZ', '600283.SH', '603995.SH', '000655.SZ', '002965.SZ', '605376.SH', '301039.SZ', '002283.SZ', '002978.SZ', '002540.SZ', '000913.SZ', '300520.SZ', '000503.SZ', '300428.SZ', '000758.SZ', '603165.SH', '300846.SZ', '002182.SZ', '000795.SZ', '603055.SH', '688083.SH', '300337.SZ', '000887.SZ', '000970.SZ', '300592.SZ', '688207.SH', '688365.SH', '300328.SZ', '300224.SZ', '002536.SZ', '601020.SH', '000552.SZ', '000902.SZ', '601918.SH', '300349.SZ', '601666.SH', '600618.SH', '603393.SH', '600251.SH', '002695.SZ', '002543.SZ', '300193.SZ', '300397.SZ', '002833.SZ', '600269.SH', '603722.SH', '600127.SH', '601001.SH', '300833.SZ', '601636.SH', '000683.SZ', '600873.SH', '000893.SZ', '002565.SZ', '002106.SZ', '601860.SH', '600425.SH', '300575.SZ', '600088.SH', '600123.SH', '600012.SH', '600612.SH', '000850.SZ', '002545.SZ', '688377.SH', '000672.SZ', '002154.SZ', '000923.SZ', '002383.SZ', '603599.SH', '300657.SZ', '603299.SH', '002539.SZ', '300025.SZ', '002483.SZ', '600486.SH', '600497.SH', '300177.SZ', '300307.SZ', '301089.SZ', '603871.SH', '603105.SH']"
2023-10-09,2023-09-28,2023-10-16,-0.005864989829122661,100,0.5,500,"['002162.SZ', '002543.SZ', '000672.SZ', '000812.SZ', '300193.SZ', '601666.SH', '603299.SH', '600123.SH', '600251.SH', '601001.SH', '601918.SH', '601677.SH', '000683.SZ', '000902.SZ', '002383.SZ', '600874.SH', '600873.SH', '600269.SH', '601860.SH', '601636.SH', '300177.SZ', '603348.SH', '000923.SZ', '300349.SZ', '600425.SH', '002106.SZ', '600486.SH', '603393.SH', '688377.SH', '600497.SH', '000893.SZ', '301089.SZ', '002483.SZ', '002244.SZ', '002746.SZ', '300258.SZ', '002833.SZ', '688327.SH', '600127.SH', '603871.SH', '002918.SZ', '000700.SZ', '600012.SH', '600612.SH', '002154.SZ', '300307.SZ', '300304.SZ', '002662.SZ', '000090.SZ', '603399.SH', '601975.SH', '301080.SZ', '002993.SZ', '300435.SZ', '603628.SH', '600063.SH', '300073.SZ', '300639.SZ', '600992.SH', '000968.SZ', '300841.SZ', '002452.SZ', '002444.SZ', '603931.SH', '002876.SZ', '603078.SH', '603416.SH', '688233.SH', '002432.SZ', '300363.SZ', '000962.SZ', '002158.SZ', '002119.SZ', '002922.SZ', '300233.SZ', '603366.SH', '603131.SH', '301047.SZ', '300149.SZ', '688518.SH', '688131.SH', '603212.SH', '603666.SH', '002549.SZ', '300655.SZ', '002655.SZ', '000550.SZ', '002073.SZ', '300131.SZ', '600141.SH', '300796.SZ', '603703.SH', '688202.SH', '000957.SZ', '603678.SH', '002102.SZ', '000598.SZ', '000670.SZ', '603063.SH', '300360.SZ']"
2023-10-16,2023-10-13,2023-10-23,-0.06567951288007395,100,0.5,500,"['300149.SZ', '301047.SZ', '300655.SZ', '688327.SH', '002106.SZ', '000090.SZ', '002993.SZ', '002876.SZ', '002162.SZ', '002543.SZ', '000672.SZ', '000812.SZ', '300193.SZ', '601666.SH', '603299.SH', '600123.SH', '600251.SH', '601001.SH', '601918.SH', '601677.SH', '000683.SZ', '000902.SZ', '002383.SZ', '600874.SH', '600873.SH', '600269.SH', '601860.SH', '601636.SH', '300177.SZ', '603348.SH', '000923.SZ', '300349.SZ', '600425.SH', '600486.SH', '603393.SH', '688377.SH', '600497.SH', '000893.SZ', '301089.SZ', '002483.SZ', '002244.SZ', '002746.SZ', '300258.SZ', '002833.SZ', '600127.SH', '603871.SH', '002918.SZ', '000700.SZ', '600012.SH', '600612.SH', '688181.SH', '603160.SH', '688798.SH', '002273.SZ', '688127.SH', '300429.SZ', '688277.SH', '000823.SZ', '603189.SH', '603626.SH', '300671.SZ', '300115.SZ', '688068.SH', '300047.SZ', '000503.SZ', '002643.SZ', '300657.SZ', '603138.SH', '688238.SH', '300739.SZ', '600410.SH', '300679.SZ', '603328.SH', '688106.SH', '002373.SZ', '688262.SH', '688595.SH', '002657.SZ', '688095.SH', '002745.SZ', '300683.SZ', '688138.SH', '300458.SZ', '000919.SZ', '300846.SZ', '002173.SZ', '002530.SZ', '300344.SZ', '688039.SH', '300079.SZ', '688020.SH', '002055.SZ', '688766.SH', '688083.SH', '600707.SH', '002635.SZ', '002815.SZ', '300318.SZ', '301308.SZ', '600185.SH']"
2023-10-23,2023-10-20,2023-10-30,0.08794624070213661,100,0.5,500,"['603626.SH', '600185.SH', '000919.SZ', '000823.SZ', '300149.SZ', '600707.SH', '300115.SZ', '000090.SZ', '002244.SZ', '301308.SZ', '002373.SZ', '603189.SH', '002745.SZ', '603160.SH', '002530.SZ', '603138.SH', '002106.SZ', '300344.SZ', '000503.SZ', '688595.SH', '002273.SZ', '300079.SZ', '688127.SH', '688095.SH', '688327.SH', '688068.SH', '688766.SH', '688020.SH', '688138.SH', '300671.SZ', '300846.SZ', '688106.SH', '688238.SH', '300739.SZ', '300657.SZ', '688277.SH', '301047.SZ', '688798.SH', '603328.SH', '688262.SH', '002643.SZ', '002815.SZ', '002635.SZ', '300655.SZ', '002993.SZ', '002876.SZ', '002162.SZ', '002543.SZ', '000672.SZ', '000812.SZ', '603890.SH', '000926.SZ', '600094.SH', '600266.SH', '002208.SZ', '000560.SZ', '002314.SZ', '002393.SZ', '002298.SZ', '000797.SZ', '600037.SH', '600959.SH', '000031.SZ', '000917.SZ', '300077.SZ', '000402.SZ', '300426.SZ', '000050.SZ', '600831.SH', '600637.SH', '002285.SZ', '600603.SH', '603186.SH', '688368.SH', '300078.SZ', '600640.SH', '600071.SH', '002217.SZ', '002528.SZ', '600594.SH', '000517.SZ', '300204.SZ', '001309.SZ', '002376.SZ', '300368.SZ', '300128.SZ', '688192.SH', '600325.SH', '002387.SZ', '300027.SZ', '300479.SZ', '002992.SZ', '002474.SZ', '600064.SH', '603538.SH', '688108.SH', '000156.SZ', '688062.SH', '600373.SH', '002292.SZ']"
2023-10-30,2023-10-27,2023-11-06,0.025530594195790127,100,0.5,500,"['603626.SH', '300149.SZ', '688277.SH', '300739.SZ', '603890.SH', '603189.SH', '688262.SH', '688595.SH', '688127.SH', '688020.SH', '603186.SH', '688238.SH', '300115.SZ', '600831.SH', '002298.SZ', '300479.SZ', '300077.SZ', '300846.SZ', '002387.SZ', '688766.SH', '688062.SH', '300655.SZ', '300671.SZ', '300128.SZ', '300344.SZ', '002217.SZ', '600071.SH', '603538.SH', '603138.SH', '600185.SH', '000050.SZ', '688327.SH', '688192.SH', '002273.SZ', '002876.SZ', '688138.SH', '002530.SZ', '688368.SH', '300204.SZ', '002474.SZ', '688798.SH', '300368.SZ', '000797.SZ', '301047.SZ', '002635.SZ', '000560.SZ', '001309.SZ', '000503.SZ', '688108.SH', '300657.SZ', '300790.SZ', '300324.SZ', '300683.SZ', '603595.SH', '603990.SH', '603633.SH', '300436.SZ', '002036.SZ', '300623.SZ', '002655.SZ', '688299.SH', '603003.SH', '300381.SZ', '002425.SZ', '300497.SZ', '002579.SZ', '688233.SH', '300098.SZ', '688488.SH', '002947.SZ', '300369.SZ', '688601.SH', '600237.SH', '300249.SZ', '300287.SZ', '603636.SH', '002197.SZ', '300679.SZ', '002845.SZ', '002055.SZ', '603738.SH', '002765.SZ', '002866.SZ', '300102.SZ', '300598.SZ', '300691.SZ', '688052.SH', '300248.SZ', '300793.SZ', '688176.SH', '300322.SZ', '002782.SZ', '300052.SZ', '300318.SZ', '300872.SZ', '002436.SZ', '301031.SZ', '300188.SZ', '300520.SZ', '688158.SH']"
2023-11-06,2023-11-03,2023-11-13,0.009118423331646574,100,0.5,500,"['603626.SH', '300497.SZ', '688277.SH', '300671.SZ', '300149.SZ', '300077.SZ', '603636.SH', '688176.SH', '688192.SH', '300128.SZ', '688595.SH', '002197.SZ', '688233.SH', '002530.SZ', '002217.SZ', '002387.SZ', '002036.SZ', '300318.SZ', '688020.SH', '300436.SZ', '300098.SZ', '002876.SZ', '002655.SZ', '002425.SZ', '600071.SH', '688262.SH', '300739.SZ', '688062.SH', '000503.SZ', '300188.SZ', '688766.SH', '688238.SH', '603633.SH', '688488.SH', '600831.SH', '300381.SZ', '300679.SZ', '688052.SH', '300102.SZ', '002866.SZ', '603186.SH', '300322.SZ', '688299.SH', '300204.SZ', '688368.SH', '300115.SZ', '603738.SH', '000050.SZ', '688798.SH', '603595.SH', '600797.SH', '000665.SZ', '300205.SZ', '603068.SH', '002212.SZ', '688173.SH', '300027.SZ', '300271.SZ', '300353.SZ', '002161.SZ', '002636.SZ', '002793.SZ', '688023.SH', '600360.SH', '002308.SZ', '000802.SZ', '300085.SZ', '688322.SH', '300571.SZ', '300046.SZ', '603222.SH', '300578.SZ', '300079.SZ', '603936.SH', '000607.SZ', '002449.SZ', '300168.SZ', '300323.SZ', '688167.SH', '300183.SZ', '000566.SZ', '603078.SH', '300131.SZ', '002285.SZ', '300292.SZ', '002291.SZ', '688222.SH', '300493.SZ', '600825.SH', '002528.SZ', '688110.SH', '688266.SH', '300120.SZ', '300516.SZ', '300513.SZ', '002362.SZ', '601929.SH', '002279.SZ', '300170.SZ', '002382.SZ']"
2023-11-13,2023-11-10,2023-11-20,0.029531458794492017,100,0.5,500,"['002530.SZ', '300098.SZ', '000607.SZ', '300188.SZ', '300128.SZ', '688277.SH', '300085.SZ', '688595.SH', '688176.SH', '603636.SH', '300322.SZ', '002655.SZ', '300027.SZ', '603626.SH', '603738.SH', '300077.SZ', '688322.SH', '688192.SH', '600825.SH', '688173.SH', '300120.SZ', '600797.SH', '688020.SH', '300671.SZ', '002387.SZ', '688262.SH', '300493.SZ', '300516.SZ', '300170.SZ', '688062.SH', '300149.SZ', '300497.SZ', '300079.SZ', '000802.SZ', '603936.SH', '002217.SZ', '688766.SH', '603633.SH', '002036.SZ', '002528.SZ', '300739.SZ', '603186.SH', '688110.SH', '603068.SH', '300168.SZ', '688023.SH', '600360.SH', '688233.SH', '002425.SZ', '300271.SZ', '300249.SZ', '300479.SZ', '300663.SZ', '300248.SZ', '300331.SZ', '300520.SZ', '300598.SZ', '300377.SZ', '002512.SZ', '300369.SZ', '688039.SH', '300344.SZ', '002436.SZ', '688158.SH', '300531.SZ', '301316.SZ', '603528.SH', '300368.SZ', '301095.SZ', '300790.SZ', '688365.SH', '600203.SH', '300468.SZ', '300691.SZ', '300231.SZ', '688369.SH', '002922.SZ', '603189.SH', '603138.SH', '002577.SZ', '002119.SZ', '688206.SH', '688327.SH', '300366.SZ', '603990.SH', '300465.SZ', '300036.SZ', '002642.SZ', '600571.SH', '603629.SH', '300451.SZ', '300654.SZ', '300299.SZ', '300078.SZ', '301051.SZ', '300559.SZ', '002947.SZ', '300657.SZ', '300075.SZ', '300302.SZ']"
2023-11-20,2023-11-17,2023-11-27,-0.03616473308233577,100,0.5,500,"['002655.SZ', '300128.SZ', '300120.SZ', '000607.SZ', '688176.SH', '688206.SH', '300493.SZ', '688039.SH', '300497.SZ', '300671.SZ', '688277.SH', '300077.SZ', '600825.SH', '300331.SZ', '688158.SH', '688365.SH', '688595.SH', '688322.SH', '300027.SZ', '688173.SH', '603738.SH', '002119.SZ', '300322.SZ', '002922.SZ', '688233.SH', '688110.SH', '600203.SH', '300654.SZ', '000802.SZ', '300149.SZ', '603626.SH', '688766.SH', '300299.SZ', '002036.SZ', '688020.SH', '603990.SH', '688023.SH', '603633.SH', '002217.SZ', '603068.SH', '300657.SZ', '603636.SH', '301051.SZ', '688262.SH', '603936.SH', '300739.SZ', '688062.SH', '002436.SZ', '002387.SZ', '603629.SH', '300205.SZ', '300183.SZ', '300292.SZ', '688266.SH', '002876.SZ', '603869.SH', '300566.SZ', '300046.SZ', '603078.SH', '002741.SZ', '300456.SZ', '688010.SH', '688207.SH', '688083.SH', '002079.SZ', '300571.SZ', '688270.SH', '600353.SH', '603466.SH', '002897.SZ', '300603.SZ', '300136.SZ', '600200.SH', '002173.SZ', '603380.SH', '603520.SH', '688095.SH', '000788.SZ', '002792.SZ', '300081.SZ', '300590.SZ', '002636.SZ', '300504.SZ', '301171.SZ', '300346.SZ', '600641.SH', '300131.SZ', '002940.SZ', '688488.SH', '002993.SZ', '688131.SH', '300655.SZ', '603222.SH', '300735.SZ', '300032.SZ', '002467.SZ', '688185.SH', '002866.SZ', '688258.SH', '002194.SZ']"
2023-11-27,2023-11-24,2023-12-04,0.010637691913635207,100,0.5,500,"['603068.SH', '688176.SH', '688010.SH', '300149.SZ', '600200.SH', '688110.SH', '688766.SH', '688595.SH', '600203.SH', '603626.SH', '300322.SZ', '603869.SH', '688023.SH', '002217.SZ', '688158.SH', '002741.SZ', '688185.SH', '300077.SZ', '688365.SH', '300497.SZ', '603222.SH', '002173.SZ', '300671.SZ', '300032.SZ', '688095.SH', '300657.SZ', '688322.SH', '300331.SZ', '002119.SZ', '688266.SH', '300120.SZ', '002387.SZ', '688258.SH', '688233.SH', '300128.SZ', '300493.SZ', '688062.SH', '000788.SZ', '688270.SH', '002940.SZ', '688262.SH', '688083.SH', '600353.SH', '002655.SZ', '000607.SZ', '688206.SH', '688039.SH', '688277.SH', '600825.SH', '300027.SZ', '603890.SH', '300324.SZ', '300287.SZ', '300078.SZ', '002279.SZ', '002750.SZ', '688369.SH', '300102.SZ', '002642.SZ', '000813.SZ', '300204.SZ', '002793.SZ', '000558.SZ', '603516.SH', '300846.SZ', '002141.SZ', '002657.SZ', '300709.SZ', '300683.SZ', '002474.SZ', '002845.SZ', '002285.SZ', '688222.SH', '002908.SZ', '688085.SH', '002579.SZ', '002644.SZ', '002298.SZ', '002198.SZ', '002729.SZ', '000056.SZ', '002362.SZ', '603887.SH', '000029.SZ', '300302.SZ', '688327.SH', '002308.SZ', '300158.SZ', '300042.SZ', '300436.SZ', '300047.SZ', '300271.SZ', '300085.SZ', '002435.SZ', '000503.SZ', '002530.SZ', '600246.SH', '300323.SZ', '688588.SH', '002581.SZ']"
2023-12-04,2023-12-01,2023-12-11,-0.012371384186414076,100,0.5,500,"['603890.SH', '688010.SH', '688327.SH', '603068.SH', '300287.SZ', '002119.SZ', '000503.SZ', '688588.SH', '603516.SH', '300085.SZ', '300324.SZ', '000813.SZ', '300204.SZ', '603887.SH', '300078.SZ', '002845.SZ', '688766.SH', '300042.SZ', '300846.SZ', '300047.SZ', '300102.SZ', '002750.SZ', '688085.SH', '000056.SZ', '688095.SH', '688222.SH', '688365.SH', '002642.SZ', '600246.SH', '688322.SH', '688595.SH', '002793.SZ', '603626.SH', '300120.SZ', '002579.SZ', '300657.SZ', '002729.SZ', '300709.SZ', '002908.SZ', '688158.SH', '002279.SZ', '002173.SZ', '688233.SH', '603222.SH', '688266.SH', '688369.SH', '603869.SH', '300302.SZ', '300077.SZ', '600203.SH', '600829.SH', '002161.SZ', '603368.SH', '000517.SZ', '300951.SZ', '603611.SH', '603002.SH', '300469.SZ', '603367.SH', '000090.SZ', '300368.SZ', '000797.SZ', '600594.SH', '600094.SH', '000727.SZ', '600479.SH', '002992.SZ', '300479.SZ', '002393.SZ', '603528.SH', '300463.SZ', '300194.SZ', '300044.SZ', '600488.SH', '300184.SZ', '002055.SZ', '000926.SZ', '688228.SH', '603138.SH', '000560.SZ', '000034.SZ', '600789.SH', '300226.SZ', '300344.SZ', '301236.SZ', '300708.SZ', '600664.SH', '600756.SH', '002932.SZ', '000045.SZ', '300552.SZ', '000670.SZ', '603703.SH', '300579.SZ', '600185.SH', '000411.SZ', '603189.SH', '300598.SZ', '300110.SZ', '000919.SZ']"
2023-12-11,2023-12-08,2023-12-18,-0.028151355535142565,100,0.5,500,"['600185.SH', '000797.SZ', '300368.SZ', '000560.SZ', '300078.SZ', '000517.SZ', '603068.SH', '300102.SZ', '300579.SZ', '000503.SZ', '000926.SZ', '002992.SZ', '002161.SZ', '300287.SZ', '603890.SH', '600756.SH', '688588.SH', '603887.SH', '000727.SZ', '688228.SH', '000090.SZ', '300324.SZ', '600246.SH', '002793.SZ', '688327.SH', '600829.SH', '002055.SZ', '300469.SZ', '688766.SH', '002579.SZ', '300708.SZ', '600094.SH', '603516.SH', '688369.SH', '603138.SH', '688322.SH', '002393.SZ', '000045.SZ', '603002.SH', '688095.SH', '603869.SH', '300085.SZ', '600594.SH', '300344.SZ', '300110.SZ', '688365.SH', '300226.SZ', '603528.SH', '300598.SZ', '300204.SZ', '002376.SZ', '600936.SH', '603421.SH', '600959.SH', '603881.SH', '603236.SH', '600556.SH', '600603.SH', '002462.SZ', '603999.SH', '600986.SH', '600707.SH', '000042.SZ', '002314.SZ', '002065.SZ', '000006.SZ', '002609.SZ', '000863.SZ', '603103.SH', '600977.SH', '600446.SH', '600037.SH', '601811.SH', '002745.SZ', '002435.SZ', '300348.SZ', '000566.SZ', '600604.SH', '000838.SZ', '002589.SZ', '600648.SH', '300168.SZ', '600831.SH', '002449.SZ', '301051.SZ', '600373.SH', '600718.SH', '002217.SZ', '300212.SZ', '600223.SH', '688798.SH', '688066.SH', '300232.SZ', '688027.SH', '300788.SZ', '002528.SZ', '002285.SZ', '600797.SH', '600171.SH', '002439.SZ']"
2023-12-18,2023-12-15,2023-12-25,-0.05956544839154931,100,0.5,500,"['000926.SZ', '000517.SZ', '002462.SZ', '000560.SZ', '600185.SH', '600094.SH', '600829.SH', '000797.SZ', '000090.SZ', '000042.SZ', '002314.SZ', '000863.SZ', '600594.SH', '002285.SZ', '300368.SZ', '002376.SZ', '601811.SH', '600959.SH', '600936.SH', '000006.SZ', '603887.SH', '002528.SZ', '600604.SH', '603103.SH', '002161.SZ', '002745.SZ', '002449.SZ', '300226.SZ', '000727.SZ', '688228.SH', '600603.SH', '603890.SH', '600037.SH', '600223.SH', '600831.SH', '002217.SZ', '000045.SZ', '600707.SH', '300469.SZ', '002609.SZ', '300212.SZ', '688327.SH', '002579.SZ', '300344.SZ', '603999.SH', '603516.SH', '300788.SZ', '600977.SH', '688369.SH', '000838.SZ', '300426.SZ', '600613.SH', '002208.SZ', '002244.SZ', '600266.SH', '600288.SH', '000718.SZ', '002905.SZ', '600637.SH', '603386.SH', '600657.SH', '600658.SH', '300027.SZ', '000031.SZ', '000670.SZ', '600757.SH', '000402.SZ', '600510.SH', '002322.SZ', '601929.SH', '300552.SZ', '605577.SH', '600064.SH', '000917.SZ', '601019.SH', '000802.SZ', '600649.SH', '002106.SZ', '600736.SH', '600376.SH', '002955.SZ', '600325.SH', '000736.SZ', '301153.SZ', '002908.SZ', '300133.SZ', '688192.SH', '000156.SZ', '600640.SH', '688550.SH', '603611.SH', '300288.SZ', '601098.SH', '600203.SH', '300044.SZ', '000034.SZ', '601999.SH', '300047.SZ', '000558.SZ', '002298.SZ']"
2023-12-25,2023-12-22,2024-01-02,0.018479363769644878,100,0.5,500,"['603611.SH', '000090.SZ', '603386.SH', '000517.SZ', '600094.SH', '002106.SZ', '002244.SZ', '600594.SH', '002955.SZ', '000034.SZ', '600325.SH', '600266.SH', '300226.SZ', '600064.SH', '002322.SZ', '688550.SH', '002745.SZ', '000727.SZ', '000560.SZ', '000926.SZ', '600613.SH', '300047.SZ', '000797.SZ', '002314.SZ', '600603.SH', '600288.SH', '000670.SZ', '002449.SZ', '600376.SH', '600736.SH', '301153.SZ', '000031.SZ', '300044.SZ', '002462.SZ', '600185.SH', '600829.SH', '000042.SZ', '000863.SZ', '002285.SZ', '300368.SZ', '002376.SZ', '601811.SH', '600959.SH', '600936.SH', '000006.SZ', '603887.SH', '002528.SZ', '600604.SH', '603103.SH', '002161.SZ', '603368.SH', '000028.SZ', '600351.SH', '600479.SH', '000048.SZ', '002130.SZ', '603367.SH', '603093.SH', '002727.SZ', '300219.SZ', '002922.SZ', '002020.SZ', '000650.SZ', '300194.SZ', '301207.SZ', '300653.SZ', '002773.SZ', '002913.SZ', '600285.SH', '600587.SH', '603920.SH', '002815.SZ', '000915.SZ', '002045.SZ', '600664.SH', '688566.SH', '603328.SH', '002993.SZ', '600713.SH', '300181.SZ', '600979.SH', '002947.SZ', '002937.SZ', '688601.SH', '600267.SH', '603327.SH', '300790.SZ', '603228.SH', '000997.SZ', '301089.SZ', '300630.SZ', '002275.SZ', '301015.SZ', '002004.SZ', '600789.SH', '300396.SZ', '002728.SZ', '000078.SZ', '600643.SH', '300559.SZ']"
2024-01-02,2023-12-29,2024-01-08,-0.03570651614071783,100,0.5,500,"['603386.SH', '000034.SZ', '002020.SZ', '002773.SZ', '002947.SZ', '300559.SZ', '301015.SZ', '300047.SZ', '688566.SH', '300630.SZ', '600789.SH', '600288.SH', '603611.SH', '000090.SZ', '000517.SZ', '600094.SH', '002106.SZ', '002244.SZ', '600594.SH', '002955.SZ', '600325.SH', '600266.SH', '300226.SZ', '600064.SH', '002322.SZ', '688550.SH', '002745.SZ', '000727.SZ', '000560.SZ', '000926.SZ', '600613.SH', '000797.SZ', '002314.SZ', '600603.SH', '000670.SZ', '002449.SZ', '600376.SH', '600736.SH', '301153.SZ', '000031.SZ', '300044.SZ', '002462.SZ', '600185.SH', '600829.SH', '000042.SZ', '000863.SZ', '002285.SZ', '300368.SZ', '002376.SZ', '601811.SH', '603619.SH', '002083.SZ', '603809.SH', '000700.SZ', '000550.SZ', '002588.SZ', '000829.SZ', '002870.SZ', '603013.SH', '000404.SZ', '605090.SH', '603708.SH', '600368.SH', '601666.SH', '002170.SZ', '601107.SH', '000612.SZ', '600612.SH', '000680.SZ', '600971.SH', '002091.SZ', '300729.SZ', '300441.SZ', '601028.SH', '600180.SH', '002416.SZ', '600428.SH', '300856.SZ', '000737.SZ', '300873.SZ', '002757.SZ', '600509.SH', '002865.SZ', '600794.SH', '002345.SZ', '603867.SH', '600123.SH', '002664.SZ', '603055.SH', '600335.SH', '600295.SH', '600686.SH', '603686.SH', '002540.SZ', '600667.SH', '600582.SH', '600777.SH', '002782.SZ', '000828.SZ', '002171.SZ']"
2024-01-08,2024-01-05,2024-01-15,0.009629346685862506,100,0.5,500,"['600829.SH', '600594.SH', '603611.SH', '600368.SH', '603619.SH', '000404.SZ', '002083.SZ', '002462.SZ', '000090.SZ', '000517.SZ', '600509.SH', '000612.SZ', '605090.SH', '002870.SZ', '600180.SH', '002170.SZ', '600794.SH', '600064.SH', '002540.SZ', '300873.SZ', '600266.SH', '002322.SZ', '002171.SZ', '002757.SZ', '300856.SZ', '301015.SZ', '600325.SH', '000926.SZ', '000560.SZ', '600603.SH', '603386.SH', '000034.SZ', '002020.SZ', '002773.SZ', '002947.SZ', '300559.SZ', '300047.SZ', '688566.SH', '300630.SZ', '600789.SH', '600288.SH', '600094.SH', '002106.SZ', '002244.SZ', '002955.SZ', '300226.SZ', '688550.SH', '002745.SZ', '000727.SZ', '600613.SH', '603689.SH', '002443.SZ', '002697.SZ', '000417.SZ', '000731.SZ', '603012.SH', '000885.SZ', '600822.SH', '605158.SH', '002478.SZ', '600479.SH', '600035.SH', '600694.SH', '300194.SZ', '002768.SZ', '002479.SZ', '000905.SZ', '300355.SZ', '603360.SH', '600300.SH', '603167.SH', '300435.SZ', '002471.SZ', '002206.SZ', '603618.SH', '000531.SZ', '000968.SZ', '600531.SH', '600888.SH', '603093.SH', '002452.SZ', '000655.SZ', '601137.SH', '000707.SZ', '000048.SZ', '002627.SZ', '301358.SZ', '000888.SZ', '600459.SH', '600327.SH', '002033.SZ', '000920.SZ', '000966.SZ', '603050.SH', '603278.SH', '600127.SH', '603018.SH', '002905.SZ', '600284.SH', '603929.SH']"
2024-01-15,2024-01-12,2024-01-22,-0.10000911115909507,100,0.46,500,"['600829.SH', '002697.SZ', '002478.SZ', '002083.SZ', '600479.SH', '600368.SH', '600594.SH', '000417.SZ', '000731.SZ', '000090.SZ', '002206.SZ', '600035.SH', '002462.SZ', '000517.SZ', '002768.SZ', '600822.SH', '603619.SH', '600694.SH', '600888.SH', '603012.SH', '000404.SZ', '000885.SZ', '600531.SH', '600327.SH', '000888.SZ', '000905.SZ', '600509.SH', '002471.SZ', '600300.SH', '002452.SZ', '000968.SZ', '002479.SZ', '000048.SZ', '603167.SH', '605090.SH', '605158.SH', '603050.SH', '300435.SZ', '300355.SZ', '000920.SZ', '603618.SH', '300194.SZ', '603929.SH', '002033.SZ', '603018.SH', '600284.SH', '600794.SH', '600064.SH', '600266.SH', '002870.SZ', '600127.SH', '002905.SZ', '002540.SZ', '301358.SZ', '000068.SZ', '600125.SH', '002393.SZ', '600731.SH', '603136.SH', '000850.SZ', '600982.SH', '600526.SH', '600336.SH', '000529.SZ', '603697.SH', '603357.SH', '605088.SH', '002818.SZ', '002140.SZ', '600496.SH', '600961.SH', '600261.SH', '603995.SH', '000923.SZ', '300888.SZ', '301207.SZ', '001203.SZ', '601789.SH', '600901.SH', '603300.SH', '002237.SZ', '300110.SZ', '603876.SH', '002255.SZ', '300662.SZ', '002554.SZ', '600693.SH', '000567.SZ', '600551.SH', '002948.SZ', '603323.SH', '000922.SZ', '000993.SZ', '601177.SH', '601665.SH', '002919.SZ', '600798.SH', '601860.SH', '600928.SH', '600163.SH']"
2024-01-22,2024-01-19,2024-01-29,0.07328303110153996,100,0.35,500,"['600368.SH', '002478.SZ', '002471.SZ', '600888.SH', '603619.SH', '600035.SH', '000417.SZ', '600064.SH', '000885.SZ', '000048.SZ', '603012.SH', '002393.SZ', '300194.SZ', '605158.SH', '600125.SH', '600901.SH', '002697.SZ', '605090.SH', '300888.SZ', '603357.SH', '000517.SZ', '600479.SH', '603018.SH', '600594.SH', '601177.SH', '301358.SZ', '000567.SZ', '603167.SH', '000404.SZ', '002255.SZ', '600327.SH', '000922.SZ', '002540.SZ', '000923.SZ', '001203.SZ', '600822.SH', '600531.SH', '600284.SH', '002083.SZ', '002206.SZ', '000090.SZ', '300355.SZ', '600261.SH', '002768.SZ', '002462.SZ', '002948.SZ', '600509.SH', '600551.SH', '600794.SH', '601665.SH', '002905.SZ', '002479.SZ', '301207.SZ', '603323.SH', '000993.SZ', '603929.SH', '603300.SH', '600693.SH', '601860.SH', '000905.SZ', '600336.SH', '300110.SZ', '600961.SH', '002452.SZ', '601789.SH', '603519.SH', '000552.SZ', '002264.SZ', '000026.SZ', '603808.SH', '605066.SH', '600639.SH', '601956.SH', '600814.SH', '600229.SH', '600390.SH', '000563.SZ', '003006.SZ', '600507.SH', '000655.SZ', '002978.SZ', '002757.SZ', '000935.SZ', '301015.SZ', '000919.SZ', '000612.SZ', '002441.SZ', '300100.SZ', '002839.SZ', '001914.SZ', '600510.SH', '603093.SH', '601187.SH', '001213.SZ', '600643.SH', '600120.SH', '600629.SH', '605050.SH', '002423.SZ', '688526.SH']"
2024-01-29,2024-01-26,2024-02-05,-0.17577426858405826,100,0.5,500,"['301358.SZ', '600064.SH', '600510.SH', '002478.SZ', '600814.SH', '300194.SZ', '002471.SZ', '000404.SZ', '600531.SH', '600479.SH', '600551.SH', '603357.SH', '600639.SH', '002462.SZ', '000612.SZ', '600327.SH', '001914.SZ', '605050.SH', '000993.SZ', '600336.SH', '000048.SZ', '000517.SZ', '000417.SZ', '300888.SZ', '600888.SH', '000922.SZ', '600368.SH', '600035.SH', '601789.SH', '603012.SH', '600901.SH', '605158.SH', '000919.SZ', '000026.SZ', '000655.SZ', '002479.SZ', '600390.SH', '601187.SH', '600507.SH', '601177.SH', '600229.SH', '000090.SZ', '000905.SZ', '000885.SZ', '603167.SH', '002206.SZ', '000567.SZ', '002255.SZ', '000563.SZ', '002839.SZ', '600829.SH', '600982.SH', '002392.SZ', '002443.SZ', '600180.SH', '600784.SH', '601512.SH', '000968.SZ', '002375.SZ', '600979.SH', '600613.SH', '002237.SZ', '600798.SH', '000631.SZ', '600927.SH', '000906.SZ', '002469.SZ', '300284.SZ', '603876.SH', '600611.SH', '000011.SZ', '000958.SZ', '002171.SZ', '000507.SZ', '600259.SH', '300662.SZ', '002358.SZ', '603897.SH', '600758.SH', '600846.SH', '002344.SZ', '000900.SZ', '000718.SZ', '601963.SH', '002277.SZ', '600310.SH', '000600.SZ', '000779.SZ', '600909.SH', '600604.SH', '000920.SZ', '601008.SH', '002243.SZ', '002589.SZ', '603815.SH', '300434.SZ', '002510.SZ', '002208.SZ', '002961.SZ', '688190.SH']"
2024-02-05,2024-02-02,2024-02-19,0.12759415545568656,100,0.5,500,"['300888.SZ', '002478.SZ', '000600.SZ', '000048.SZ', '000517.SZ', '600064.SH', '600507.SH', '600888.SH', '600035.SH', '000090.SZ', '002237.SZ', '000905.SZ', '603876.SH', '600327.SH', '000404.SZ', '000417.SZ', '000885.SZ', '600901.SH', '000567.SZ', '000026.SZ', '600611.SH', '600259.SH', '000958.SZ', '002462.SZ', '600368.SH', '600531.SH', '002206.SZ', '000612.SZ', '000563.SZ', '600180.SH', '600798.SH', '600604.SH', '600979.SH', '000507.SZ', '600927.SH', '605158.SH', '000922.SZ', '002443.SZ', '600510.SH', '002839.SZ', '002469.SZ', '601187.SH', '002392.SZ', '601789.SH', '601963.SH', '000631.SZ', '603167.SH', '002171.SZ', '600390.SH', '603897.SH', '601921.SH', '600603.SH', '002083.SZ', '688778.SH', '600694.SH', '605368.SH', '002367.SZ', '002991.SZ', '000758.SZ', '000923.SZ', '001213.SZ', '301219.SZ', '603713.SH', '603995.SH', '601113.SH', '600223.SH', '600032.SH', '301263.SZ', '600906.SH', '001301.SZ', '301238.SZ', '000966.SZ', '300887.SZ', '002948.SZ', '601089.SH', '600928.SH', '601665.SH', '002533.SZ', '600908.SH', '300811.SZ', '603018.SH', '601609.SH', '601375.SH', '000750.SZ', '603300.SH', '600279.SH', '002500.SZ', '603360.SH', '603323.SH', '601997.SH', '000415.SZ', '300286.SZ', '601528.SH', '000719.SZ', '601860.SH', '002797.SZ', '301367.SZ', '600649.SH', '688085.SH', '601069.SH']"
2024-02-19,2024-02-08,2024-02-26,0.05851312599249125,100,0.5,500,"['000923.SZ', '000719.SZ', '600035.SH', '605158.SH', '000026.SZ', '600368.SH', '000517.SZ', '002469.SZ', '002478.SZ', '000417.SZ', '002443.SZ', '002367.SZ', '600180.SH', '600327.SH', '000885.SZ', '301238.SZ', '000404.SZ', '601921.SH', '600888.SH', '600223.SH', '002392.SZ', '601089.SH', '002462.SZ', '002533.SZ', '600510.SH', '000600.SZ', '603167.SH', '600531.SH', '603897.SH', '002083.SZ', '000415.SZ', '600390.SH', '001301.SZ', '600928.SH', '600908.SH', '000507.SZ', '002948.SZ', '601860.SH', '601789.SH', '601665.SH', '300888.SZ', '000612.SZ', '603323.SH', '601997.SH', '000631.SZ', '601963.SH', '600901.SH', '605368.SH', '000958.SZ', '000567.SZ', '600229.SH', '300194.SZ', '603366.SH', '600125.SH', '002491.SZ', '601188.SH', '601677.SH', '603165.SH', '688569.SH', '600592.SH', '002990.SZ', '300403.SZ', '600829.SH', '002757.SZ', '002632.SZ', '002026.SZ', '600106.SH', '600488.SH', '002540.SZ', '601137.SH', '300592.SZ', '600986.SH', '300773.SZ', '000888.SZ', '300882.SZ', '000718.SZ', '600748.SH', '300113.SZ', '688658.SH', '300441.SZ', '605090.SH', '002988.SZ', '002651.SZ', '688035.SH', '603569.SH', '600278.SH', '301171.SZ', '002115.SZ', '300280.SZ', '300531.SZ', '603258.SH', '002803.SZ', '000968.SZ', '300536.SZ', '600551.SH', '000969.SZ', '600155.SH', '002358.SZ', '002243.SZ', '600792.SH']"
2024-02-26,2024-02-23,2024-03-04,0.018771397080550176,100,0.5,500,"['601188.SH', '300536.SZ', '600592.SH', '002988.SZ', '600327.SH', '600106.SH', '002358.SZ', '603366.SH', '600125.SH', '002632.SZ', '600229.SH', '002115.SZ', '002533.SZ', '603897.SH', '603569.SH', '300531.SZ', '300592.SZ', '600748.SH', '600829.SH', '300280.SZ', '605158.SH', '300194.SZ', '300113.SZ', '002990.SZ', '002026.SZ', '603167.SH', '000888.SZ', '600223.SH', '600792.SH', '000969.SZ', '000923.SZ', '000404.SZ', '000719.SZ', '002443.SZ', '000600.SZ', '300882.SZ', '600531.SH', '600155.SH', '600986.SH', '600035.SH', '002367.SZ', '601921.SH', '001301.SZ', '002540.SZ', '000417.SZ', '000026.SZ', '600368.SH', '000517.SZ', '002469.SZ', '002478.SZ', '603999.SH', '002427.SZ', '603861.SH', '000863.SZ', '603278.SH', '601999.SH', '600218.SH', '600468.SH', '002366.SZ', '002577.SZ', '000802.SZ', '600805.SH', '002785.SZ', '000558.SZ', '601177.SH', '300027.SZ', '603353.SH', '000721.SZ', '002561.SZ', '601116.SH', '605050.SH', '300213.SZ', '688590.SH', '000922.SZ', '002520.SZ', '300426.SZ', '002908.SZ', '002640.SZ', '600824.SH', '300925.SZ', '001330.SZ', '300551.SZ', '600310.SH', '002300.SZ', '002933.SZ', '300043.SZ', '002546.SZ', '600853.SH', '003040.SZ', '000750.SZ', '603815.SH', '688108.SH', '605136.SH', '300740.SZ', '600906.SH', '000561.SZ', '300691.SZ', '600927.SH', '300292.SZ', '600238.SH']"
2024-03-04,2024-03-01,2024-03-11,0.015222450000433534,100,0.5,500,"['300531.SZ', '002933.SZ', '601999.SH', '300213.SZ', '300592.SZ', '688590.SH', '002561.SZ', '002577.SZ', '002908.SZ', '603999.SH', '603897.SH', '002026.SZ', '300691.SZ', '300536.SZ', '002632.SZ', '300292.SZ', '002990.SZ', '603569.SH', '002540.SZ', '300740.SZ', '300426.SZ', '300551.SZ', '600592.SH', '000721.SZ', '600238.SH', '000802.SZ', '300194.SZ', '002367.SZ', '000969.SZ', '002469.SZ', '688108.SH', '600125.SH', '002533.SZ', '300925.SZ', '000888.SZ', '601177.SH', '002785.SZ', '600531.SH', '000863.SZ', '600805.SH', '002988.SZ', '002478.SZ', '300043.SZ', '000404.SZ', '300882.SZ', '600229.SH', '300027.SZ', '002546.SZ', '002520.SZ', '600035.SH', '300860.SZ', '000962.SZ', '002609.SZ', '300504.SZ', '688259.SH', '300590.SZ', '002095.SZ', '000409.SZ', '603003.SH', '300031.SZ', '002587.SZ', '000868.SZ', '688258.SH', '300100.SZ', '603686.SH', '300299.SZ', '688035.SH', '688687.SH', '300802.SZ', '300328.SZ', '002189.SZ', '300872.SZ', '688668.SH', '002642.SZ', '300368.SZ', '300603.SZ', '300377.SZ', '300044.SZ', '300287.SZ', '688579.SH', '688160.SH', '002149.SZ', '300252.SZ', '300231.SZ', '600698.SH', '300809.SZ', '300503.SZ', '688192.SH', '600469.SH', '300288.SZ', '003032.SZ', '605577.SH', '300792.SZ', '300629.SZ', '688206.SH', '300402.SZ', '300302.SZ', '300177.SZ', '002497.SZ', '688147.SH']"
2024-03-11,2024-03-08,2024-03-18,0.05265016454296511,100,0.5,500,"['300691.SZ', '605577.SH', '003032.SZ', '300100.SZ', '002990.SZ', '002988.SZ', '688147.SH', '300882.SZ', '603003.SH', '688687.SH', '000962.SZ', '002540.SZ', '300629.SZ', '600229.SH', '002478.SZ', '300288.SZ', '000409.SZ', '000888.SZ', '600592.SH', '300503.SZ', '300043.SZ', '688590.SH', '300031.SZ', '300809.SZ', '688668.SH', '300426.SZ', '600531.SH', '300590.SZ', '002149.SZ', '300531.SZ', '300925.SZ', '300740.SZ', '688258.SH', '600125.SH', '300044.SZ', '002577.SZ', '600035.SH', '600698.SH', '002561.SZ', '002533.SZ', '300194.SZ', '300872.SZ', '300292.SZ', '300504.SZ', '002933.SZ', '601999.SH', '300213.SZ', '300592.SZ', '002908.SZ', '603999.SH', '603158.SH', '002184.SZ', '600961.SH', '002803.SZ', '300444.SZ', '300063.SZ', '603929.SH', '002116.SZ', '003038.SZ', '300533.SZ', '001269.SZ', '301239.SZ', '300532.SZ', '300654.SZ', '301391.SZ', '300129.SZ', '603598.SH', '002886.SZ', '003000.SZ', '603619.SH', '000532.SZ', '600822.SH', '300880.SZ', '000737.SZ', '603628.SH', '002115.SZ', '600318.SH', '605158.SH', '002255.SZ', '601599.SH', '300893.SZ', '003021.SZ', '600792.SH', '002192.SZ', '600696.SH', '002033.SZ', '603319.SH', '603050.SH', '600636.SH', '300354.SZ', '300337.SZ', '603757.SH', '002979.SZ', '603396.SH', '002178.SZ', '000885.SZ', '001270.SZ', '002870.SZ', '600825.SH', '002728.SZ']"
2024-03-18,2024-03-15,2024-03-25,-0.015308649962320594,100,0.5,500,"['300691.SZ', '300100.SZ', '603396.SH', '603003.SH', '300444.SZ', '300337.SZ', '300654.SZ', '001270.SZ', '003032.SZ', '300288.SZ', '300043.SZ', '600636.SH', '003038.SZ', '002178.SZ', '600698.SH', '600825.SH', '300880.SZ', '300292.SZ', '300592.SZ', '003021.SZ', '002988.SZ', '300531.SZ', '002577.SZ', '002116.SZ', '601599.SH', '600318.SH', '300503.SZ', '002870.SZ', '300044.SZ', '000532.SZ', '300426.SZ', '600696.SH', '301391.SZ', '300129.SZ', '300532.SZ', '603628.SH', '300872.SZ', '002192.SZ', '603598.SH', '688668.SH', '002803.SZ', '002255.SZ', '300031.SZ', '688258.SH', '603929.SH', '002115.SZ', '600792.SH', '600822.SH', '002561.SZ', '300882.SZ', '300571.SZ', '300222.SZ', '002362.SZ', '002897.SZ', '300846.SZ', '002708.SZ', '688313.SH', '300402.SZ', '300047.SZ', '688365.SH', '002813.SZ', '688039.SH', '000812.SZ', '688277.SH', '603138.SH', '300607.SZ', '688159.SH', '300688.SZ', '002971.SZ', '300397.SZ', '600537.SH', '300788.SZ', '300113.SZ', '000982.SZ', '605376.SH', '688510.SH', '300541.SZ', '688418.SH', '603258.SH', '002733.SZ', '300377.SZ', '002771.SZ', '300870.SZ', '603015.SH', '300802.SZ', '603869.SH', '603507.SH', '688733.SH', '600520.SH', '300581.SZ', '300081.SZ', '002383.SZ', '603660.SH', '300280.SZ', '300252.SZ', '300471.SZ', '002483.SZ', '603110.SH', '002173.SZ', '300027.SZ']"
2024-03-25,2024-03-22,2024-04-01,0.004987463419986817,100,0.5,500,"['300047.SZ', '002115.SZ', '002870.SZ', '300081.SZ', '603015.SH', '300100.SZ', '003032.SZ', '002178.SZ', '300043.SZ', '002362.SZ', '002813.SZ', '300870.SZ', '603003.SH', '000532.SZ', '300571.SZ', '002771.SZ', '300607.SZ', '603660.SH', '300531.SZ', '002561.SZ', '688039.SH', '603628.SH', '300691.SZ', '600520.SH', '000812.SZ', '688418.SH', '688313.SH', '002708.SZ', '688365.SH', '300688.SZ', '603138.SH', '003021.SZ', '002116.SZ', '600822.SH', '002173.SZ', '300503.SZ', '603110.SH', '600318.SH', '600636.SH', '300129.SZ', '603869.SH', '300337.SZ', '001270.SZ', '603507.SH', '002733.SZ', '002383.SZ', '300444.SZ', '300288.SZ', '600537.SH', '300581.SZ', '600819.SH', '603158.SH', '300469.SZ', '300479.SZ', '300925.SZ', '603189.SH', '002553.SZ', '600336.SH', '000993.SZ', '603399.SH', '688609.SH', '002689.SZ', '603106.SH', '603278.SH', '300011.SZ', '301368.SZ', '002892.SZ', '603191.SH', '605158.SH', '002406.SZ', '300499.SZ', '300355.SZ', '300248.SZ', '000417.SZ', '300608.SZ', '000560.SZ', '000090.SZ', '002882.SZ', '002364.SZ', '002358.SZ', '002194.SZ', '300559.SZ', '002452.SZ', '002090.SZ', '002279.SZ', '600592.SH', '002454.SZ', '601020.SH', '000722.SZ', '605196.SH', '002322.SZ', '000551.SZ', '000721.SZ', '300063.SZ', '002469.SZ', '002474.SZ', '300520.SZ', '605088.SH', '002510.SZ', '002235.SZ']"
2024-04-01,2024-03-29,2024-04-08,-0.038310676481872,100,0.5,500,"['002406.SZ', '300047.SZ', '002115.SZ', '002870.SZ', '300081.SZ', '603015.SH', '300100.SZ', '003032.SZ', '002178.SZ', '300043.SZ', '002362.SZ', '002813.SZ', '300870.SZ', '603003.SH', '000532.SZ', '300571.SZ', '002771.SZ', '300607.SZ', '603660.SH', '300531.SZ', '002561.SZ', '688039.SH', '603628.SH', '300691.SZ', '600520.SH', '000812.SZ', '688418.SH', '688313.SH', '002708.SZ', '688365.SH', '300688.SZ', '603138.SH', '003021.SZ', '002116.SZ', '600822.SH', '002173.SZ', '300503.SZ', '603110.SH', '600318.SH', '600636.SH', '300129.SZ', '603869.SH', '300337.SZ', '001270.SZ', '603507.SH', '002733.SZ', '002383.SZ', '300444.SZ', '300288.SZ', '600537.SH', '002416.SZ', '600742.SH', '000829.SZ', '000422.SZ', '002584.SZ', '000099.SZ', '002419.SZ', '002091.SZ', '000404.SZ', '603313.SH', '002468.SZ', '002662.SZ', '000982.SZ', '300729.SZ', '600143.SH', '002048.SZ', '600630.SH', '002697.SZ', '600320.SH', '301071.SZ', '603050.SH', '300390.SZ', '600210.SH', '300428.SZ', '600782.SH', '002745.SZ', '600549.SH', '603035.SH', '600502.SH', '600428.SH', '300109.SZ', '600710.SH', '603299.SH', '002226.SZ', '600335.SH', '600699.SH', '600586.SH', '603008.SH', '002171.SZ', '603766.SH', '002705.SZ', '000589.SZ', '002009.SZ', '002335.SZ', '300858.SZ', '000703.SZ', '301039.SZ', '300290.SZ', '000012.SZ', '002120.SZ']"
2024-04-08,2024-04-03,2024-04-15,-0.044700672864221316,100,0.5,500,"['301071.SZ', '603507.SH', '600537.SH', '603110.SH', '002733.SZ', '300129.SZ', '300870.SZ', '000404.SZ', '600318.SH', '603628.SH', '000532.SZ', '002870.SZ', '002116.SZ', '002171.SZ', '300081.SZ', '002584.SZ', '600636.SH', '002406.SZ', '300047.SZ', '002115.SZ', '603015.SH', '300100.SZ', '003032.SZ', '002178.SZ', '300043.SZ', '002362.SZ', '002813.SZ', '603003.SH', '300571.SZ', '002771.SZ', '300607.SZ', '603660.SH', '300531.SZ', '002561.SZ', '688039.SH', '300691.SZ', '600520.SH', '000812.SZ', '688418.SH', '688313.SH', '002708.SZ', '688365.SH', '300688.SZ', '603138.SH', '003021.SZ', '600822.SH', '002173.SZ', '300503.SZ', '603869.SH', '300337.SZ', '000690.SZ', '002443.SZ', '000899.SZ', '002637.SZ', '300121.SZ', '000973.SZ', '300664.SZ', '600979.SH', '002469.SZ', '600780.SH', '002035.SZ', '002478.SZ', '000905.SZ', '000823.SZ', '600874.SH', '603136.SH', '688598.SH', '603689.SH', '605196.SH', '600798.SH', '000731.SZ', '605158.SH', '000631.SZ', '002206.SZ', '603809.SH', '000048.SZ', '600509.SH', '601886.SH', '600336.SH', '605222.SH', '600575.SH', '600368.SH', '000090.SZ', '000655.SZ', '002922.SZ', '000707.SZ', '000993.SZ', '600207.SH', '002728.SZ', '002029.SZ', '000529.SZ', '300286.SZ', '603633.SH', '300793.SZ', '688779.SH', '300481.SZ', '002237.SZ', '002170.SZ', '688778.SH', '601222.SH']"
2024-04-15,2024-04-12,2024-04-22,-0.009909095733011465,100,0.5,500,"['000690.SZ', '600780.SH', '002469.SZ', '000899.SZ', '002035.SZ', '000973.SZ', '600575.SH', '002206.SZ', '600874.SH', '002478.SZ', '000707.SZ', '002733.SZ', '000731.SZ', '600368.SH', '000823.SZ', '000048.SZ', '605196.SH', '600798.SH', '300481.SZ', '601886.SH', '605158.SH', '002170.SZ', '600979.SH', '000090.SZ', '300664.SZ', '600509.SH', '002237.SZ', '300793.SZ', '000404.SZ', '000655.SZ', '603507.SH', '002870.SZ', '688598.SH', '300129.SZ', '688778.SH', '301071.SZ', '603136.SH', '002171.SZ', '300870.SZ', '600537.SH', '600336.SH', '688779.SH', '603110.SH', '002116.SZ', '600318.SH', '603628.SH', '000532.SZ', '300081.SZ', '002584.SZ', '600636.SH', '000026.SZ', '002479.SZ', '000552.SZ', '002083.SZ', '002300.SZ', '002978.SZ', '600508.SH', '002706.SZ', '605090.SH', '300217.SZ', '002614.SZ', '600283.SH', '003039.SZ', '001203.SZ', '600826.SH', '600125.SH', '600888.SH', '603319.SH', '002039.SZ', '600035.SH', '300224.SZ', '000875.SZ', '300355.SZ', '000531.SZ', '000885.SZ', '605368.SH', '603105.SH', '600821.SH', '601619.SH', '000539.SZ', '002540.SZ', '300699.SZ', '000966.SZ', '000791.SZ', '301087.SZ', '603018.SH', '600361.SH', '601956.SH', '000970.SZ', '002677.SZ', '002674.SZ', '600268.SH', '002533.SZ', '603519.SH', '000068.SZ', '603167.SH', '300547.SZ', '301219.SZ', '002166.SZ', '603357.SH']"
2024-04-22,2024-04-19,2024-04-29,0.023407019966284165,100,0.5,500,"['300217.SZ', '600780.SH', '002540.SZ', '002035.SZ', '603136.SH', '300355.SZ', '002533.SZ', '600888.SH', '002206.SZ', '603519.SH', '300481.SZ', '300129.SZ', '000655.SZ', '601619.SH', '002733.SZ', '603507.SH', '600268.SH', '002706.SZ', '601886.SH', '000068.SZ', '000707.SZ', '605090.SH', '000090.SZ', '300224.SZ', '605158.SH', '000885.SZ', '600979.SH', '002039.SZ', '600798.SH', '002478.SZ', '600368.SH', '603319.SH', '002614.SZ', '600537.SH', '002083.SZ', '600874.SH', '000690.SZ', '000731.SZ', '605196.SH', '600035.SH', '300870.SZ', '600821.SH', '605368.SH', '300547.SZ', '600125.SH', '000552.SZ', '688779.SH', '001203.SZ', '000970.SZ', '000899.SZ', '002519.SZ', '001269.SZ', '300776.SZ', '300815.SZ', '300820.SZ', '002554.SZ', '002766.SZ', '002125.SZ', '603300.SH', '301050.SZ', '603686.SH', '605123.SH', '300775.SZ', '600435.SH', '600279.SH', '300443.SZ', '300160.SZ', '601199.SH', '000922.SZ', '603878.SH', '300395.SZ', '300722.SZ', '002255.SZ', '300726.SZ', '601222.SH', '002881.SZ', '002140.SZ', '000755.SZ', '600562.SH', '600764.SH', '603738.SH', '600576.SH', '601008.SH', '600032.SH', '603128.SH', '300121.SZ', '688248.SH', '003009.SZ', '002497.SZ', '002829.SZ', '002443.SZ', '300393.SZ', '003013.SZ', '002025.SZ', '300797.SZ', '300693.SZ', '601890.SH', '000762.SZ', '300435.SZ', '600696.SH']"
2024-04-29,2024-04-26,2024-05-06,0.010339117709039964,100,0.5,500,"['002733.SZ', '688248.SH', '002206.SZ', '600435.SH', '605196.SH', '001269.SZ', '300129.SZ', '002125.SZ', '002614.SZ', '300726.SZ', '603507.SH', '002554.SZ', '600537.SH', '002706.SZ', '600696.SH', '605123.SH', '002255.SZ', '600764.SH', '003009.SZ', '000707.SZ', '601619.SH', '601222.SH', '600821.SH', '600279.SH', '600035.SH', '000885.SZ', '300395.SZ', '600979.SH', '600125.SH', '603519.SH', '688779.SH', '000690.SZ', '000552.SZ', '300820.SZ', '002766.SZ', '300217.SZ', '605090.SH', '002497.SZ', '600780.SH', '002540.SZ', '002035.SZ', '603136.SH', '300355.SZ', '002533.SZ', '600888.SH', '300481.SZ', '000655.SZ', '600268.SH', '601886.SH', '000068.SZ', '002651.SZ', '300286.SZ', '002632.SZ', '300493.SZ', '605277.SH', '002933.SZ', '002845.SZ', '600391.SH', '000935.SZ', '601956.SH', '600468.SH', '600106.SH', '000155.SZ', '601700.SH', '603628.SH', '300403.SZ', '000969.SZ', '603712.SH', '600822.SH', '600456.SH', '603633.SH', '000541.SZ', '002389.SZ', '002192.SZ', '000758.SZ', '002810.SZ', '301155.SZ', '000982.SZ', '300041.SZ', '601599.SH', '002364.SZ', '603678.SH', '002170.SZ', '002510.SZ', '603936.SH', '601908.SH', '300222.SZ', '600636.SH', '002161.SZ', '002612.SZ', '605050.SH', '002060.SZ', '300045.SZ', '300793.SZ', '300772.SZ', '600020.SH', '002882.SZ', '600212.SH', '600531.SH', '300131.SZ']"
2024-05-06,2024-04-30,2024-05-13,-0.0041172370781221235,100,0.5,500,"['002632.SZ', '002845.SZ', '002651.SZ', '002161.SZ', '300131.SZ', '300217.SZ', '300286.SZ', '002170.SZ', '300403.SZ', '600468.SH', '002206.SZ', '000541.SZ', '300820.SZ', '600888.SH', '600035.SH', '300493.SZ', '002364.SZ', '605196.SH', '605090.SH', '600106.SH', '002540.SZ', '600125.SH', '300045.SZ', '000758.SZ', '600456.SH', '000885.SZ', '601700.SH', '600531.SH', '000707.SZ', '603633.SH', '600822.SH', '301155.SZ', '002882.SZ', '000155.SZ', '000969.SZ', '002733.SZ', '300793.SZ', '603936.SH', '601956.SH', '300726.SZ', '300481.SZ', '603628.SH', '605277.SH', '600821.SH', '002933.SZ', '600537.SH', '601619.SH', '688248.SH', '600979.SH', '001269.SZ', '600961.SH', '301015.SZ', '300547.SZ', '603897.SH', '002988.SZ', '300360.SZ', '600864.SH', '300951.SZ', '002297.SZ', '002448.SZ', '603929.SH', '688150.SH', '002119.SZ', '300019.SZ', '300880.SZ', '300389.SZ', '002655.SZ', '002338.SZ', '603319.SH', '002478.SZ', '300708.SZ', '600575.SH', '300842.SZ', '601137.SH', '601101.SH', '003000.SZ', '300882.SZ', '300566.SZ', '600509.SH', '002441.SZ', '000415.SZ', '002406.SZ', '300005.SZ', '605218.SH', '301030.SZ', '002950.SZ', '002423.SZ', '000557.SZ', '003038.SZ', '300331.SZ', '002449.SZ', '603050.SH', '300444.SZ', '688190.SH', '300127.SZ', '688658.SH', '002267.SZ', '603393.SH', '002870.SZ', '600906.SH']"
2024-05-13,2024-05-10,2024-05-20,0.02075638760119661,100,0.5,500,"['300566.SZ', '002651.SZ', '300005.SZ', '002161.SZ', '603929.SH', '000707.SZ', '002206.SZ', '002267.SZ', '003000.SZ', '000155.SZ', '002170.SZ', '603897.SH', '300217.SZ', '688658.SH', '600888.SH', '300547.SZ', '600864.SH', '300286.SZ', '601101.SH', '002423.SZ', '600035.SH', '300360.SZ', '002441.SZ', '603633.SH', '300820.SZ', '000758.SZ', '601619.SH', '002448.SZ', '300403.SZ', '002364.SZ', '601700.SH', '002540.SZ', '000885.SZ', '603393.SH', '600575.SH', '300708.SZ', '600821.SH', '300842.SZ', '002478.SZ', '300127.SZ', '002733.SZ', '603319.SH', '600468.SH', '605090.SH', '300726.SZ', '600509.SH', '688150.SH', '002297.SZ', '002119.SZ', '605277.SH', '300160.SZ', '300773.SZ', '300041.SZ', '603300.SH', '000567.SZ', '002940.SZ', '603693.SH', '002677.SZ', '002140.SZ', '603309.SH', '300121.SZ', '301050.SZ', '002035.SZ', '002612.SZ', '000788.SZ', '600163.SH', '300320.SZ', '601199.SH', '600368.SH', '603519.SH', '002519.SZ', '000968.SZ', '300855.SZ', '002706.SZ', '601890.SH', '600562.SH', '603507.SH', '300629.SZ', '600301.SH', '603931.SH', '002580.SZ', '002358.SZ', '300206.SZ', '688002.SH', '002255.SZ', '600167.SH', '002025.SZ', '002111.SZ', '688586.SH', '600452.SH', '301031.SZ', '600909.SH', '300811.SZ', '300569.SZ', '001337.SZ', '000922.SZ', '688663.SH', '000544.SZ', '688439.SH', '603588.SH']"
2024-05-20,2024-05-17,2024-05-27,-0.031609974443670724,100,0.5,500,"['000788.SZ', '001337.SZ', '300773.SZ', '301050.SZ', '300206.SZ', '002677.SZ', '002161.SZ', '600864.SH', '600909.SH', '300160.SZ', '003000.SZ', '603929.SH', '002423.SZ', '600301.SH', '300566.SZ', '300286.SZ', '002035.SZ', '688439.SH', '688002.SH', '603897.SH', '300217.SZ', '603300.SH', '300820.SZ', '300360.SZ', '002267.SZ', '002706.SZ', '600452.SH', '002612.SZ', '300855.SZ', '300320.SZ', '300041.SZ', '300403.SZ', '603588.SH', '600368.SH', '601199.SH', '603931.SH', '002206.SZ', '300629.SZ', '601619.SH', '688663.SH', '300811.SZ', '000707.SZ', '600562.SH', '000567.SZ', '002025.SZ', '300842.SZ', '002519.SZ', '300127.SZ', '000155.SZ', '600468.SH', '601069.SH', '002383.SZ', '000686.SZ', '300203.SZ', '600490.SH', '000750.SZ', '000532.SZ', '600369.SH', '002116.SZ', '300481.SZ', '600604.SH', '000558.SZ', '688348.SH', '000560.SZ', '002928.SZ', '002500.SZ', '600266.SH', '601375.SH', '300389.SZ', '002452.SZ', '000736.SZ', '601606.SH', '600576.SH', '300381.SZ', '000042.SZ', '300267.SZ', '301219.SZ', '002453.SZ', '000415.SZ', '002121.SZ', '600491.SH', '300200.SZ', '600636.SH', '301071.SZ', '002446.SZ', '601218.SH', '002135.SZ', '000048.SZ', '002991.SZ', '300939.SZ', '603018.SH', '000561.SZ', '603098.SH', '600621.SH', '300693.SZ', '300581.SZ', '000519.SZ', '002510.SZ', '300409.SZ', '300850.SZ']"
2024-05-27,2024-05-24,2024-06-03,-0.025571866766845343,100,0.5,500,"['000558.SZ', '000736.SZ', '601069.SH', '600604.SH', '300203.SZ', '002121.SZ', '000042.SZ', '002928.SZ', '600636.SH', '000532.SZ', '603931.SH', '600491.SH', '002161.SZ', '000415.SZ', '300850.SZ', '300855.SZ', '600864.SH', '002383.SZ', '000519.SZ', '300409.SZ', '601606.SH', '000567.SZ', '002423.SZ', '301071.SZ', '000686.SZ', '001337.SZ', '300286.SZ', '688002.SH', '000561.SZ', '300820.SZ', '300842.SZ', '300693.SZ', '601199.SH', '000750.SZ', '000707.SZ', '002267.SZ', '300381.SZ', '300581.SZ', '603897.SH', '300160.SZ', '300320.SZ', '000560.SZ', '600369.SH', '300811.SZ', '603300.SH', '002991.SZ', '002500.SZ', '002025.SZ', '600909.SH', '300200.SZ', '000965.SZ', '002940.SZ', '000402.SZ', '002805.SZ', '688281.SH', '603633.SH', '603507.SH', '601778.SH', '688778.SH', '603906.SH', '688233.SH', '000514.SZ', '301155.SZ', '002839.SZ', '300973.SZ', '688359.SH', '600184.SH', '300510.SZ', '603222.SH', '600095.SH', '688102.SH', '603309.SH', '603078.SH', '000507.SZ', '688598.SH', '300569.SZ', '000819.SZ', '603665.SH', '003039.SZ', '002741.SZ', '600550.SH', '300586.SZ', '688661.SH', '688239.SH', '603626.SH', '002707.SZ', '300593.SZ', '603693.SH', '688418.SH', '688079.SH', '605376.SH', '300793.SZ', '300636.SZ', '002655.SZ', '601011.SH', '002314.SZ', '600683.SH', '600982.SH', '600268.SH', '300777.SZ']"
2024-06-03,2024-05-31,2024-06-11,-0.023522121933119332,100,0.5,500,"['000819.SZ', '300793.SZ', '003039.SZ', '300586.SZ', '688079.SH', '603507.SH', '603633.SH', '688661.SH', '688233.SH', '300636.SZ', '300777.SZ', '688281.SH', '301155.SZ', '603078.SH', '688778.SH', '605376.SH', '688598.SH', '603931.SH', '688102.SH', '300320.SZ', '300381.SZ', '600184.SH', '301071.SZ', '002161.SZ', '300510.SZ', '601778.SH', '300855.SZ', '300973.SZ', '603897.SH', '002655.SZ', '300820.SZ', '000707.SZ', '000415.SZ', '603222.SH', '000519.SZ', '300842.SZ', '603693.SH', '000042.SZ', '300569.SZ', '300286.SZ', '300160.SZ', '000532.SZ', '300850.SZ', '300811.SZ', '603300.SH', '600095.SH', '300693.SZ', '002805.SZ', '002423.SZ', '601606.SH', '688403.SH', '300708.SZ', '300852.SZ', '000762.SZ', '300131.SZ', '000966.SZ', '002119.SZ', '600237.SH', '002992.SZ', '300739.SZ', '688135.SH', '300618.SZ', '000962.SZ', '688372.SH', '300587.SZ', '300219.SZ', '300870.SZ', '002015.SZ', '300775.SZ', '603936.SH', '300779.SZ', '300493.SZ', '300951.SZ', '688195.SH', '002915.SZ', '002170.SZ', '000155.SZ', '603722.SH', '688699.SH', '603212.SH', '601700.SH', '600283.SH', '002057.SZ', '605090.SH', '688248.SH', '300443.SZ', '300758.SZ', '000049.SZ', '000899.SZ', '688150.SH', '688183.SH', '300712.SZ', '000737.SZ', '300882.SZ', '600906.SH', '002985.SZ', '600072.SH', '603739.SH', '605196.SH', '300397.SZ']"
2024-06-11,2024-06-07,2024-06-17,0.004120861328311195,100,0.5,500,"['301071.SZ', '603693.SH', '688281.SH', '300775.SZ', '301155.SZ', '603507.SH', '603300.SH', '000819.SZ', '300693.SZ', '003039.SZ', '300618.SZ', '300855.SZ', '300951.SZ', '300777.SZ', '300820.SZ', '000962.SZ', '688150.SH', '300811.SZ', '000762.SZ', '688778.SH', '000707.SZ', '603633.SH', '002423.SZ', '688102.SH', '300973.SZ', '603931.SH', '300320.SZ', '002161.SZ', '300852.SZ', '300793.SZ', '000532.SZ', '600283.SH', '300219.SZ', '300882.SZ', '605376.SH', '688248.SH', '300443.SZ', '300286.SZ', '300587.SZ', '002985.SZ', '300779.SZ', '300842.SZ', '300870.SZ', '600237.SH', '605090.SH', '688372.SH', '603936.SH', '600095.SH', '000415.SZ', '603212.SH', '300699.SZ', '001203.SZ', '301175.SZ', '300815.SZ', '300360.SZ', '002182.SZ', '601619.SH', '300034.SZ', '601199.SH', '000885.SZ', '000088.SZ', '688401.SH', '000567.SZ', '688439.SH', '300395.SZ', '002706.SZ', '301219.SZ', '003000.SZ', '002519.SZ', '605020.SH', '000828.SZ', '600888.SH', '605123.SH', '002025.SZ', '600603.SH', '600163.SH', '603678.SH', '000544.SZ', '000563.SZ', '688002.SH', '002267.SZ', '600874.SH', '003013.SZ', '301363.SZ', '002612.SZ', '002540.SZ', '301127.SZ', '600821.SH', '600035.SH', '600562.SH', '000968.SZ', '300773.SZ', '000758.SZ', '600643.SH', '603619.SH', '002617.SZ', '600368.SH', '002192.SZ', '600020.SH', '002478.SZ']"
2024-06-17,2024-06-14,2024-06-24,-0.0710333837079233,100,0.5,500,"['300852.SZ', '300820.SZ', '301071.SZ', '300870.SZ', '002519.SZ', '688102.SH', '300395.SZ', '600237.SH', '603507.SH', '688401.SH', '300034.SZ', '300951.SZ', '301155.SZ', '300793.SZ', '000819.SZ', '300286.SZ', '300693.SZ', '300775.SZ', '603633.SH', '301127.SZ', '300811.SZ', '000962.SZ', '603212.SH', '002161.SZ', '002192.SZ', '688439.SH', '603678.SH', '300219.SZ', '002025.SZ', '300855.SZ', '000707.SZ', '605376.SH', '301363.SZ', '002706.SZ', '300360.SZ', '300699.SZ', '300842.SZ', '300973.SZ', '300443.SZ', '688372.SH', '601199.SH', '605123.SH', '688248.SH', '000567.SZ', '000544.SZ', '688002.SH', '300777.SZ', '300773.SZ', '601619.SH', '688281.SH', '002876.SZ', '000155.SZ', '688800.SH', '300708.SZ', '300389.SZ', '301031.SZ', '300566.SZ', '603396.SH', '300629.SZ', '603105.SH', '300918.SZ', '000821.SZ', '688035.SH', '300005.SZ', '300481.SZ', '603324.SH', '688135.SH', '000922.SZ', '300403.SZ', '002886.SZ', '300101.SZ', '688556.SH', '300331.SZ', '688589.SH', '002446.SZ', '300493.SZ', '002881.SZ', '002338.SZ', '001301.SZ', '300880.SZ', '603319.SH', '688233.SH', '601700.SH', '688195.SH', '688663.SH', '603063.SH', '002915.SZ', '002015.SZ', '300982.SZ', '603267.SH', '688661.SH', '688239.SH', '600478.SH', '301050.SZ', '300590.SZ', '300827.SZ', '300953.SZ', '000875.SZ', '688295.SH', '300547.SZ']"
2024-06-24,2024-06-21,2024-07-01,0.015044441808896412,100,0.5,500,"['301127.SZ', '603633.SH', '301071.SZ', '600237.SH', '300918.SZ', '300852.SZ', '688233.SH', '000819.SZ', '002876.SZ', '300443.SZ', '601199.SH', '601619.SH', '603105.SH', '688135.SH', '002192.SZ', '688295.SH', '300708.SZ', '300793.SZ', '603324.SH', '000962.SZ', '300566.SZ', '002446.SZ', '002519.SZ', '603507.SH', '000922.SZ', '688102.SH', '688035.SH', '000544.SZ', '688372.SH', '300034.SZ', '000567.SZ', '300395.SZ', '002915.SZ', '688800.SH', '300982.SZ', '688401.SH', '300973.SZ', '300629.SZ', '000707.SZ', '300481.SZ', '688248.SH', '300820.SZ', '603063.SH', '603396.SH', '688661.SH', '300870.SZ', '301155.SZ', '300493.SZ', '603678.SH', '002161.SZ', '300239.SZ', '603166.SH', '600720.SH', '002104.SZ', '603701.SH', '000779.SZ', '688317.SH', '002366.SZ', '000885.SZ', '600212.SH', '300858.SZ', '300586.SZ', '603588.SH', '002810.SZ', '605108.SH', '300416.SZ', '688299.SH', '300265.SZ', '600035.SH', '603222.SH', '600874.SH', '300446.SZ', '600283.SH', '002448.SZ', '600888.SH', '688079.SH', '002423.SZ', '000690.SZ', '003035.SZ', '002297.SZ', '301035.SZ', '000563.SZ', '002364.SZ', '300587.SZ', '002967.SZ', '688699.SH', '603931.SH', '603916.SH', '002728.SZ', '600616.SH', '601222.SH', '000738.SZ', '600390.SH', '605020.SH', '600643.SH', '600052.SH', '000968.SZ', '000762.SZ', '600167.SH', '600163.SH']"
2024-07-01,2024-06-28,2024-07-08,-0.059138582290301105,100,0.5,500,"['002423.SZ', '000544.SZ', '603588.SH', '600167.SH', '300587.SZ', '300416.SZ', '301127.SZ', '603633.SH', '301071.SZ', '600237.SH', '300918.SZ', '300852.SZ', '688233.SH', '000819.SZ', '002876.SZ', '300443.SZ', '601199.SH', '601619.SH', '603105.SH', '688135.SH', '002192.SZ', '688295.SH', '300708.SZ', '300793.SZ', '603324.SH', '000962.SZ', '300566.SZ', '002446.SZ', '002519.SZ', '603507.SH', '000922.SZ', '688102.SH', '688035.SH', '688372.SH', '300034.SZ', '000567.SZ', '300395.SZ', '002915.SZ', '688800.SH', '300982.SZ', '688401.SH', '300973.SZ', '300629.SZ', '000707.SZ', '300481.SZ', '688248.SH', '300820.SZ', '603063.SH', '603396.SH', '688661.SH', '000990.SZ', '600694.SH', '600682.SH', '600017.SH', '600021.SH', '300381.SZ', '002662.SZ', '600269.SH', '300194.SZ', '000875.SZ', '301039.SZ', '002392.SZ', '000785.SZ', '600859.SH', '600368.SH', '000589.SZ', '600420.SH', '002345.SZ', '000035.SZ', '001213.SZ', '000951.SZ', '000623.SZ', '603299.SH', '000860.SZ', '603367.SH', '600380.SH', '600959.SH', '002215.SZ', '600739.SH', '002008.SZ', '002429.SZ', '000830.SZ', '300031.SZ', '601113.SH', '601801.SH', '601101.SH', '600757.SH', '002053.SZ', '603018.SH', '601678.SH', '002191.SZ', '600125.SH', '600343.SH', '300499.SZ', '600528.SH', '600979.SH', '000552.SZ', '600428.SH', '600037.SH', '300343.SZ']"
2024-07-08,2024-07-05,2024-07-15,0.025349695593503016,100,0.5,500,"['300381.SZ', '600237.SH', '300194.SZ', '300566.SZ', '002423.SZ', '688233.SH', '002519.SZ', '002446.SZ', '603633.SH', '688661.SH', '000544.SZ', '603588.SH', '600167.SH', '300587.SZ', '300416.SZ', '301127.SZ', '301071.SZ', '300918.SZ', '300852.SZ', '000819.SZ', '002876.SZ', '300443.SZ', '601199.SH', '601619.SH', '603105.SH', '688135.SH', '002192.SZ', '688295.SH', '300708.SZ', '300793.SZ', '603324.SH', '000962.SZ', '603507.SH', '000922.SZ', '688102.SH', '688035.SH', '688372.SH', '300034.SZ', '000567.SZ', '300395.SZ', '002915.SZ', '688800.SH', '300982.SZ', '688401.SH', '300973.SZ', '300629.SZ', '000707.SZ', '300481.SZ', '688248.SH', '300820.SZ', '002277.SZ', '600327.SH', '600288.SH', '603803.SH', '002448.SZ', '002383.SZ', '300792.SZ', '002406.SZ', '002297.SZ', '002255.SZ', '300213.SZ', '600738.SH', '603166.SH', '300291.SZ', '000965.SZ', '300409.SZ', '300531.SZ', '002413.SZ', '600864.SH', '603897.SH', '002298.SZ', '002161.SZ', '300047.SZ', '000042.SZ', '300578.SZ', '300110.SZ', '000788.SZ', '300079.SZ', '600550.SH', '600523.SH', '002805.SZ', '300598.SZ', '300968.SZ', '002023.SZ', '002589.SZ', '300542.SZ', '688381.SH', '603380.SH', '000417.SZ', '600390.SH', '600318.SH', '600229.SH', '000750.SZ', '300352.SZ', '600825.SH', '002022.SZ', '600675.SH', '000886.SZ', '300493.SZ', '003029.SZ']"
2024-07-15,2024-07-12,2024-07-22,-0.007727358207180335,100,0.5,500,"['002448.SZ', '300194.SZ', '002423.SZ', '000042.SZ', '603897.SH', '300381.SZ', '002446.SZ', '000417.SZ', '300409.SZ', '002161.SZ', '002519.SZ', '600738.SH', '002277.SZ', '600864.SH', '300047.SZ', '300578.SZ', '603507.SH', '600390.SH', '300566.SZ', '300792.SZ', '000750.SZ', '300110.SZ', '603633.SH', '002297.SZ', '600229.SH', '000788.SZ', '600237.SH', '688372.SH', '600523.SH', '688381.SH', '300852.SZ', '300493.SZ', '002406.SZ', '002589.SZ', '003029.SZ', '000965.SZ', '300542.SZ', '688233.SH', '688661.SH', '000544.SZ', '603588.SH', '600167.SH', '300587.SZ', '300416.SZ', '301127.SZ', '301071.SZ', '300918.SZ', '000819.SZ', '002876.SZ', '300443.SZ', '300680.SZ', '002662.SZ', '000517.SZ', '002245.SZ', '600729.SH', '600603.SH', '300592.SZ', '600064.SH', '603035.SH', '300292.SZ', '002283.SZ', '300773.SZ', '300258.SZ', '300170.SZ', '300872.SZ', '002264.SZ', '600537.SH', '300130.SZ', '301291.SZ', '603809.SH', '002536.SZ', '002249.SZ', '001301.SZ', '300726.SZ', '002534.SZ', '600742.SH', '300075.SZ', '301050.SZ', '301238.SZ', '603611.SH', '603950.SH', '002125.SZ', '002706.SZ', '000563.SZ', '301297.SZ', '300634.SZ', '601113.SH', '000532.SZ', '603319.SH', '000718.SZ', '301155.SZ', '300790.SZ', '000415.SZ', '300304.SZ', '002965.SZ', '600811.SH', '600469.SH', '002434.SZ', '688556.SH', '000409.SZ']"
2024-07-22,2024-07-19,2024-07-29,0.004815078029625958,100,0.5,500,"['300578.SZ', '003029.SZ', '300075.SZ', '301238.SZ', '300542.SZ', '300381.SZ', '002423.SZ', '300292.SZ', '002125.SZ', '002446.SZ', '300726.SZ', '002297.SZ', '300170.SZ', '300680.SZ', '000750.SZ', '000409.SZ', '600864.SH', '688661.SH', '300634.SZ', '000517.SZ', '600390.SH', '600064.SH', '300773.SZ', '002519.SZ', '001301.SZ', '002536.SZ', '002534.SZ', '000415.SZ', '002161.SZ', '600811.SH', '002245.SZ', '000788.SZ', '300592.SZ', '301291.SZ', '600729.SH', '300047.SZ', '002448.SZ', '300194.SZ', '000042.SZ', '603897.SH', '000417.SZ', '300409.SZ', '600738.SH', '002277.SZ', '603507.SH', '300566.SZ', '300792.SZ', '300110.SZ', '603633.SH', '600229.SH', '300052.SZ', '002962.SZ', '300465.SZ', '003021.SZ', '002354.SZ', '603528.SH', '300085.SZ', '002792.SZ', '002902.SZ', '300494.SZ', '688327.SH', '600990.SH', '300684.SZ', '300925.SZ', '300975.SZ', '300552.SZ', '300468.SZ', '002123.SZ', '301171.SZ', '300895.SZ', '688031.SH', '300678.SZ', '605277.SH', '603390.SH', '300065.SZ', '002194.SZ', '000151.SZ', '600288.SH', '300177.SZ', '600318.SH', '300581.SZ', '002383.SZ', '688382.SH', '300352.SZ', '300709.SZ', '600571.SH', '300520.SZ', '603918.SH', '300663.SZ', '002642.SZ', '300079.SZ', '300900.SZ', '300291.SZ', '002813.SZ', '600369.SH', '300579.SZ', '603890.SH', '301358.SZ', '300265.SZ', '002413.SZ']"
2024-07-29,2024-07-26,2024-08-05,0.005706835462424413,100,0.5,500,"['002277.SZ', '002534.SZ', '600064.SH', '600390.SH', '600811.SH', '002423.SZ', '000517.SZ', '002354.SZ', '300170.SZ', '600990.SH', '002448.SZ', '300773.SZ', '002125.SZ', '300079.SZ', '002446.SZ', '300110.SZ', '300065.SZ', '300726.SZ', '002642.SZ', '600729.SH', '002161.SZ', '300465.SZ', '002792.SZ', '300381.SZ', '002297.SZ', '300291.SZ', '600318.SH', '300494.SZ', '300520.SZ', '301171.SZ', '300052.SZ', '600369.SH', '300925.SZ', '300352.SZ', '300975.SZ', '300075.SZ', '002519.SZ', '300566.SZ', '300663.SZ', '301238.SZ', '300592.SZ', '600864.SH', '002194.SZ', '002383.SZ', '000750.SZ', '688031.SH', '000151.SZ', '603528.SH', '000409.SZ', '300085.SZ', '600603.SH', '002255.SZ', '300532.SZ', '600639.SH', '603611.SH', '002406.SZ', '688556.SH', '605168.SH', '002765.SZ', '002926.SZ', '000958.SZ', '002364.SZ', '600218.SH', '000045.SZ', '002090.SZ', '603035.SH', '002244.SZ', '603093.SH', '603258.SH', '001914.SZ', '600848.SH', '002561.SZ', '603758.SH', '601198.SH', '002580.SZ', '300490.SZ', '000563.SZ', '688663.SH', '600901.SH', '603166.SH', '002218.SZ', '601375.SH', '300481.SZ', '600609.SH', '600478.SH', '600927.SH', '002797.SZ', '688779.SH', '300036.SZ', '300444.SZ', '000006.SZ', '001330.SZ', '000926.SZ', '000090.SZ', '002500.SZ', '002649.SZ', '300166.SZ', '300140.SZ', '600756.SH', '002284.SZ']"
2024-08-05,2024-08-02,2024-08-12,0.0007891038907196224,100,0.5,500,"['000006.SZ', '688663.SH', '002926.SZ', '002125.SZ', '600848.SH', '002797.SZ', '601375.SH', '002364.SZ', '600927.SH', '002500.SZ', '000958.SZ', '601198.SH', '600390.SH', '300481.SZ', '002354.SZ', '300166.SZ', '001914.SZ', '300052.SZ', '600318.SH', '600609.SH', '002406.SZ', '600478.SH', '600756.SH', '000151.SZ', '600639.SH', '603093.SH', '300490.SZ', '300726.SZ', '600990.SH', '600369.SH', '603258.SH', '000750.SZ', '000563.SZ', '300079.SZ', '000090.SZ', '300065.SZ', '300036.SZ', '300773.SZ', '002642.SZ', '300663.SZ', '300532.SZ', '600064.SH', '000409.SZ', '002194.SZ', '300465.SZ', '000926.SZ', '300592.SZ', '300170.SZ', '002297.SZ', '002649.SZ', '688317.SH', '300639.SZ', '600770.SH', '002961.SZ', '000048.SZ', '000886.SZ', '300683.SZ', '300267.SZ', '000965.SZ', '300027.SZ', '300326.SZ', '002212.SZ', '300271.SZ', '300035.SZ', '300185.SZ', '300204.SZ', '600185.SH', '000863.SZ', '600620.SH', '000011.SZ', '601218.SH', '688550.SH', '002401.SZ', '603189.SH', '600280.SH', '600649.SH', '688381.SH', '688063.SH', '688707.SH', '600825.SH', '688388.SH', '000788.SZ', '688348.SH', '600641.SH', '688209.SH', '002589.SZ', '688095.SH', '300769.SZ', '600410.SH', '688091.SH', '002190.SZ', '600120.SH', '002985.SZ', '600155.SH', '300523.SZ', '002516.SZ', '688589.SH', '002413.SZ', '300569.SZ', '002935.SZ']"
2024-08-12,2024-08-09,2024-08-19,0.02276484402149577,100,0.5,500,"['000863.SZ', '300639.SZ', '300271.SZ', '600770.SH', '601218.SH', '688707.SH', '688209.SH', '000965.SZ', '600318.SH', '002364.SZ', '600756.SH', '002212.SZ', '688317.SH', '300035.SZ', '000886.SZ', '688381.SH', '000006.SZ', '600649.SH', '688388.SH', '300769.SZ', '002190.SZ', '688095.SH', '600620.SH', '002413.SZ', '600825.SH', '688589.SH', '600990.SH', '002125.SZ', '600848.SH', '300490.SZ', '300663.SZ', '002194.SZ', '600155.SH', '000151.SZ', '300185.SZ', '002935.SZ', '300027.SZ', '002589.SZ', '600120.SH', '600927.SH', '300052.SZ', '300326.SZ', '601198.SH', '600185.SH', '002926.SZ', '002297.SZ', '688550.SH', '002642.SZ', '300079.SZ', '002961.SZ', '600748.SH', '600676.SH', '600657.SH', '002208.SZ', '300324.SZ', '000036.SZ', '300043.SZ', '600728.SH', '603421.SH', '000514.SZ', '300080.SZ', '300222.SZ', '002657.SZ', '600797.SH', '600178.SH', '000815.SZ', '600110.SH', '000029.SZ', '300377.SZ', '002741.SZ', '603186.SH', '300128.SZ', '603466.SH', '300766.SZ', '600207.SH', '002766.SZ', '688167.SH', '688023.SH', '300123.SZ', '300379.SZ', '002561.SZ', '600841.SH', '600683.SH', '603386.SH', '300177.SZ', '603703.SH', '600203.SH', '688382.SH', '002510.SZ', '600638.SH', '600481.SH', '300397.SZ', '600510.SH', '300393.SZ', '000802.SZ', '300183.SZ', '002902.SZ', '000718.SZ', '002055.SZ', '600340.SH']"
2024-08-19,2024-08-16,2024-08-26,-0.0347504555997775,100,0.5,500,"['000965.SZ', '000863.SZ', '300222.SZ', '300035.SZ', '600649.SH', '002589.SZ', '002961.SZ', '002364.SZ', '002561.SZ', '002510.SZ', '600676.SH', '600770.SH', '688381.SH', '002741.SZ', '000006.SZ', '600340.SH', '600657.SH', '688095.SH', '300271.SZ', '688209.SH', '600185.SH', '600990.SH', '300123.SZ', '000151.SZ', '000815.SZ', '002125.SZ', '002926.SZ', '300766.SZ', '300326.SZ', '002657.SZ', '603386.SH', '600728.SH', '688317.SH', '300052.SZ', '600207.SH', '300397.SZ', '600155.SH', '603466.SH', '600318.SH', '688388.SH', '300769.SZ', '300324.SZ', '002413.SZ', '300177.SZ', '300663.SZ', '601198.SH', '300185.SZ', '600110.SH', '688167.SH', '600178.SH', '002277.SZ', '300409.SZ', '300006.SZ', '002082.SZ', '002547.SZ', '002932.SZ', '600390.SH', '603189.SH', '601375.SH', '300510.SZ', '002423.SZ', '600469.SH', '002491.SZ', '002765.SZ', '000736.SZ', '300981.SZ', '600410.SH', '000686.SZ', '002500.SZ', '002283.SZ', '600369.SH', '600603.SH', '000517.SZ', '002244.SZ', '000415.SZ', '000926.SZ', '000750.SZ', '601155.SH', '002454.SZ', '000045.SZ', '600639.SH', '600064.SH', '002255.SZ', '300683.SZ', '600773.SH', '300569.SZ', '688595.SH', '002090.SZ', '300497.SZ', '002581.SZ', '000958.SZ', '600864.SH', '000090.SZ', '300792.SZ', '600909.SH', '002813.SZ', '600266.SH', '600095.SH', '600901.SH', '688277.SH']"
2024-08-26,2024-08-23,2024-09-02,0.009191248893469353,100,0.5,500,"['000517.SZ', '002589.SZ', '603386.SH', '000151.SZ', '300222.SZ', '002765.SZ', '002547.SZ', '300409.SZ', '000090.SZ', '002510.SZ', '002961.SZ', '002277.SZ', '600185.SH', '300177.SZ', '002283.SZ', '000415.SZ', '002244.SZ', '000965.SZ', '002454.SZ', '601155.SH', '002741.SZ', '600990.SH', '600178.SH', '600901.SH', '300035.SZ', '002491.SZ', '300052.SZ', '600864.SH', '600603.SH', '002423.SZ', '688381.SH', '300510.SZ', '002090.SZ', '600676.SH', '300123.SZ', '000736.SZ', '002364.SZ', '002813.SZ', '601375.SH', '000686.SZ', '002561.SZ', '688595.SH', '300271.SZ', '000750.SZ', '600410.SH', '688317.SH', '002413.SZ', '002500.SZ', '300981.SZ', '000926.SZ', '603897.SH', '002788.SZ', '300226.SZ', '603618.SH', '002115.SZ', '002055.SZ', '600268.SH', '002870.SZ', '600280.SH', '600203.SH', '603093.SH', '002355.SZ', '601218.SH', '002803.SZ', '002533.SZ', '603598.SH', '000627.SZ', '605196.SH', '603068.SH', '000957.SZ', '000560.SZ', '603322.SH', '601311.SH', '600841.SH', '002376.SZ', '603906.SH', '002284.SZ', '002123.SZ', '300044.SZ', '000700.SZ', '002733.SZ', '600784.SH', '300252.SZ', '300426.SZ', '002022.SZ', '300429.SZ', '002579.SZ', '603507.SH', '002662.SZ', '002245.SZ', '000514.SZ', '000868.SZ', '300552.SZ', '000048.SZ', '300772.SZ', '603890.SH', '603123.SH', '688327.SH', '603158.SH', '000631.SZ']"
2024-09-02,2024-08-30,2024-09-09,0.009394111499461823,100,0.5,500,"['000517.SZ', '002454.SZ', '603897.SH', '002283.SZ', '300409.SZ', '002589.SZ', '002803.SZ', '002284.SZ', '002662.SZ', '002961.SZ', '300226.SZ', '688317.SH', '002115.SZ', '002733.SZ', '002123.SZ', '002277.SZ', '002510.SZ', '603093.SH', '002870.SZ', '002491.SZ', '002765.SZ', '603158.SH', '000957.SZ', '600864.SH', '300981.SZ', '002423.SZ', '000415.SZ', '002500.SZ', '002245.SZ', '000686.SZ', '000151.SZ', '000736.SZ', '601155.SH', '300222.SZ', '300123.SZ', '300252.SZ', '600676.SH', '600268.SH', '000560.SZ', '600410.SH', '600280.SH', '603386.SH', '000090.SZ', '002090.SZ', '002741.SZ', '002364.SZ', '000700.SZ', '601375.SH', '601311.SH', '300177.SZ', '600742.SH', '605266.SH', '300110.SZ', '300792.SZ', '000788.SZ', '600469.SH', '300481.SZ', '603035.SH', '300439.SZ', '605128.SH', '600390.SH', '002580.SZ', '002125.SZ', '600729.SH', '605222.SH', '002845.SZ', '000718.SZ', '600609.SH', '601279.SH', '300032.SZ', '603380.SH', '300204.SZ', '688550.SH', '000563.SZ', '000049.SZ', '002249.SZ', '600383.SH', '688006.SH', '300773.SZ', '002048.SZ', '002706.SZ', '002536.SZ', '300443.SZ', '605133.SH', '002291.SZ', '688378.SH', '600266.SH', '600120.SH', '002818.SZ', '603258.SH', '000958.SZ', '600369.SH', '301078.SZ', '002104.SZ', '002805.SZ', '603222.SH', '300381.SZ', '002537.SZ', '603859.SH', '300532.SZ']"
2024-09-09,2024-09-06,2024-09-18,-0.02056990078112274,100,0.5,500,"['002291.SZ', '300204.SZ', '600280.SH', '000151.SZ', '603386.SH', '300252.SZ', '600410.SH', '300222.SZ', '000560.SZ', '002805.SZ', '600676.SH', '300177.SZ', '002090.SZ', '002845.SZ', '002589.SZ', '300123.SZ', '000957.SZ', '603258.SH', '002115.SZ', '000736.SZ', '300443.SZ', '600383.SH', '002803.SZ', '002284.SZ', '000517.SZ', '002454.SZ', '603897.SH', '002283.SZ', '300409.SZ', '002662.SZ', '002961.SZ', '300226.SZ', '688317.SH', '002733.SZ', '002123.SZ', '002277.SZ', '002510.SZ', '603093.SH', '002870.SZ', '002491.SZ', '002765.SZ', '603158.SH', '600864.SH', '300981.SZ', '002423.SZ', '000415.SZ', '002500.SZ', '002245.SZ', '000686.SZ', '601155.SH', '002355.SZ', '002642.SZ', '002055.SZ', '002354.SZ', '300052.SZ', '300044.SZ', '600841.SH', '300061.SZ', '002766.SZ', '300639.SZ', '603887.SH', '605188.SH', '002547.SZ', '000006.SZ', '300494.SZ', '300426.SZ', '300366.SZ', '600537.SH', '603595.SH', '002587.SZ', '603528.SH', '600185.SH', '603068.SH', '600936.SH', '002865.SZ', '300081.SZ', '002279.SZ', '002577.SZ', '300271.SZ', '300288.SZ', '300042.SZ', '300465.SZ', '300531.SZ', '300299.SZ', '000572.SZ', '000670.SZ', '300043.SZ', '600990.SH', '603032.SH', '300379.SZ', '688023.SH', '300079.SZ', '688066.SH', '002792.SZ', '002728.SZ', '300630.SZ', '002902.SZ', '688270.SH', '300504.SZ', '300331.SZ']"
2024-09-18,2024-09-13,2024-09-23,0.045862864011475886,100,0.5,500,"['002491.SZ', '300271.SZ', '600410.SH', '600676.SH', '300081.SZ', '002291.SZ', '000006.SZ', '600537.SH', '002589.SZ', '688023.SH', '300043.SZ', '600841.SH', '600936.SH', '600280.SH', '300222.SZ', '600185.SH', '002961.SZ', '300379.SZ', '002805.SZ', '002642.SZ', '000572.SZ', '300639.SZ', '002355.SZ', '300052.SZ', '300465.SZ', '300366.SZ', '300426.SZ', '002547.SZ', '002902.SZ', '603595.SH', '603093.SH', '300252.SZ', '300443.SZ', '600383.SH', '000670.SZ', '002090.SZ', '688066.SH', '300123.SZ', '000736.SZ', '600990.SH', '002500.SZ', '300079.SZ', '002354.SZ', '300177.SZ', '300204.SZ', '603068.SH', '300630.SZ', '688270.SH', '603897.SH', '000151.SZ', '000599.SZ', '600288.SH', '600604.SH', '600675.SH', '002121.SZ', '300581.SZ', '000561.SZ', '002413.SZ', '600658.SH', '688707.SH', '300369.SZ', '002383.SZ', '300248.SZ', '300598.SZ', '300542.SZ', '603906.SH', '300035.SZ', '603466.SH', '600797.SH', '300525.SZ', '000863.SZ', '600822.SH', '002212.SZ', '688428.SH', '300393.SZ', '300085.SZ', '300550.SZ', '600481.SH', '002421.SZ', '300291.SZ', '600525.SH', '000514.SZ', '300324.SZ', '688595.SH', '002759.SZ', '688339.SH', '300377.SZ', '600770.SH', '600571.SH', '300850.SZ', '300080.SZ', '300118.SZ', '688382.SH', '300065.SZ', '000868.SZ', '301060.SZ', '300895.SZ', '300769.SZ', '002657.SZ', '600869.SH']"
2024-09-23,2024-09-20,2024-09-30,0.27346324151688,100,0.36,500,"['000599.SZ', '000006.SZ', '600841.SH', '002589.SZ', '600676.SH', '600604.SH', '300271.SZ', '600936.SH', '002121.SZ', '600185.SH', '600869.SH', '300035.SZ', '300393.SZ', '603906.SH', '000863.SZ', '600288.SH', '603466.SH', '002413.SZ', '000561.SZ', '002383.SZ', '000151.SZ', '002212.SZ', '600675.SH', '688023.SH', '300426.SZ', '688382.SH', '300052.SZ', '002805.SZ', '300118.SZ', '300369.SZ', '002491.SZ', '600525.SH', '688428.SH', '000572.SZ', '688339.SH', '300080.SZ', '300769.SZ', '300043.SZ', '002355.SZ', '600822.SH', '002291.SZ', '600280.SH', '600481.SH', '300324.SZ', '600658.SH', '300222.SZ', '300248.SZ', '688707.SH', '600990.SH', '300291.SZ', '002547.SZ', '000670.SZ', '600571.SH', '600410.SH', '600770.SH', '002354.SZ', '688066.SH', '600797.SH', '300542.SZ', '300081.SZ', '000868.SZ', '002421.SZ', '300550.SZ', '300639.SZ', '600151.SH', '600973.SH', '600590.SH', '002298.SZ', '000665.SZ', '600756.SH', '000948.SZ', '002912.SZ', '300479.SZ', '002279.SZ', '002376.SZ', '002537.SZ', '600152.SH', '002022.SZ', '000036.SZ', '600927.SH', '002561.SZ', '688155.SH', '300352.SZ', '002758.SZ', '002115.SZ', '600748.SH', '688388.SH', '000011.SZ', '002584.SZ', '603887.SH', '002865.SZ', '600340.SH', '688326.SH', '002314.SZ', '600478.SH', '600641.SH', '300185.SZ', '000652.SZ', '603386.SH', '603322.SH']"
2024-09-30,2024-09-27,2024-10-08,0.09364437259999998,100,0.5,500,"['300769.SZ', '600151.SH', '300639.SZ', '300393.SZ', '000868.SZ', '300081.SZ', '002589.SZ', '300043.SZ', '603386.SH', '000561.SZ', '002865.SZ', '000572.SZ', '688023.SH', '600280.SH', '300550.SZ', '688326.SH', '000599.SZ', '000006.SZ', '600841.SH', '600676.SH', '600604.SH', '300271.SZ', '600936.SH', '002121.SZ', '600185.SH', '600869.SH', '300035.SZ', '603906.SH', '000863.SZ', '600288.SH', '603466.SH', '002413.SZ', '002383.SZ', '000151.SZ', '002212.SZ', '600675.SH', '300426.SZ', '688382.SH', '300052.SZ', '002805.SZ', '300118.SZ', '300369.SZ', '002491.SZ', '600525.SH', '688428.SH', '688339.SH', '300080.SZ', '002355.SZ', '600822.SH', '002291.SZ', '600649.SH', '600811.SH', '603127.SH', '002819.SZ', '002607.SZ', '002624.SZ', '002030.SZ', '002387.SZ', '002099.SZ', '300027.SZ', '300252.SZ', '000636.SZ', '002405.SZ', '002698.SZ', '000547.SZ', '300072.SZ', '300850.SZ', '600155.SH', '002741.SZ', '002277.SZ', '002717.SZ', '603421.SH', '300443.SZ', '002151.SZ', '603108.SH', '300123.SZ', '600859.SH', '600435.SH', '300244.SZ', '300821.SZ', '300296.SZ', '601155.SH', '300363.SZ', '600691.SH', '688348.SH', '300458.SZ', '000415.SZ', '002487.SZ', '600326.SH', '300379.SZ', '600106.SH', '002037.SZ', '002373.SZ', '300726.SZ', '300006.SZ', '002928.SZ', '002163.SZ', '002488.SZ', '689009.SH', '002194.SZ']"
2024-10-08,2024-09-30,2024-10-14,-0.11369314453569362,100,0.5,500,"['300726.SZ', '300458.SZ', '300072.SZ', '002698.SZ', '603127.SH', '688348.SH', '300850.SZ', '300252.SZ', '300821.SZ', '002624.SZ', '300769.SZ', '002741.SZ', '002819.SZ', '300081.SZ', '300123.SZ', '002405.SZ', '300006.SZ', '300393.SZ', '603421.SH', '300363.SZ', '300296.SZ', '000547.SZ', '600106.SH', '002487.SZ', '688326.SH', '600435.SH', '688023.SH', '002151.SZ', '002488.SZ', '000636.SZ', '002030.SZ', '603108.SH', '000868.SZ', '300379.SZ', '300027.SZ', '002163.SZ', '300043.SZ', '603386.SH', '000561.SZ', '002607.SZ', '002717.SZ', '300443.SZ', '300639.SZ', '300118.SZ', '600691.SH', '300244.SZ', '600151.SH', '002589.SZ', '002865.SZ', '000572.SZ', '688088.SH', '688380.SH', '688037.SH', '688091.SH', '300346.SZ', '300065.SZ', '300348.SZ', '688318.SH', '688270.SH', '300510.SZ', '688536.SH', '300725.SZ', '300768.SZ', '300604.SZ', '301078.SZ', '300260.SZ', '600763.SH', '300459.SZ', '300655.SZ', '300113.SZ', '300341.SZ', '300456.SZ', '300432.SZ', '300722.SZ', '300581.SZ', '688262.SH', '300627.SZ', '300672.SZ', '300613.SZ', '300820.SZ', '300527.SZ', '300803.SZ', '300045.SZ', '300398.SZ', '688208.SH', '300682.SZ', '688002.SH', '688252.SH', '300590.SZ', '300382.SZ', '300079.SZ', '688185.SH', '600199.SH', '688311.SH', '300253.SZ', '688033.SH', '300339.SZ', '300170.SZ', '002389.SZ', '688001.SH']"
2024-10-14,2024-10-11,2024-10-21,0.07024261784594611,100,0.5,500,"['688380.SH', '300081.SZ', '300510.SZ', '300590.SZ', '000868.SZ', '300027.SZ', '688252.SH', '300820.SZ', '603421.SH', '688270.SH', '688348.SH', '300043.SZ', '300850.SZ', '603386.SH', '301078.SZ', '002163.SZ', '300726.SZ', '300458.SZ', '300072.SZ', '002698.SZ', '603127.SH', '300252.SZ', '300821.SZ', '002624.SZ', '300769.SZ', '002741.SZ', '002819.SZ', '300123.SZ', '002405.SZ', '300006.SZ', '300393.SZ', '300363.SZ', '300296.SZ', '000547.SZ', '600106.SH', '002487.SZ', '688326.SH', '600435.SH', '688023.SH', '002151.SZ', '002488.SZ', '000636.SZ', '002030.SZ', '603108.SH', '300379.SZ', '000561.SZ', '002607.SZ', '002717.SZ', '300443.SZ', '300639.SZ', '301171.SZ', '300503.SZ', '002670.SZ', '301021.SZ', '300299.SZ', '300566.SZ', '002881.SZ', '300222.SZ', '688381.SH', '002771.SZ', '688400.SH', '002315.SZ', '300276.SZ', '301091.SZ', '300007.SZ', '300504.SZ', '300684.SZ', '002708.SZ', '688025.SH', '002194.SZ', '002792.SZ', '688150.SH', '600053.SH', '300317.SZ', '002797.SZ', '002889.SZ', '688258.SH', '002929.SZ', '300213.SZ', '688418.SH', '300400.SZ', '002452.SZ', '002292.SZ', '600621.SH', '300494.SZ', '600207.SH', '300288.SZ', '300248.SZ', '002017.SZ', '002104.SZ', '002902.SZ', '300291.SZ', '603628.SH', '300638.SZ', '603396.SH', '300561.SZ', '002766.SZ', '603466.SH', '688195.SH', '300183.SZ']"
2024-10-21,2024-10-18,2024-10-28,0.0411357634403374,100,0.5,500,"['301171.SZ', '300007.SZ', '688418.SH', '002881.SZ', '301078.SZ', '002929.SZ', '300317.SZ', '300820.SZ', '688400.SH', '002771.SZ', '002670.SZ', '002792.SZ', '300213.SZ', '300299.SZ', '300222.SZ', '688380.SH', '301021.SZ', '301091.SZ', '688195.SH', '002889.SZ', '688150.SH', '300081.SZ', '002104.SZ', '300684.SZ', '300504.SZ', '300183.SZ', '300850.SZ', '300494.SZ', '300400.SZ', '603628.SH', '300561.SZ', '688381.SH', '300291.SZ', '300503.SZ', '300276.SZ', '300590.SZ', '600207.SH', '688025.SH', '600053.SH', '002194.SZ', '300566.SZ', '600106.SH', '603466.SH', '002766.SZ', '000868.SZ', '002315.SZ', '002017.SZ', '300510.SZ', '002708.SZ', '603396.SH', '603629.SH', '603912.SH', '300129.SZ', '300996.SZ', '300353.SZ', '600345.SH', '301085.SZ', '301155.SZ', '300225.SZ', '300953.SZ', '301127.SZ', '688205.SH', '003029.SZ', '300444.SZ', '300011.SZ', '300698.SZ', '688201.SH', '688035.SH', '603324.SH', '688206.SH', '002882.SZ', '301030.SZ', '688103.SH', '688031.SH', '002785.SZ', '300619.SZ', '605158.SH', '300548.SZ', '301018.SZ', '300471.SZ', '300608.SZ', '300228.SZ', '688233.SH', '300310.SZ', '603131.SH', '000509.SZ', '300792.SZ', '001298.SZ', '300917.SZ', '002965.SZ', '301058.SZ', '300265.SZ', '002617.SZ', '300466.SZ', '002178.SZ', '300328.SZ', '688102.SH', '300507.SZ', '688589.SH', '688668.SH']"
2024-10-28,2024-10-25,2024-11-04,-0.01900852121426477,100,0.5,500,"['300608.SZ', '603466.SH', '300081.SZ', '688206.SH', '300291.SZ', '300353.SZ', '300328.SZ', '688031.SH', '688195.SH', '300494.SZ', '688233.SH', '002881.SZ', '002670.SZ', '300299.SZ', '688400.SH', '688035.SH', '000868.SZ', '300561.SZ', '300213.SZ', '300265.SZ', '688381.SH', '688205.SH', '603629.SH', '301021.SZ', '300183.SZ', '688102.SH', '300850.SZ', '300504.SZ', '300471.SZ', '300222.SZ', '002929.SZ', '688418.SH', '301058.SZ', '300317.SZ', '300548.SZ', '300276.SZ', '002792.SZ', '300310.SZ', '300400.SZ', '002194.SZ', '300953.SZ', '300510.SZ', '300011.SZ', '300007.SZ', '300503.SZ', '600207.SH', '600345.SH', '002766.SZ', '301091.SZ', '300698.SZ', '688339.SH', '601908.SH', '300098.SZ', '603666.SH', '600604.SH', '603068.SH', '002514.SZ', '600841.SH', '300093.SZ', '300203.SZ', '688033.SH', '300480.SZ', '000925.SZ', '000032.SZ', '688258.SH', '002912.SZ', '002055.SZ', '600984.SH', '600288.SH', '300043.SZ', '688388.SH', '300712.SZ', '688661.SH', '600658.SH', '603990.SH', '002354.SZ', '300806.SZ', '002369.SZ', '300737.SZ', '600537.SH', '002291.SZ', '300027.SZ', '688680.SH', '002717.SZ', '600975.SH', '688787.SH', '002640.SZ', '603123.SH', '300550.SZ', '600860.SH', '300426.SZ', '300499.SZ', '600172.SH', '601015.SH', '002791.SZ', '688261.SH', '601828.SH', '600748.SH', '300331.SZ', '002759.SZ']"
2024-11-04,2024-11-01,2024-11-11,0.1240040409570387,100,0.5,500,"['688035.SH', '300317.SZ', '600604.SH', '300027.SZ', '300203.SZ', '300093.SZ', '300222.SZ', '688680.SH', '300426.SZ', '688033.SH', '688261.SH', '002792.SZ', '300548.SZ', '603466.SH', '600658.SH', '603123.SH', '002291.SZ', '300353.SZ', '600984.SH', '601908.SH', '000032.SZ', '688418.SH', '300850.SZ', '300698.SZ', '002881.SZ', '300291.SZ', '600207.SH', '300043.SZ', '600975.SH', '300400.SZ', '600172.SH', '300011.SZ', '002640.SZ', '300183.SZ', '002369.SZ', '300276.SZ', '600841.SH', '601015.SH', '000868.SZ', '688233.SH', '603629.SH', '600537.SH', '688388.SH', '601828.SH', '600288.SH', '002514.SZ', '002717.SZ', '301058.SZ', '002194.SZ', '600748.SH', '603322.SH', '603906.SH', '000599.SZ', '000068.SZ', '002527.SZ', '002427.SZ', '600280.SH', '300225.SZ', '688252.SH', '603396.SH', '600770.SH', '688313.SH', '002845.SZ', '688048.SH', '600610.SH', '002163.SZ', '000712.SZ', '001330.SZ', '002647.SZ', '300479.SZ', '000058.SZ', '603186.SH', '002218.SZ', '300288.SZ', '600106.SH', '603718.SH', '002009.SZ', '002547.SZ', '002123.SZ', '603032.SH', '600579.SH', '300386.SZ', '600676.SH', '600340.SH', '000935.SZ', '300066.SZ', '300025.SZ', '002491.SZ', '603912.SH', '300792.SZ', '688598.SH', '002928.SZ', '600792.SH', '000665.SZ', '300820.SZ', '000011.SZ', '300402.SZ', '601011.SH', '300032.SZ', '000428.SZ']"
2024-11-11,2024-11-08,2024-11-18,-0.09428439050554335,100,0.47,500,"['600658.SH', '688261.SH', '603322.SH', '300093.SZ', '600770.SH', '603032.SH', '603718.SH', '300317.SZ', '300353.SZ', '603123.SH', '002194.SZ', '000068.SZ', '603466.SH', '000058.SZ', '603396.SH', '000665.SZ', '002514.SZ', '688033.SH', '000868.SZ', '600207.SH', '600604.SH', '000712.SZ', '600748.SH', '000599.SZ', '000011.SZ', '688313.SH', '688048.SH', '601908.SH', '002640.SZ', '300025.SZ', '600984.SH', '603912.SH', '002291.SZ', '300222.SZ', '600975.SH', '300032.SZ', '688252.SH', '601828.SH', '002009.SZ', '600676.SH', '300850.SZ', '603186.SH', '002123.SZ', '688418.SH', '300479.SZ', '301058.SZ', '300291.SZ', '603629.SH', '002717.SZ', '300043.SZ', '600537.SH', '002369.SZ', '601015.SH', '688400.SH', '002366.SZ', '603068.SH', '300213.SZ', '600490.SH', '300862.SZ', '300480.SZ', '002453.SZ', '000558.SZ', '688153.SH', '002530.SZ', '688380.SH', '000409.SZ', '300052.SZ', '000925.SZ', '600345.SH', '002708.SZ', '002354.SZ', '600105.SH', '300656.SZ', '688348.SH', '600053.SH', '000509.SZ', '300007.SZ', '002127.SZ', '003040.SZ', '002689.SZ', '002785.SZ', '300292.SZ', '300466.SZ', '600635.SH', '001236.SZ', '600212.SH', '002791.SZ', '300057.SZ', '300504.SZ', '688339.SH', '002265.SZ', '002929.SZ', '300773.SZ', '300444.SZ', '003026.SZ', '600775.SH', '301171.SZ', '002055.SZ', '002167.SZ', '000631.SZ']"
2024-11-18,2024-11-15,2024-11-25,0.05034098805283297,100,0.5,500,"['000011.SZ', '600658.SH', '600490.SH', '600748.SH', '300057.SZ', '000925.SZ', '600207.SH', '002929.SZ', '000665.SZ', '600604.SH', '300353.SZ', '000599.SZ', '002369.SZ', '601828.SH', '601908.SH', '600984.SH', '002640.SZ', '002127.SZ', '300479.SZ', '301058.SZ', '600676.SH', '300291.SZ', '000558.SZ', '002366.SZ', '688033.SH', '600635.SH', '600053.SH', '000068.SZ', '300504.SZ', '603123.SH', '603322.SH', '000868.SZ', '300213.SZ', '603466.SH', '002055.SZ', '600537.SH', '603396.SH', '300043.SZ', '002791.SZ', '600775.SH', '600770.SH', '300007.SZ', '300093.SZ', '603186.SH', '600105.SH', '688261.SH', '688339.SH', '002717.SZ', '000058.SZ', '600975.SH', '603118.SH', '300737.SZ', '000863.SZ', '600841.SH', '600992.SH', '601226.SH', '002480.SZ', '000779.SZ', '000926.SZ', '300129.SZ', '603018.SH', '002163.SZ', '000546.SZ', '603421.SH', '000514.SZ', '002208.SZ', '300426.SZ', '002647.SZ', '600127.SH', '002642.SZ', '002081.SZ', '000151.SZ', '601069.SH', '600973.SH', '601011.SH', '600736.SH', '000767.SZ', '002166.SZ', '002869.SZ', '603906.SH', '300552.SZ', '002941.SZ', '002759.SZ', '002379.SZ', '600679.SH', '002527.SZ', '601198.SH', '300755.SZ', '002561.SZ', '000935.SZ', '002902.SZ', '002376.SZ', '000906.SZ', '603357.SH', '600751.SH', '600361.SH', '300740.SZ', '000829.SZ', '600720.SH', '300311.SZ']"
2024-11-25,2024-11-22,2024-12-02,0.042841226890082414,100,0.5,500,"['300479.SZ', '603118.SH', '002163.SZ', '600207.SH', '603466.SH', '600537.SH', '600841.SH', '601908.SH', '603123.SH', '000665.SZ', '688339.SH', '300426.SZ', '300311.SZ', '600658.SH', '603906.SH', '000925.SZ', '002647.SZ', '002902.SZ', '000514.SZ', '600992.SH', '000599.SZ', '000151.SZ', '603186.SH', '300291.SZ', '688033.SH', '300057.SZ', '000868.SZ', '603396.SH', '002055.SZ', '600604.SH', '600973.SH', '300353.SZ', '000558.SZ', '000863.SZ', '002527.SZ', '000546.SZ', '600127.SH', '300093.SZ', '300129.SZ', '600676.SH', '002717.SZ', '002929.SZ', '601011.SH', '300213.SZ', '688261.SH', '300043.SZ', '603018.SH', '600770.SH', '601828.SH', '600490.SH', '002689.SZ', '300032.SZ', '300490.SZ', '300265.SZ', '002805.SZ', '002554.SZ', '301051.SZ', '600135.SH', '300011.SZ', '300471.SZ', '000802.SZ', '300551.SZ', '002514.SZ', '600696.SH', '300659.SZ', '001330.SZ', '600800.SH', '688365.SH', '000509.SZ', '603618.SH', '002009.SZ', '603126.SH', '300510.SZ', '300593.SZ', '003029.SZ', '300299.SZ', '688499.SH', '002547.SZ', '603196.SH', '002786.SZ', '002037.SZ', '688206.SH', '600510.SH', '002291.SZ', '300027.SZ', '603068.SH', '688579.SH', '688233.SH', '002169.SZ', '600616.SH', '300025.SZ', '002110.SZ', '300331.SZ', '600698.SH', '002300.SZ', '300328.SZ', '002491.SZ', '300227.SZ', '603666.SH', '603985.SH']"
2024-12-02,2024-11-29,2024-12-09,0.020760810119749253,100,0.5,500,"['300011.SZ', '300032.SZ', '002805.SZ', '600207.SH', '000868.SZ', '300510.SZ', '002902.SZ', '688206.SH', '688365.SH', '300328.SZ', '300479.SZ', '603118.SH', '600992.SH', '000509.SZ', '300265.SZ', '300299.SZ', '688261.SH', '002689.SZ', '002514.SZ', '300311.SZ', '603466.SH', '600537.SH', '300593.SZ', '600676.SH', '300093.SZ', '688579.SH', '688499.SH', '300426.SZ', '002647.SZ', '603985.SH', '002055.SZ', '300551.SZ', '002037.SZ', '600841.SH', '603123.SH', '002163.SZ', '300027.SZ', '603196.SH', '300353.SZ', '002786.SZ', '603068.SH', '600127.SH', '000514.SZ', '002547.SZ', '600135.SH', '600770.SH', '000558.SZ', '000665.SZ', '300129.SZ', '600800.SH', '300400.SZ', '300402.SZ', '300578.SZ', '603399.SH', '300078.SZ', '002708.SZ', '300895.SZ', '300430.SZ', '300135.SZ', '688313.SH', '301316.SZ', '603767.SH', '300654.SZ', '600130.SH', '688025.SH', '603803.SH', '002766.SZ', '300042.SZ', '300275.SZ', '688048.SH', '688252.SH', '002123.SZ', '603258.SH', '300504.SZ', '688668.SH', '301021.SZ', '603138.SH', '300288.SZ', '600822.SH', '002919.SZ', '002912.SZ', '000532.SZ', '300071.SZ', '603011.SH', '600172.SH', '300533.SZ', '688258.SH', '002933.SZ', '301058.SZ', '603324.SH', '603189.SH', '300540.SZ', '301268.SZ', '300740.SZ', '002759.SZ', '300292.SZ', '300862.SZ', '002882.SZ', '603386.SH', '300052.SZ']"
2024-12-09,2024-12-06,2024-12-16,0.02698386549619902,100,0.5,500,"['603399.SH', '603011.SH', '002647.SZ', '300032.SZ', '300135.SZ', '603118.SH', '300533.SZ', '600135.SH', '300078.SZ', '688499.SH', '300299.SZ', '002902.SZ', '300426.SZ', '000868.SZ', '300265.SZ', '002759.SZ', '600800.SH', '600537.SH', '300011.SZ', '600822.SH', '600207.SH', '301021.SZ', '300311.SZ', '002912.SZ', '600676.SH', '600841.SH', '002037.SZ', '603196.SH', '002123.SZ', '002055.SZ', '603123.SH', '603386.SH', '300510.SZ', '600992.SH', '000514.SZ', '300093.SZ', '002514.SZ', '688365.SH', '600130.SH', '300027.SZ', '300042.SZ', '300654.SZ', '002163.SZ', '688048.SH', '000665.SZ', '300400.SZ', '300071.SZ', '300052.SZ', '300430.SZ', '300593.SZ', '000546.SZ', '600610.SH', '300249.SZ', '300043.SZ', '600105.SH', '000068.SZ', '603421.SH', '300081.SZ', '000965.SZ', '600293.SH', '000151.SZ', '600936.SH', '603081.SH', '300173.SZ', '300528.SZ', '002161.SZ', '300471.SZ', '688339.SH', '300099.SZ', '600696.SH', '300569.SZ', '000753.SZ', '000802.SZ', '600984.SH', '000056.SZ', '600280.SH', '688275.SH', '300331.SZ', '000925.SZ', '002354.SZ', '600581.SH', '002480.SZ', '000829.SZ', '300939.SZ', '688181.SH', '300025.SZ', '002181.SZ', '601908.SH', '002291.SZ', '300291.SZ', '000639.SZ', '688598.SH', '300228.SZ', '002792.SZ', '002167.SZ', '300443.SZ', '688049.SH', '002556.SZ', '603800.SH', '000599.SZ']"
2024-12-16,2024-12-13,2024-12-23,-0.09571976616229329,100,0.5,500,"['300426.SZ', '600800.SH', '000639.SZ', '600822.SH', '000546.SZ', '300228.SZ', '300135.SZ', '300533.SZ', '002163.SZ', '000068.SZ', '000514.SZ', '000151.SZ', '600293.SH', '300528.SZ', '300291.SZ', '000829.SZ', '002055.SZ', '300173.SZ', '600280.SH', '300081.SZ', '300032.SZ', '002792.SZ', '000802.SZ', '000965.SZ', '002291.SZ', '300093.SZ', '601908.SH', '002759.SZ', '002167.SZ', '300071.SZ', '000665.SZ', '300299.SZ', '002556.SZ', '600841.SH', '002123.SZ', '603118.SH', '688499.SH', '002480.SZ', '600984.SH', '300043.SZ', '600696.SH', '002514.SZ', '000868.SZ', '300400.SZ', '300099.SZ', '002902.SZ', '300011.SZ', '600105.SH', '600130.SH', '688598.SH', '002786.SZ', '600367.SH', '603708.SH', '300066.SZ', '002641.SZ', '605188.SH', '600238.SH', '000517.SZ', '002758.SZ', '000652.SZ', '600327.SH', '000686.SZ', '002298.SZ', '000863.SZ', '002955.SZ', '600172.SH', '002419.SZ', '002183.SZ', '600819.SH', '001896.SZ', '002355.SZ', '601011.SH', '002471.SZ', '300551.SZ', '300203.SZ', '002520.SZ', '002527.SZ', '002733.SZ', '002803.SZ', '600106.SH', '300792.SZ', '002717.SZ', '002467.SZ', '605089.SH', '002689.SZ', '603098.SH', '300499.SZ', '000560.SZ', '000507.SZ', '002186.SZ', '002095.SZ', '601113.SH', '000935.SZ', '002627.SZ', '600278.SH', '002881.SZ', '002695.SZ', '002345.SZ', '603178.SH', '300548.SZ']"
2024-12-23,2024-12-20,2024-12-30,-0.0020947187778272702,100,0.5,500,"['002355.SZ', '002955.SZ', '300228.SZ', '600106.SH', '300066.SZ', '002689.SZ', '300203.SZ', '002792.SZ', '002345.SZ', '300400.SZ', '002881.SZ', '600819.SH', '300081.SZ', '300548.SZ', '000686.SZ', '002641.SZ', '603178.SH', '002786.SZ', '300499.SZ', '300299.SZ', '300011.SZ', '300099.SZ', '300551.SZ', '601113.SH', '600327.SH', '300071.SZ', '300426.SZ', '300135.SZ', '300043.SZ', '000560.SZ', '603708.SH', '600800.SH', '000639.SZ', '600822.SH', '000546.SZ', '300533.SZ', '002163.SZ', '000068.SZ', '000514.SZ', '000151.SZ', '600293.SH', '300528.SZ', '300291.SZ', '000829.SZ', '002055.SZ', '300173.SZ', '600280.SH', '300032.SZ', '000802.SZ', '000965.SZ', '301099.SZ', '002845.SZ', '300248.SZ', '000716.SZ', '300031.SZ', '300698.SZ', '300550.SZ', '000719.SZ', '605088.SH', '300446.SZ', '300179.SZ', '001217.SZ', '300559.SZ', '601599.SH', '002757.SZ', '300288.SZ', '605133.SH', '688025.SH', '300681.SZ', '603929.SH', '603213.SH', '000612.SZ', '002455.SZ', '600961.SH', '600531.SH', '002541.SZ', '002192.SZ', '300680.SZ', '603611.SH', '600310.SH', '300654.SZ', '300265.SZ', '002570.SZ', '300973.SZ', '000048.SZ', '000962.SZ', '603889.SH', '000779.SZ', '600288.SH', '600979.SH', '300507.SZ', '300592.SZ', '300684.SZ', '603950.SH', '002897.SZ', '603876.SH', '002878.SZ', '300503.SZ', '603166.SH', '000819.SZ']"
2024-12-30,2024-12-27,2025-01-06,-0.0793694922461352,100,0.5,500,"['301099.SZ', '603929.SH', '300446.SZ', '000612.SZ', '002541.SZ', '600961.SH', '300031.SZ', '002955.SZ', '300680.SZ', '002757.SZ', '600531.SH', '002845.SZ', '002345.SZ', '300228.SZ', '603889.SH', '300592.SZ', '000719.SZ', '601113.SH', '300973.SZ', '300507.SZ', '300400.SZ', '601599.SH', '001217.SZ', '600310.SH', '002192.SZ', '002455.SZ', '000686.SZ', '603876.SH', '002897.SZ', '603611.SH', '000048.SZ', '605133.SH', '600979.SH', '000962.SZ', '002355.SZ', '603166.SH', '688025.SH', '000560.SZ', '300179.SZ', '300681.SZ', '300503.SZ', '603708.SH', '002881.SZ', '600106.SH', '300248.SZ', '300066.SZ', '002689.SZ', '300203.SZ', '002792.SZ', '600819.SH', '301219.SZ', '300815.SZ', '600301.SH', '603300.SH', '300880.SZ', '300842.SZ', '603158.SH', '000899.SZ', '600729.SH', '300481.SZ', '601107.SH', '300488.SZ', '301291.SZ', '003000.SZ', '603969.SH', '300773.SZ', '300976.SZ', '300547.SZ', '300201.SZ', '002540.SZ', '301127.SZ', '603105.SH', '002882.SZ', '603035.SH', '600909.SH', '300855.SZ', '688150.SH', '300119.SZ', '601619.SH', '600368.SH', '300852.SZ', '002083.SZ', '000563.SZ', '002392.SZ', '600035.SH', '000755.SZ', '603093.SH', '002733.SZ', '002697.SZ', '603588.SH', '002481.SZ', '600710.SH', '000552.SZ', '600361.SH', '002612.SZ', '002478.SZ', '603128.SH', '603319.SH', '300193.SZ', '000065.SZ']"
2025-01-06,2025-01-03,2025-01-13,-0.010725921345924507,100,0.5,500,"['600961.SH', '000899.SZ', '603158.SH', '605133.SH', '002083.SZ', '600531.SH', '603166.SH', '603105.SH', '600361.SH', '002478.SZ', '603128.SH', '000552.SZ', '000612.SZ', '603588.SH', '601107.SH', '601599.SH', '603319.SH', '000048.SZ', '600301.SH', '603300.SH', '601619.SH', '600310.SH', '003000.SZ', '300880.SZ', '301219.SZ', '002392.SZ', '603876.SH', '002455.SZ', '300973.SZ', '600035.SH', '000962.SZ', '002192.SZ', '000755.SZ', '600368.SH', '300446.SZ', '300119.SZ', '301127.SZ', '300507.SZ', '000563.SZ', '300855.SZ', '300680.SZ', '002345.SZ', '002882.SZ', '301099.SZ', '603929.SH', '002541.SZ', '300031.SZ', '002955.SZ', '002757.SZ', '002845.SZ', '300761.SZ', '002468.SZ', '601918.SH', '601677.SH', '601975.SH', '002043.SZ', '603619.SH', '300019.SZ', '002590.SZ', '000426.SZ', '601137.SH', '002048.SZ', '000878.SZ', '002662.SZ', '601500.SH', '300908.SZ', '000589.SZ', '002237.SZ', '601156.SH', '002988.SZ', '000700.SZ', '002003.SZ', '002100.SZ', '000960.SZ', '600549.SH', '000923.SZ', '601636.SH', '600987.SH', '600428.SH', '600282.SH', '600509.SH', '002458.SZ', '603167.SH', '600073.SH', '600459.SH', '000012.SZ', '300304.SZ', '000690.SZ', '601101.SH', '600497.SH', '300174.SZ', '603043.SH', '600888.SH', '000819.SZ', '600595.SH', '600125.SH', '603950.SH', '600916.SH', '002991.SZ', '300121.SZ']"
2025-01-13,2025-01-10,2025-01-20,0.06397804316058299,100,0.5,500,"['300880.SZ', '003000.SZ', '300973.SZ', '301127.SZ', '300680.SZ', '000899.SZ', '300855.SZ', '603319.SH', '601500.SH', '300446.SZ', '300761.SZ', '300507.SZ', '603105.SH', '600310.SH', '002590.SZ', '300304.SZ', '601918.SH', '300019.SZ', '002455.SZ', '603166.SH', '300121.SZ', '603619.SH', '601137.SH', '301219.SZ', '000426.SZ', '002458.SZ', '600509.SH', '002468.SZ', '601975.SH', '002003.SZ', '002043.SZ', '002662.SZ', '603300.SH', '600301.SH', '000878.SZ', '605133.SH', '603950.SH', '600531.SH', '000962.SZ', '603043.SH', '600361.SH', '600961.SH', '002237.SZ', '002192.SZ', '600428.SH', '600549.SH', '601636.SH', '603158.SH', '002392.SZ', '601101.SH', '600186.SH', '001217.SZ', '600609.SH', '300863.SZ', '300444.SZ', '605337.SH', '603085.SH', '300722.SZ', '300320.SZ', '002481.SZ', '002355.SZ', '300337.SZ', '300917.SZ', '600979.SH', '603866.SH', '603069.SH', '603871.SH', '001337.SZ', '002766.SZ', '002891.SZ', '605016.SH', '300586.SZ', '002570.SZ', '603213.SH', '603197.SH', '002378.SZ', '601020.SH', '002155.SZ', '000913.SZ', '300900.SZ', '002832.SZ', '000737.SZ', '002469.SZ', '000973.SZ', '002075.SZ', '603697.SH', '300783.SZ', '600575.SH', '301030.SZ', '000099.SZ', '300773.SZ', '601702.SH', '603897.SH', '000833.SZ', '300926.SZ', '300618.SZ', '605376.SH', '002997.SZ', '600318.SH', '000848.SZ']"
2025-01-20,2025-01-17,2025-01-27,-0.010161649437415026,100,0.38,500,"['003000.SZ', '300880.SZ', '300863.SZ', '002590.SZ', '603213.SH', '600186.SH', '603319.SH', '300973.SZ', '000913.SZ', '300019.SZ', '600609.SH', '002468.SZ', '601500.SH', '300507.SZ', '603085.SH', '601137.SH', '605133.SH', '600531.SH', '300855.SZ', '601918.SH', '603866.SH', '603300.SH', '002043.SZ', '600575.SH', '603950.SH', '000426.SZ', '300446.SZ', '603619.SH', '300304.SZ', '002455.SZ', '300680.SZ', '301127.SZ', '000878.SZ', '600361.SH', '603871.SH', '002997.SZ', '002481.SZ', '002237.SZ', '600301.SH', '002003.SZ', '603197.SH', '600979.SH', '600310.SH', '600961.SH', '300444.SZ', '301219.SZ', '603897.SH', '002458.SZ', '002662.SZ', '601975.SH', '002075.SZ', '300121.SZ', '603043.SH', '600428.SH', '000737.SZ', '601702.SH', '002378.SZ', '002155.SZ', '300917.SZ', '300337.SZ', '601020.SH', '002355.SZ', '605088.SH', '600101.SH', '003002.SZ', '001207.SZ', '002991.SZ', '002606.SZ', '605086.SH', '603558.SH', '002264.SZ', '002676.SZ', '002961.SZ', '605598.SH', '300811.SZ', '600982.SH', '603861.SH', '688685.SH', '300681.SZ', '002978.SZ', '603324.SH', '300041.SZ', '002928.SZ', '301550.SZ', '603876.SH', '002345.SZ', '603093.SH', '000550.SZ', '002395.SZ', '002716.SZ', '002100.SZ', '300067.SZ', '002664.SZ', '600686.SH', '600368.SH', '600459.SH', '600882.SH', '301000.SZ', '600679.SH', '000429.SZ']"
2025-01-27,2025-01-24,2025-02-05,-0.0027315289599999927,100,0.43,500,"['605088.SH', '603866.SH', '001207.SZ', '603619.SH', '300880.SZ', '601137.SH', '600101.SH', '002100.SZ', '002345.SZ', '601918.SH', '002606.SZ', '300973.SZ', '601975.SH', '300019.SZ', '600531.SH', '605133.SH', '002468.SZ', '605598.SH', '603300.SH', '002043.SZ', '601500.SH', '000913.SZ', '300507.SZ', '300855.SZ', '002978.SZ', '600575.SH', '300304.SZ', '600961.SH', '000426.SZ', '002991.SZ', '600368.SH', '600428.SH', '603197.SH', '300863.SZ', '600361.SH', '000878.SZ', '600310.SH', '300041.SZ', '301219.SZ', '600982.SH', '002003.SZ', '603871.SH', '002237.SZ', '600186.SH', '300446.SZ', '603876.SH', '002458.SZ', '002664.SZ', '603319.SH', '600459.SH', '301127.SZ', '002716.SZ', '002961.SZ', '603950.SH', '300121.SZ', '002355.SZ', '002928.SZ', '300761.SZ', '000899.SZ', '603995.SH', '603158.SH', '601677.SH', '002255.SZ', '002048.SZ', '605338.SH', '000589.SZ', '002832.SZ', '605337.SH', '002988.SZ', '002154.SZ', '600595.SH', '300842.SZ', '603167.SH', '002580.SZ', '605016.SH', '601101.SH', '603128.SH', '300174.SZ', '603588.SH', '301116.SZ', '000048.SZ', '000551.SZ', '605319.SH', '600727.SH', '000612.SZ', '000700.SZ', '000012.SZ', '600509.SH', '601107.SH', '601156.SH', '000690.SZ', '600612.SH', '002192.SZ', '600888.SH', '601636.SH', '603517.SH', '300918.SZ', '002170.SZ', '300428.SZ', '300926.SZ']"
2025-02-05,2025-01-27,2025-02-10,0.046903706812005244,100,0.34,500,"['605088.SH', '002606.SZ', '300507.SZ', '000899.SZ', '605133.SH', '601500.SH', '300973.SZ', '300863.SZ', '001207.SZ', '603158.SH', '300880.SZ', '002716.SZ', '301127.SZ', '603866.SH', '603319.SH', '601918.SH', '600310.SH', '601137.SH', '600186.SH', '605016.SH', '603197.SH', '603995.SH', '301219.SZ', '002580.SZ', '603619.SH', '600101.SH', '300304.SZ', '002355.SZ', '002458.SZ', '000878.SZ', '300855.SZ', '601677.SH', '300446.SZ', '603950.SH', '002154.SZ', '002170.SZ', '600509.SH', '601975.SH', '300926.SZ', '300121.SZ', '002991.SZ', '002988.SZ', '600361.SH', '300174.SZ', '300041.SZ', '002832.SZ', '002003.SZ', '002043.SZ', '603300.SH', '601636.SH', '000913.SZ', '002345.SZ', '002192.SZ', '002664.SZ', '600595.SH', '000426.SZ', '300842.SZ', '605337.SH', '000589.SZ', '002468.SZ', '002255.SZ', '603871.SH', '600368.SH', '605338.SH', '603876.SH', '603128.SH', '605166.SH', '002590.SZ', '003000.SZ', '300444.SZ', '002746.SZ', '603055.SH', '000962.SZ', '300900.SZ', '002264.SZ', '600217.SH', '000762.SZ', '600367.SH', '000935.SZ', '002083.SZ', '002182.SZ', '688155.SH', '600106.SH', '300320.SZ', '688685.SH', '002997.SZ', '000885.SZ', '603897.SH', '300629.SZ', '601969.SH', '300203.SZ', '000973.SZ', '300796.SZ', '002218.SZ', '300722.SZ', '300618.SZ', '603507.SH', '002378.SZ', '600979.SH', '603686.SH']"
2025-02-10,2025-02-07,2025-02-17,0.014372156086878998,100,0.5,500,"['600367.SH', '002580.SZ', '002355.SZ', '000962.SZ', '300203.SZ', '002716.SZ', '600106.SH', '300629.SZ', '300507.SZ', '301127.SZ', '000935.SZ', '300444.SZ', '688155.SH', '002590.SZ', '605088.SH', '601137.SH', '300618.SZ', '603158.SH', '002218.SZ', '002170.SZ', '600979.SH', '300863.SZ', '300973.SZ', '603897.SH', '300880.SZ', '300446.SZ', '000762.SZ', '300926.SZ', '300304.SZ', '000973.SZ', '000878.SZ', '300900.SZ', '002997.SZ', '300041.SZ', '600361.SH', '002043.SZ', '300320.SZ', '603319.SH', '301219.SZ', '601500.SH', '002264.SZ', '002003.SZ', '002192.SZ', '603686.SH', '300855.SZ', '600595.SH', '000913.SZ', '300121.SZ', '002182.SZ', '605338.SH', '000716.SZ', '002383.SZ', '002510.SZ', '300681.SZ', '002570.SZ', '002265.SZ', '601599.SH', '603038.SH', '000561.SZ', '300547.SZ', '002361.SZ', '300019.SZ', '301215.SZ', '603306.SH', '300100.SZ', '600255.SH', '603105.SH', '300384.SZ', '000969.SZ', '300761.SZ', '002878.SZ', '300581.SZ', '002708.SZ', '300127.SZ', '300785.SZ', '002882.SZ', '300811.SZ', '301550.SZ', '300783.SZ', '000833.SZ', '603067.SH', '300008.SZ', '300337.SZ', '000795.SZ', '002803.SZ', '002536.SZ', '600609.SH', '605598.SH', '000096.SZ', '300680.SZ', '300067.SZ', '300840.SZ', '300758.SZ', '605179.SH', '000700.SZ', '300580.SZ', '002469.SZ', '300726.SZ', '300252.SZ', '002632.SZ']"
2025-02-17,2025-02-14,2025-02-24,0.030531923202017162,100,0.5,500,"['000561.SZ', '002383.SZ', '600106.SH', '300203.SZ', '300581.SZ', '002716.SZ', '600367.SH', '688155.SH', '600595.SH', '300444.SZ', '002182.SZ', '002590.SZ', '300507.SZ', '002218.SZ', '000762.SZ', '002355.SZ', '300900.SZ', '000096.SZ', '300761.SZ', '300008.SZ', '301127.SZ', '300926.SZ', '000716.SZ', '603686.SH', '300580.SZ', '603038.SH', '300618.SZ', '002192.SZ', '002882.SZ', '601500.SH', '300252.SZ', '002265.SZ', '000969.SZ', '000878.SZ', '000973.SZ', '300019.SZ', '000962.SZ', '300785.SZ', '301219.SZ', '600255.SH', '300446.SZ', '300337.SZ', '601137.SH', '300681.SZ', '300726.SZ', '603306.SH', '600361.SH', '300863.SZ', '002580.SZ', '300629.SZ', '600604.SH', '600391.SH', '600279.SH', '600720.SH', '688281.SH', '300291.SZ', '600830.SH', '600133.SH', '688707.SH', '600217.SH', '600199.SH', '002214.SZ', '300748.SZ', '300397.SZ', '002413.SZ', '000657.SZ', '300593.SZ', '688563.SH', '002163.SZ', '600889.SH', '002738.SZ', '300533.SZ', '600335.SH', '603985.SH', '000859.SZ', '002606.SZ', '300825.SZ', '600184.SH', '600207.SH', '000572.SZ', '688439.SH', '688556.SH', '600392.SH', '603069.SH', '300129.SZ', '605158.SH', '002915.SZ', '000713.SZ', '688522.SH', '601028.SH', '300087.SZ', '300428.SZ', '301069.SZ', '002189.SZ', '600773.SH', '600641.SH', '600212.SH', '688533.SH', '300426.SZ', '000819.SZ']"
2025-02-24,2025-02-21,2025-03-03,-0.024212460172583862,100,0.5,500,"['688281.SH', '300926.SZ', '002182.SZ', '300444.SZ', '300863.SZ', '603686.SH', '601500.SH', '000819.SZ', '300446.SZ', '600391.SH', '688563.SH', '300900.SZ', '601137.SH', '600830.SH', '300428.SZ', '002590.SZ', '688522.SH', '300507.SZ', '000859.SZ', '301127.SZ', '300008.SZ', '300761.SZ', '300748.SZ', '300681.SZ', '000762.SZ', '300337.SZ', '601028.SH', '300397.SZ', '002716.SZ', '301069.SZ', '002882.SZ', '300087.SZ', '688439.SH', '000657.SZ', '000962.SZ', '600367.SH', '688533.SH', '300252.SZ', '002915.SZ', '600133.SH', '600255.SH', '000878.SZ', '002738.SZ', '300825.SZ', '000716.SZ', '600184.SH', '600595.SH', '600217.SH', '000572.SZ', '002192.SZ', '603197.SH', '300848.SZ', '600186.SH', '300918.SZ', '603950.SH', '002664.SZ', '603119.SH', '603200.SH', '002965.SZ', '605133.SH', '301325.SZ', '605555.SH', '603300.SH', '603319.SH', '002568.SZ', '300680.SZ', '605016.SH', '605088.SH', '603809.SH', '688543.SH', '002886.SZ', '600120.SH', '002838.SZ', '300592.SZ', '300806.SZ', '600126.SH', '301381.SZ', '300109.SZ', '603324.SH', '300258.SZ', '300547.SZ', '688612.SH', '002703.SZ', '603477.SH', '600283.SH', '300654.SZ', '002997.SZ', '600590.SH', '603598.SH', '301550.SZ', '002536.SZ', '000532.SZ', '688239.SH', '002847.SZ', '603085.SH', '603166.SH', '301000.SZ', '002978.SZ', '603223.SH', '605319.SH']"
2025-03-03,2025-02-28,2025-03-10,0.03126030777315348,100,0.5,500,"['002182.SZ', '300748.SZ', '000657.SZ', '688281.SH', '601500.SH', '300900.SZ', '000762.SZ', '603477.SH', '002568.SZ', '002738.SZ', '301381.SZ', '603197.SH', '300087.SZ', '300428.SZ', '300825.SZ', '000859.SZ', '300008.SZ', '000878.SZ', '300863.SZ', '688563.SH', '002847.SZ', '688439.SH', '600186.SH', '600184.SH', '300444.SZ', '300592.SZ', '002590.SZ', '300926.SZ', '002664.SZ', '002192.SZ', '000962.SZ', '688612.SH', '603324.SH', '688533.SH', '300918.SZ', '603950.SH', '300397.SZ', '301069.SZ', '002915.SZ', '301127.SZ', '605133.SH', '600391.SH', '603686.SH', '000819.SZ', '300446.SZ', '601137.SH', '600830.SH', '688522.SH', '300507.SZ', '300761.SZ', '603348.SH', '002240.SZ', '603069.SH', '603997.SH', '600389.SH', '601636.SH', '600882.SH', '000799.SZ', '600313.SH', '002041.SZ', '002171.SZ', '600259.SH', '000930.SZ', '002840.SZ', '002785.SZ', '002515.SZ', '300586.SZ', '600178.SH', '002016.SZ', '600399.SH', '603985.SH', '300973.SZ', '002110.SZ', '301090.SZ', '000761.SZ', '002759.SZ', '600597.SH', '000881.SZ', '601969.SH', '600199.SH', '002221.SZ', '600702.SH', '000059.SZ', '603027.SH', '002468.SZ', '301116.SZ', '600361.SH', '002320.SZ', '600808.SH', '600773.SH', '300997.SZ', '002010.SZ', '000825.SZ', '000703.SZ', '601069.SH', '002537.SZ', '603305.SH', '600335.SH', '603711.SH', '000758.SZ']"
2025-03-10,2025-03-07,2025-03-17,0.02237864647284937,100,0.5,500,"['603197.SH', '605133.SH', '002664.SZ', '300973.SZ', '002182.SZ', '300444.SZ', '000819.SZ', '300918.SZ', '300926.SZ', '300592.SZ', '301381.SZ', '601500.SH', '301069.SZ', '300900.SZ', '300586.SZ', '300863.SZ', '300748.SZ', '600186.SH', '002785.SZ', '601636.SH', '300428.SZ', '600830.SH', '002568.SZ', '603348.SH', '301127.SZ', '002171.SZ', '603950.SH', '300507.SZ', '600702.SH', '000878.SZ', '600399.SH', '000859.SZ', '601137.SH', '688563.SH', '000762.SZ', '603686.SH', '688439.SH', '600178.SH', '600335.SH', '300087.SZ', '000962.SZ', '601969.SH', '000799.SZ', '600391.SH', '600361.SH', '002738.SZ', '002847.SZ', '002192.SZ', '300397.SZ', '600882.SH', '300019.SZ', '688239.SH', '688510.SH', '002536.SZ', '603085.SH', '605088.SH', '002838.SZ', '002988.SZ', '300258.SZ', '002882.SZ', '603158.SH', '300811.SZ', '002169.SZ', '300121.SZ', '300727.SZ', '688133.SH', '301160.SZ', '300815.SZ', '002703.SZ', '301325.SZ', '603055.SH', '300067.SZ', '300806.SZ', '002965.SZ', '300855.SZ', '002886.SZ', '605011.SH', '600338.SH', '003009.SZ', '002937.SZ', '688776.SH', '603866.SH', '002111.SZ', '000532.SZ', '603995.SH', '601599.SH', '002978.SZ', '603319.SH', '688179.SH', '603010.SH', '600459.SH', '301000.SZ', '300618.SZ', '300320.SZ', '300629.SZ', '605300.SH', '002203.SZ', '002870.SZ', '603809.SH', '300894.SZ']"
2025-03-17,2025-03-14,2025-03-24,-0.017040188221855167,100,0.5,500,"['002664.SZ', '603686.SH', '300428.SZ', '605133.SH', '603158.SH', '603197.SH', '603995.SH', '601500.SH', '300019.SZ', '300815.SZ', '601137.SH', '300973.SZ', '000878.SZ', '002182.SZ', '603085.SH', '300444.SZ', '600459.SH', '300918.SZ', '300926.SZ', '600361.SH', '300863.SZ', '603866.SH', '002171.SZ', '600186.SH', '002536.SZ', '603348.SH', '002937.SZ', '605300.SH', '600335.SH', '002978.SZ', '000762.SZ', '002192.SZ', '002838.SZ', '002882.SZ', '605088.SH', '688239.SH', '002886.SZ', '601969.SH', '300748.SZ', '603809.SH', '002169.SZ', '300855.SZ', '301069.SZ', '300811.SZ', '301000.SZ', '300258.SZ', '301127.SZ', '002965.SZ', '600399.SH', '600338.SH', '603507.SH', '603399.SH', '301116.SZ', '600389.SH', '603897.SH', '603619.SH', '603035.SH', '000899.SZ', '000589.SZ', '603861.SH', '600531.SH', '603105.SH', '002237.SZ', '603128.SH', '002048.SZ', '000713.SZ', '002154.SZ', '603876.SH', '002468.SZ', '301058.SZ', '601677.SH', '000550.SZ', '002043.SZ', '605319.SH', '600586.SH', '601113.SH', '300129.SZ', '002946.SZ', '600787.SH', '002510.SZ', '600509.SH', '002395.SZ', '300791.SZ', '605128.SH', '600916.SH', '300443.SZ', '300740.SZ', '002101.SZ', '000404.SZ', '000923.SZ', '601975.SH', '600888.SH', '605123.SH', '605599.SH', '002481.SZ', '002434.SZ', '600064.SH', '601156.SH', '603867.SH', '002768.SZ']"
2025-03-24,2025-03-21,2025-03-31,-0.02748264049632597,100,0.49,500,"['601500.SH', '300815.SZ', '603507.SH', '300973.SZ', '600531.SH', '002182.SZ', '002048.SZ', '603158.SH', '603197.SH', '002468.SZ', '000589.SZ', '603035.SH', '603866.SH', '601113.SH', '300428.SZ', '002481.SZ', '002101.SZ', '002237.SZ', '000404.SZ', '603876.SH', '603619.SH', '300926.SZ', '601677.SH', '600459.SH', '605133.SH', '000923.SZ', '601975.SH', '000878.SZ', '601137.SH', '002664.SZ', '600586.SH', '603128.SH', '002154.SZ', '603897.SH', '603861.SH', '600888.SH', '300863.SZ', '600361.SH', '002768.SZ', '000550.SZ', '002536.SZ', '601156.SH', '603348.SH', '603085.SH', '603686.SH', '002434.SZ', '002946.SZ', '605123.SH', '600787.SH', '603399.SH', '300019.SZ', '002140.SZ', '300041.SZ', '603055.SH', '000913.SZ', '002034.SZ', '002961.SZ', '002988.SZ', '000012.SZ', '002662.SZ', '000819.SZ', '002540.SZ', '600368.SH', '000731.SZ', '000822.SZ', '603588.SH', '600017.SH', '002697.SZ', '605009.SH', '603093.SH', '300160.SZ', '600461.SH', '601609.SH', '600729.SH', '600125.SH', '000960.SZ', '000557.SZ', '600428.SH', '002458.SZ', '000600.SZ', '000700.SZ', '301039.SZ', '603517.SH', '002083.SZ', '605167.SH', '600583.SH', '600310.SH', '603167.SH', '002100.SZ', '601333.SH', '001914.SZ', '603013.SH', '600282.SH', '300761.SZ', '600717.SH', '002832.SZ', '000905.SZ', '002454.SZ', '002345.SZ', '002283.SZ']"
2025-03-31,2025-03-28,2025-04-07,-0.08279277681470665,100,0.48,500,"['300815.SZ', '601975.SH', '603619.SH', '603507.SH', '002140.SZ', '603158.SH', '600428.SH', '603055.SH', '002662.SZ', '601137.SH', '600368.SH', '603866.SH', '600461.SH', '601113.SH', '300926.SZ', '605167.SH', '002468.SZ', '002458.SZ', '300973.SZ', '300863.SZ', '002034.SZ', '000700.SZ', '002946.SZ', '000819.SZ', '300761.SZ', '600888.SH', '002697.SZ', '002540.SZ', '002832.SZ', '000589.SZ', '600017.SH', '002345.SZ', '603035.SH', '002048.SZ', '601156.SH', '600531.SH', '000731.SZ', '600729.SH', '600583.SH', '002536.SZ', '002154.SZ', '000923.SZ', '601677.SH', '301039.SZ', '002988.SZ', '603197.SH', '603093.SH', '000550.SZ', '002100.SZ', '605133.SH', '603013.SH', '600282.SH', '605166.SH', '605128.SH', '000899.SZ', '002978.SZ', '605338.SH', '002870.SZ', '605077.SH', '001207.SZ', '000885.SZ', '688510.SH', '603871.SH', '601969.SH', '603213.SH', '000429.SZ', '300304.SZ', '002318.SZ', '002847.SZ', '600801.SH', '605319.SH', '300880.SZ', '603867.SH', '002478.SZ', '301116.SZ', '002997.SZ', '002003.SZ', '603043.SH', '600908.SH', '002749.SZ', '300855.SZ', '601860.SH', '603317.SH', '300811.SZ', '002948.SZ', '601128.SH', '605088.SH', '601636.SH', '600186.SH', '603809.SH', '603357.SH', '603477.SH', '002807.SZ', '300119.SZ', '603010.SH', '601997.SH', '605337.SH', '601702.SH', '600784.SH', '600179.SH']"
2025-04-07,2025-04-03,2025-04-14,0.07577519118507586,100,0.5,500,"['605337.SH', '601128.SH', '002458.SZ', '603619.SH', '600908.SH', '605167.SH', '603093.SH', '002807.SZ', '002100.SZ', '000819.SZ', '002318.SZ', '600461.SH', '688510.SH', '601860.SH', '000899.SZ', '301116.SZ', '002034.SZ', '600368.SH', '002948.SZ', '000429.SZ', '601997.SH', '603871.SH', '601969.SH', '600017.SH', '600428.SH', '601975.SH', '603213.SH', '600801.SH', '600729.SH', '002478.SZ', '002468.SZ', '002697.SZ', '300815.SZ', '603507.SH', '002140.SZ', '603158.SH', '603055.SH', '002662.SZ', '601137.SH', '603866.SH', '601113.SH', '300926.SZ', '300973.SZ', '300863.SZ', '000700.SZ', '002946.SZ', '300761.SZ', '600888.SH', '002540.SZ', '002832.SZ', '000526.SZ', '603199.SH', '603998.SH', '002930.SZ', '600769.SH', '688687.SH', '002552.SZ', '001896.SZ', '688513.SH', '000993.SZ', '301188.SZ', '605368.SH', '002419.SZ', '002452.SZ', '600725.SH', '600976.SH', '002515.SZ', '600283.SH', '002840.SZ', '000966.SZ', '601008.SH', '300882.SZ', '603566.SH', '600965.SH', '600121.SH', '600452.SH', '000048.SZ', '605108.SH', '603229.SH', '688488.SH', '600975.SH', '002455.SZ', '001337.SZ', '002059.SZ', '002033.SZ', '601619.SH', '600593.SH', '600621.SH', '600310.SH', '603697.SH', '002793.SZ', '002039.SZ', '600127.SH', '603105.SH', '600824.SH', '000755.SZ', '000915.SZ', '300049.SZ', '000686.SZ', '600982.SH']"
2025-04-14,2025-04-11,2025-04-21,0.013198244239231357,100,0.5,500,"['002419.SZ', '600621.SH', '000686.SZ', '002059.SZ', '603697.SH', '601008.SH', '600975.SH', '002948.SZ', '601128.SH', '002807.SZ', '601113.SH', '600428.SH', '002039.SZ', '601997.SH', '601860.SH', '600127.SH', '002552.SZ', '000048.SZ', '600017.SH', '000429.SZ', '603566.SH', '000993.SZ', '605337.SH', '002458.SZ', '603619.SH', '600908.SH', '605167.SH', '603093.SH', '002100.SZ', '000819.SZ', '002318.SZ', '600461.SH', '688510.SH', '000899.SZ', '301116.SZ', '002034.SZ', '600368.SH', '603871.SH', '601969.SH', '601975.SH', '603213.SH', '600801.SH', '600729.SH', '002478.SZ', '002468.SZ', '002697.SZ', '300815.SZ', '603507.SH', '002140.SZ', '603158.SH', '601002.SH', '600366.SH', '000520.SZ', '600828.SH', '000006.SZ', '002542.SZ', '002500.SZ', '002989.SZ', '600826.SH', '002457.SZ', '600864.SH', '600491.SH', '002095.SZ', '000551.SZ', '001313.SZ', '600644.SH', '601375.SH', '600635.SH', '600095.SH', '600120.SH', '600611.SH', '001267.SZ', '600622.SH', '600505.SH', '600383.SH', '600605.SH', '300583.SZ', '600326.SH', '603056.SH', '605188.SH', '603313.SH', '000712.SZ', '600266.SH', '000058.SZ', '300436.SZ', '603777.SH', '600624.SH', '600782.SH', '603929.SH', '603823.SH', '600814.SH', '600794.SH', '688087.SH', '000096.SZ', '603708.SH', '000813.SZ', '600808.SH', '002208.SZ', '002926.SZ', '688321.SH']"
2025-04-21,2025-04-18,2025-04-28,-0.016940231010893415,100,0.5,500,"['601002.SH', '600383.SH', '002542.SZ', '000551.SZ', '603823.SH', '000520.SZ', '002989.SZ', '000686.SZ', '600624.SH', '002500.SZ', '603697.SH', '002419.SZ', '000006.SZ', '603313.SH', '600621.SH', '600864.SH', '601375.SH', '002926.SZ', '603708.SH', '600808.SH', '300436.SZ', '002457.SZ', '600266.SH', '600828.SH', '002095.SZ', '000096.SZ', '603093.SH', '600095.SH', '600611.SH', '600622.SH', '002034.SZ', '603056.SH', '001313.SZ', '002039.SZ', '600782.SH', '301116.SZ', '600605.SH', '600326.SH', '600794.SH', '000712.SZ', '002208.SZ', '600120.SH', '600908.SH', '002100.SZ', '601860.SH', '002948.SZ', '601128.SH', '603777.SH', '600814.SH', '002807.SZ', '002225.SZ', '001896.SZ', '000905.SZ', '000402.SZ', '002479.SZ', '000863.SZ', '600853.SH', '300326.SZ', '600327.SH', '000517.SZ', '600558.SH', '002695.SZ', '688656.SH', '000059.SZ', '000415.SZ', '600325.SH', '603429.SH', '000850.SZ', '002455.SZ', '003010.SZ', '000532.SZ', '002961.SZ', '600650.SH', '000539.SZ', '600675.SH', '300056.SZ', '300061.SZ', '600279.SH', '002522.SZ', '600403.SH', '603268.SH', '600865.SH', '600073.SH', '600604.SH', '300043.SZ', '000566.SZ', '601886.SH', '002301.SZ', '601599.SH', '301021.SZ', '002469.SZ', '600906.SH', '688136.SH', '002627.SZ', '601665.SH', '002793.SZ', '300402.SZ', '601118.SH', '000935.SZ', '002291.SZ']"
2025-04-28,2025-04-25,2025-05-06,0.03077311329422695,100,0.5,500,"['000686.SZ', '600266.SH', '600558.SH', '600604.SH', '600383.SH', '600675.SH', '000402.SZ', '000905.SZ', '000415.SZ', '002100.SZ', '600624.SH', '600621.SH', '000539.SZ', '600853.SH', '600325.SH', '001896.SZ', '000712.SZ', '002542.SZ', '300043.SZ', '600782.SH', '600279.SH', '002961.SZ', '301021.SZ', '600327.SH', '002419.SZ', '600808.SH', '002291.SZ', '601860.SH', '002500.SZ', '002926.SZ', '601886.SH', '600650.SH', '000096.SZ', '002208.SZ', '600906.SH', '600611.SH', '000006.SZ', '601375.SH', '000566.SZ', '002807.SZ', '688656.SH', '000517.SZ', '600622.SH', '000532.SZ', '002948.SZ', '600120.SH', '603777.SH', '600095.SH', '600073.SH', '601665.SH', '000716.SZ', '600965.SH', '600758.SH', '600121.SH', '688131.SH', '002067.SZ', '000401.SZ', '002520.SZ', '002791.SZ', '002300.SZ', '603256.SH', '600593.SH', '000665.SZ', '000759.SZ', '000501.SZ', '300797.SZ', '603158.SH', '002218.SZ', '601778.SH', '301293.SZ', '688046.SH', '002015.SZ', '300228.SZ', '603499.SH', '002110.SZ', '300244.SZ', '300792.SZ', '600255.SH', '300286.SZ', '600366.SH', '300071.SZ', '603686.SH', '002717.SZ', '600017.SH', '300880.SZ', '300603.SZ', '002928.SZ', '300291.SZ', '300729.SZ', '600155.SH', '600693.SH', '300337.SZ', '300341.SZ', '300426.SZ', '002163.SZ', '000507.SZ', '600021.SH', '603687.SH', '600531.SH', '000833.SZ']"
2025-05-06,2025-04-30,2025-05-12,0.01775889052987527,100,0.5,500,"['600255.SH', '300337.SZ', '002520.SZ', '000665.SZ', '600624.SH', '000759.SZ', '300043.SZ', '002291.SZ', '002067.SZ', '000716.SZ', '600622.SH', '300071.SZ', '300286.SZ', '300603.SZ', '603777.SH', '002218.SZ', '002300.SZ', '301021.SZ', '002542.SZ', '000532.SZ', '603158.SH', '600650.SH', '300792.SZ', '301293.SZ', '300797.SZ', '603499.SH', '600611.SH', '600327.SH', '000539.SZ', '000402.SZ', '601778.SH', '600558.SH', '000566.SZ', '603256.SH', '600808.SH', '000712.SZ', '000006.SZ', '002961.SZ', '603686.SH', '688131.SH', '600366.SH', '600693.SH', '600279.SH', '000833.SZ', '600266.SH', '001896.SZ', '300291.SZ', '600325.SH', '300244.SZ', '002791.SZ', '600520.SH', '300698.SZ', '600310.SH', '300859.SZ', '300473.SZ', '603123.SH', '603991.SH', '300779.SZ', '300351.SZ', '300173.SZ', '603056.SH', '300063.SZ', '603912.SH', '000721.SZ', '300310.SZ', '002567.SZ', '603200.SH', '688277.SH', '300143.SZ', '003010.SZ', '300031.SZ', '603069.SH', '300430.SZ', '301368.SZ', '300590.SZ', '300056.SZ', '603719.SH', '301127.SZ', '603598.SH', '601118.SH', '000813.SZ', '300848.SZ', '300530.SZ', '600708.SH', '300328.SZ', '300402.SZ', '603178.SH', '300139.SZ', '688025.SH', '603399.SH', '300192.SZ', '002219.SZ', '600399.SH', '300688.SZ', '688090.SH', '000962.SZ', '300781.SZ', '301188.SZ', '000886.SZ', '000059.SZ']"
2025-05-12,2025-05-09,2025-05-19,0.0023940689108718303,100,0.5,500,"['300337.SZ', '300063.SZ', '300698.SZ', '300473.SZ', '000532.SZ', '603598.SH', '300430.SZ', '600255.SH', '300173.SZ', '300071.SZ', '300310.SZ', '002067.SZ', '603499.SH', '300328.SZ', '000716.SZ', '300792.SZ', '003010.SZ', '688131.SH', '603777.SH', '300351.SZ', '600520.SH', '301368.SZ', '300043.SZ', '600624.SH', '000759.SZ', '600622.SH', '603686.SH', '300590.SZ', '688025.SH', '603200.SH', '002520.SZ', '300779.SZ', '600650.SH', '300781.SZ', '600310.SH', '300139.SZ', '301127.SZ', '600327.SH', '301021.SZ', '300603.SZ', '600693.SH', '000665.SZ', '002542.SZ', '002291.SZ', '300056.SZ', '000833.SZ', '300291.SZ', '600611.SH', '603158.SH', '300244.SZ', '600367.SH', '000868.SZ', '001267.SZ', '600830.SH', '300622.SZ', '603085.SH', '300341.SZ', '300426.SZ', '000753.SZ', '688181.SH', '301160.SZ', '600212.SH', '000816.SZ', '300880.SZ', '000677.SZ', '300785.SZ', '600769.SH', '600979.SH', '603803.SH', '300917.SZ', '300436.SZ', '002522.SZ', '600318.SH', '603618.SH', '603038.SH', '002277.SZ', '603088.SH', '002173.SZ', '300200.SZ', '300213.SZ', '603300.SH', '002559.SZ', '600187.SH', '002095.SZ', '603823.SH', '688205.SH', '688499.SH', '002075.SZ', '601116.SH', '300733.SZ', '300099.SZ', '301413.SZ', '002272.SZ', '002355.SZ', '300299.SZ', '600789.SH', '300233.SZ', '002480.SZ', '300729.SZ', '300494.SZ']"
2025-05-19,2025-05-16,2025-05-26,-0.009532536422562004,100,0.5,500,"['600310.SH', '300043.SZ', '300071.SZ', '300056.SZ', '000665.SZ', '300299.SZ', '301021.SZ', '000759.SZ', '601116.SH', '300436.SZ', '000753.SZ', '002272.SZ', '600187.SH', '002542.SZ', '600611.SH', '300603.SZ', '600693.SH', '600520.SH', '000716.SZ', '600979.SH', '300173.SZ', '603598.SH', '300779.SZ', '300310.SZ', '300200.SZ', '603777.SH', '603085.SH', '301160.SZ', '002277.SZ', '603803.SH', '688205.SH', '300785.SZ', '300698.SZ', '002075.SZ', '002173.SZ', '600650.SH', '600624.SH', '000532.SZ', '300622.SZ', '300341.SZ', '688131.SH', '300351.SZ', '002522.SZ', '000868.SZ', '600318.SH', '300063.SZ', '300792.SZ', '002095.SZ', '300781.SZ', '301127.SZ', '002786.SZ', '000886.SZ', '603800.SH', '603069.SH', '300592.SZ', '002344.SZ', '600628.SH', '000566.SZ', '002218.SZ', '000713.SZ', '301116.SZ', '300203.SZ', '688799.SH', '000539.SZ', '603123.SH', '002163.SZ', '002961.SZ', '600828.SH', '600449.SH', '600403.SH', '002307.SZ', '300358.SZ', '000966.SZ', '300355.SZ', '000723.SZ', '603466.SH', '601015.SH', '000601.SZ', '600805.SH', '600621.SH', '600782.SH', '600266.SH', '600505.SH', '300688.SZ', '600326.SH', '600657.SH', '688658.SH', '600133.SH', '600708.SH', '600790.SH', '002458.SZ', '002941.SZ', '600824.SH', '300363.SZ', '001896.SZ', '002469.SZ', '603615.SH', '603322.SH', '600308.SH', '002479.SZ']"
2025-05-26,2025-05-23,2025-06-03,0.03593408449415803,100,0.5,500,"['002961.SZ', '688799.SH', '300056.SZ', '002095.SZ', '002469.SZ', '002479.SZ', '688658.SH', '300071.SZ', '001896.SZ', '601116.SH', '603069.SH', '603466.SH', '300299.SZ', '688131.SH', '300043.SZ', '688205.SH', '300436.SZ', '000566.SZ', '002542.SZ', '300351.SZ', '301021.SZ', '300603.SZ', '603123.SH', '603800.SH', '600310.SH', '300688.SZ', '300363.SZ', '000886.SZ', '000532.SZ', '300063.SZ', '600621.SH', '603598.SH', '301127.SZ', '600520.SH', '300781.SZ', '300200.SZ', '002163.SZ', '600505.SH', '000665.SZ', '000759.SZ', '000753.SZ', '002272.SZ', '600187.SH', '600611.SH', '600693.SH', '000716.SZ', '600979.SH', '300173.SZ', '300779.SZ', '300310.SZ', '002264.SZ', '688609.SH', '603535.SH', '688179.SH', '603199.SH', '603676.SH', '603929.SH', '300138.SZ', '688510.SH', '603823.SH', '300729.SZ', '002695.SZ', '301188.SZ', '600351.SH', '603610.SH', '688687.SH', '600794.SH', '000721.SZ', '300401.SZ', '300685.SZ', '002832.SZ', '301367.SZ', '003000.SZ', '300705.SZ', '000899.SZ', '605338.SH', '002154.SZ', '603229.SH', '600367.SH', '300420.SZ', '002104.SZ', '603718.SH', '002491.SZ', '300430.SZ', '300402.SZ', '605116.SH', '603566.SH', '002215.SZ', '300711.SZ', '301080.SZ', '300210.SZ', '605337.SH', '300435.SZ', '300590.SZ', '603477.SH', '603167.SH', '600598.SH', '603213.SH', '002033.SZ', '603719.SH']"
2025-06-03,2025-05-30,2025-06-09,0.024430615070965094,100,0.5,500,"['600351.SH', '300435.SZ', '603167.SH', '605338.SH', '603718.SH', '301367.SZ', '603535.SH', '603466.SH', '002695.SZ', '000721.SZ', '603823.SH', '603676.SH', '002479.SZ', '600187.SH', '603566.SH', '002154.SZ', '688179.SH', '603199.SH', '600520.SH', '002832.SZ', '000532.SZ', '300056.SZ', '002469.SZ', '603229.SH', '002264.SZ', '002163.SZ', '301080.SZ', '300138.SZ', '002961.SZ', '600598.SH', '300685.SZ', '002542.SZ', '002215.SZ', '300310.SZ', '300071.SZ', '000566.SZ', '688799.SH', '002095.SZ', '688658.SH', '001896.SZ', '601116.SH', '603069.SH', '300299.SZ', '688131.SH', '300043.SZ', '688205.SH', '300436.SZ', '300351.SZ', '301021.SZ', '300603.SZ', '002356.SZ', '600965.SH', '002644.SZ', '002785.SZ', '002349.SZ', '600668.SH', '300291.SZ', '300111.SZ', '600368.SH', '002793.SZ', '603367.SH', '002034.SZ', '600694.SH', '000796.SZ', '600479.SH', '002926.SZ', '000048.SZ', '688046.SH', '300499.SZ', '600824.SH', '600064.SH', '600201.SH', '600035.SH', '601619.SH', '600106.SH', '000779.SZ', '000915.SZ', '603016.SH', '300494.SZ', '300702.SZ', '300039.SZ', '601339.SH', '600345.SH', '000935.SZ', '002458.SZ', '000650.SZ', '002238.SZ', '600033.SH', '603060.SH', '600604.SH', '600461.SH', '603615.SH', '603313.SH', '600020.SH', '600729.SH', '300194.SZ', '601128.SH', '002267.SZ', '300318.SZ', '002907.SZ']"
2025-06-09,2025-06-06,2025-06-16,-0.014119771022277563,100,0.5,500,"['300056.SZ', '000721.SZ', '600520.SH', '000779.SZ', '603718.SH', '002793.SZ', '603615.SH', '002163.SZ', '000796.SZ', '603566.SH', '300071.SZ', '603466.SH', '600187.SH', '600824.SH', '002095.SZ', '000048.SZ', '300111.SZ', '300436.SZ', '600479.SH', '300291.SZ', '000566.SZ', '002644.SZ', '605338.SH', '300310.SZ', '000915.SZ', '603535.SH', '600668.SH', '600064.SH', '300299.SZ', '600106.SH', '601128.SH', '600694.SH', '600345.SH', '000650.SZ', '600351.SH', '600604.SH', '603167.SH', '300435.SZ', '301367.SZ', '002695.SZ', '603823.SH', '603676.SH', '002479.SZ', '002154.SZ', '688179.SH', '603199.SH', '002832.SZ', '000532.SZ', '002469.SZ', '603229.SH', '603815.SH', '301058.SZ', '000520.SZ', '603610.SH', '600725.SH', '002786.SZ', '002919.SZ', '688687.SH', '600990.SH', '002520.SZ', '600855.SH', '600088.SH', '002839.SZ', '605377.SH', '000993.SZ', '603998.SH', '000713.SZ', '000928.SZ', '002219.SZ', '002941.SZ', '603206.SH', '002935.SZ', '603399.SH', '002297.SZ', '002575.SZ', '600624.SH', '600629.SH', '002189.SZ', '600817.SH', '002413.SZ', '600738.SH', '000620.SZ', '600127.SH', '002111.SZ', '600246.SH', '300712.SZ', '600284.SH', '603803.SH', '603429.SH', '600505.SH', '301260.SZ', '300497.SZ', '603018.SH', '600908.SH', '600053.SH', '688488.SH', '300123.SZ', '000863.SZ', '600283.SH', '300345.SZ']"
2025-06-16,2025-06-13,2025-06-23,-0.01964136954042054,100,0.5,500,"['603535.SH', '002839.SZ', '600908.SH', '600064.SH', '603998.SH', '300291.SZ', '300111.SZ', '300056.SZ', '603466.SH', '002919.SZ', '600106.SH', '300497.SZ', '603566.SH', '600738.SH', '600088.SH', '600351.SH', '000915.SZ', '600668.SH', '600694.SH', '002786.SZ', '000928.SZ', '300435.SZ', '002111.SZ', '002941.SZ', '000650.SZ', '002163.SZ', '603229.SH', '000566.SZ', '600520.SH', '301058.SZ', '002297.SZ', '000048.SZ', '300071.SZ', '600479.SH', '300123.SZ', '603167.SH', '000863.SZ', '603610.SH', '600246.SH', '600187.SH', '002793.SZ', '600604.SH', '000532.SZ', '688687.SH', '002520.SZ', '600284.SH', '600053.SH', '688488.SH', '000713.SZ', '000620.SZ', '300664.SZ', '000544.SZ', '605577.SH', '300210.SZ', '600758.SH', '002936.SZ', '002948.SZ', '002546.SZ', '603520.SH', '605337.SH', '002519.SZ', '002215.SZ', '002029.SZ', '601187.SH', '603323.SH', '300402.SZ', '601860.SH', '600229.SH', '601619.SH', '605388.SH', '301188.SZ', '601636.SH', '600368.SH', '601528.SH', '600874.SH', '002015.SZ', '688108.SH', '603896.SH', '002807.SZ', '000690.SZ', '002500.SZ', '300617.SZ', '603081.SH', '000875.SZ', '002034.SZ', '300702.SZ', '603368.SH', '300737.SZ', '688202.SH', '688553.SH', '603367.SH', '300796.SZ', '300533.SZ', '600133.SH', '300039.SZ', '603801.SH', '000968.SZ', '601001.SH', '300499.SZ', '688315.SH']"
2025-06-23,2025-06-20,2025-06-30,0.04586027036876908,100,0.5,500,"['603466.SH', '688108.SH', '300056.SZ', '688202.SH', '688553.SH', '688488.SH', '300123.SZ', '002519.SZ', '603535.SH', '300071.SZ', '002546.SZ', '300210.SZ', '600738.SH', '600368.SH', '600133.SH', '601619.SH', '002163.SZ', '603081.SH', '603610.SH', '002941.SZ', '000875.SZ', '601636.SH', '002297.SZ', '600694.SH', '688687.SH', '300402.SZ', '000690.SZ', '000620.SZ', '301058.SZ', '600874.SH', '600520.SH', '600908.SH', '603998.SH', '002520.SZ', '000968.SZ', '601528.SH', '002015.SZ', '605337.SH', '601187.SH', '600106.SH', '002111.SZ', '301188.SZ', '000566.SZ', '600053.SH', '300499.SZ', '605388.SH', '300533.SZ', '000532.SZ', '300291.SZ', '002793.SZ', '300862.SZ', '300177.SZ', '300688.SZ', '000886.SZ', '300859.SZ', '300397.SZ', '301021.SZ', '600621.SH', '688609.SH', '688311.SH', '301073.SZ', '300466.SZ', '002935.SZ', '301096.SZ', '300213.SZ', '002238.SZ', '688212.SH', '688510.SH', '300900.SZ', '603722.SH', '300629.SZ', '002759.SZ', '002575.SZ', '300265.SZ', '000791.SZ', '000721.SZ', '300299.SZ', '000899.SZ', '688222.SH', '600855.SH', '601918.SH', '300045.SZ', '603393.SH', '300698.SZ', '300043.SZ', '300363.SZ', '300049.SZ', '300310.SZ', '300481.SZ', '300905.SZ', '002961.SZ', '301293.SZ', '300527.SZ', '300725.SZ', '688392.SH', '000796.SZ', '300815.SZ', '300711.SZ', '003009.SZ', '600035.SH']"
2025-06-30,2025-06-27,2025-07-07,-0.015455810722179532,100,0.5,500,"['301058.SZ', '300629.SZ', '688202.SH', '301073.SZ', '300210.SZ', '300711.SZ', '300466.SZ', '300859.SZ', '300265.SZ', '301096.SZ', '603466.SH', '603535.SH', '600621.SH', '688488.SH', '002935.SZ', '301021.SZ', '002111.SZ', '600053.SH', '688687.SH', '688222.SH', '688510.SH', '603081.SH', '300905.SZ', '000796.SZ', '300363.SZ', '603722.SH', '600133.SH', '300123.SZ', '002163.SZ', '300177.SZ', '300299.SZ', '300056.SZ', '300310.SZ', '300402.SZ', '300397.SZ', '600520.SH', '600855.SH', '300688.SZ', '002519.SZ', '300071.SZ', '300213.SZ', '002297.SZ', '300291.SZ', '002575.SZ', '300049.SZ', '000721.SZ', '301293.SZ', '603610.SH', '000532.SZ', '300043.SZ', '001236.SZ', '600830.SH', '002559.SZ', '300727.SZ', '300917.SZ', '688046.SH', '300781.SZ', '600641.SH', '603093.SH', '300032.SZ', '300416.SZ', '300351.SZ', '300590.SZ', '002095.SZ', '600927.SH', '603533.SH', '603960.SH', '601599.SH', '000628.SZ', '300841.SZ', '688418.SH', '002338.SZ', '000567.SZ', '600880.SH', '603399.SH', '002150.SZ', '603258.SH', '603598.SH', '300027.SZ', '688621.SH', '300129.SZ', '600246.SH', '300726.SZ', '300337.SZ', '300791.SZ', '603322.SH', '600101.SH', '300284.SZ', '600399.SH', '603912.SH', '000753.SZ', '002792.SZ', '600990.SH', '301171.SZ', '000686.SZ', '300081.SZ', '603507.SH', '002127.SZ', '603069.SH', '600199.SH']"
2025-07-07,2025-07-04,2025-07-14,0.031185677159819146,100,0.5,500,"['603610.SH', '300291.SZ', '603535.SH', '300071.SZ', '300056.SZ', '002163.SZ', '603598.SH', '301096.SZ', '300299.SZ', '000796.SZ', '603466.SH', '603093.SH', '300905.SZ', '300027.SZ', '300688.SZ', '600101.SH', '000686.SZ', '300791.SZ', '300043.SZ', '603069.SH', '688488.SH', '301058.SZ', '300629.SZ', '688202.SH', '301073.SZ', '300210.SZ', '300711.SZ', '300466.SZ', '300859.SZ', '300265.SZ', '600621.SH', '002935.SZ', '301021.SZ', '002111.SZ', '600053.SH', '688687.SH', '688222.SH', '688510.SH', '603081.SH', '300363.SZ', '603722.SH', '600133.SH', '300123.SZ', '300177.SZ', '300310.SZ', '300402.SZ', '300397.SZ', '600520.SH', '600855.SH', '002519.SZ', '600758.SH', '002645.SZ', '600668.SH', '300332.SZ', '000789.SZ', '600336.SH', '600288.SH', '000507.SZ', '300542.SZ', '600694.SH', '002298.SZ', '600064.SH', '300302.SZ', '600604.SH', '002479.SZ', '002512.SZ', '300248.SZ', '600367.SH', '000600.SZ', '300079.SZ', '600491.SH', '600368.SH', '000690.SZ', '301095.SZ', '002382.SZ', '300041.SZ', '600269.SH', '000968.SZ', '002154.SZ', '300369.SZ', '600449.SH', '600121.SH', '300531.SZ', '300479.SZ', '600187.SH', '300758.SZ', '603313.SH', '688631.SH', '000875.SZ', '002244.SZ', '601619.SH', '002081.SZ', '601339.SH', '000928.SZ', '002208.SZ', '300194.SZ', '000900.SZ', '000713.SZ', '300532.SZ', '002178.SZ']"
2025-07-14,2025-07-11,2025-07-21,0.02378175249613509,100,0.5,500,"['300291.SZ', '600604.SH', '600288.SH', '600336.SH', '300302.SZ', '300027.SZ', '301095.SZ', '300369.SZ', '002298.SZ', '688631.SH', '600121.SH', '301096.SZ', '300688.SZ', '300532.SZ', '002163.SZ', '300542.SZ', '002512.SZ', '002645.SZ', '603466.SH', '300531.SZ', '600758.SH', '002178.SZ', '000713.SZ', '000796.SZ', '600187.SH', '300248.SZ', '600053.SH', '603598.SH', '600668.SH', '002208.SZ', '603069.SH', '603535.SH', '300071.SZ', '000507.SZ', '600101.SH', '300299.SZ', '002154.SZ', '002081.SZ', '300043.SZ', '603093.SH', '300056.SZ', '300791.SZ', '603610.SH', '300905.SZ', '000686.SZ', '688488.SH', '301058.SZ', '300629.SZ', '688202.SH', '301073.SZ', '601908.SH', '002585.SZ', '300158.SZ', '600658.SH', '300036.SZ', '002232.SZ', '000620.SZ', '002238.SZ', '300358.SZ', '600675.SH', '300494.SZ', '600773.SH', '300497.SZ', '002067.SZ', '300067.SZ', '688238.SH', '002421.SZ', '300271.SZ', '000032.SZ', '300042.SZ', '301091.SZ', '600037.SH', '600962.SH', '002037.SZ', '300737.SZ', '603000.SH', '000016.SZ', '601515.SH', '600510.SH', '600782.SH', '600740.SH', '002930.SZ', '600826.SH', '600657.SH', '002291.SZ', '000517.SZ', '601226.SH', '300806.SZ', '600649.SH', '600638.SH', '688066.SH', '000029.SZ', '002915.SZ', '002362.SZ', '300217.SZ', '600155.SH', '600185.SH', '000665.SZ', '600310.SH', '000090.SZ']"
2025-07-21,2025-07-18,2025-07-28,0.02379600545844073,100,0.5,500,"['600658.SH', '300158.SZ', '600336.SH', '300531.SZ', '688631.SH', '002291.SZ', '688238.SH', '600288.SH', '002067.SZ', '300494.SZ', '300369.SZ', '688066.SH', '688488.SH', '600604.SH', '301091.SZ', '600121.SH', '601515.SH', '300542.SZ', '000032.SZ', '600962.SH', '002208.SZ', '301095.SZ', '002645.SZ', '002512.SZ', '300248.SZ', '002585.SZ', '300217.SZ', '000665.SZ', '002037.SZ', '600053.SH', '300302.SZ', '600310.SH', '002232.SZ', '300806.SZ', '603535.SH', '300291.SZ', '002915.SZ', '300027.SZ', '600782.SH', '603000.SH', '002421.SZ', '601908.SH', '300042.SZ', '603093.SH', '301096.SZ', '000620.SZ', '600649.SH', '300036.SZ', '600740.SH', '600155.SH', '300079.SZ', '688023.SH', '600622.SH', '688326.SH', '002201.SZ', '000059.SZ', '300758.SZ', '600756.SH', '600641.SH', '688590.SH', '688315.SH', '300082.SZ', '300917.SZ', '300520.SZ', '000948.SZ', '603189.SH', '300210.SZ', '600800.SH', '300058.SZ', '300342.SZ', '002400.SZ', '002642.SZ', '002522.SZ', '601015.SH', '300005.SZ', '600927.SH', '002279.SZ', '605388.SH', '688031.SH', '688588.SH', '300284.SZ', '300399.SZ', '600058.SH', '300541.SZ', '600819.SH', '300797.SZ', '688179.SH', '300792.SZ', '300231.SZ', '600449.SH', '603155.SH', '688246.SH', '688579.SH', '002110.SZ', '300333.SZ', '600278.SH', '688787.SH', '601599.SH', '600794.SH', '603801.SH']"
2025-07-28,2025-07-25,2025-08-04,0.005749427770673204,100,0.47,500,"['600641.SH', '300797.SZ', '300342.SZ', '300210.SZ', '000059.SZ', '688488.SH', '688238.SH', '300082.SZ', '688023.SH', '688179.SH', '600756.SH', '688066.SH', '300758.SZ', '002201.SZ', '688590.SH', '002291.SZ', '688631.SH', '300520.SZ', '300217.SZ', '300917.SZ', '300042.SZ', '000948.SZ', '600053.SH', '301091.SZ', '301096.SZ', '603801.SH', '688031.SH', '300079.SZ', '300005.SZ', '002232.SZ', '600927.SH', '002400.SZ', '300231.SZ', '600658.SH', '601015.SH', '002642.SZ', '300494.SZ', '600336.SH', '603189.SH', '300284.SZ', '300302.SZ', '688246.SH', '300058.SZ', '300291.SZ', '002585.SZ', '000620.SZ', '301095.SZ', '600622.SH', '300792.SZ', '600449.SH', '002110.SZ', '603000.SH', '300036.SZ', '300727.SZ', '688133.SH', '688298.SH', '002302.SZ', '300942.SZ', '300111.SZ', '600399.SH', '002777.SZ', '301162.SZ', '688176.SH', '688609.SH', '300768.SZ', '301058.SZ', '605158.SH', '300416.SZ', '000810.SZ', '300737.SZ', '600556.SH', '300271.SZ', '300847.SZ', '600640.SH', '001330.SZ', '300788.SZ', '300352.SZ', '000819.SZ', '601858.SH', '300697.SZ', '600403.SH', '600996.SH', '000723.SZ', '300067.SZ', '002362.SZ', '002577.SZ', '002218.SZ', '600829.SH', '300996.SZ', '300497.SZ', '603848.SH', '600246.SH', '300192.SZ', '300790.SZ', '600383.SH', '603992.SH', '300031.SZ', '605555.SH', '603258.SH', '002292.SZ']"
2025-08-04,2025-08-01,2025-08-11,0.02974938248455115,100,0.5,500,"['300942.SZ', '688179.SH', '300111.SZ', '688238.SH', '688133.SH', '300727.SZ', '300302.SZ', '300291.SZ', '300996.SZ', '688609.SH', '300042.SZ', '688246.SH', '300758.SZ', '300036.SZ', '300067.SZ', '688488.SH', '002232.SZ', '301096.SZ', '600053.SH', '300271.SZ', '300497.SZ', '688176.SH', '300352.SZ', '301091.SZ', '688031.SH', '002642.SZ', '688631.SH', '300079.SZ', '300494.SZ', '300210.SZ', '603258.SH', '603189.SH', '300342.SZ', '688590.SH', '300231.SZ', '301095.SZ', '688023.SH', '300737.SZ', '000948.SZ', '300031.SZ', '600756.SH', '300768.SZ', '002362.SZ', '002577.SZ', '300792.SZ', '603000.SH', '002585.SZ', '688066.SH', '300917.SZ', '300192.SZ', '688046.SH', '688579.SH', '300911.SZ', '300532.SZ', '688315.SH', '300542.SZ', '002912.SZ', '003029.SZ', '300248.SZ', '688399.SH', '300465.SZ', '002095.SZ', '688687.SH', '600088.SH', '300688.SZ', '300369.SZ', '688108.SH', '600624.SH', '300043.SZ', '300299.SZ', '600318.SH', '300333.SZ', '688365.SH', '600288.SH', '300245.SZ', '603106.SH', '600135.SH', '603429.SH', '000514.SZ', '002298.SZ', '300531.SZ', '603918.SH', '300895.SZ', '301239.SZ', '300835.SZ', '300139.SZ', '300541.SZ', '301188.SZ', '002376.SZ', '002915.SZ', '300386.SZ', '688095.SH', '300785.SZ', '603466.SH', '300364.SZ', '600962.SH', '002645.SZ', '600794.SH', '600505.SH', '300846.SZ']"
2025-08-11,2025-08-08,2025-08-18,0.039886899772809355,100,0.5,500,"['688133.SH', '301188.SZ', '300942.SZ', '688609.SH', '300727.SZ', '301096.SZ', '688246.SH', '300067.SZ', '300758.SZ', '688488.SH', '688238.SH', '300497.SZ', '688095.SH', '300231.SZ', '600135.SH', '688687.SH', '688590.SH', '300192.SZ', '600318.SH', '300111.SZ', '300835.SZ', '300541.SZ', '300139.SZ', '688365.SH', '301239.SZ', '300299.SZ', '300043.SZ', '300768.SZ', '003029.SZ', '002095.SZ', '688023.SH', '300911.SZ', '688399.SH', '300386.SZ', '300210.SZ', '300737.SZ', '600756.SH', '300792.SZ', '002577.SZ', '300245.SZ', '300333.SZ', '002362.SZ', '300917.SZ', '002298.SZ', '300465.SZ', '688031.SH', '600794.SH', '300271.SZ', '300369.SZ', '300248.SZ', '300797.SZ', '300962.SZ', '301160.SZ', '688799.SH', '000677.SZ', '300143.SZ', '605555.SH', '600830.SH', '300416.SZ', '600805.SH', '300697.SZ', '300815.SZ', '603867.SH', '002067.SZ', '688507.SH', '000886.SZ', '300918.SZ', '600367.SH', '300505.SZ', '600986.SH', '300790.SZ', '603069.SH', '000899.SZ', '600643.SH', '300182.SZ', '001267.SZ', '002803.SZ', '300712.SZ', '000532.SZ', '300388.SZ', '603535.SH', '300463.SZ', '001207.SZ', '300358.SZ', '300403.SZ', '603393.SH', '000791.SZ', '603170.SH', '603610.SH', '688588.SH', '300622.SZ', '002676.SZ', '600621.SH', '300113.SZ', '301058.SZ', '002201.SZ', '300492.SZ', '002033.SZ', '600730.SH', '301116.SZ']"
2025-08-18,2025-08-15,2025-08-25,0.02929300410921087,100,0.5,500,"['301188.SZ', '605555.SH', '300182.SZ', '688799.SH', '300758.SZ', '600986.SH', '300416.SZ', '300790.SZ', '688687.SH', '301160.SZ', '688507.SH', '300768.SZ', '300697.SZ', '603393.SH', '000677.SZ', '300835.SZ', '300113.SZ', '001267.SZ', '300727.SZ', '002803.SZ', '300918.SZ', '300917.SZ', '000791.SZ', '688609.SH', '600643.SH', '002676.SZ', '603535.SH', '688488.SH', '300942.SZ', '300403.SZ', '301239.SZ', '301058.SZ', '603610.SH', '688590.SH', '300541.SZ', '300505.SZ', '600830.SH', '688095.SH', '300622.SZ', '688365.SH', '603867.SH', '002201.SZ', '300231.SZ', '688246.SH', '600367.SH', '300792.SZ', '600621.SH', '300192.SZ', '300386.SZ', '000532.SZ', '300031.SZ', '301127.SZ', '002015.SZ', '300002.SZ', '000099.SZ', '688258.SH', '002777.SZ', '301004.SZ', '002670.SZ', '000155.SZ', '601969.SH', '300905.SZ', '300315.SZ', '603099.SH', '301080.SZ', '603219.SH', '603992.SH', '603848.SH', '001203.SZ', '002617.SZ', '300342.SZ', '300781.SZ', '300705.SZ', '603619.SH', '002605.SZ', '002292.SZ', '301589.SZ', '001339.SZ', '600452.SH', '300133.SZ', '301071.SZ', '603499.SH', '300061.SZ', '301526.SZ', '300773.SZ', '000409.SZ', '000859.SZ', '600120.SH', '300459.SZ', '300121.SZ', '002481.SZ', '002315.SZ', '000628.SZ', '603496.SH', '002219.SZ', '000681.SZ', '002970.SZ', '688062.SH', '688315.SH', '601595.SH']"
2025-08-25,2025-08-22,2025-09-01,-0.013938684126999805,100,0.46,500,"['301127.SZ', '688687.SH', '688799.SH', '600986.SH', '300758.SZ', '300133.SZ', '688258.SH', '300182.SZ', '688507.SH', '300541.SZ', '300697.SZ', '300002.SZ', '688095.SH', '300917.SZ', '000677.SZ', '688609.SH', '002670.SZ', '300031.SZ', '300768.SZ', '301160.SZ', '300942.SZ', '301080.SZ', '002777.SZ', '301058.SZ', '600830.SH', '300416.SZ', '300403.SZ', '000409.SZ', '603219.SH', '688246.SH', '001267.SZ', '300727.SZ', '300315.SZ', '000859.SZ', '300342.SZ', '688590.SH', '000099.SZ', '300192.SZ', '001203.SZ', '002015.SZ', '688365.SH', '603499.SH', '300790.SZ', '000155.SZ', '300231.SZ', '300835.SZ', '600621.SH', '603393.SH', '603610.SH', '002201.SZ', '002292.SZ', '601595.SH', '002676.SZ', '600643.SH', '301091.SZ', '300191.SZ', '688631.SH', '002400.SZ', '300067.SZ', '605006.SH', '301153.SZ', '603722.SH', '300451.SZ', '002362.SZ', '600641.SH', '301096.SZ', '300847.SZ', '000948.SZ', '000886.SZ', '000032.SZ', '600927.SH', '300299.SZ', '600399.SH', '603101.SH', '300248.SZ', '300791.SZ', '003029.SZ', '688588.SH', '300302.SZ', '300369.SZ', '002174.SZ', '002232.SZ', '002067.SZ', '600571.SH', '603533.SH', '300111.SZ', '603000.SH', '000819.SZ', '603918.SH', '002127.SZ', '300531.SZ', '300036.SZ', '300043.SZ', '300729.SZ', '300058.SZ', '301367.SZ', '300291.SZ', '603399.SH', '300245.SZ', '300533.SZ']"
2025-09-01,2025-08-29,2025-09-08,-0.025709664400896292,100,0.47,500,"['600986.SH', '301127.SZ', '002777.SZ', '301160.SZ', '301091.SZ', '301080.SZ', '002400.SZ', '300768.SZ', '600641.SH', '688799.SH', '300248.SZ', '300697.SZ', '688631.SH', '002201.SZ', '000859.SZ', '000032.SZ', '688258.SH', '000099.SZ', '603219.SH', '300002.SZ', '000948.SZ', '002174.SZ', '300847.SZ', '300541.SZ', '300791.SZ', '002670.SZ', '300403.SZ', '300917.SZ', '603499.SH', '300369.SZ', '300133.SZ', '603722.SH', '300058.SZ', '300031.SZ', '603000.SH', '600571.SH', '688507.SH', '301153.SZ', '002676.SZ', '003029.SZ', '601595.SH', '688590.SH', '300727.SZ', '000409.SZ', '001203.SZ', '300451.SZ', '600399.SH', '301058.SZ', '300302.SZ', '300790.SZ', '300291.SZ', '300182.SZ', '300835.SZ', '301162.SZ', '301177.SZ', '300783.SZ', '300525.SZ', '605555.SH', '300113.SZ', '301101.SZ', '300143.SZ', '000810.SZ', '688488.SH', '600336.SH', '300918.SZ', '603383.SH', '300075.SZ', '002315.SZ', '002645.SZ', '000029.SZ', '301004.SZ', '002970.SZ', '002803.SZ', '300973.SZ', '300492.SZ', '300925.SZ', '600288.SH', '300494.SZ', '002117.SZ', '002605.SZ', '300997.SZ', '300542.SZ', '603444.SH', '600962.SH', '002320.SZ', '002609.SZ', '300773.SZ', '002515.SZ', '000935.SZ', '300061.SZ', '600126.SH', '002481.SZ', '002468.SZ', '002290.SZ', '300622.SZ', '601969.SH', '300662.SZ', '301589.SZ', '002401.SZ', '000524.SZ']"
2025-09-08,2025-09-05,2025-09-15,0.011420840657520274,100,0.5,500,"['688799.SH', '301589.SZ', '300973.SZ', '300182.SZ', '300917.SZ', '301160.SZ', '300783.SZ', '300075.SZ', '300622.SZ', '002803.SZ', '301101.SZ', '002468.SZ', '300697.SZ', '300058.SZ', '301162.SZ', '300143.SZ', '603499.SH', '300002.SZ', '301080.SZ', '001203.SZ', '603383.SH', '601969.SH', '002320.SZ', '300997.SZ', '300061.SZ', '300031.SZ', '002201.SZ', '300525.SZ', '000859.SZ', '301153.SZ', '000099.SZ', '600986.SH', '300773.SZ', '300925.SZ', '300113.SZ', '603444.SH', '002970.SZ', '000810.SZ', '002777.SZ', '002315.SZ', '300133.SZ', '002401.SZ', '301177.SZ', '600126.SH', '601595.SH', '300403.SZ', '688488.SH', '301127.SZ', '301091.SZ', '002400.SZ', '603056.SH', '605108.SH', '301071.SZ', '300758.SZ', '688609.SH', '300797.SZ', '603708.SH', '000829.SZ', '002840.SZ', '300705.SZ', '001896.SZ', '300416.SZ', '002356.SZ', '300755.SZ', '000415.SZ', '002219.SZ', '605598.SH', '000966.SZ', '002183.SZ', '002042.SZ', '603610.SH', '603848.SH', '600452.SH', '300226.SZ', '002637.SZ', '000899.SZ', '603300.SH', '603496.SH', '300781.SZ', '000825.SZ', '603520.SH', '301526.SZ', '300895.SZ', '603619.SH', '001236.SZ', '600916.SH', '603713.SH', '000819.SZ', '300459.SZ', '688687.SH', '002959.SZ', '600996.SH', '600654.SH', '600759.SH', '002928.SZ', '301367.SZ', '000058.SZ', '002075.SZ', '600612.SH', '603871.SH']"
2025-09-15,2025-09-12,2025-09-22,-0.005840684702307467,100,0.5,500,"['002803.SZ', '300797.SZ', '300058.SZ', '000829.SZ', '002970.SZ', '301101.SZ', '300113.SZ', '300783.SZ', '300002.SZ', '301160.SZ', '002320.SZ', '603499.SH', '002315.SZ', '000099.SZ', '300031.SZ', '603444.SH', '300622.SZ', '002183.SZ', '601969.SH', '002075.SZ', '300226.SZ', '603056.SH', '000415.SZ', '600916.SH', '300973.SZ', '300705.SZ', '300781.SZ', '300182.SZ', '301080.SZ', '000825.SZ', '002201.SZ', '300758.SZ', '300133.SZ', '301589.SZ', '300416.SZ', '603871.SH', '002840.SZ', '301177.SZ', '688609.SH', '000810.SZ', '603300.SH', '002928.SZ', '600986.SH', '600126.SH', '300403.SZ', '001203.SZ', '600612.SH', '002042.SZ', '603848.SH', '603383.SH', '300492.SZ', '301061.SZ', '300320.SZ', '000723.SZ', '688588.SH', '300662.SZ', '603219.SH', '600808.SH', '002290.SZ', '300192.SZ', '603929.SH', '688507.SH', '600787.SH', '000791.SZ', '300768.SZ', '688095.SH', '300559.SZ', '300043.SZ', '688315.SH', '300532.SZ', '605337.SH', '002707.SZ', '603995.SH', '603992.SH', '001339.SZ', '601858.SH', '300533.SZ', '002632.SZ', '300067.SZ', '600782.SH', '000676.SZ', '002605.SZ', '301216.SZ', '600819.SH', '002110.SZ', '300835.SZ', '300770.SZ', '600621.SH', '000402.SZ', '688590.SH', '000935.SZ', '002037.SZ', '600058.SH', '300918.SZ', '300451.SZ', '600073.SH', '603103.SH', '002302.SZ', '002624.SZ', '000552.SZ']"
2025-09-22,2025-09-19,2025-09-29,-0.008710314105764495,100,0.5,500,"['000810.SZ', '601969.SH', '300797.SZ', '300758.SZ', '300182.SZ', '300416.SZ', '300783.SZ', '002605.SZ', '002201.SZ', '002970.SZ', '600819.SH', '300532.SZ', '600986.SH', '300320.SZ', '000099.SZ', '603219.SH', '001203.SZ', '300058.SZ', '300002.SZ', '300492.SZ', '300113.SZ', '300031.SZ', '300705.SZ', '688095.SH', '301101.SZ', '300192.SZ', '000676.SZ', '688588.SH', '000723.SZ', '000552.SZ', '300768.SZ', '600782.SH', '603992.SH', '002803.SZ', '688609.SH', '002315.SZ', '002840.SZ', '300662.SZ', '301160.SZ', '301061.SZ', '002110.SZ', '688590.SH', '002075.SZ', '300918.SZ', '300781.SZ', '603871.SH', '301216.SZ', '002320.SZ', '300770.SZ', '603300.SH', '605555.SH', '301162.SZ', '301127.SZ', '300791.SZ', '300143.SZ', '300174.SZ', '000534.SZ', '000155.SZ', '688799.SH', '605108.SH', '300401.SZ', '001258.SZ', '000859.SZ', '600123.SH', '002015.SZ', '300075.SZ', '605300.SH', '603867.SH', '002967.SZ', '002971.SZ', '000899.SZ', '600210.SH', '300284.SZ', '600611.SH', '600667.SH', '300729.SZ', '603713.SH', '601113.SH', '301110.SZ', '603098.SH', '600133.SH', '300541.SZ', '603888.SH', '600556.SH', '600399.SH', '603393.SH', '002777.SZ', '300342.SZ', '000923.SZ', '605577.SH', '002701.SZ', '600433.SH', '601918.SH', '002541.SZ', '600367.SH', '603128.SH', '600633.SH', '601828.SH', '601611.SH', '002705.SZ']"
2025-09-29,2025-09-26,2025-10-09,0.024170738264104666,100,0.5,500,"['300182.SZ', '300058.SZ', '000155.SZ', '300758.SZ', '300705.SZ', '300320.SZ', '603867.SH', '002840.SZ', '000859.SZ', '688588.SH', '600210.SH', '601113.SH', '300401.SZ', '600667.SH', '002777.SZ', '000810.SZ', '601969.SH', '300797.SZ', '300416.SZ', '300783.SZ', '002605.SZ', '002201.SZ', '002970.SZ', '600819.SH', '300532.SZ', '600986.SH', '000099.SZ', '603219.SH', '001203.SZ', '300002.SZ', '300492.SZ', '300113.SZ', '300031.SZ', '688095.SH', '301101.SZ', '300192.SZ', '000676.SZ', '000723.SZ', '000552.SZ', '300768.SZ', '600782.SH', '603992.SH', '002803.SZ', '688609.SH', '002315.SZ', '300662.SZ', '301160.SZ', '301061.SZ', '002110.SZ', '688590.SH', '301029.SZ', '300337.SZ', '688138.SH', '688239.SH', '002892.SZ', '688548.SH', '300373.SZ', '300735.SZ', '300507.SZ', '688019.SH', '002655.SZ', '688333.SH', '603290.SH', '002036.SZ', '300415.SZ', '000925.SZ', '002312.SZ', '300623.SZ', '000410.SZ', '001337.SZ', '688150.SH', '688208.SH', '300627.SZ', '603328.SH', '002960.SZ', '688568.SH', '002922.SZ', '300444.SZ', '002106.SZ', '688362.SH', '688248.SH', '300183.SZ', '688352.SH', '300229.SZ', '603005.SH', '688409.SH', '000426.SZ', '002487.SZ', '300136.SZ', '603638.SH', '002334.SZ', '300319.SZ', '002138.SZ', '688172.SH', '300976.SZ', '300677.SZ', '603298.SH', '600389.SH', '002456.SZ', '603088.SH']"
2025-10-09,2025-09-30,2025-10-13,-0.019142874091998344,100,0.5,500,"['688239.SH', '002960.SZ', '000925.SZ', '002892.SZ', '002312.SZ', '002036.SZ', '688138.SH', '688548.SH', '002106.SZ', '300058.SZ', '300373.SZ', '688568.SH', '301029.SZ', '688333.SH', '002334.SZ', '300444.SZ', '300319.SZ', '603290.SH', '000410.SZ', '002655.SZ', '002456.SZ', '600389.SH', '600667.SH', '300735.SZ', '603005.SH', '300677.SZ', '300627.SZ', '002922.SZ', '300507.SZ', '688208.SH', '688409.SH', '688362.SH', '300136.SZ', '300976.SZ', '600782.SH', '300229.SZ', '688352.SH', '300623.SZ', '000155.SZ', '300183.SZ', '002138.SZ', '300182.SZ', '688248.SH', '688150.SH', '000859.SZ', '603088.SH', '002487.SZ', '603298.SH', '002605.SZ', '601113.SH', '002139.SZ', '600361.SH', '000727.SZ', '002533.SZ', '000009.SZ', '000555.SZ', '300143.SZ', '601226.SH', '605222.SH', '300232.SZ', '000032.SZ', '688097.SH', '300975.SZ', '600552.SH', '002073.SZ', '600458.SH', '603236.SH', '000878.SZ', '688002.SH', '000829.SZ', '603505.SH', '603887.SH', '688556.SH', '600435.SH', '002284.SZ', '002108.SZ', '002913.SZ', '300358.SZ', '000034.SZ', '600100.SH', '300762.SZ', '300088.SZ', '688003.SH', '002008.SZ', '000703.SZ', '688779.SH', '601611.SH', '002430.SZ', '002126.SZ', '688819.SH', '002203.SZ', '002747.SZ', '000949.SZ', '002368.SZ', '003031.SZ', '002056.SZ', '300219.SZ', '600998.SH', '002421.SZ', '000887.SZ']"
2025-10-13,2025-10-10,2025-10-20,-0.03192307869032382,100,0.5,500,"['600435.SH', '600100.SH', '688568.SH', '300058.SZ', '600782.SH', '000878.SZ', '600998.SH', '002203.SZ', '601611.SH', '000829.SZ', '300229.SZ', '000034.SZ', '603505.SH', '000949.SZ', '300762.SZ', '603236.SH', '600389.SH', '000155.SZ', '002312.SZ', '002368.SZ', '300627.SZ', '300182.SZ', '688002.SH', '002430.SZ', '688239.SH', '002960.SZ', '000925.SZ', '002892.SZ', '002036.SZ', '688138.SH', '688548.SH', '002106.SZ', '300373.SZ', '301029.SZ', '688333.SH', '002334.SZ', '300444.SZ', '300319.SZ', '603290.SH', '000410.SZ', '002655.SZ', '002456.SZ', '600667.SH', '300735.SZ', '603005.SH', '300677.SZ', '002922.SZ', '300507.SZ', '688208.SH', '688409.SH', '600728.SH', '600740.SH', '000886.SZ', '002110.SZ', '600075.SH', '600399.SH', '600331.SH', '000420.SZ', '600271.SH', '002683.SZ', '600058.SH', '000723.SZ', '688281.SH', '002405.SZ', '600748.SH', '000422.SZ', '000552.SZ', '603225.SH', '603927.SH', '603000.SH', '603533.SH', '002400.SZ', '600155.SH', '603128.SH', '600916.SH', '603995.SH', '002738.SZ', '600123.SH', '600850.SH', '600057.SH', '600675.SH', '000791.SZ', '600409.SH', '002183.SZ', '600977.SH', '002302.SZ', '002389.SZ', '601718.SH', '600808.SH', '000620.SZ', '688266.SH', '000905.SZ', '600641.SH', '002268.SZ', '002068.SZ', '002091.SZ', '600623.SH', '600787.SH', '000401.SZ', '603613.SH']"
2025-10-20,2025-10-17,2025-10-27,0.023719625120284155,100,0.5,500,"['002110.SZ', '600782.SH', '600675.SH', '600728.SH', '600435.SH', '600740.SH', '600057.SH', '002091.SZ', '600998.SH', '000886.SZ', '600623.SH', '688568.SH', '600808.SH', '600787.SH', '601718.SH', '601611.SH', '000905.SZ', '603128.SH', '002203.SZ', '000791.SZ', '000878.SZ', '600100.SH', '002683.SZ', '600409.SH', '000620.SZ', '603225.SH', '688002.SH', '000829.SZ', '603000.SH', '002302.SZ', '600389.SH', '002268.SZ', '600916.SH', '600748.SH', '600155.SH', '603236.SH', '600977.SH', '002389.SZ', '600271.SH', '600331.SH', '002183.SZ', '000034.SZ', '000422.SZ', '300058.SZ', '300229.SZ', '603505.SH', '000949.SZ', '300762.SZ', '000155.SZ', '002312.SZ', '600649.SH', '002244.SZ', '600037.SH', '600704.SH', '600064.SH', '000501.SZ', '002258.SZ', '600717.SH', '600621.SH', '600928.SH', '600710.SH', '000778.SZ', '600323.SH', '600801.SH', '600610.SH', '603889.SH', '600395.SH', '002911.SZ', '600810.SH', '600755.SH', '000685.SZ', '600269.SH', '002238.SZ', '600507.SH', '603588.SH', '000417.SZ', '002010.SZ', '002029.SZ', '600033.SH', '002948.SZ', '601187.SH', '000090.SZ', '002839.SZ', '600098.SH', '002807.SZ', '600125.SH', '002267.SZ', '600008.SH', '600348.SH', '000623.SZ', '601928.SH', '002392.SZ', '600461.SH', '600017.SH', '600282.SH', '600021.SH', '601333.SH', '688578.SH', '600729.SH', '600575.SH']"
2025-10-27,2025-10-24,2025-11-03,0.0016949474387109188,100,0.5,500,"['600675.SH', '603000.SH', '603889.SH', '603588.SH', '600728.SH', '600998.SH', '002268.SZ', '002244.SZ', '600704.SH', '000878.SZ', '600435.SH', '002010.SZ', '002110.SZ', '000501.SZ', '688568.SH', '601928.SH', '002911.SZ', '600125.SH', '600755.SH', '600057.SH', '002203.SZ', '002091.SZ', '600064.SH', '600916.SH', '600710.SH', '002238.SZ', '002258.SZ', '600928.SH', '600395.SH', '600389.SH', '002267.SZ', '600323.SH', '000623.SZ', '688578.SH', '601333.SH', '000417.SZ', '600782.SH', '600623.SH', '300058.SZ', '600098.SH', '000685.SZ', '000886.SZ', '600717.SH', '600507.SH', '600348.SH', '002029.SZ', '600649.SH', '600409.SH', '000778.SZ', '600269.SH', '600075.SH', '002373.SZ', '002154.SZ', '603612.SH', '600604.SH', '600425.SH', '603103.SH', '002803.SZ', '000029.SZ', '002419.SZ', '600392.SH', '002250.SZ', '600273.SH', '600685.SH', '000737.SZ', '300454.SZ', '002739.SZ', '600997.SH', '600987.SH', '600121.SH', '601619.SH', '301216.SZ', '601098.SH', '601188.SH', '000683.SZ', '002174.SZ', '601921.SH', '600757.SH', '603227.SH', '000825.SZ', '300596.SZ', '600278.SH', '600143.SH', '002588.SZ', '600328.SH', '605090.SH', '002697.SZ', '600546.SH', '600639.SH', '600373.SH', '000885.SZ', '000690.SZ', '600509.SH', '002400.SZ', '002120.SZ', '000960.SZ', '601101.SH', '601222.SH', '600428.SH', '002539.SZ']"
2025-11-03,2025-10-31,2025-11-10,0.019861927201903905,100,0.5,500,"['002238.SZ', '000886.SZ', '600546.SH', '600121.SH', '600435.SH', '000501.SZ', '600675.SH', '002110.SZ', '600395.SH', '600649.SH', '600604.SH', '600728.SH', '301216.SZ', '002268.SZ', '688568.SH', '600782.SH', '000417.SZ', '000825.SZ', '600623.SH', '000029.SZ', '600409.SH', '600755.SH', '002174.SZ', '002258.SZ', '002373.SZ', '000778.SZ', '605090.SH', '000737.SZ', '600057.SH', '601619.SH', '600143.SH', '002120.SZ', '600717.SH', '000878.SZ', '600916.SH', '002010.SZ', '600373.SH', '300454.SZ', '600757.SH', '600392.SH', '002203.SZ', '002250.SZ', '603588.SH', '002739.SZ', '600348.SH', '600998.SH', '600710.SH', '000960.SZ', '600328.SH', '600278.SH', '600792.SH', '000665.SZ', '601718.SH', '601908.SH', '600810.SH', '002405.SZ', '600748.SH', '000759.SZ', '001330.SZ', '600037.SH', '600446.SH', '000723.SZ', '600758.SH', '600773.SH', '300229.SZ', '600403.SH', '600383.SH', '600996.SH', '603533.SH', '601519.SH', '600740.SH', '300072.SZ', '600808.SH', '600658.SH', '601015.SH', '000620.SZ', '600621.SH', '600185.SH', '300755.SZ', '601678.SH', '600977.SH', '600271.SH', '600500.SH', '603056.SH', '600596.SH', '300762.SZ', '600399.SH', '000420.SZ', '601008.SH', '600848.SH', '600655.SH', '300085.SZ', '600708.SH', '000937.SZ', '002926.SZ', '601606.SH', '600693.SH', '002670.SZ', '002042.SZ', '600325.SH']"
2025-11-10,2025-11-07,2025-11-17,0.023311674113662563,100,0.5,500,"['600792.SH', '600810.SH', '600758.SH', '000723.SZ', '000759.SZ', '002042.SZ', '002110.SZ', '600185.SH', '600773.SH', '600500.SH', '600403.SH', '601678.SH', '600546.SH', '600782.SH', '601908.SH', '601718.SH', '000665.SZ', '001330.SZ', '600057.SH', '000825.SZ', '603533.SH', '600399.SH', '600748.SH', '600808.SH', '601015.SH', '002120.SZ', '600996.SH', '600278.SH', '002405.SZ', '600623.SH', '000501.SZ', '002238.SZ', '600755.SH', '600409.SH', '000620.SZ', '600325.SH', '600271.SH', '600710.SH', '600916.SH', '600037.SH', '600121.SH', '300229.SZ', '600596.SH', '002926.SZ', '000778.SZ', '600383.SH', '300072.SZ', '601008.SH', '600740.SH', '600621.SH', '002419.SZ', '000829.SZ', '002075.SZ', '603069.SH', '001896.SZ', '600075.SH', '600903.SH', '002416.SZ', '002183.SZ', '000966.SZ', '600586.SH', '000767.SZ', '600787.SH', '002386.SZ', '000539.SZ', '600725.SH', '600266.SH', '000415.SZ', '600058.SH', '000012.SZ', '601101.SH', '600508.SH', '600997.SH', '000905.SZ', '600971.SH', '600279.SH', '601778.SH', '688520.SH', '000875.SZ', '600575.SH', '000543.SZ', '601375.SH', '600929.SH', '600917.SH', '603123.SH', '688192.SH', '600449.SH', '002083.SZ', '600032.SH', '603225.SH', '000785.SZ', '000537.SZ', '601139.SH', '600368.SH', '600859.SH', '600821.SH', '002302.SZ', '600163.SH', '000830.SZ', '600098.SH']"
2025-11-17,2025-11-14,2025-11-24,-0.08685289594060823,100,0.28,500,"['600792.SH', '600758.SH', '000723.SZ', '600500.SH', '601015.SH', '000665.SZ', '000415.SZ', '600075.SH', '600810.SH', '600748.SH', '002419.SZ', '000759.SZ', '600185.SH', '001330.SZ', '002110.SZ', '600586.SH', '600403.SH', '600996.SH', '600782.SH', '600399.SH', '600808.SH', '600903.SH', '601678.SH', '002042.SZ', '601718.SH', '000966.SZ', '600383.SH', '000539.SZ', '603069.SH', '000501.SZ', '000767.SZ', '600623.SH', '600325.SH', '000829.SZ', '600773.SH', '603123.SH', '603533.SH', '000825.SZ', '601908.SH', '002183.SZ', '001896.SZ', '600755.SH', '600271.SH', '600725.SH', '688192.SH', '600929.SH', '002120.SZ', '603225.SH', '600409.SH', '600057.SH', '600058.SH', '002405.SZ', '600266.SH', '600278.SH', '002075.SZ', '600740.SH', '000537.SZ', '601778.SH', '600859.SH', '000620.SZ', '600787.SH', '000905.SZ', '600032.SH', '688520.SH', '000875.SZ', '600917.SH', '002416.SZ', '000785.SZ', '600596.SH', '600546.SH', '000830.SZ', '600121.SH', '002930.SZ', '000402.SZ', '601828.SH', '000552.SZ', '300755.SZ', '000520.SZ', '002053.SZ', '600123.SH', '002187.SZ', '603708.SH', '600649.SH', '600292.SH', '600328.SH', '601666.SH', '600017.SH', '002240.SZ', '002254.SZ', '000547.SZ', '300070.SZ', '688180.SH', '300455.SZ', '000886.SZ', '600736.SH', '600956.SH', '000818.SZ', '000949.SZ', '601228.SH', '000090.SZ']"
2025-11-24,2025-11-21,2025-12-01,0.018926719236659797,100,0.5,500,"['688192.SH', '600546.SH', '000886.SZ', '601718.SH', '600773.SH', '688180.SH', '300455.SZ', '600649.SH', '600266.SH', '002120.SZ', '002075.SZ', '600792.SH', '600758.SH', '000723.SZ', '600500.SH', '601015.SH', '000665.SZ', '000415.SZ', '600075.SH', '600810.SH', '600748.SH', '002419.SZ', '000759.SZ', '600185.SH', '001330.SZ', '002110.SZ', '600586.SH', '600403.SH', '600996.SH', '600782.SH', '600399.SH', '600808.SH', '600903.SH', '601678.SH', '002042.SZ', '000966.SZ', '600383.SH', '000539.SZ', '603069.SH', '000501.SZ', '000767.SZ', '600623.SH', '600325.SH', '000829.SZ', '603123.SH', '603533.SH', '000825.SZ', '601908.SH', '002183.SZ', '001896.SZ', '688235.SH', '688002.SH', '600368.SH', '601519.SH', '688114.SH', '688206.SH', '002807.SZ', '002839.SZ', '603535.SH', '600848.SH', '300290.SZ', '600064.SH', '603889.SH', '600621.SH', '600435.SH', '601188.SH', '600446.SH', '600897.SH', '300229.SZ', '000598.SZ', '000672.SZ', '688027.SH', '600928.SH', '688568.SH', '601975.SH', '300085.SZ', '601187.SH', '300641.SZ', '603613.SH', '600388.SH', '601098.SH', '601665.SH', '002244.SZ', '601928.SH', '600060.SH', '688065.SH', '000685.SZ', '000690.SZ', '002508.SZ', '600295.SH', '601128.SH', '600908.SH', '000623.SZ', '601326.SH', '300003.SZ', '002832.SZ', '603688.SH', '002588.SZ', '600764.SH', '603323.SH']"
2025-12-01,2025-11-28,2025-12-08,0.0016892783143677814,100,0.5,500,"['600792.SH', '688235.SH', '002419.SZ', '600266.SH', '600546.SH', '603069.SH', '601128.SH', '600325.SH', '601665.SH', '600810.SH', '600773.SH', '601678.SH', '603323.SH', '600908.SH', '688192.SH', '600621.SH', '600060.SH', '000723.SZ', '300229.SZ', '000598.SZ', '601519.SH', '000690.SZ', '603533.SH', '000886.SZ', '688002.SH', '600897.SH', '002832.SZ', '000829.SZ', '600808.SH', '002120.SZ', '000415.SZ', '600075.SH', '600295.SH', '002075.SZ', '600649.SH', '600435.SH', '002110.SZ', '300290.SZ', '002508.SZ', '002183.SZ', '600403.SH', '603535.SH', '688568.SH', '000825.SZ', '000759.SZ', '688180.SH', '600064.SH', '600185.SH', '601975.SH', '600623.SH', '002416.SZ', '000543.SZ', '000899.SZ', '605090.SH', '000830.SZ', '600428.SH', '000520.SZ', '600163.SH', '600578.SH', '600098.SH', '000791.SZ', '600057.SH', '600866.SH', '002053.SZ', '002928.SZ', '002926.SZ', '600814.SH', '600863.SH', '601375.SH', '688639.SH', '002015.SZ', '600292.SH', '603393.SH', '000818.SZ', '600909.SH', '300043.SZ', '601619.SH', '002930.SZ', '600757.SH', '601918.SH', '600012.SH', '603505.SH', '603225.SH', '600821.SH', '000875.SZ', '601156.SH', '601860.SH', '600729.SH', '000429.SZ', '600131.SH', '600906.SH', '600282.SH', '600032.SH', '601997.SH', '002003.SZ', '601963.SH', '600486.SH', '002948.SZ', '601827.SH', '002430.SZ']"
2025-12-08,2025-12-05,2025-12-15,-0.010466080951114226,100,0.5,500,"['600808.SH', '600057.SH', '002416.SZ', '002110.SZ', '600060.SH', '002183.SZ', '000886.SZ', '600546.SH', '603225.SH', '601156.SH', '300043.SZ', '600792.SH', '000830.SZ', '600757.SH', '688002.SH', '600325.SH', '000543.SZ', '600621.SH', '600266.SH', '600282.SH', '600098.SH', '002120.SZ', '000825.SZ', '601678.SH', '605090.SH', '600810.SH', '600578.SH', '600295.SH', '600428.SH', '601519.SH', '600814.SH', '600486.SH', '000829.SZ', '600863.SH', '600909.SH', '002508.SZ', '600649.SH', '600897.SH', '300229.SZ', '600866.SH', '000429.SZ', '600064.SH', '000690.SZ', '600435.SH', '600773.SH', '600403.SH', '000723.SZ', '000875.SZ', '600012.SH', '600163.SH', '000960.SZ', '002155.SZ', '000034.SZ', '600710.SH', '002091.SZ', '603708.SH', '000878.SZ', '002429.SZ', '603613.SH', '002624.SZ', '002738.SZ', '002697.SZ', '600998.SH', '600787.SH', '000703.SZ', '000060.SZ', '600058.SH', '002203.SZ', '600143.SH', '600755.SH', '002345.SZ', '300918.SZ', '002170.SZ', '002083.SZ', '600704.SH', '300058.SZ', '600575.SH', '603663.SH', '002768.SZ', '002612.SZ', '002468.SZ', '603444.SH', '603233.SH', '002043.SZ', '002478.SZ', '600125.SH', '603979.SH', '002318.SZ', '000539.SZ', '000905.SZ', '688300.SH', '603236.SH', '000902.SZ', '300596.SZ', '603612.SH', '601333.SH', '600126.SH', '000785.SZ', '002324.SZ', '002244.SZ']"
2025-12-15,2025-12-12,2025-12-22,0.01842381974238997,100,0.5,500,"['300596.SZ', '002155.SZ', '688002.SH', '601156.SH', '600621.SH', '002612.SZ', '000960.SZ', '600428.SH', '603613.SH', '002170.SZ', '603236.SH', '603979.SH', '002738.SZ', '002429.SZ', '603444.SH', '002624.SZ', '000902.SZ', '600486.SH', '600909.SH', '688300.SH', '600757.SH', '600866.SH', '000060.SZ', '605090.SH', '002043.SZ', '002508.SZ', '600578.SH', '600546.SH', '000429.SZ', '600064.SH', '000543.SZ', '600143.SH', '002318.SZ', '600863.SH', '600435.SH', '600060.SH', '600098.SH', '300043.SZ', '002768.SZ', '600897.SH', '603612.SH', '000034.SZ', '000878.SZ', '000830.SZ', '000690.SZ', '601333.SH', '600282.SH', '600710.SH', '002697.SZ', '300058.SZ', '000791.SZ', '600323.SH', '603713.SH', '002683.SZ', '000935.SZ', '002065.SZ', '000422.SZ', '002320.SZ', '000737.SZ', '002895.SZ', '603678.SH', '603355.SH', '603345.SH', '000685.SZ', '603486.SH', '300627.SZ', '000997.SZ', '688295.SH', '600331.SH', '600410.SH', '002315.SZ', '605589.SH', '603300.SH', '600635.SH', '000426.SZ', '603379.SH', '600141.SH', '600612.SH', '600329.SH', '300770.SZ', '000733.SZ', '603087.SH', '300496.SZ', '000657.SZ', '300017.SZ', '600388.SH', '002226.SZ', '002545.SZ', '000899.SZ', '688639.SH', '600273.SH', '002262.SZ', '688578.SH', '601619.SH', '600392.SH', '002497.SZ', '600562.SH', '603565.SH', '300002.SZ', '000893.SZ']"
2025-12-22,2025-12-19,2025-12-29,0.013302529387447788,100,0.38,500,"['002155.SZ', '600612.SH', '000060.SZ', '601156.SH', '000960.SZ', '600428.SH', '000830.SZ', '603613.SH', '600060.SH', '300596.SZ', '002429.SZ', '002170.SZ', '000543.SZ', '600578.SH', '600866.SH', '002043.SZ', '000902.SZ', '600098.SH', '600486.SH', '000034.SZ', '603979.SH', '600710.SH', '600863.SH', '603713.SH', '600282.SH', '605090.SH', '601619.SH', '600273.SH', '600897.SH', '002226.SZ', '603444.SH', '601333.SH', '603345.SH', '002624.SZ', '000690.SZ', '603565.SH', '000878.SZ', '000422.SZ', '000429.SZ', '600329.SH', '600141.SH', '603612.SH', '002262.SZ', '300002.SZ', '000737.SZ', '002895.SZ', '002508.SZ', '600757.SH', '603486.SH', '603355.SH', '600143.SH', '002318.SZ', '002768.SZ', '000997.SZ', '000935.SZ', '600546.SH', '002545.SZ', '002612.SZ', '688300.SH', '300627.SZ', '300017.SZ', '600323.SH', '605599.SH', '002416.SZ', '600057.SH', '603233.SH', '600125.SH', '002803.SZ', '600808.SH', '002091.SZ', '600787.SH', '002203.SZ', '002468.SZ', '000600.SZ', '601678.SH', '600916.SH', '600575.SH', '603871.SH', '002324.SZ', '000825.SZ', '601975.SH', '002096.SZ', '002120.SZ', '000683.SZ', '600163.SH', '600380.SH', '002867.SZ', '600004.SH', '688208.SH', '000672.SZ', '300146.SZ', '605020.SH', '600033.SH', '600801.SH', '600507.SH', '300487.SZ', '002773.SZ', '600179.SH', '000923.SZ', '600998.SH']"
