date,signal_date,next_date,return,num_stocks,turnover,pre_candidate_pool_size,selected_codes
2020-02-17,2020-02-14,2020-02-24,0.09069915038978156,100,0.0,500,"['300788.SZ', '002913.SZ', '603103.SH', '300777.SZ', '300766.SZ', '300775.SZ', '002023.SZ', '603711.SH', '002937.SZ', '002369.SZ', '000931.SZ', '002851.SZ', '300691.SZ', '300568.SZ', '002474.SZ', '300634.SZ', '300627.SZ', '300725.SZ', '002421.SZ', '603712.SH', '002891.SZ', '300298.SZ', '603185.SH', '603218.SH', '002951.SZ', '300776.SZ', '002389.SZ', '300609.SZ', '300765.SZ', '603279.SH', '002901.SZ', '603078.SH', '603603.SH', '300773.SZ', '002920.SZ', '300497.SZ', '603915.SH', '603138.SH', '603327.SH', '300570.SZ', '002288.SZ', '300726.SZ', '300229.SZ', '603687.SH', '603127.SH', '603305.SH', '300657.SZ', '603595.SH', '603133.SH', '300561.SZ', '300708.SZ', '300751.SZ', '002567.SZ', '002897.SZ', '300687.SZ', '002741.SZ', '300215.SZ', '603297.SH', '300101.SZ', '603225.SH', '300739.SZ', '300448.SZ', '300633.SZ', '603013.SH', '002662.SZ', '300768.SZ', '300673.SZ', '300386.SZ', '603773.SH', '300682.SZ', '300288.SZ', '300685.SZ', '300401.SZ', '300573.SZ', '603068.SH', '300474.SZ', '300527.SZ', '300504.SZ', '603676.SH', '603516.SH', '002364.SZ', '300365.SZ', '300702.SZ', '300252.SZ', '002895.SZ', '002869.SZ', '002706.SZ', '300653.SZ', '002876.SZ', '300738.SZ', '000930.SZ', '603920.SH', '300406.SZ', '300047.SZ', '002197.SZ', '300723.SZ', '300409.SZ', '002902.SZ', '300604.SZ', '603896.SH']"
2020-02-24,2020-02-21,2020-03-02,-0.0527047589032063,100,0.48,500,"['300673.SZ', '002792.SZ', '300520.SZ', '002474.SZ', '300766.SZ', '603185.SH', '603179.SH', '300568.SZ', '002151.SZ', '603687.SH', '300633.SZ', '300788.SZ', '300365.SZ', '002913.SZ', '002929.SZ', '002891.SZ', '300777.SZ', '603676.SH', '300775.SZ', '002389.SZ', '601330.SH', '300770.SZ', '300047.SZ', '300609.SZ', '300751.SZ', '603595.SH', '300525.SZ', '000561.SZ', '300740.SZ', '300687.SZ', '002906.SZ', '603279.SH', '603133.SH', '300657.SZ', '600184.SH', '000697.SZ', '603103.SH', '300101.SZ', '002364.SZ', '603915.SH', '002741.SZ', '300456.SZ', '002876.SZ', '603711.SH', '002935.SZ', '300604.SZ', '300098.SZ', '002782.SZ', '002421.SZ', '603612.SH', '600151.SH', '300367.SZ', '300691.SZ', '603078.SH', '603121.SH', '603068.SH', '002897.SZ', '300229.SZ', '002331.SZ', '300219.SZ', '300634.SZ', '600990.SH', '603603.SH', '300094.SZ', '300288.SZ', '300065.SZ', '300627.SZ', '002141.SZ', '002845.SZ', '300035.SZ', '600756.SH', '300776.SZ', '300422.SZ', '600207.SH', '600855.SH', '300738.SZ', '300448.SZ', '603602.SH', '300368.SZ', '002279.SZ', '300785.SZ', '002920.SZ', '603896.SH', '300768.SZ', '002907.SZ', '300199.SZ', '300739.SZ', '002104.SZ', '000599.SZ', '603220.SH', '603606.SH', '300561.SZ', '603712.SH', '002528.SZ', '600825.SH', '300494.SZ', '002851.SZ', '600765.SH', '603225.SH', '300002.SZ']"
2020-03-02,2020-02-28,2020-03-09,0.004258323791083671,100,0.49,500,"['603612.SH', '603185.SH', '600713.SH', '600686.SH', '000599.SZ', '600973.SH', '603225.SH', '300094.SZ', '603618.SH', '300673.SZ', '002891.SZ', '603179.SH', '300568.SZ', '300424.SZ', '300740.SZ', '002015.SZ', '002707.SZ', '002300.SZ', '600207.SH', '300422.SZ', '300657.SZ', '300178.SZ', '002845.SZ', '603603.SH', '002370.SZ', '603660.SH', '600184.SH', '600151.SH', '300368.SZ', '300609.SZ', '002592.SZ', '300525.SZ', '002741.SZ', '002389.SZ', '002876.SZ', '002331.SZ', '603220.SH', '300047.SZ', '600537.SH', '002462.SZ', '002851.SZ', '002068.SZ', '300625.SZ', '002421.SZ', '600765.SH', '603606.SH', '300751.SZ', '300770.SZ', '603733.SH', '002548.SZ', '002782.SZ', '600715.SH', '603078.SH', '600577.SH', '002935.SZ', '600825.SH', '300604.SZ', '300662.SZ', '300583.SZ', '002852.SZ', '603133.SH', '603458.SH', '601068.SH', '600651.SH', '603363.SH', '603595.SH', '600685.SH', '300252.SZ', '300423.SZ', '002335.SZ', '300440.SZ', '002141.SZ', '600552.SH', '002288.SZ', '300634.SZ', '000561.SZ', '002121.SZ', '300687.SZ', '600990.SH', '600986.SH', '300678.SZ', '600387.SH', '300185.SZ', '000711.SZ', '002528.SZ', '300738.SZ', '300520.SZ', '300102.SZ', '300766.SZ', '000697.SZ', '000150.SZ', '300771.SZ', '002023.SZ', '603538.SH', '300367.SZ', '603998.SH', '601330.SH', '300067.SZ', '300559.SZ', '002937.SZ']"
2020-03-09,2020-03-06,2020-03-16,-0.05473981198721149,100,0.6,500,"['002300.SZ', '600345.SH', '300673.SZ', '603618.SH', '002331.SZ', '300662.SZ', '300414.SZ', '300765.SZ', '300766.SZ', '002852.SZ', '603333.SH', '000893.SZ', '300065.SZ', '002782.SZ', '002951.SZ', '600268.SH', '002567.SZ', '300423.SZ', '002346.SZ', '000682.SZ', '300365.SZ', '603297.SH', '603848.SH', '600855.SH', '600468.SH', '300575.SZ', '002090.SZ', '603528.SH', '600207.SH', '002322.SZ', '603896.SH', '300609.SZ', '300776.SZ', '000576.SZ', '603458.SH', '002661.SZ', '002749.SZ', '600537.SH', '300255.SZ', '002548.SZ', '603181.SH', '600151.SH', '002412.SZ', '002851.SZ', '300094.SZ', '600108.SH', '600825.SH', '603357.SH', '002937.SZ', '000561.SZ', '002592.SZ', '300011.SZ', '603823.SH', '002679.SZ', '300178.SZ', '002891.SZ', '002845.SZ', '002706.SZ', '000711.SZ', '300788.SZ', '601890.SH', '300435.SZ', '000599.SZ', '603915.SH', '603869.SH', '600184.SH', '300738.SZ', '000529.SZ', '603185.SH', '603179.SH', '300047.SZ', '002528.SZ', '000639.SZ', '600990.SH', '600975.SH', '600713.SH', '603387.SH', '002121.SZ', '002364.SZ', '300546.SZ', '300777.SZ', '002474.SZ', '603711.SH', '603990.SH', '000697.SZ', '603956.SH', '300213.SZ', '300368.SZ', '603650.SH', '603612.SH', '300021.SZ', '002443.SZ', '002447.SZ', '002933.SZ', '600965.SH', '300367.SZ', '600391.SH', '600651.SH', '300768.SZ', '002232.SZ']"
2020-03-16,2020-03-13,2020-03-23,-0.03831186406958567,100,0.61,500,"['300011.SZ', '600199.SH', '600855.SH', '600283.SH', '300199.SZ', '600467.SH', '000561.SZ', '300189.SZ', '600227.SH', '000687.SZ', '300673.SZ', '300094.SZ', '600800.SH', '002141.SZ', '600990.SH', '002331.SZ', '600207.SH', '002346.SZ', '300176.SZ', '000697.SZ', '002068.SZ', '600880.SH', '000599.SZ', '300219.SZ', '600468.SH', '002284.SZ', '002679.SZ', '002121.SZ', '600268.SH', '603603.SH', '000762.SZ', '300364.SZ', '002590.SZ', '000893.SZ', '000045.SZ', '600537.SH', '002703.SZ', '603333.SH', '002592.SZ', '300583.SZ', '300178.SZ', '600184.SH', '000996.SZ', '600255.SH', '002708.SZ', '601890.SH', '603869.SH', '002447.SZ', '000150.SZ', '300278.SZ', '600734.SH', '002630.SZ', '600562.SH', '603896.SH', '600825.SH', '002472.SZ', '601126.SH', '300185.SZ', '002548.SZ', '300171.SZ', '300449.SZ', '600343.SH', '600975.SH', '002355.SZ', '600391.SH', '000788.SZ', '002148.SZ', '002644.SZ', '002219.SZ', '603595.SH', '300663.SZ', '300077.SZ', '002474.SZ', '603612.SH', '600715.SH', '002370.SZ', '002270.SZ', '002750.SZ', '300262.SZ', '000532.SZ', '600117.SH', '002322.SZ', '002528.SZ', '300740.SZ', '002741.SZ', '300065.SZ', '600756.SH', '000576.SZ', '603106.SH', '002218.SZ', '300477.SZ', '600293.SH', '300101.SZ', '002090.SZ', '300159.SZ', '002829.SZ', '600764.SH', '600108.SH', '002412.SZ', '002661.SZ']"
2020-03-23,2020-03-20,2020-03-30,0.00950823940593915,100,0.43,500,"['300067.SZ', '300673.SZ', '002443.SZ', '603896.SH', '002548.SZ', '002644.SZ', '601890.SH', '002750.SZ', '002679.SZ', '002331.SZ', '002708.SZ', '002852.SZ', '300440.SZ', '300740.SZ', '300424.SZ', '002412.SZ', '002951.SZ', '000561.SZ', '000576.SZ', '002232.SZ', '300255.SZ', '600975.SH', '600613.SH', '600351.SH', '300094.SZ', '300678.SZ', '300262.SZ', '300575.SZ', '603956.SH', '600800.SH', '300449.SZ', '000687.SZ', '603676.SH', '300107.SZ', '603297.SH', '300138.SZ', '002447.SZ', '300766.SZ', '002474.SZ', '603303.SH', '300176.SZ', '300128.SZ', '300583.SZ', '300189.SZ', '002550.SZ', '002933.SZ', '600268.SH', '603458.SH', '300213.SZ', '600293.SH', '600117.SH', '300542.SZ', '002630.SZ', '002370.SZ', '002703.SZ', '600468.SH', '000532.SZ', '600207.SH', '300365.SZ', '603602.SH', '600713.SH', '000996.SZ', '000893.SZ', '300011.SZ', '300609.SZ', '601126.SH', '002141.SZ', '603528.SH', '000639.SZ', '000788.SZ', '603357.SH', '002782.SZ', '002121.SZ', '002346.SZ', '600756.SH', '002590.SZ', '002937.SZ', '002270.SZ', '300199.SZ', '002090.SZ', '002900.SZ', '300065.SZ', '002891.SZ', '300215.SZ', '600880.SH', '603618.SH', '300077.SZ', '300047.SZ', '002300.SZ', '603869.SH', '002661.SZ', '600467.SH', '600855.SH', '300278.SZ', '000599.SZ', '300663.SZ', '002068.SZ', '000922.SZ', '002283.SZ', '300765.SZ']"
2020-03-30,2020-03-27,2020-04-07,0.040764120978807133,100,0.58,500,"['603333.SH', '300642.SZ', '002300.SZ', '000788.SZ', '002900.SZ', '000529.SZ', '002644.SZ', '002412.SZ', '300291.SZ', '300723.SZ', '300662.SZ', '300559.SZ', '002892.SZ', '600613.SH', '002270.SZ', '002706.SZ', '300138.SZ', '002322.SZ', '002443.SZ', '603277.SH', '603956.SH', '603823.SH', '603306.SH', '300440.SZ', '603181.SH', '002661.SZ', '300255.SZ', '300215.SZ', '002852.SZ', '603586.SH', '002699.SZ', '002895.SZ', '000576.SZ', '002331.SZ', '603703.SH', '603848.SH', '603915.SH', '002755.SZ', '002801.SZ', '300527.SZ', '002567.SZ', '300423.SZ', '603297.SH', '603303.SH', '603661.SH', '300575.SZ', '300583.SZ', '002880.SZ', '603516.SH', '300006.SZ', '300171.SZ', '603618.SH', '600351.SH', '002951.SZ', '300381.SZ', '603896.SH', '300439.SZ', '000922.SZ', '603458.SH', '600713.SH', '300016.SZ', '000682.SZ', '603679.SH', '600184.SH', '300761.SZ', '002346.SZ', '002937.SZ', '300678.SZ', '002708.SZ', '603357.SH', '600343.SH', '601890.SH', '002548.SZ', '300043.SZ', '002068.SZ', '603711.SH', '600268.SH', '603998.SH', '300206.SZ', '603788.SH', '002907.SZ', '300189.SZ', '300424.SZ', '300238.SZ', '300691.SZ', '600207.SH', '002266.SZ', '300473.SZ', '002679.SZ', '300360.SZ', '002869.SZ', '000919.SZ', '300702.SZ', '300481.SZ', '600479.SH', '300107.SZ', '603129.SH', '000950.SZ', '300632.SZ', '002746.SZ']"
2020-04-07,2020-04-03,2020-04-13,-0.0019460956069439917,100,0.73,500,"['603043.SH', '002840.SZ', '300642.SZ', '300633.SZ', '603214.SH', '002900.SZ', '603127.SH', '002287.SZ', '603919.SH', '000710.SZ', '603277.SH', '600557.SH', '603987.SH', '002732.SZ', '603027.SH', '300138.SZ', '603896.SH', '300298.SZ', '000516.SZ', '002043.SZ', '300725.SZ', '300258.SZ', '300723.SZ', '603886.SH', '002859.SZ', '000788.SZ', '002907.SZ', '002891.SZ', '300685.SZ', '002847.SZ', '600530.SH', '300381.SZ', '603058.SH', '002020.SZ', '000045.SZ', '300401.SZ', '002412.SZ', '002755.SZ', '300583.SZ', '000915.SZ', '300026.SZ', '600197.SH', '300009.SZ', '002644.SZ', '000848.SZ', '603180.SH', '603737.SH', '002661.SZ', '603306.SH', '603727.SH', '002726.SZ', '600936.SH', '603711.SH', '603661.SH', '300516.SZ', '300788.SZ', '300109.SZ', '002937.SZ', '300463.SZ', '300149.SZ', '300233.SZ', '300737.SZ', '002262.SZ', '002880.SZ', '002372.SZ', '603081.SH', '603225.SH', '600771.SH', '000403.SZ', '300770.SZ', '300639.SZ', '600597.SH', '300439.SZ', '603185.SH', '300735.SZ', '300691.SZ', '002233.SZ', '300653.SZ', '002022.SZ', '300609.SZ', '002901.SZ', '603387.SH', '002675.SZ', '002461.SZ', '603733.SH', '600993.SH', '603978.SH', '002892.SZ', '600645.SH', '603773.SH', '300657.SZ', '002424.SZ', '000529.SZ', '002695.SZ', '300481.SZ', '600211.SH', '002746.SZ', '300473.SZ', '603108.SH', '603297.SH']"
2020-04-13,2020-04-10,2020-04-20,0.030283058673773917,100,0.44,500,"['300138.SZ', '002900.SZ', '002661.SZ', '603919.SH', '300473.SZ', '603214.SH', '002891.SZ', '600713.SH', '600530.SH', '300381.SZ', '603058.SH', '002732.SZ', '000788.SZ', '600613.SH', '002644.SZ', '002287.SZ', '002840.SZ', '600251.SH', '603788.SH', '600211.SH', '603896.SH', '002582.SZ', '002589.SZ', '002737.SZ', '603586.SH', '603297.SH', '603306.SH', '600197.SH', '300100.SZ', '002043.SZ', '300039.SZ', '002937.SZ', '002022.SZ', '603277.SH', '300583.SZ', '600557.SH', '002892.SZ', '000848.SZ', '603043.SH', '002880.SZ', '002462.SZ', '300258.SZ', '002801.SZ', '300439.SZ', '603886.SH', '600090.SH', '600819.SH', '300481.SZ', '600750.SH', '300761.SZ', '002782.SZ', '603728.SH', '603027.SH', '600664.SH', '002219.SZ', '002852.SZ', '002907.SZ', '603096.SH', '603773.SH', '002472.SZ', '300673.SZ', '600597.SH', '600686.SH', '000045.SZ', '000049.SZ', '002845.SZ', '000615.SZ', '000989.SZ', '603225.SH', '603661.SH', '000403.SZ', '000935.SZ', '002741.SZ', '300633.SZ', '300233.SZ', '002636.SZ', '300196.SZ', '600594.SH', '300725.SZ', '300642.SZ', '002646.SZ', '603567.SH', '300485.SZ', '300149.SZ', '603978.SH', '300653.SZ', '300401.SZ', '002222.SZ', '600351.SH', '600255.SH', '002141.SZ', '300685.SZ', '002372.SZ', '600420.SH', '600993.SH', '002708.SZ', '603733.SH', '603987.SH', '002262.SZ', '603956.SH']"
2020-04-20,2020-04-17,2020-04-27,-0.03244204620279542,100,0.61,500,"['603043.SH', '603180.SH', '603214.SH', '603728.SH', '300642.SZ', '300735.SZ', '002845.SZ', '300737.SZ', '300777.SZ', '300761.SZ', '603978.SH', '300630.SZ', '603773.SH', '002732.SZ', '002369.SZ', '300691.SZ', '603305.SH', '002043.SZ', '603103.SH', '603711.SH', '300775.SZ', '002937.SZ', '603078.SH', '002955.SZ', '002950.SZ', '002892.SZ', '603133.SH', '002741.SZ', '300666.SZ', '603327.SH', '300429.SZ', '002840.SZ', '300633.SZ', '603987.SH', '603687.SH', '300131.SZ', '002881.SZ', '300109.SZ', '300725.SZ', '603733.SH', '300632.SZ', '300138.SZ', '300331.SZ', '300785.SZ', '603297.SH', '300053.SZ', '002907.SZ', '603348.SH', '300438.SZ', '002901.SZ', '300609.SZ', '300604.SZ', '300657.SZ', '000931.SZ', '300319.SZ', '000516.SZ', '002869.SZ', '002880.SZ', '300653.SZ', '300481.SZ', '300303.SZ', '002861.SZ', '000045.SZ', '002596.SZ', '002287.SZ', '002900.SZ', '300686.SZ', '300363.SZ', '603896.SH', '603595.SH', '300708.SZ', '300401.SZ', '603919.SH', '300497.SZ', '603277.SH', '600197.SH', '603127.SH', '603283.SH', '300258.SZ', '002568.SZ', '603661.SH', '603956.SH', '002947.SZ', '603027.SH', '002139.SZ', '603129.SH', '002332.SZ', '600789.SH', '002288.SZ', '603936.SH', '002951.SZ', '002847.SZ', '300381.SZ', '300639.SZ', '600326.SH', '300702.SZ', '002895.SZ', '300673.SZ', '000403.SZ', '002876.SZ']"
2020-04-27,2020-04-24,2020-05-06,0.008087130166220154,100,0.7,500,"['603728.SH', '002840.SZ', '300673.SZ', '600686.SH', '002876.SZ', '300143.SZ', '600876.SH', '600055.SH', '601858.SH', '002852.SZ', '000788.SZ', '300642.SZ', '000523.SZ', '600664.SH', '300672.SZ', '002412.SZ', '000931.SZ', '603612.SH', '002618.SZ', '002726.SZ', '603043.SH', '300516.SZ', '603180.SH', '603896.SH', '002287.SZ', '603886.SH', '600387.SH', '000597.SZ', '300171.SZ', '300094.SZ', '002141.SZ', '002219.SZ', '603919.SH', '600645.SH', '002262.SZ', '000576.SZ', '002288.SZ', '600129.SH', '300199.SZ', '603956.SH', '002699.SZ', '600771.SH', '002845.SZ', '600300.SH', '600825.SH', '300128.SZ', '300184.SZ', '300198.SZ', '000915.SZ', '600986.SH', '603711.SH', '002951.SZ', '300149.SZ', '603297.SH', '002038.SZ', '002163.SZ', '300291.SZ', '002741.SZ', '300191.SZ', '000615.SZ', '002570.SZ', '603108.SH', '300691.SZ', '300687.SZ', '300255.SZ', '000516.SZ', '600851.SH', '300219.SZ', '603687.SH', '600713.SH', '000957.SZ', '300298.SZ', '600227.SH', '600479.SH', '603773.SH', '000950.SZ', '002370.SZ', '300429.SZ', '603619.SH', '002462.SZ', '603595.SH', '000096.SZ', '300006.SZ', '002782.SZ', '002548.SZ', '000078.SZ', '300785.SZ', '000935.SZ', '000567.SZ', '000813.SZ', '603103.SH', '600197.SH', '300043.SZ', '002437.SZ', '002907.SZ', '300381.SZ', '300725.SZ', '000989.SZ', '002094.SZ', '600478.SH']"
2020-05-06,2020-04-30,2020-05-11,0.01974139694699291,100,0.7,500,"['300777.SZ', '603733.SH', '002287.SZ', '000012.SZ', '300016.SZ', '600936.SH', '300775.SZ', '603180.SH', '300673.SZ', '603595.SH', '300401.SZ', '002845.SZ', '002913.SZ', '300053.SZ', '002449.SZ', '300761.SZ', '002951.SZ', '300009.SZ', '002579.SZ', '603650.SH', '002222.SZ', '603711.SH', '000516.SZ', '600929.SH', '603728.SH', '300687.SZ', '603327.SH', '300545.SZ', '603185.SH', '603687.SH', '002950.SZ', '300725.SZ', '300429.SZ', '300708.SZ', '300331.SZ', '002955.SZ', '300149.SZ', '002570.SZ', '300672.SZ', '603078.SH', '002840.SZ', '300232.SZ', '002080.SZ', '300735.SZ', '002937.SZ', '300497.SZ', '300322.SZ', '002907.SZ', '603626.SH', '603297.SH', '002815.SZ', '600996.SH', '002055.SZ', '000710.SZ', '002139.SZ', '600601.SH', '603612.SH', '603956.SH', '600789.SH', '300043.SZ', '002038.SZ', '300666.SZ', '300258.SZ', '603348.SH', '300481.SZ', '603133.SH', '002372.SZ', '600664.SH', '603848.SH', '300653.SZ', '601636.SH', '300438.SZ', '603305.SH', '600198.SH', '300691.SZ', '600597.SH', '600305.SH', '603363.SH', '300561.SZ', '600360.SH', '000789.SZ', '600559.SH', '002876.SZ', '002369.SZ', '002022.SZ', '002233.SZ', '600707.SH', '300406.SZ', '000676.SZ', '000917.SZ', '002746.SZ', '000935.SZ', '300657.SZ', '603896.SH', '300723.SZ', '603773.SH', '600197.SH', '002484.SZ', '300685.SZ', '000672.SZ']"
2020-05-11,2020-05-08,2020-05-18,0.0017610692171381936,100,0.33,500,"['002139.SZ', '002449.SZ', '300232.SZ', '002222.SZ', '603595.SH', '002913.SZ', '000710.SZ', '300322.SZ', '300053.SZ', '300687.SZ', '300401.SZ', '002815.SZ', '002579.SZ', '603626.SH', '300497.SZ', '603185.SH', '002755.SZ', '603305.SH', '300673.SZ', '603387.SH', '002937.SZ', '300735.SZ', '300545.SZ', '300481.SZ', '603687.SH', '002484.SZ', '002845.SZ', '603363.SH', '300739.SZ', '603297.SH', '002055.SZ', '600936.SH', '600933.SH', '002876.SZ', '002951.SZ', '300016.SZ', '300429.SZ', '000672.SZ', '000012.SZ', '300331.SZ', '002234.SZ', '603733.SH', '600597.SH', '603915.SH', '002080.SZ', '000823.SZ', '002137.SZ', '300723.SZ', '300679.SZ', '300561.SZ', '300725.SZ', '603348.SH', '300708.SZ', '300428.SZ', '000789.SZ', '603533.SH', '300438.SZ', '300777.SZ', '603538.SH', '300788.SZ', '300783.SZ', '603848.SH', '603730.SH', '002746.SZ', '300666.SZ', '300198.SZ', '603078.SH', '300043.SZ', '300686.SZ', '300206.SZ', '300258.SZ', '300785.SZ', '600929.SH', '002840.SZ', '300406.SZ', '002372.SZ', '300685.SZ', '300298.SZ', '002106.SZ', '601636.SH', '603197.SH', '002847.SZ', '603728.SH', '603612.SH', '300432.SZ', '300389.SZ', '002782.SZ', '002850.SZ', '002095.SZ', '000915.SZ', '000935.SZ', '603650.SH', '002238.SZ', '300653.SZ', '600552.SH', '600360.SH', '000516.SZ', '300288.SZ', '300632.SZ', '002233.SZ']"
2020-05-18,2020-05-15,2020-05-25,-0.026505860131365227,100,0.5,500,"['603727.SH', '300785.SZ', '300653.SZ', '300401.SZ', '603297.SH', '002222.SZ', '600936.SH', '300053.SZ', '603327.SH', '002449.SZ', '603267.SH', '002913.SZ', '600929.SH', '300258.SZ', '603214.SH', '300331.SZ', '002238.SZ', '603595.SH', '300673.SZ', '603043.SH', '600197.SH', '300723.SZ', '002891.SZ', '300775.SZ', '300725.SZ', '600601.SH', '300016.SZ', '300761.SZ', '300298.SZ', '300685.SZ', '002937.SZ', '002951.SZ', '603650.SH', '002372.SZ', '300776.SZ', '300149.SZ', '600707.SH', '300687.SZ', '603078.SH', '600702.SH', '600136.SH', '002947.SZ', '600478.SH', '002732.SZ', '603185.SH', '603915.SH', '002755.SZ', '600597.SH', '600288.SH', '300322.SZ', '002703.SZ', '300219.SZ', '002933.SZ', '300561.SZ', '300396.SZ', '603848.SH', '603127.SH', '603590.SH', '002955.SZ', '603103.SH', '603566.SH', '002579.SZ', '300788.SZ', '601595.SH', '300777.SZ', '600305.SH', '600933.SH', '603133.SH', '002847.SZ', '000532.SZ', '603773.SH', '300708.SZ', '300545.SZ', '300481.SZ', '603538.SH', '600686.SH', '002829.SZ', '300406.SZ', '603305.SH', '300739.SZ', '300493.SZ', '300319.SZ', '300672.SZ', '600059.SH', '603619.SH', '002161.SZ', '603733.SH', '002167.SZ', '002166.SZ', '002815.SZ', '603896.SH', '000957.SZ', '002902.SZ', '300035.SZ', '002284.SZ', '603626.SH', '002840.SZ', '603612.SH', '600965.SH', '002935.SZ']"
2020-05-25,2020-05-22,2020-06-01,0.06893188189688323,100,0.34,500,"['603297.SH', '603727.SH', '002891.SZ', '300673.SZ', '002222.SZ', '300653.SZ', '002732.SZ', '300561.SZ', '603267.SH', '603078.SH', '002852.SZ', '603777.SH', '300327.SZ', '300687.SZ', '002840.SZ', '300258.SZ', '603595.SH', '300401.SZ', '002238.SZ', '600929.SH', '603327.SH', '603773.SH', '300331.SZ', '002937.SZ', '600601.SH', '002449.SZ', '300739.SZ', '603185.SH', '300053.SZ', '002951.SZ', '300149.SZ', '300424.SZ', '603214.SH', '002947.SZ', '300755.SZ', '002902.SZ', '600197.SH', '603956.SH', '002876.SZ', '000915.SZ', '600198.SH', '002579.SZ', '300219.SZ', '002703.SZ', '300723.SZ', '002474.SZ', '002913.SZ', '603650.SH', '000516.SZ', '002847.SZ', '002119.SZ', '603661.SH', '600702.SH', '300016.SZ', '300672.SZ', '603043.SH', '300785.SZ', '603896.SH', '603538.SH', '002892.SZ', '300545.SZ', '603133.SH', '603612.SH', '603626.SH', '300708.SZ', '002955.SZ', '603121.SH', '600136.SH', '300725.SZ', '300398.SZ', '603978.SH', '300396.SZ', '300481.SZ', '603306.SH', '002861.SZ', '002933.SZ', '002782.SZ', '300740.SZ', '300429.SZ', '603848.SH', '000710.SZ', '603363.SH', '300573.SZ', '002935.SZ', '002167.SZ', '300666.SZ', '002755.SZ', '002801.SZ', '600059.SH', '300493.SZ', '600933.SH', '000931.SZ', '300685.SZ', '000957.SZ', '002515.SZ', '600800.SH', '000546.SZ', '300583.SZ', '300642.SZ', '300632.SZ']"
2020-06-01,2020-05-29,2020-06-08,0.019137664560705207,100,0.45,500,"['000615.SZ', '600136.SH', '300561.SZ', '300673.SZ', '002703.SZ', '300687.SZ', '603103.SH', '300424.SZ', '603297.SH', '002741.SZ', '300102.SZ', '603773.SH', '002891.SZ', '600198.SH', '300666.SZ', '002449.SZ', '300726.SZ', '300149.SZ', '600478.SH', '002955.SZ', '300493.SZ', '000516.SZ', '000665.SZ', '603727.SH', '002732.SZ', '300258.SZ', '600601.SH', '000150.SZ', '300219.SZ', '002119.SZ', '601595.SH', '603327.SH', '600197.SH', '002238.SZ', '002464.SZ', '603121.SH', '000532.SZ', '300077.SZ', '600707.SH', '603133.SH', '002646.SZ', '002951.SZ', '603619.SH', '002288.SZ', '300401.SZ', '002167.SZ', '002222.SZ', '002055.SZ', '300708.SZ', '002284.SZ', '300331.SZ', '300333.SZ', '300094.SZ', '300054.SZ', '603267.SH', '300204.SZ', '300653.SZ', '300053.SZ', '000931.SZ', '603978.SH', '300583.SZ', '002579.SZ', '002161.SZ', '300327.SZ', '300609.SZ', '002315.SZ', '002861.SZ', '002852.SZ', '600360.SH', '600288.SH', '603043.SH', '603956.SH', '603348.SH', '002937.SZ', '600702.SH', '603214.SH', '300691.SZ', '300740.SZ', '600686.SH', '002935.SZ', '002280.SZ', '600425.SH', '002876.SZ', '300064.SZ', '000599.SZ', '002947.SZ', '000576.SZ', '300128.SZ', '002587.SZ', '002892.SZ', '002650.SZ', '600880.SH', '002079.SZ', '300322.SZ', '300739.SZ', '300061.SZ', '300198.SZ', '600676.SH', '300632.SZ', '300449.SZ']"
2020-06-08,2020-06-05,2020-06-15,-0.0013703379737613098,100,0.42,500,"['300043.SZ', '300102.SZ', '000615.SZ', '600136.SH', '002449.SZ', '300561.SZ', '002284.SZ', '300687.SZ', '300632.SZ', '300064.SZ', '300424.SZ', '002464.SZ', '603773.SH', '300077.SZ', '002861.SZ', '600707.SH', '002057.SZ', '300679.SZ', '300449.SZ', '000607.SZ', '300364.SZ', '300322.SZ', '600425.SH', '002587.SZ', '002055.SZ', '000802.SZ', '300739.SZ', '300128.SZ', '300053.SZ', '600081.SH', '300410.SZ', '000996.SZ', '002488.SZ', '300726.SZ', '002630.SZ', '300673.SZ', '002222.SZ', '603133.SH', '300323.SZ', '002579.SZ', '300708.SZ', '603297.SH', '002369.SZ', '603915.SH', '300278.SZ', '300198.SZ', '300343.SZ', '300232.SZ', '000150.SZ', '002315.SZ', '300052.SZ', '002937.SZ', '002892.SZ', '603619.SH', '000576.SZ', '300467.SZ', '300299.SZ', '002139.SZ', '002189.SZ', '300061.SZ', '600478.SH', '002947.SZ', '300258.SZ', '300333.SZ', '600936.SH', '600601.SH', '300288.SZ', '002090.SZ', '002355.SZ', '300176.SZ', '002288.SZ', '300493.SZ', '300336.SZ', '300219.SZ', '002045.SZ', '300401.SZ', '002510.SZ', '002101.SZ', '600686.SH', '603106.SH', '300149.SZ', '002095.SZ', '002148.SZ', '300327.SZ', '300583.SZ', '300657.SZ', '002168.SZ', '603999.SH', '002732.SZ', '600715.SH', '600880.SH', '603626.SH', '002876.SZ', '002425.SZ', '603978.SH', '300609.SZ', '000931.SZ', '002703.SZ', '600579.SH', '600986.SH']"
2020-06-15,2020-06-12,2020-06-22,0.018083952306631002,100,0.61,500,"['000615.SZ', '002892.SZ', '002370.SZ', '002057.SZ', '300273.SZ', '002741.SZ', '600613.SH', '002907.SZ', '600129.SH', '000150.SZ', '300436.SZ', '603619.SH', '000546.SZ', '603915.SH', '000607.SZ', '000518.SZ', '300267.SZ', '002464.SZ', '002101.SZ', '603676.SH', '300632.SZ', '600081.SH', '300516.SZ', '300583.SZ', '300064.SZ', '600664.SH', '002166.SZ', '000766.SZ', '300642.SZ', '600645.SH', '300171.SZ', '600715.SH', '000532.SZ', '600996.SH', '600136.SH', '600686.SH', '300011.SZ', '300189.SZ', '002412.SZ', '002167.SZ', '000597.SZ', '603687.SH', '600425.SH', '600702.SH', '002366.SZ', '002547.SZ', '600326.SH', '600601.SH', '600199.SH', '603214.SH', '600789.SH', '300149.SZ', '002644.SZ', '002390.SZ', '002472.SZ', '601595.SH', '002488.SZ', '300204.SZ', '300006.SZ', '300131.SZ', '300561.SZ', '002284.SZ', '600478.SH', '002451.SZ', '600579.SH', '002732.SZ', '002550.SZ', '300219.SZ', '002425.SZ', '000931.SZ', '002510.SZ', '000599.SZ', '002646.SZ', '600200.SH', '000516.SZ', '300343.SZ', '000919.SZ', '603043.SH', '002880.SZ', '300401.SZ', '000576.SZ', '300094.SZ', '002596.SZ', '600707.SH', '300258.SZ', '300039.SZ', '300198.SZ', '002654.SZ', '300691.SZ', '002861.SZ', '600881.SH', '603327.SH', '300176.SZ', '300110.SZ', '300061.SZ', '603106.SH', '603896.SH', '600831.SH', '000665.SZ', '603919.SH']"
2020-06-22,2020-06-19,2020-06-29,-0.005717390533381894,100,0.84,500,"['300726.SZ', '603297.SH', '002139.SZ', '002449.SZ', '300771.SZ', '300047.SZ', '000019.SZ', '300401.SZ', '002636.SZ', '300481.SZ', '600933.SH', '000505.SZ', '300322.SZ', '002815.SZ', '300127.SZ', '603267.SH', '002892.SZ', '300184.SZ', '603185.SH', '603013.SH', '300365.SZ', '002287.SZ', '002515.SZ', '603896.SH', '600422.SH', '300232.SZ', '300788.SZ', '000957.SZ', '603730.SH', '002579.SZ', '300678.SZ', '603327.SH', '002925.SZ', '300327.SZ', '600557.SH', '002913.SZ', '603058.SH', '002741.SZ', '300765.SZ', '300258.SZ', '002106.SZ', '002484.SZ', '002951.SZ', '300396.SZ', '002222.SZ', '300687.SZ', '603619.SH', '000823.SZ', '600073.SH', '300739.SZ', '603626.SH', '600360.SH', '300191.SZ', '300493.SZ', '300735.SZ', '300398.SZ', '002057.SZ', '603214.SH', '300623.SZ', '002015.SZ', '603876.SH', '600136.SH', '002582.SZ', '002095.SZ', '300389.SZ', '603595.SH', '300319.SZ', '002369.SZ', '600929.SH', '600285.SH', '300653.SZ', '002880.SZ', '300386.SZ', '603915.SH', '300406.SZ', '002699.SZ', '603676.SH', '603586.SH', '600668.SH', '002441.SZ', '600702.SH', '600478.SH', '600229.SH', '002570.SZ', '000710.SZ', '300196.SZ', '002288.SZ', '603387.SH', '002724.SZ', '000915.SZ', '002840.SZ', '603197.SH', '002020.SZ', '002861.SZ', '300053.SZ', '600329.SH', '300545.SZ', '603727.SH', '603978.SH', '300725.SZ']"
2020-06-29,2020-06-24,2020-07-06,0.062350262844376364,100,0.52,500,"['603185.SH', '300322.SZ', '300673.SZ', '300331.SZ', '603297.SH', '300149.SZ', '603626.SH', '300401.SZ', '002287.SZ', '002449.SZ', '300327.SZ', '300657.SZ', '002579.SZ', '603915.SH', '300602.SZ', '002880.SZ', '300630.SZ', '300632.SZ', '603078.SH', '300215.SZ', '300298.SZ', '603327.SH', '300319.SZ', '300639.SZ', '300679.SZ', '002925.SZ', '300709.SZ', '300653.SZ', '600933.SH', '002315.SZ', '300609.SZ', '300687.SZ', '300406.SZ', '603773.SH', '603133.SH', '603267.SH', '300016.SZ', '600211.SH', '002474.SZ', '603730.SH', '603387.SH', '600136.SH', '002861.SZ', '300009.SZ', '603896.SH', '002876.SZ', '002892.SZ', '002815.SZ', '300633.SZ', '300735.SZ', '603727.SH', '300396.SZ', '300765.SZ', '300258.SZ', '600363.SH', '600601.SH', '603601.SH', '002139.SZ', '002755.SZ', '300477.SZ', '300725.SZ', '300497.SZ', '300702.SZ', '000710.SZ', '300573.SZ', '603538.SH', '300147.SZ', '002732.SZ', '300481.SZ', '603676.SH', '603305.SH', '603919.SH', '000607.SZ', '600478.SH', '300219.SZ', '002636.SZ', '300273.SZ', '300685.SZ', '300788.SZ', '300604.SZ', '002741.SZ', '300206.SZ', '600360.SH', '000823.SZ', '603602.SH', '000019.SZ', '002369.SZ', '300771.SZ', '300691.SZ', '300294.SZ', '002587.SZ', '002317.SZ', '000915.SZ', '002937.SZ', '603283.SH', '002570.SZ', '300244.SZ', '603129.SH', '002022.SZ', '002288.SZ']"
2020-07-06,2020-07-03,2020-07-13,0.0900532842732881,100,0.97,500,"['600901.SH', '603613.SH', '600765.SH', '000012.SZ', '300159.SZ', '600316.SH', '001696.SZ', '603876.SH', '603279.SH', '002567.SZ', '600456.SH', '600764.SH', '600967.SH', '600737.SH', '002340.SZ', '002234.SZ', '300423.SZ', '000935.SZ', '603997.SH', '002664.SZ', '000738.SZ', '300691.SZ', '603609.SH', '002619.SZ', '002080.SZ', '600888.SH', '600382.SH', '600742.SH', '002097.SZ', '601058.SH', '002543.SZ', '600603.SH', '002746.SZ', '603712.SH', '600562.SH', '603169.SH', '002639.SZ', '600072.SH', '000584.SZ', '002441.SZ', '002182.SZ', '002056.SZ', '300057.SZ', '000923.SZ', '601677.SH', '300262.SZ', '300416.SZ', '600435.SH', '603063.SH', '000965.SZ', '300771.SZ', '600218.SH', '002540.SZ', '002124.SZ', '002413.SZ', '600685.SH', '002751.SZ', '002377.SZ', '000807.SZ', '603680.SH', '600261.SH', '600975.SH', '300208.SZ', '000906.SZ', '002519.SZ', '600338.SH', '002025.SZ', '600135.SH', '300783.SZ', '002100.SZ', '300420.SZ', '600684.SH', '603058.SH', '601137.SH', '300099.SZ', '002372.SZ', '600800.SH', '600459.SH', '600879.SH', '002516.SZ', '002685.SZ', '000606.SZ', '600259.SH', '600073.SH', '002315.SZ', '601038.SH', '002233.SZ', '603766.SH', '603978.SH', '300091.SZ', '300101.SZ', '000789.SZ', '300349.SZ', '600195.SH', '002023.SZ', '000821.SZ', '000048.SZ', '002590.SZ', '300542.SZ', '002818.SZ']"
2020-07-13,2020-07-10,2020-07-20,-0.03050159750433896,100,0.54,500,"['000612.SZ', '603613.SH', '600975.SH', '002182.SZ', '603279.SH', '000576.SZ', '300208.SZ', '002707.SZ', '600765.SH', '603876.SH', '300783.SZ', '603058.SH', '601038.SH', '600456.SH', '601606.SH', '002124.SZ', '603777.SH', '002619.SZ', '600435.SH', '000738.SZ', '002025.SZ', '000758.SZ', '300771.SZ', '600764.SH', '603169.SH', '002340.SZ', '000935.SZ', '600318.SH', '000933.SZ', '000801.SZ', '300034.SZ', '002567.SZ', '000878.SZ', '600967.SH', '000561.SZ', '603318.SH', '600330.SH', '300345.SZ', '600392.SH', '000913.SZ', '300775.SZ', '002639.SZ', '601069.SH', '600316.SH', '002590.SZ', '300159.SZ', '002621.SZ', '603687.SH', '600737.SH', '002237.SZ', '002261.SZ', '002234.SZ', '600259.SH', '600901.SH', '600562.SH', '300423.SZ', '300542.SZ', '000519.SZ', '603718.SH', '002726.SZ', '002515.SZ', '000567.SZ', '603712.SH', '300045.SZ', '300740.SZ', '002543.SZ', '600459.SH', '603106.SH', '300101.SZ', '002151.SZ', '000733.SZ', '603711.SH', '002372.SZ', '002933.SZ', '601677.SH', '600879.SH', '000969.SZ', '300278.SZ', '300288.SZ', '603079.SH', '002392.SZ', '603486.SH', '300474.SZ', '002738.SZ', '603997.SH', '002041.SZ', '603730.SH', '600073.SH', '002389.SZ', '600072.SH', '000960.SZ', '300739.SZ', '002906.SZ', '300618.SZ', '000606.SZ', '000848.SZ', '300527.SZ', '002023.SZ', '002951.SZ', '600169.SH']"
2020-07-20,2020-07-17,2020-07-27,-0.02704440775393377,100,0.7,500,"['002234.SZ', '002746.SZ', '600668.SH', '002124.SZ', '000807.SZ', '600888.SH', '300423.SZ', '002567.SZ', '601058.SH', '002097.SZ', '002664.SZ', '603363.SH', '600382.SH', '600300.SH', '603012.SH', '002478.SZ', '300389.SZ', '000923.SZ', '002283.SZ', '000789.SZ', '600603.SH', '600975.SH', '002233.SZ', '603848.SH', '002852.SZ', '002619.SZ', '603058.SH', '002182.SZ', '002818.SZ', '600533.SH', '603687.SH', '600261.SH', '300483.SZ', '002441.SZ', '002833.SZ', '603609.SH', '002937.SZ', '603777.SH', '603579.SH', '002651.SZ', '300107.SZ', '002458.SZ', '600338.SH', '600626.SH', '002088.SZ', '002519.SZ', '300208.SZ', '000758.SZ', '300765.SZ', '600901.SH', '002516.SZ', '002543.SZ', '000935.SZ', '600790.SH', '600545.SH', '002151.SZ', '603279.SH', '000537.SZ', '300462.SZ', '603978.SH', '000848.SZ', '300196.SZ', '603661.SH', '000612.SZ', '002933.SZ', '601952.SH', '601038.SH', '002377.SZ', '300708.SZ', '300424.SZ', '300258.SZ', '000713.SZ', '002111.SZ', '600967.SH', '603613.SH', '603680.SH', '601677.SH', '002025.SZ', '600685.SH', '603111.SH', '603063.SH', '000060.SZ', '600549.SH', '600072.SH', '000680.SZ', '300771.SZ', '002438.SZ', '000657.SZ', '603079.SH', '601619.SH', '600073.SH', '601890.SH', '002895.SZ', '000906.SZ', '002392.SZ', '002067.SZ', '603306.SH', '300262.SZ', '000751.SZ', '300304.SZ']"
2020-07-27,2020-07-24,2020-08-03,0.0663079801590157,100,0.59,500,"['603579.SH', '002330.SZ', '600300.SH', '600626.SH', '600545.SH', '600335.SH', '002732.SZ', '300198.SZ', '000550.SZ', '600619.SH', '603848.SH', '000657.SZ', '600549.SH', '000878.SZ', '000923.SZ', '000906.SZ', '002833.SZ', '300415.SZ', '002852.SZ', '603711.SH', '000523.SZ', '600531.SH', '300258.SZ', '600711.SH', '002124.SZ', '000930.SZ', '000514.SZ', '002520.SZ', '300094.SZ', '603363.SH', '002840.SZ', '002900.SZ', '603214.SH', '300483.SZ', '002478.SZ', '600593.SH', '000751.SZ', '600073.SH', '002377.SZ', '002283.SZ', '603789.SH', '603777.SH', '000060.SZ', '603609.SH', '300107.SZ', '002443.SZ', '002011.SZ', '300220.SZ', '000807.SZ', '600822.SH', '601069.SH', '300208.SZ', '300473.SZ', '601168.SH', '603279.SH', '600975.SH', '000561.SZ', '603886.SH', '603687.SH', '000960.SZ', '002677.SZ', '002088.SZ', '601058.SH', '600338.SH', '600693.SH', '002458.SZ', '002746.SZ', '603277.SH', '000626.SZ', '002567.SZ', '000697.SZ', '002302.SZ', '002621.SZ', '002067.SZ', '601952.SH', '000666.SZ', '300417.SZ', '002233.SZ', '002895.SZ', '603300.SH', '000521.SZ', '600006.SH', '600278.SH', '603187.SH', '600981.SH', '002590.SZ', '002203.SZ', '300761.SZ', '300673.SZ', '300345.SZ', '603919.SH', '300441.SZ', '603012.SH', '002378.SZ', '600435.SH', '600481.SH', '002370.SZ', '000606.SZ', '000848.SZ', '000558.SZ']"
2020-08-03,2020-07-31,2020-08-10,0.012836817106669729,100,0.44,500,"['603579.SH', '300198.SZ', '603687.SH', '000697.SZ', '600300.SH', '002732.SZ', '002330.SZ', '300449.SZ', '600822.SH', '002833.SZ', '002852.SZ', '300417.SZ', '603214.SH', '000417.SZ', '002611.SZ', '000550.SZ', '603300.SH', '603586.SH', '300415.SZ', '600626.SH', '002283.SZ', '600549.SH', '300258.SZ', '300196.SZ', '300424.SZ', '002677.SZ', '002567.SZ', '000807.SZ', '600545.SH', '002182.SZ', '300462.SZ', '002111.SZ', '002458.SZ', '600738.SH', '002746.SZ', '600619.SH', '300359.SZ', '000923.SZ', '603111.SH', '300673.SZ', '600335.SH', '300777.SZ', '603848.SH', '002011.SZ', '002840.SZ', '002651.SZ', '002237.SZ', '300094.SZ', '603609.SH', '000025.SZ', '600391.SH', '603789.SH', '000657.SZ', '603079.SH', '600251.SH', '600685.SH', '000878.SZ', '002755.SZ', '002796.SZ', '603915.SH', '600073.SH', '603919.SH', '600338.SH', '300065.SZ', '601168.SH', '603661.SH', '000639.SZ', '603737.SH', '002302.SZ', '000930.SZ', '002124.SZ', '600862.SH', '002520.SZ', '002900.SZ', '002377.SZ', '000913.SZ', '002378.SZ', '300708.SZ', '002155.SZ', '000060.SZ', '002392.SZ', '300410.SZ', '603306.SH', '300193.SZ', '000738.SZ', '000906.SZ', '601952.SH', '300561.SZ', '300107.SZ', '600711.SH', '300428.SZ', '000019.SZ', '300765.SZ', '601058.SH', '002438.SZ', '000612.SZ', '000751.SZ', '002097.SZ', '002519.SZ', '002478.SZ']"
2020-08-10,2020-08-07,2020-08-17,0.009236907347237476,100,0.57,500,"['002651.SZ', '300198.SZ', '000657.SZ', '300258.SZ', '002732.SZ', '002664.SZ', '601058.SH', '002757.SZ', '603166.SH', '300099.SZ', '002833.SZ', '002840.SZ', '603214.SH', '300569.SZ', '002677.SZ', '300328.SZ', '600300.SH', '603609.SH', '002520.SZ', '000048.SZ', '300415.SZ', '300777.SZ', '603662.SH', '000923.SZ', '600933.SH', '000906.SZ', '601882.SH', '603992.SH', '300599.SZ', '300673.SZ', '002746.SZ', '300696.SZ', '300609.SZ', '603336.SH', '000789.SZ', '002190.SZ', '300762.SZ', '300428.SZ', '603111.SH', '600419.SH', '600636.SH', '002111.SZ', '603919.SH', '002567.SZ', '300196.SZ', '600668.SH', '300462.SZ', '002438.SZ', '002884.SZ', '300034.SZ', '300800.SZ', '002519.SZ', '002796.SZ', '002025.SZ', '002967.SZ', '600626.SH', '603060.SH', '603306.SH', '600603.SH', '002234.SZ', '603363.SH', '603666.SH', '600456.SH', '603777.SH', '300580.SZ', '603303.SH', '300755.SZ', '603416.SH', '603668.SH', '002458.SZ', '601137.SH', '300483.SZ', '000025.SZ', '603737.SH', '000012.SZ', '002182.SZ', '300715.SZ', '603776.SH', '600523.SH', '600338.SH', '300651.SZ', '603610.SH', '600802.SH', '300775.SZ', '603566.SH', '000514.SZ', '300382.SZ', '603876.SH', '300432.SZ', '600711.SH', '603700.SH', '300424.SZ', '002233.SZ', '000550.SZ', '300065.SZ', '300193.SZ', '603277.SH', '300561.SZ', '002570.SZ', '002283.SZ']"
2020-08-17,2020-08-14,2020-08-24,0.006757618920766714,100,0.44,500,"['603166.SH', '603776.SH', '002962.SZ', '300415.SZ', '002732.SZ', '600338.SH', '002746.SZ', '300627.SZ', '002567.SZ', '002377.SZ', '603668.SH', '002532.SZ', '002234.SZ', '002519.SZ', '603363.SH', '002233.SZ', '603662.SH', '603579.SH', '600711.SH', '002438.SZ', '300800.SZ', '002840.SZ', '000906.SZ', '300416.SZ', '002967.SZ', '600626.SH', '600742.SH', '300258.SZ', '002959.SZ', '300175.SZ', '002884.SZ', '600975.SH', '600668.SH', '002582.SZ', '603336.SH', '603093.SH', '300609.SZ', '300483.SZ', '300580.SZ', '300196.SZ', '600300.SH', '300193.SZ', '000526.SZ', '300667.SZ', '300127.SZ', '002590.SZ', '002392.SZ', '300673.SZ', '600184.SH', '300599.SZ', '000048.SZ', '600685.SH', '603777.SH', '300511.SZ', '002458.SZ', '600764.SH', '002059.SZ', '603530.SH', '600961.SH', '002664.SZ', '000657.SZ', '300715.SZ', '600933.SH', '601168.SH', '000561.SZ', '002171.SZ', '300691.SZ', '603111.SH', '002796.SZ', '300617.SZ', '600459.SH', '000584.SZ', '300775.SZ', '002533.SZ', '300034.SZ', '300761.SZ', '601137.SH', '603711.SH', '600419.SH', '600549.SH', '300328.SZ', '603737.SH', '600802.SH', '300065.SZ', '600603.SH', '603876.SH', '000523.SZ', '300462.SZ', '603277.SH', '000807.SZ', '300569.SZ', '000852.SZ', '603012.SH', '600327.SH', '002935.SZ', '300772.SZ', '300618.SZ', '603956.SH', '002833.SZ', '002757.SZ']"
2020-08-24,2020-08-21,2020-08-31,-0.012579660090999902,100,0.48,500,"['603776.SH', '002732.SZ', '600338.SH', '600933.SH', '601137.SH', '600592.SH', '603609.SH', '002438.SZ', '600382.SH', '600545.SH', '002377.SZ', '002746.SZ', '002225.SZ', '600419.SH', '300193.SZ', '603662.SH', '600626.SH', '002519.SZ', '002664.SZ', '002951.SZ', '000906.SZ', '002233.SZ', '603111.SH', '300415.SZ', '600802.SH', '000789.SZ', '600888.SH', '603214.SH', '603277.SH', '600818.SH', '300483.SZ', '002567.SZ', '603668.SH', '300258.SZ', '000672.SZ', '600327.SH', '300757.SZ', '601579.SH', '300007.SZ', '603166.SH', '300562.SZ', '002080.SZ', '601677.SH', '600742.SH', '002548.SZ', '600449.SH', '002967.SZ', '002056.SZ', '002478.SZ', '603788.SH', '000417.SZ', '600523.SH', '300580.SZ', '002264.SZ', '000526.SZ', '002962.SZ', '603687.SH', '600961.SH', '603859.SH', '603700.SH', '603079.SH', '603012.SH', '300196.SZ', '600711.SH', '002796.SZ', '603058.SH', '603060.SH', '002201.SZ', '600720.SH', '600967.SH', '603363.SH', '002852.SZ', '300599.SZ', '600685.SH', '600668.SH', '300127.SZ', '002757.SZ', '300627.SZ', '600603.SH', '000697.SZ', '000048.SZ', '002840.SZ', '603566.SH', '002283.SZ', '688388.SH', '600251.SH', '603315.SH', '603239.SH', '300617.SZ', '300328.SZ', '603158.SH', '600366.SH', '002458.SZ', '000852.SZ', '603300.SH', '603197.SH', '002234.SZ', '002641.SZ', '300462.SZ', '002372.SZ']"
2020-08-31,2020-08-28,2020-09-07,-0.011432146978449954,100,0.57,500,"['603788.SH', '600738.SH', '300580.SZ', '603306.SH', '002406.SZ', '603315.SH', '300351.SZ', '603277.SH', '300462.SZ', '300193.SZ', '603058.SH', '002619.SZ', '600818.SH', '000821.SZ', '603203.SH', '002334.SZ', '603166.SH', '002516.SZ', '603012.SH', '603969.SH', '002438.SZ', '002111.SZ', '603111.SH', '603063.SH', '300259.SZ', '600382.SH', '002282.SZ', '002392.SZ', '002519.SZ', '300066.SZ', '600184.SH', '603662.SH', '002819.SZ', '000584.SZ', '002478.SZ', '603912.SH', '002801.SZ', '600724.SH', '300753.SZ', '603776.SH', '002738.SZ', '002937.SZ', '300480.SZ', '600685.SH', '002732.SZ', '002878.SZ', '002213.SZ', '002452.SZ', '300660.SZ', '603579.SH', '002818.SZ', '300262.SZ', '002543.SZ', '002590.SZ', '603630.SH', '002264.SZ', '002933.SZ', '600449.SH', '603121.SH', '603239.SH', '002225.SZ', '002759.SZ', '603158.SH', '002540.SZ', '300288.SZ', '300196.SZ', '603687.SH', '600965.SH', '000996.SZ', '002796.SZ', '002746.SZ', '002233.SZ', '603823.SH', '300175.SZ', '300127.SZ', '000514.SZ', '002578.SZ', '002057.SZ', '002757.SZ', '603859.SH', '000811.SZ', '600603.SH', '002962.SZ', '600695.SH', '600626.SH', '603700.SH', '600327.SH', '600545.SH', '603031.SH', '000615.SZ', '600331.SH', '002234.SZ', '002596.SZ', '600668.SH', '002688.SZ', '600888.SH', '002101.SZ', '300599.SZ', '603358.SH', '688388.SH']"
2020-09-07,2020-09-04,2020-09-14,-0.023413749459653483,100,0.31,500,"['603788.SH', '600738.SH', '300193.SZ', '603166.SH', '603315.SH', '603969.SH', '603063.SH', '603203.SH', '002406.SZ', '002282.SZ', '002619.SZ', '000821.SZ', '600818.SH', '603058.SH', '002516.SZ', '300580.SZ', '603111.SH', '300660.SZ', '002392.SZ', '300262.SZ', '002543.SZ', '002334.SZ', '002264.SZ', '300462.SZ', '002590.SZ', '000996.SZ', '000935.SZ', '002519.SZ', '600603.SH', '603886.SH', '600382.SH', '002540.SZ', '000811.SZ', '600724.SH', '002578.SZ', '600679.SH', '600965.SH', '002738.SZ', '002801.SZ', '002759.SZ', '603611.SH', '002478.SZ', '600807.SH', '603012.SH', '002225.SZ', '002933.SZ', '603277.SH', '002878.SZ', '603306.SH', '603823.SH', '600814.SH', '600251.SH', '600184.SH', '300771.SZ', '603169.SH', '002213.SZ', '002111.SZ', '300259.SZ', '000584.SZ', '002101.SZ', '600135.SH', '603214.SH', '002818.SZ', '600668.SH', '002438.SZ', '601002.SH', '002621.SZ', '300351.SZ', '300127.SZ', '603766.SH', '300667.SZ', '600888.SH', '600533.SH', '002796.SZ', '600449.SH', '000957.SZ', '603031.SH', '000546.SZ', '002757.SZ', '000056.SZ', '002646.SZ', '002833.SZ', '300220.SZ', '002167.SZ', '300753.SZ', '002423.SZ', '601677.SH', '300359.SZ', '300175.SZ', '603912.SH', '002746.SZ', '603358.SH', '002596.SZ', '002937.SZ', '600467.SH', '603366.SH', '002073.SZ', '300424.SZ', '603680.SH', '300196.SZ']"
2020-09-14,2020-09-11,2020-09-21,0.01559707888202275,100,0.27,500,"['603166.SH', '603788.SH', '002406.SZ', '603063.SH', '300193.SZ', '300660.SZ', '002519.SZ', '600251.SH', '603058.SH', '002543.SZ', '002264.SZ', '603315.SH', '603203.SH', '603969.SH', '600382.SH', '000935.SZ', '002392.SZ', '600449.SH', '601677.SH', '300580.SZ', '603810.SH', '002540.SZ', '000811.SZ', '002225.SZ', '603886.SH', '603823.SH', '002478.SZ', '600603.SH', '002516.SZ', '002933.SZ', '600738.SH', '603662.SH', '600888.SH', '300196.SZ', '002746.SZ', '002578.SZ', '603277.SH', '002234.SZ', '600668.SH', '600724.SH', '603306.SH', '600807.SH', '603214.SH', '603610.SH', '002738.SZ', '000056.SZ', '600322.SH', '002818.SZ', '603111.SH', '002282.SZ', '002757.SZ', '600965.SH', '002423.SZ', '002801.SZ', '603013.SH', '000401.SZ', '300483.SZ', '000957.SZ', '300753.SZ', '300771.SZ', '002732.SZ', '000639.SZ', '000546.SZ', '603611.SH', '300127.SZ', '603012.SH', '600814.SH', '002582.SZ', '600742.SH', '002878.SZ', '603856.SH', '002233.SZ', '600818.SH', '000996.SZ', '600720.SH', '600135.SH', '600679.SH', '600467.SH', '601002.SH', '002057.SZ', '600523.SH', '603239.SH', '300262.SZ', '603687.SH', '002590.SZ', '601890.SH', '000821.SZ', '600975.SH', '002661.SZ', '600300.SH', '300462.SZ', '600366.SH', '002101.SZ', '002796.SZ', '002884.SZ', '002073.SZ', '002937.SZ', '002213.SZ', '600586.SH', '002533.SZ']"
2020-09-21,2020-09-18,2020-09-28,-0.0581457759522511,100,0.5,500,"['002406.SZ', '002483.SZ', '300420.SZ', '603810.SH', '002519.SZ', '002234.SZ', '002548.SZ', '002423.SZ', '002533.SZ', '000935.SZ', '600419.SH', '600668.SH', '603609.SH', '300159.SZ', '600449.SH', '002567.SZ', '300097.SZ', '603111.SH', '002532.SZ', '603662.SH', '002757.SZ', '600382.SH', '688015.SH', '600975.SH', '600807.SH', '600330.SH', '601677.SH', '603058.SH', '300173.SZ', '600562.SH', '300007.SZ', '000639.SZ', '603766.SH', '000811.SZ', '002746.SZ', '600195.SH', '002884.SZ', '002543.SZ', '002100.SZ', '002582.SZ', '002515.SZ', '603611.SH', '002641.SZ', '002478.SZ', '600366.SH', '603363.SH', '002540.SZ', '600802.SH', '603668.SH', '600720.SH', '600742.SH', '002738.SZ', '600326.SH', '300609.SZ', '688001.SH', '603856.SH', '000789.SZ', '002057.SZ', '002932.SZ', '688002.SH', '600501.SH', '000401.SZ', '603687.SH', '000933.SZ', '603203.SH', '601020.SH', '600888.SH', '000012.SZ', '603610.SH', '002264.SZ', '002334.SZ', '600327.SH', '002933.SZ', '603166.SH', '603697.SH', '002315.SZ', '300580.SZ', '002413.SZ', '600095.SH', '000821.SZ', '002796.SZ', '002452.SZ', '000996.SZ', '300119.SZ', '600814.SH', '000795.SZ', '300428.SZ', '000519.SZ', '300660.SZ', '002124.SZ', '603630.SH', '002818.SZ', '000612.SZ', '300288.SZ', '300397.SZ', '002960.SZ', '000546.SZ', '603336.SH', '603063.SH', '600322.SH']"
2020-09-28,2020-09-25,2020-10-09,0.04591111237762162,100,0.98,500,"['600908.SH', '000529.SZ', '000655.SZ', '600621.SH', '601208.SH', '600794.SH', '000690.SZ', '002884.SZ', '000531.SZ', '000540.SZ', '600993.SH', '002838.SZ', '002489.SZ', '000686.SZ', '002097.SZ', '002588.SZ', '600770.SH', '603020.SH', '600527.SH', '000791.SZ', '600285.SH', '300244.SZ', '300246.SZ', '600070.SH', '600477.SH', '300206.SZ', '601038.SH', '601222.SH', '000881.SZ', '600510.SH', '600761.SH', '600823.SH', '603299.SH', '603385.SH', '601001.SH', '600063.SH', '603587.SH', '603466.SH', '300019.SZ', '002382.SZ', '000591.SZ', '000875.SZ', '001696.SZ', '300159.SZ', '601882.SH', '300054.SZ', '300031.SZ', '002283.SZ', '300390.SZ', '002232.SZ', '002407.SZ', '600834.SH', '000037.SZ', '600633.SH', '002747.SZ', '300143.SZ', '002022.SZ', '603416.SH', '600822.SH', '000902.SZ', '002208.SZ', '002614.SZ', '002108.SZ', '002444.SZ', '000099.SZ', '603661.SH', '688018.SH', '688333.SH', '603600.SH', '002030.SZ', '600682.SH', '300598.SZ', '300411.SZ', '600295.SH', '300315.SZ', '002106.SZ', '300303.SZ', '603128.SH', '600577.SH', '000739.SZ', '603727.SH', '002930.SZ', '000712.SZ', '000400.SZ', '603906.SH', '002318.SZ', '002467.SZ', '000088.SZ', '600873.SH', '000717.SZ', '000828.SZ', '300262.SZ', '603590.SH', '002430.SZ', '300230.SZ', '601619.SH', '600612.SH', '300137.SZ', '600496.SH', '300133.SZ']"
2020-10-09,2020-09-30,2020-10-12,0.03911026296,100,0.49,500,"['300420.SZ', '002884.SZ', '600621.SH', '603727.SH', '600794.SH', '002407.SZ', '600770.SH', '002582.SZ', '000529.SZ', '300687.SZ', '600063.SH', '300435.SZ', '603128.SH', '300016.SZ', '300019.SZ', '600822.SH', '002232.SZ', '300244.SZ', '002588.SZ', '300054.SZ', '002838.SZ', '603299.SH', '300414.SZ', '600351.SH', '002747.SZ', '002270.SZ', '300758.SZ', '600419.SH', '300436.SZ', '300480.SZ', '300230.SZ', '002670.SZ', '002489.SZ', '300667.SZ', '603587.SH', '002832.SZ', '300291.SZ', '000690.SZ', '300448.SZ', '000088.SZ', '002315.SZ', '300303.SZ', '002930.SZ', '300200.SZ', '000037.SZ', '300598.SZ', '300046.SZ', '000099.SZ', '600207.SH', '300339.SZ', '300578.SZ', '300237.SZ', '300181.SZ', '600993.SH', '600095.SH', '000875.SZ', '300082.SZ', '002614.SZ', '002318.SZ', '600761.SH', '300365.SZ', '000828.SZ', '300481.SZ', '300206.SZ', '300638.SZ', '601038.SH', '300390.SZ', '600834.SH', '603678.SH', '601001.SH', '002617.SZ', '600527.SH', '300133.SZ', '603839.SH', '300311.SZ', '002130.SZ', '300190.SZ', '601882.SH', '000531.SZ', '600285.SH', '300671.SZ', '603612.SH', '300031.SZ', '600633.SH', '000823.SZ', '600577.SH', '000712.SZ', '603600.SH', '002583.SZ', '002902.SZ', '002378.SZ', '002137.SZ', '000881.SZ', '300315.SZ', '300297.SZ', '002287.SZ', '300148.SZ', '300798.SZ', '300231.SZ', '300208.SZ']"
2020-10-12,2020-10-09,2020-10-19,-0.006171348041645767,100,0.87,500,"['300214.SZ', '600517.SH', '603810.SH', '002533.SZ', '600403.SH', '002538.SZ', '603360.SH', '002270.SZ', '300174.SZ', '002582.SZ', '002540.SZ', '000655.SZ', '300530.SZ', '002441.SZ', '300159.SZ', '002588.SZ', '600679.SH', '002578.SZ', '600419.SH', '603166.SH', '002381.SZ', '002543.SZ', '603299.SH', '603867.SH', '603977.SH', '300019.SZ', '002395.SZ', '002929.SZ', '300660.SZ', '601058.SH', '603551.SH', '601677.SH', '300658.SZ', '000612.SZ', '601126.SH', '002406.SZ', '600207.SH', '002085.SZ', '002801.SZ', '002443.SZ', '603020.SH', '002732.SZ', '603305.SH', '300360.SZ', '002876.SZ', '603679.SH', '603788.SH', '603013.SH', '002476.SZ', '002738.SZ', '300414.SZ', '601311.SH', '601163.SH', '000922.SZ', '002498.SZ', '002318.SZ', '002840.SZ', '002749.SZ', '600971.SH', '300423.SZ', '600742.SH', '600869.SH', '002534.SZ', '603333.SH', '603823.SH', '002756.SZ', '601001.SH', '002170.SZ', '002956.SZ', '300580.SZ', '600577.SH', '600508.SH', '600782.SH', '601101.SH', '600328.SH', '002515.SZ', '300684.SZ', '603919.SH', '300127.SZ', '600395.SH', '000968.SZ', '002724.SZ', '603730.SH', '603113.SH', '000657.SZ', '300758.SZ', '601567.SH', '002434.SZ', '002907.SZ', '002623.SZ', '002364.SZ', '603703.SH', '300457.SZ', '603556.SH', '603238.SH', '603489.SH', '603639.SH', '601918.SH', '300230.SZ', '000831.SZ']"
2020-10-19,2020-10-16,2020-10-26,-0.01223546597259103,100,0.32,500,"['300214.SZ', '603810.SH', '002270.SZ', '002441.SZ', '002533.SZ', '603020.SH', '002381.SZ', '603166.SH', '603788.SH', '000655.SZ', '002443.SZ', '600507.SH', '002538.SZ', '300660.SZ', '002578.SZ', '002534.SZ', '002732.SZ', '002406.SZ', '002543.SZ', '600419.SH', '601677.SH', '603013.SH', '000922.SZ', '002540.SZ', '603238.SH', '603360.SH', '002582.SZ', '300530.SZ', '603977.SH', '002588.SZ', '300658.SZ', '002539.SZ', '600577.SH', '603867.SH', '600782.SH', '002801.SZ', '002283.SZ', '000951.SZ', '600073.SH', '002395.SZ', '300575.SZ', '300019.SZ', '600403.SH', '000717.SZ', '600971.SH', '002840.SZ', '002318.SZ', '600508.SH', '002749.SZ', '603299.SH', '002452.SZ', '002734.SZ', '300174.SZ', '603113.SH', '300580.SZ', '603489.SH', '601003.SH', '601717.SH', '002695.SZ', '601567.SH', '002330.SZ', '600679.SH', '002170.SZ', '002434.SZ', '002498.SZ', '601001.SH', '603703.SH', '601058.SH', '002756.SZ', '600742.SH', '002637.SZ', '600475.SH', '002632.SZ', '002726.SZ', '603639.SH', '000581.SZ', '603158.SH', '603823.SH', '600818.SH', '600997.SH', '000612.SZ', '603239.SH', '601163.SH', '600395.SH', '002215.SZ', '603333.SH', '300041.SZ', '002203.SZ', '002882.SZ', '002128.SZ', '300793.SZ', '002929.SZ', '002478.SZ', '002206.SZ', '002476.SZ', '002907.SZ', '603016.SH', '300360.SZ', '300684.SZ', '603916.SH']"
2020-10-26,2020-10-23,2020-11-02,-0.014904589330296834,100,0.31,500,"['300214.SZ', '002441.SZ', '600577.SH', '603020.SH', '601058.SH', '603166.SH', '601677.SH', '002443.SZ', '603788.SH', '002101.SZ', '002637.SZ', '000933.SZ', '600073.SH', '002538.SZ', '002381.SZ', '000717.SZ', '603810.SH', '601666.SH', '002533.SZ', '600742.SH', '000751.SZ', '600581.SH', '000655.SZ', '601311.SH', '600403.SH', '002128.SZ', '002543.SZ', '002330.SZ', '603013.SH', '002588.SZ', '002270.SZ', '002182.SZ', '002237.SZ', '300360.SZ', '002476.SZ', '002406.SZ', '603639.SH', '600475.SH', '000951.SZ', '002434.SZ', '002478.SZ', '002539.SZ', '600869.SH', '000807.SZ', '000922.SZ', '601001.SH', '002534.SZ', '300019.SZ', '000878.SZ', '600973.SH', '600508.SH', '300660.SZ', '600971.SH', '600997.SH', '002734.SZ', '300731.SZ', '002203.SZ', '600818.SH', '600348.SH', '002732.SZ', '600327.SH', '002578.SZ', '002519.SZ', '002213.SZ', '600961.SH', '603867.SH', '002582.SZ', '300658.SZ', '002724.SZ', '002840.SZ', '000957.SZ', '601015.SH', '601717.SH', '002452.SZ', '600295.SH', '002085.SZ', '000983.SZ', '002540.SZ', '603299.SH', '002726.SZ', '002756.SZ', '603003.SH', '002391.SZ', '300575.SZ', '600459.SH', '002318.SZ', '603113.SH', '603238.SH', '300793.SZ', '603239.SH', '002028.SZ', '002386.SZ', '601567.SH', '002590.SZ', '002170.SZ', '002632.SZ', '000612.SZ', '002283.SZ', '300580.SZ', '000937.SZ']"
2020-11-02,2020-10-30,2020-11-09,0.05637739133566484,100,0.71,500,"['002840.SZ', '300620.SZ', '002101.SZ', '002732.SZ', '300424.SZ', '002876.SZ', '300568.SZ', '002913.SZ', '300769.SZ', '603739.SH', '300586.SZ', '000807.SZ', '002224.SZ', '002330.SZ', '600711.SH', '600742.SH', '603938.SH', '300758.SZ', '600537.SH', '002300.SZ', '002011.SZ', '300686.SZ', '603305.SH', '300772.SZ', '002386.SZ', '002662.SZ', '002104.SZ', '300740.SZ', '002090.SZ', '000933.SZ', '600073.SH', '002655.SZ', '300019.SZ', '601168.SH', '603197.SH', '688388.SH', '600419.SH', '300632.SZ', '600523.SH', '300341.SZ', '603703.SH', '300706.SZ', '002284.SZ', '300793.SZ', '002970.SZ', '601015.SH', '300265.SZ', '603738.SH', '300258.SZ', '603238.SH', '002452.SZ', '000878.SZ', '300530.SZ', '688020.SH', '002590.SZ', '000550.SZ', '002213.SZ', '603003.SH', '601677.SH', '603612.SH', '603977.SH', '300489.SZ', '600581.SH', '603992.SH', '002937.SZ', '002395.SZ', '600197.SH', '000960.SZ', '002955.SZ', '300328.SZ', '600569.SH', '002434.SZ', '002441.SZ', '601058.SH', '002237.SZ', '603360.SH', '300360.SZ', '600230.SH', '002115.SZ', '603013.SH', '600691.SH', '000951.SZ', '002882.SZ', '300230.SZ', '002951.SZ', '603776.SH', '601212.SH', '603185.SH', '002182.SZ', '002810.SZ', '002726.SZ', '002369.SZ', '300783.SZ', '300174.SZ', '688005.SH', '603579.SH', '300035.SZ', '002953.SZ', '600335.SH', '603687.SH']"
2020-11-09,2020-11-06,2020-11-16,0.003365902128513952,100,0.5,500,"['300758.SZ', '000807.SZ', '600742.SH', '603305.SH', '002840.SZ', '300620.SZ', '300618.SZ', '002866.SZ', '600810.SH', '300769.SZ', '300632.SZ', '000951.SZ', '300684.SZ', '688020.SH', '603938.SH', '002876.SZ', '603113.SH', '300489.SZ', '300793.SZ', '300341.SZ', '002276.SZ', '002056.SZ', '600581.SH', '603390.SH', '000878.SZ', '603890.SH', '300686.SZ', '002182.SZ', '002171.SZ', '002897.SZ', '600711.SH', '002726.SZ', '688388.SH', '603489.SH', '600580.SH', '300706.SZ', '002441.SZ', '000550.SZ', '300560.SZ', '601020.SH', '000933.SZ', '300019.SZ', '600459.SH', '600073.SH', '600419.SH', '603185.SH', '002970.SZ', '601058.SH', '002318.SZ', '300258.SZ', '300545.SZ', '603612.SH', '603083.SH', '002946.SZ', '603738.SH', '603630.SH', '300174.SZ', '603687.SH', '601666.SH', '002452.SZ', '603886.SH', '300432.SZ', '600577.SH', '603348.SH', '002101.SZ', '603197.SH', '603043.SH', '002913.SZ', '300360.SZ', '002947.SZ', '000859.SZ', '000060.SZ', '002048.SZ', '300328.SZ', '300740.SZ', '603693.SH', '002845.SZ', '002810.SZ', '300569.SZ', '002386.SZ', '002902.SZ', '300731.SZ', '601717.SH', '002090.SZ', '603121.SH', '300568.SZ', '601137.SH', '603093.SH', '002706.SZ', '300443.SZ', '603606.SH', '002895.SZ', '002724.SZ', '603179.SH', '300118.SZ', '300575.SZ', '601677.SH', '000576.SZ', '603238.SH', '603158.SH']"
2020-11-16,2020-11-13,2020-11-23,0.034343457744499366,100,0.61,500,"['603390.SH', '600711.SH', '000973.SZ', '002101.SZ', '688020.SH', '002206.SZ', '603938.SH', '300545.SZ', '002588.SZ', '002386.SZ', '600419.SH', '000957.SZ', '600073.SH', '600961.SH', '601020.SH', '002090.SZ', '600581.SH', '002115.SZ', '603003.SH', '601015.SH', '000807.SZ', '002082.SZ', '002170.SZ', '300328.SZ', '300620.SZ', '000859.SZ', '002969.SZ', '002155.SZ', '600933.SH', '300731.SZ', '300341.SZ', '002840.SZ', '601666.SH', '600569.SH', '600742.SH', '603197.SH', '002369.SZ', '002330.SZ', '300769.SZ', '000960.SZ', '603133.SH', '603876.SH', '002539.SZ', '002549.SZ', '603093.SH', '603121.SH', '601212.SH', '002587.SZ', '002897.SZ', '002276.SZ', '600580.SH', '300258.SZ', '000717.SZ', '600537.SH', '000045.SZ', '603777.SH', '600403.SH', '002104.SZ', '600300.SH', '600549.SH', '688388.SH', '600230.SH', '002962.SZ', '002284.SZ', '600295.SH', '002309.SZ', '000933.SZ', '002951.SZ', '002182.SZ', '603738.SH', '300530.SZ', '000060.SZ', '002472.SZ', '600626.SH', '300215.SZ', '300224.SZ', '601127.SH', '002428.SZ', '600691.SH', '002538.SZ', '002011.SZ', '002378.SZ', '300575.SZ', '002237.SZ', '002203.SZ', '603113.SH', '603579.SH', '601969.SH', '603020.SH', '600782.SH', '603489.SH', '600844.SH', '603630.SH', '000937.SZ', '601137.SH', '300397.SZ', '600973.SH', '601101.SH', '000969.SZ', '002632.SZ']"
2020-11-23,2020-11-20,2020-11-30,-0.020385262014919622,100,0.45,500,"['603003.SH', '601020.SH', '002386.SZ', '000957.SZ', '002170.SZ', '601015.SH', '603876.SH', '600073.SH', '000973.SZ', '002101.SZ', '600711.SH', '002309.SZ', '601127.SH', '002115.SZ', '002588.SZ', '000960.SZ', '600742.SH', '600569.SH', '000969.SZ', '603093.SH', '002011.SZ', '000525.SZ', '600537.SH', '603777.SH', '600581.SH', '002662.SZ', '002547.SZ', '601101.SH', '600403.SH', '600523.SH', '600295.SH', '600691.SH', '002369.SZ', '600626.SH', '600961.SH', '600480.SH', '002237.SZ', '600335.SH', '603133.SH', '603366.SH', '002732.SZ', '000937.SZ', '002570.SZ', '600490.SH', '601666.SH', '600844.SH', '002472.SZ', '002378.SZ', '601969.SH', '000887.SZ', '002330.SZ', '002668.SZ', '688020.SH', '000758.SZ', '300224.SZ', '600676.SH', '002048.SZ', '002104.SZ', '002300.SZ', '600268.SH', '600348.SH', '000933.SZ', '002160.SZ', '600782.SH', '603997.SH', '002538.SZ', '600758.SH', '002203.SZ', '300769.SZ', '300081.SZ', '600869.SH', '002549.SZ', '002906.SZ', '000550.SZ', '002182.SZ', '000801.SZ', '601003.SH', '300424.SZ', '002335.SZ', '000697.SZ', '300568.SZ', '600327.SH', '600387.SH', '002897.SZ', '300309.SZ', '600230.SH', '000859.SZ', '002155.SZ', '000822.SZ', '600331.SH', '601918.SH', '002141.SZ', '002015.SZ', '002366.SZ', '600973.SH', '000523.SZ', '002488.SZ', '002328.SZ', '300109.SZ', '002274.SZ']"
2020-11-30,2020-11-27,2020-12-07,0.00911765334470045,100,0.47,500,"['601020.SH', '002101.SZ', '000045.SZ', '603003.SH', '002048.SZ', '000525.SZ', '600230.SH', '002090.SZ', '600537.SH', '603776.SH', '601015.SH', '601101.SH', '600711.SH', '000960.SZ', '600523.SH', '603738.SH', '002732.SZ', '002369.SZ', '300118.SZ', '002662.SZ', '002391.SZ', '000973.SZ', '300331.SZ', '603366.SH', '603083.SH', '603876.SH', '600742.SH', '601137.SH', '600073.SH', '600295.SH', '002300.SZ', '300081.SZ', '002840.SZ', '300545.SZ', '603133.SH', '600589.SH', '601918.SH', '600335.SH', '300620.SZ', '600782.SH', '300769.SZ', '002045.SZ', '603595.SH', '002897.SZ', '603390.SH', '601615.SH', '002104.SZ', '603093.SH', '601001.SH', '000060.SZ', '600997.SH', '000969.SZ', '600590.SH', '002206.SZ', '600480.SH', '600971.SH', '002587.SZ', '688020.SH', '002386.SZ', '603938.SH', '600123.SH', '600609.SH', '000933.SZ', '002618.SZ', '000778.SZ', '002115.SZ', '002309.SZ', '600569.SH', '600961.SH', '603618.SH', '002224.SZ', '002160.SZ', '603766.SH', '002955.SZ', '603020.SH', '002668.SZ', '600581.SH', '601969.SH', '002472.SZ', '600508.SH', '600973.SH', '000550.SZ', '002902.SZ', '000697.SZ', '002913.SZ', '300309.SZ', '603113.SH', '603197.SH', '600419.SH', '600810.SH', '000599.SZ', '002169.SZ', '603777.SH', '600626.SH', '300265.SZ', '300772.SZ', '000761.SZ', '000859.SZ', '002876.SZ', '000887.SZ']"
2020-12-07,2020-12-04,2020-12-14,-0.027412841762755283,100,0.67,500,"['002309.SZ', '601127.SH', '000807.SZ', '600537.SH', '601615.SH', '300328.SZ', '600230.SH', '603595.SH', '300568.SZ', '002104.SZ', '300620.SZ', '300798.SZ', '000878.SZ', '603938.SH', '002090.SZ', '603997.SH', '002547.SZ', '688020.SH', '300107.SZ', '600758.SH', '002897.SZ', '002326.SZ', '002369.SZ', '002428.SZ', '300783.SZ', '002101.SZ', '300545.SZ', '300331.SZ', '300309.SZ', '002951.SZ', '300159.SZ', '002125.SZ', '300258.SZ', '300769.SZ', '300252.SZ', '600073.SH', '688388.SH', '603003.SH', '600691.SH', '300739.SZ', '300224.SZ', '002011.SZ', '688006.SH', '000887.SZ', '000700.SZ', '002341.SZ', '600933.SH', '600711.SH', '300215.SZ', '002366.SZ', '002237.SZ', '000957.SZ', '000615.SZ', '002386.SZ', '300409.SZ', '601212.SH', '002115.SZ', '603133.SH', '002160.SZ', '600676.SH', '603327.SH', '603083.SH', '300127.SZ', '002847.SZ', '002082.SZ', '002378.SZ', '300341.SZ', '000025.SZ', '603739.SH', '603390.SH', '002284.SZ', '300510.SZ', '002206.SZ', '300342.SZ', '300603.SZ', '603596.SH', '000758.SZ', '600626.SH', '000697.SZ', '300310.SZ', '002970.SZ', '600268.SH', '002141.SZ', '002840.SZ', '600810.SH', '600151.SH', '603738.SH', '000603.SZ', '002274.SZ', '000426.SZ', '300762.SZ', '002570.SZ', '000889.SZ', '300686.SZ', '002335.SZ', '300530.SZ', '300590.SZ', '603992.SH', '300627.SZ', '002851.SZ']"
2020-12-14,2020-12-11,2020-12-21,0.026405467647403532,100,0.65,500,"['002970.SZ', '603327.SH', '300753.SZ', '688006.SH', '300617.SZ', '300767.SZ', '300763.SZ', '300627.SZ', '601615.SH', '603489.SH', '300432.SZ', '002677.SZ', '002956.SZ', '002309.SZ', '603938.SH', '603596.SH', '300487.SZ', '300758.SZ', '603053.SH', '300776.SZ', '600695.SH', '601965.SH', '002749.SZ', '603185.SH', '300545.SZ', '603129.SH', '300783.SZ', '002706.SZ', '002851.SZ', '300586.SZ', '603982.SH', '603239.SH', '300751.SZ', '603360.SH', '002847.SZ', '603358.SH', '603997.SH', '603697.SH', '688388.SH', '603238.SH', '002341.SZ', '002695.SZ', '300443.SZ', '600758.SH', '300566.SZ', '300686.SZ', '603606.SH', '002328.SZ', '600480.SH', '002218.SZ', '002897.SZ', '002518.SZ', '002056.SZ', '603306.SH', '600330.SH', '603579.SH', '002726.SZ', '300019.SZ', '300258.SZ', '002335.SZ', '002126.SZ', '002237.SZ', '300568.SZ', '300035.SZ', '603730.SH', '300769.SZ', '002953.SZ', '600459.SH', '002801.SZ', '603867.SH', '002160.SZ', '000807.SZ', '300457.SZ', '603020.SH', '002498.SZ', '603003.SH', '002182.SZ', '002937.SZ', '600073.SH', '002666.SZ', '300200.SZ', '600691.SH', '600676.SH', '300224.SZ', '002386.SZ', '603016.SH', '300397.SZ', '600580.SH', '600230.SH', '600686.SH', '002560.SZ', '002906.SZ', '300658.SZ', '002947.SZ', '600456.SH', '002459.SZ', '002284.SZ', '000887.SZ', '601700.SH', '300739.SZ']"
2020-12-21,2020-12-18,2020-12-28,-0.006409413778018572,100,0.54,500,"['000887.SZ', '002309.SZ', '600073.SH', '601615.SH', '002386.SZ', '600691.SH', '603003.SH', '688006.SH', '601311.SH', '000758.SZ', '002237.SZ', '600480.SH', '002588.SZ', '002101.SZ', '000060.SZ', '600295.SH', '600569.SH', '002335.SZ', '300224.SZ', '600459.SH', '000957.SZ', '000969.SZ', '000937.SZ', '000933.SZ', '601101.SH', '603997.SH', '600676.SH', '601965.SH', '600742.SH', '300427.SZ', '002538.SZ', '603489.SH', '603876.SH', '603730.SH', '600580.SH', '300783.SZ', '600312.SH', '600758.SH', '002677.SZ', '002011.SZ', '688020.SH', '600335.SH', '002203.SZ', '002048.SZ', '002539.SZ', '002155.SZ', '300767.SZ', '600961.SH', '002206.SZ', '600873.SH', '002851.SZ', '600403.SH', '000913.SZ', '000970.SZ', '603728.SH', '603596.SH', '000400.SZ', '603327.SH', '300751.SZ', '600933.SH', '300258.SZ', '600537.SH', '002126.SZ', '300627.SZ', '002328.SZ', '002540.SZ', '600626.SH', '300568.SZ', '002518.SZ', '002756.SZ', '002160.SZ', '688388.SH', '603630.SH', '603033.SH', '000801.SZ', '000612.SZ', '603020.SH', '601127.SH', '300776.SZ', '600330.SH', '300763.SZ', '002847.SZ', '002906.SZ', '688005.SH', '002549.SZ', '002516.SZ', '600973.SH', '300617.SZ', '600429.SH', '000700.SZ', '002284.SZ', '000426.SZ', '000831.SZ', '002706.SZ', '002695.SZ', '603650.SH', '601015.SH', '300696.SZ', '600686.SH', '002522.SZ']"
2020-12-28,2020-12-25,2021-01-04,0.03924198305562755,100,0.44,500,"['601615.SH', '600312.SH', '300568.SZ', '002309.SZ', '601311.SH', '002549.SZ', '688006.SH', '600456.SH', '603033.SH', '603358.SH', '002335.SZ', '600295.SH', '600580.SH', '000960.SZ', '002170.SZ', '600073.SH', '000801.SZ', '000400.SZ', '002518.SZ', '603728.SH', '603997.SH', '601965.SH', '688388.SH', '000913.SZ', '600676.SH', '600691.SH', '000933.SZ', '000957.SZ', '002732.SZ', '600197.SH', '603306.SH', '000758.SZ', '000970.SZ', '300224.SZ', '000969.SZ', '300627.SZ', '600523.SH', '000426.SZ', '002677.SZ', '002610.SZ', '688005.SH', '002284.SZ', '300767.SZ', '002588.SZ', '002570.SZ', '300118.SZ', '600151.SH', '600609.SH', '000878.SZ', '002218.SZ', '601020.SH', '002126.SZ', '600300.SH', '002237.SZ', '000615.SZ', '002538.SZ', '600392.SH', '300772.SZ', '300776.SZ', '002125.SZ', '000060.SZ', '603489.SH', '600711.SH', '300617.SZ', '300081.SZ', '000887.SZ', '002695.SZ', '601958.SH', '000807.SZ', '600330.SH', '600429.SH', '300762.SZ', '603379.SH', '002246.SZ', '002540.SZ', '300457.SZ', '000657.SZ', '002011.SZ', '600480.SH', '300159.SZ', '603630.SH', '300068.SZ', '300427.SZ', '603727.SH', '603977.SH', '600490.SH', '002182.SZ', '002851.SZ', '600590.SH', '002300.SZ', '300035.SZ', '603711.SH', '300753.SZ', '000532.SZ', '600343.SH', '002539.SZ', '002662.SZ', '600569.SH', '002386.SZ', '000831.SZ']"
2021-01-04,2020-12-31,2021-01-11,-0.022982320053854536,100,0.92,500,"['000830.SZ', '603128.SH', '000049.SZ', '000626.SZ', '600499.SH', '002563.SZ', '002091.SZ', '000921.SZ', '601311.SH', '600876.SH', '000550.SZ', '600884.SH', '000829.SZ', '603218.SH', '000012.SZ', '002967.SZ', '603225.SH', '600711.SH', '002335.SZ', '603960.SH', '600827.SH', '600428.SH', '601233.SH', '000905.SZ', '002643.SZ', '002064.SZ', '603666.SH', '603025.SH', '300598.SZ', '002756.SZ', '600623.SH', '002497.SZ', '600509.SH', '000034.SZ', '600460.SH', '600641.SH', '300054.SZ', '601908.SH', '300224.SZ', '601375.SH', '000928.SZ', '601611.SH', '600295.SH', '300034.SZ', '000983.SZ', '000923.SZ', '601789.SH', '600710.SH', '601717.SH', '600409.SH', '300118.SZ', '000016.SZ', '002970.SZ', '000652.SZ', '002078.SZ', '300726.SZ', '000403.SZ', '600765.SH', '601598.SH', '300747.SZ', '000821.SZ', '603505.SH', '002791.SZ', '603298.SH', '002320.SZ', '300001.SZ', '600037.SH', '300083.SZ', '300770.SZ', '300682.SZ', '600682.SH', '603198.SH', '000887.SZ', '600418.SH', '600552.SH', '300009.SZ', '002228.SZ', '601677.SH', '002636.SZ', '300438.SZ', '600803.SH', '600516.SH', '002390.SZ', '601678.SH', '002251.SZ', '002549.SZ', '000908.SZ', '600835.SH', '002777.SZ', '600621.SH', '300741.SZ', '600110.SH', '002698.SZ', '603599.SH', '600360.SH', '300395.SZ', '603299.SH', '000488.SZ', '000516.SZ', '300196.SZ']"
2021-01-11,2021-01-08,2021-01-18,0.04359823077051627,100,0.89,500,"['603505.SH', '002810.SZ', '603033.SH', '002973.SZ', '603181.SH', '600378.SH', '002318.SZ', '603429.SH', '300487.SZ', '002803.SZ', '603688.SH', '603700.SH', '002549.SZ', '601968.SH', '600389.SH', '300196.SZ', '603327.SH', '600876.SH', '002755.SZ', '603056.SH', '300767.SZ', '300815.SZ', '002918.SZ', '002793.SZ', '603650.SH', '300723.SZ', '300575.SZ', '002641.SZ', '002082.SZ', '603208.SH', '300651.SZ', '002206.SZ', '300737.SZ', '002326.SZ', '000657.SZ', '002756.SZ', '600691.SH', '300757.SZ', '002130.SZ', '300740.SZ', '002937.SZ', '002540.SZ', '600096.SH', '601208.SH', '002254.SZ', '300741.SZ', '002301.SZ', '002951.SZ', '002539.SZ', '000923.SZ', '600961.SH', '000520.SZ', '002014.SZ', '603326.SH', '300545.SZ', '002386.SZ', '600686.SH', '600337.SH', '300596.SZ', '600569.SH', '600458.SH', '603733.SH', '300041.SZ', '603992.SH', '300636.SZ', '300765.SZ', '002768.SZ', '300198.SZ', '002953.SZ', '600433.SH', '600310.SH', '603848.SH', '002605.SZ', '000928.SZ', '603530.SH', '300127.SZ', '603612.SH', '002246.SZ', '603297.SH', '603299.SH', '603551.SH', '000761.SZ', '002307.SZ', '002125.SZ', '300530.SZ', '601969.SH', '000908.SZ', '300785.SZ', '002224.SZ', '000881.SZ', '002616.SZ', '000969.SZ', '000905.SZ', '300453.SZ', '002562.SZ', '300658.SZ', '600802.SH', '002940.SZ', '600596.SH', '300492.SZ']"
2021-01-18,2021-01-15,2021-01-25,-0.008603705543377969,100,0.58,500,"['603505.SH', '603326.SH', '600802.SH', '002755.SZ', '603992.SH', '603727.SH', '002318.SZ', '002803.SZ', '600458.SH', '002918.SZ', '600063.SH', '002951.SZ', '300599.SZ', '603848.SH', '002130.SZ', '002749.SZ', '603977.SH', '603327.SH', '002616.SZ', '002014.SZ', '002937.SZ', '603797.SH', '603600.SH', '002224.SZ', '603081.SH', '300758.SZ', '300198.SZ', '002669.SZ', '603208.SH', '300737.SZ', '600075.SH', '603360.SH', '002057.SZ', '603013.SH', '603912.SH', '002140.SZ', '300400.SZ', '603662.SH', '300723.SZ', '603033.SH', '002326.SZ', '600507.SH', '603938.SH', '300562.SZ', '603823.SH', '603587.SH', '600389.SH', '002973.SZ', '002641.SZ', '002768.SZ', '000529.SZ', '002479.SZ', '002381.SZ', '600876.SH', '002110.SZ', '002947.SZ', '300127.SZ', '002549.SZ', '300487.SZ', '603238.SH', '002522.SZ', '002015.SZ', '603180.SH', '300575.SZ', '002632.SZ', '300180.SZ', '002228.SZ', '002866.SZ', '002226.SZ', '600846.SH', '600210.SH', '300246.SZ', '603661.SH', '002039.SZ', '002243.SZ', '300658.SZ', '002108.SZ', '300651.SZ', '000520.SZ', '002798.SZ', '002932.SZ', '600929.SH', '000717.SZ', '603687.SH', '600096.SH', '002539.SZ', '603385.SH', '300788.SZ', '601968.SH', '300174.SZ', '300765.SZ', '002301.SZ', '603166.SH', '300771.SZ', '300767.SZ', '002734.SZ', '300815.SZ', '601020.SH', '002443.SZ', '600283.SH']"
2021-01-25,2021-01-22,2021-02-01,-0.021436000486736783,100,0.5,500,"['002918.SZ', '300651.SZ', '601968.SH', '603505.SH', '603208.SH', '603033.SH', '603650.SH', '300019.SZ', '300575.SZ', '603238.SH', '002549.SZ', '300737.SZ', '000923.SZ', '600458.SH', '300198.SZ', '300767.SZ', '002756.SZ', '300740.SZ', '603992.SH', '002803.SZ', '300599.SZ', '300562.SZ', '002940.SZ', '603727.SH', '002930.SZ', '002973.SZ', '603733.SH', '002254.SZ', '600532.SH', '002669.SZ', '601208.SH', '603938.SH', '300658.SZ', '300453.SZ', '002318.SZ', '002539.SZ', '603630.SH', '600807.SH', '300636.SZ', '603612.SH', '300435.SZ', '300739.SZ', '300041.SZ', '603697.SH', '300758.SZ', '603348.SH', '300246.SZ', '000957.SZ', '603600.SH', '002953.SZ', '300715.SZ', '002014.SZ', '002749.SZ', '002326.SZ', '002082.SZ', '603661.SH', '300082.SZ', '300489.SZ', '600691.SH', '300487.SZ', '002386.SZ', '600802.SH', '300174.SZ', '603200.SH', '002228.SZ', '002108.SZ', '600810.SH', '002937.SZ', '603801.SH', '300196.SZ', '603848.SH', '300580.SZ', '300545.SZ', '000905.SZ', '600239.SH', '002866.SZ', '000520.SZ', '300741.SZ', '002588.SZ', '300260.SZ', '002616.SZ', '603977.SH', '603688.SH', '600876.SH', '002932.SZ', '300723.SZ', '002284.SZ', '600075.SH', '002613.SZ', '603378.SH', '002378.SZ', '603912.SH', '002140.SZ', '002755.SZ', '002538.SZ', '600509.SH', '300799.SZ', '601020.SH', '300452.SZ', '603700.SH']"
2021-02-01,2021-01-29,2021-02-08,-0.027061074901955685,100,0.5,500,"['603505.SH', '002973.SZ', '300121.SZ', '688026.SH', '300575.SZ', '002318.SZ', '603700.SH', '603238.SH', '002918.SZ', '603033.SH', '603180.SH', '300729.SZ', '002803.SZ', '601968.SH', '300522.SZ', '300562.SZ', '002206.SZ', '002014.SZ', '300718.SZ', '603809.SH', '603600.SH', '603992.SH', '002539.SZ', '300651.SZ', '002641.SZ', '603319.SH', '300806.SZ', '600802.SH', '603801.SH', '688300.SH', '300758.SZ', '002616.SZ', '002254.SZ', '300019.SZ', '300790.SZ', '603727.SH', '002755.SZ', '603330.SH', '688357.SH', '000923.SZ', '300041.SZ', '002940.SZ', '600389.SH', '300599.SZ', '300403.SZ', '300695.SZ', '002224.SZ', '603848.SH', '300246.SZ', '603995.SH', '688138.SH', '300715.SZ', '688196.SH', '603408.SH', '600810.SH', '002951.SZ', '603326.SH', '300757.SZ', '603688.SH', '603327.SH', '601208.SH', '002381.SZ', '603977.SH', '002380.SZ', '002088.SZ', '600731.SH', '300487.SZ', '300174.SZ', '603693.SH', '300580.SZ', '603650.SH', '002980.SZ', '603661.SH', '002326.SZ', '600458.SH', '002853.SZ', '002919.SZ', '603630.SH', '002605.SZ', '300453.SZ', '688089.SH', '300596.SZ', '002866.SZ', '603110.SH', '603360.SH', '002110.SZ', '300435.SZ', '300196.SZ', '002734.SZ', '002669.SZ', '600163.SH', '000529.SZ', '002228.SZ', '300787.SZ', '300127.SZ', '300658.SZ', '600507.SH', '300587.SZ', '603279.SH', '603639.SH']"
2021-02-08,2021-02-05,2021-02-18,0.06126407218941365,100,0.55,500,"['603238.SH', '002014.SZ', '603033.SH', '603689.SH', '300174.SZ', '000905.SZ', '601968.SH', '002973.SZ', '603326.SH', '002386.SZ', '603995.SH', '603992.SH', '603977.SH', '002951.SZ', '000620.SZ', '300522.SZ', '603727.SH', '600780.SH', '002616.SZ', '002228.SZ', '300121.SZ', '600617.SH', '603848.SH', '603600.SH', '002758.SZ', '300729.SZ', '600744.SH', '600626.SH', '300562.SZ', '300695.SZ', '002752.SZ', '600569.SH', '600810.SH', '600579.SH', '300198.SZ', '688026.SH', '002755.SZ', '603505.SH', '603818.SH', '603081.SH', '600618.SH', '600165.SH', '002918.SZ', '600117.SH', '002968.SZ', '000407.SZ', '300503.SZ', '300767.SZ', '600961.SH', '002206.SZ', '600389.SH', '600929.SH', '600802.SH', '603180.SH', '300180.SZ', '000797.SZ', '000966.SZ', '600239.SH', '002965.SZ', '600310.SH', '600982.SH', '002101.SZ', '002224.SZ', '002246.SZ', '002109.SZ', '601003.SH', '603665.SH', '002082.SZ', '002318.SZ', '603823.SH', '300103.SZ', '600458.SH', '300530.SZ', '002088.SZ', '000959.SZ', '002110.SZ', '002380.SZ', '300596.SZ', '002225.SZ', '300758.SZ', '600868.SH', '002329.SZ', '002378.SZ', '300651.SZ', '002039.SZ', '600126.SH', '603330.SH', '000949.SZ', '603809.SH', '300806.SZ', '000683.SZ', '603013.SH', '300575.SZ', '002479.SZ', '600163.SH', '600337.SH', '002140.SZ', '600230.SH', '300787.SZ', '603983.SH']"
2021-02-18,2021-02-10,2021-02-22,0.06469017779636888,100,0.46,500,"['600744.SH', '600617.SH', '000620.SZ', '600626.SH', '600579.SH', '600239.SH', '600117.SH', '603326.SH', '002101.SZ', '000905.SZ', '000957.SZ', '600569.SH', '300121.SZ', '600165.SH', '000711.SZ', '002284.SZ', '300587.SZ', '000797.SZ', '002397.SZ', '002951.SZ', '600458.SH', '600961.SH', '601020.SH', '300530.SZ', '300057.SZ', '300198.SZ', '300586.SZ', '600331.SH', '603689.SH', '603619.SH', '603569.SH', '002082.SZ', '002454.SZ', '002170.SZ', '002549.SZ', '603238.SH', '002246.SZ', '002206.SZ', '603035.SH', '600810.SH', '603655.SH', '002386.SZ', '600686.SH', '002973.SZ', '600708.SH', '000665.SZ', '600780.SH', '600081.SH', '603876.SH', '600136.SH', '000040.SZ', '002758.SZ', '002752.SZ', '688026.SH', '000825.SZ', '603727.SH', '603033.SH', '300545.SZ', '603390.SH', '002378.SZ', '002109.SZ', '002224.SZ', '002905.SZ', '603995.SH', '300107.SZ', '300140.SZ', '300695.SZ', '601968.SH', '002616.SZ', '000411.SZ', '002014.SZ', '600230.SH', '600076.SH', '600581.SH', '300713.SZ', '603818.SH', '600982.SH', '002781.SZ', '000959.SZ', '000936.SZ', '600310.SH', '300180.SZ', '300806.SZ', '603222.SH', '603180.SH', '600956.SH', '600960.SH', '300706.SZ', '300328.SZ', '300503.SZ', '000973.SZ', '300596.SZ', '300103.SZ', '000966.SZ', '601789.SH', '002428.SZ', '300191.SZ', '603992.SH', '603214.SH', '002955.SZ']"
2021-02-22,2021-02-19,2021-03-01,0.005632655764118901,100,0.31,500,"['600744.SH', '002101.SZ', '600117.SH', '002386.SZ', '000905.SZ', '600982.SH', '300057.SZ', '300107.SZ', '002284.SZ', '600626.SH', '603689.SH', '600569.SH', '002170.SZ', '000620.SZ', '603035.SH', '000957.SZ', '002397.SZ', '002454.SZ', '600081.SH', '600239.SH', '600960.SH', '600961.SH', '600458.SH', '603390.SH', '000797.SZ', '300530.SZ', '600579.SH', '000525.SZ', '002329.SZ', '000825.SZ', '000665.SZ', '000919.SZ', '600133.SH', '002246.SZ', '601968.SH', '000959.SZ', '002155.SZ', '603876.SH', '600736.SH', '000863.SZ', '000040.SZ', '600165.SH', '600708.SH', '600581.SH', '002109.SZ', '603326.SH', '600819.SH', '600593.SH', '000411.SZ', '000926.SZ', '300587.SZ', '601789.SH', '300043.SZ', '300198.SZ', '603727.SH', '600956.SH', '600328.SH', '600136.SH', '603619.SH', '603818.SH', '002969.SZ', '002082.SZ', '002380.SZ', '300695.SZ', '002905.SZ', '002453.SZ', '002228.SZ', '002781.SZ', '600331.SH', '002096.SZ', '002752.SZ', '300121.SZ', '601020.SH', '600469.SH', '002538.SZ', '002482.SZ', '300713.SZ', '300586.SZ', '002527.SZ', '002951.SZ', '600782.SH', '600308.SH', '002224.SZ', '300332.SZ', '300191.SZ', '002616.SZ', '000711.SZ', '603995.SH', '600310.SH', '002206.SZ', '603093.SH', '002590.SZ', '300103.SZ', '000973.SZ', '600076.SH', '002391.SZ', '002225.SZ', '603977.SH', '000599.SZ', '688025.SH']"
2021-03-01,2021-02-26,2021-03-08,0.017369814878494764,100,0.67,500,"['002039.SZ', '000966.SZ', '600982.SH', '603035.SH', '000407.SZ', '603385.SH', '000899.SZ', '002478.SZ', '000863.SZ', '600469.SH', '603689.SH', '002454.SZ', '002479.SZ', '600780.SH', '002225.SZ', '002047.SZ', '002016.SZ', '600995.SH', '603013.SH', '002538.SZ', '002443.SZ', '600308.SH', '002641.SZ', '000717.SZ', '002228.SZ', '600458.SH', '600668.SH', '600133.SH', '601968.SH', '600657.SH', '300625.SZ', '000421.SZ', '600512.SH', '002406.SZ', '600081.SH', '000546.SZ', '603326.SH', '600985.SH', '002101.SZ', '002246.SZ', '000926.SZ', '002226.SZ', '603977.SH', '603727.SH', '002666.SZ', '000779.SZ', '603357.SH', '000905.SZ', '000525.SZ', '300587.SZ', '300103.SZ', '600744.SH', '002140.SZ', '600802.SH', '002889.SZ', '000055.SZ', '600638.SH', '603867.SH', '603630.SH', '603693.SH', '600622.SH', '603687.SH', '600067.SH', '601677.SH', '002380.SZ', '002637.SZ', '000529.SZ', '002381.SZ', '600449.SH', '300284.SZ', '002489.SZ', '002616.SZ', '600731.SH', '600658.SH', '002303.SZ', '002015.SZ', '002632.SZ', '600961.SH', '601827.SH', '002588.SZ', '300695.SZ', '600736.SH', '603662.SH', '002482.SZ', '603238.SH', '300462.SZ', '600581.SH', '600210.SH', '603823.SH', '300214.SZ', '603600.SH', '603661.SH', '603105.SH', '002108.SZ', '600956.SH', '300320.SZ', '000655.SZ', '002067.SZ', '002057.SZ', '603085.SH']"
2021-03-08,2021-03-05,2021-03-15,0.006293910919224456,100,0.45,500,"['000546.SZ', '600622.SH', '000966.SZ', '002039.SZ', '002101.SZ', '002478.SZ', '600780.SH', '000525.SZ', '002479.SZ', '002047.SZ', '600469.SH', '600067.SH', '300109.SZ', '000919.SZ', '603035.SH', '603689.SH', '600210.SH', '600133.SH', '002016.SZ', '000926.SZ', '600512.SH', '002482.SZ', '002454.SZ', '002948.SZ', '600308.SH', '002391.SZ', '002225.SZ', '002246.SZ', '000778.SZ', '002328.SZ', '600982.SH', '600328.SH', '600326.SH', '002540.SZ', '000973.SZ', '600458.SH', '000957.SZ', '300495.SZ', '002822.SZ', '600638.SH', '600668.SH', '300057.SZ', '002303.SZ', '600819.SH', '002527.SZ', '600995.SH', '600985.SH', '002666.SZ', '002226.SZ', '300230.SZ', '000665.SZ', '002224.SZ', '002538.SZ', '002717.SZ', '000717.SZ', '002955.SZ', '600081.SH', '000797.SZ', '000863.SZ', '000407.SZ', '603727.SH', '002889.SZ', '000421.SZ', '603980.SH', '002228.SZ', '601003.SH', '002062.SZ', '002067.SZ', '600135.SH', '600618.SH', '002404.SZ', '300214.SZ', '603197.SH', '000905.SZ', '603013.SH', '603093.SH', '601330.SH', '600117.SH', '603081.SH', '000055.SZ', '000912.SZ', '002397.SZ', '603693.SH', '002361.SZ', '002632.SZ', '002341.SZ', '002301.SZ', '002962.SZ', '600961.SH', '603326.SH', '603610.SH', '300771.SZ', '002516.SZ', '600802.SH', '603357.SH', '603876.SH', '002489.SZ', '300695.SZ', '002796.SZ', '002386.SZ']"
2021-03-15,2021-03-12,2021-03-22,0.01572090139242521,100,0.36,500,"['002101.SZ', '000546.SZ', '600133.SH', '600308.SH', '002478.SZ', '300057.SZ', '002482.SZ', '300230.SZ', '600326.SH', '600210.SH', '000525.SZ', '600780.SH', '002062.SZ', '603569.SH', '603689.SH', '600512.SH', '600368.SH', '002386.SZ', '600985.SH', '600328.SH', '603035.SH', '000919.SZ', '600081.SH', '002454.SZ', '600469.SH', '600961.SH', '000099.SZ', '000778.SZ', '002948.SZ', '600117.SH', '002527.SZ', '600819.SH', '002588.SZ', '002377.SZ', '600327.SH', '000957.SZ', '002391.SZ', '600458.SH', '603214.SH', '002397.SZ', '000910.SZ', '002538.SZ', '603876.SH', '300495.SZ', '002225.SZ', '000905.SZ', '002489.SZ', '600581.SH', '600035.SH', '000717.SZ', '000421.SZ', '002170.SZ', '002082.SZ', '603980.SH', '601789.SH', '002540.SZ', '000908.SZ', '300483.SZ', '002246.SZ', '603385.SH', '002067.SZ', '000411.SZ', '000407.SZ', '600618.SH', '600569.SH', '002551.SZ', '600626.SH', '002404.SZ', '603197.SH', '603093.SH', '002822.SZ', '603013.SH', '603167.SH', '000949.SZ', '002226.SZ', '002328.SZ', '000973.SZ', '688101.SH', '002047.SZ', '603610.SH', '600668.SH', '603458.SH', '002392.SZ', '300214.SZ', '600449.SH', '603825.SH', '300107.SZ', '603839.SH', '002516.SZ', '002228.SZ', '000665.SZ', '601020.SH', '300351.SZ', '002329.SZ', '603299.SH', '300109.SZ', '000751.SZ', '300100.SZ', '688199.SH', '002666.SZ']"
2021-03-22,2021-03-19,2021-03-29,-0.017665719702062602,100,0.38,500,"['603689.SH', '600308.SH', '300483.SZ', '000546.SZ', '600326.SH', '002039.SZ', '002067.SZ', '603385.SH', '002015.SZ', '600985.SH', '603299.SH', '000717.SZ', '600668.SH', '600368.SH', '002478.SZ', '600780.SH', '600133.SH', '002616.SZ', '600512.SH', '002206.SZ', '000407.SZ', '002391.SZ', '002377.SZ', '000778.SZ', '600449.SH', '603238.SH', '600210.SH', '002228.SZ', '300057.SZ', '002016.SZ', '002225.SZ', '603214.SH', '600165.SH', '300790.SZ', '002443.SZ', '300214.SZ', '600622.SH', '002101.SZ', '000421.SZ', '600802.SH', '002082.SZ', '603390.SH', '603693.SH', '002538.SZ', '603809.SH', '600081.SH', '002948.SZ', '603758.SH', '600328.SH', '300806.SZ', '000919.SZ', '603995.SH', '300695.SZ', '600982.SH', '603035.SH', '002208.SZ', '002014.SZ', '600819.SH', '002224.SZ', '002482.SZ', '000905.SZ', '002329.SZ', '300530.SZ', '600581.SH', '300230.SZ', '002734.SZ', '000910.SZ', '002226.SZ', '300599.SZ', '600995.SH', '603256.SH', '600618.SH', '603458.SH', '000926.SZ', '002540.SZ', '002386.SZ', '000099.SZ', '300787.SZ', '002551.SZ', '600469.SH', '002392.SZ', '603569.SH', '603610.SH', '600327.SH', '603167.SH', '002397.SZ', '002062.SZ', '300503.SZ', '600929.SH', '002215.SZ', '603992.SH', '002454.SZ', '603081.SH', '300100.SZ', '600736.SH', '002588.SZ', '603013.SH', '002406.SZ', '600731.SH', '603612.SH']"
2021-03-29,2021-03-26,2021-04-06,0.009442482566148382,100,0.74,500,"['300575.SZ', '002951.SZ', '300856.SZ', '603697.SH', '300765.SZ', '002381.SZ', '603992.SH', '603239.SH', '002987.SZ', '002318.SZ', '000779.SZ', '600668.SH', '601515.SH', '603639.SH', '605118.SH', '002088.SZ', '603110.SH', '600449.SH', '002406.SZ', '603848.SH', '002443.SZ', '600433.SH', '002734.SZ', '600731.SH', '603867.SH', '002206.SZ', '002562.SZ', '601008.SH', '300127.SZ', '603299.SH', '603357.SH', '300821.SZ', '600995.SH', '300842.SZ', '300067.SZ', '300651.SZ', '603319.SH', '002768.SZ', '002014.SZ', '603315.SH', '002539.SZ', '300599.SZ', '002755.SZ', '300041.SZ', '603181.SH', '603956.SH', '002057.SZ', '300536.SZ', '603033.SH', '000923.SZ', '601208.SH', '300741.SZ', '002215.SZ', '002637.SZ', '300214.SZ', '300596.SZ', '603977.SH', '300695.SZ', '002940.SZ', '603360.SH', '002109.SZ', '002918.SZ', '002978.SZ', '002398.SZ', '603733.SH', '300196.SZ', '603505.SH', '600618.SH', '002224.SZ', '601827.SH', '603530.SH', '002274.SZ', '002605.SZ', '002391.SZ', '600956.SH', '000893.SZ', '603700.SH', '603212.SH', '002641.SZ', '002149.SZ', '000899.SZ', '300846.SZ', '300518.SZ', '002540.SZ', '002735.SZ', '300291.SZ', '000055.SZ', '300503.SZ', '603458.SH', '603661.SH', '002225.SZ', '000407.SZ', '603650.SH', '002738.SZ', '603081.SH', '603758.SH', '603590.SH', '603823.SH', '600368.SH', '605168.SH']"
2021-04-06,2021-04-02,2021-04-12,-0.0012033128590701802,100,0.93,500,"['603970.SH', '002801.SZ', '601011.SH', '002782.SZ', '600207.SH', '300841.SZ', '600976.SH', '601015.SH', '603786.SH', '002978.SZ', '002980.SZ', '601609.SH', '600178.SH', '000059.SZ', '600626.SH', '600569.SH', '600479.SH', '600532.SH', '300701.SZ', '300443.SZ', '300690.SZ', '000962.SZ', '600117.SH', '600121.SH', '600993.SH', '603896.SH', '300642.SZ', '600713.SH', '300855.SZ', '600758.SH', '603297.SH', '300617.SZ', '000950.SZ', '300481.SZ', '300829.SZ', '300406.SZ', '002759.SZ', '002327.SZ', '600619.SH', '603530.SH', '300314.SZ', '300842.SZ', '603590.SH', '002393.SZ', '002590.SZ', '600740.SH', '002946.SZ', '000521.SZ', '600679.SH', '603439.SH', '002550.SZ', '000698.SZ', '300403.SZ', '300705.SZ', '688196.SH', '603987.SH', '300693.SZ', '600973.SH', '600329.SH', '688202.SH', '600295.SH', '600488.SH', '603876.SH', '000411.SZ', '600829.SH', '002011.SZ', '002589.SZ', '600288.SH', '000762.SZ', '603327.SH', '000726.SZ', '002345.SZ', '002578.SZ', '002318.SZ', '603619.SH', '002167.SZ', '300453.SZ', '002533.SZ', '000922.SZ', '000923.SZ', '600200.SH', '600129.SH', '002584.SZ', '002309.SZ', '603551.SH', '300772.SZ', '002703.SZ', '603113.SH', '002668.SZ', '002756.SZ', '688399.SH', '600203.SH', '002462.SZ', '600616.SH', '002222.SZ', '002424.SZ', '300206.SZ', '300856.SZ', '000655.SZ', '300062.SZ']"
2021-04-12,2021-04-09,2021-04-19,0.03532796678647416,100,0.47,500,"['600758.SH', '600626.SH', '000521.SZ', '600203.SH', '002668.SZ', '002011.SZ', '300857.SZ', '603619.SH', '300829.SZ', '002547.SZ', '002309.SZ', '300573.SZ', '300143.SZ', '300516.SZ', '603530.SH', '600679.SH', '002991.SZ', '300855.SZ', '002674.SZ', '600288.SH', '002397.SZ', '600532.SH', '000059.SZ', '600207.SH', '603970.SH', '600117.SH', '603786.SH', '002082.SZ', '603068.SH', '600200.SH', '000597.SZ', '300436.SZ', '603876.SH', '000411.SZ', '002732.SZ', '603777.SH', '002646.SZ', '002758.SZ', '600478.SH', '600121.SH', '002107.SZ', '300204.SZ', '600178.SH', '603896.SH', '002345.SZ', '600129.SH', '603212.SH', '600973.SH', '002980.SZ', '002590.SZ', '600488.SH', '300406.SZ', '603439.SH', '002578.SZ', '002741.SZ', '600829.SH', '300530.SZ', '000931.SZ', '601011.SH', '600789.SH', '002703.SZ', '300856.SZ', '300842.SZ', '688399.SH', '600616.SH', '002550.SZ', '603618.SH', '300633.SZ', '300642.SZ', '000908.SZ', '300772.SZ', '002589.SZ', '600268.SH', '300793.SZ', '002167.SZ', '300841.SZ', '603538.SH', '002462.SZ', '603551.SH', '300785.SZ', '603558.SH', '002750.SZ', '300683.SZ', '300475.SZ', '603676.SH', '600645.SH', '000078.SZ', '002801.SZ', '300798.SZ', '300006.SZ', '600381.SH', '600751.SH', '688029.SH', '000919.SZ', '603297.SH', '688368.SH', '300510.SZ', '600479.SH', '000950.SZ', '603811.SH']"
2021-04-19,2021-04-16,2021-04-26,-0.003441751341615196,100,0.45,500,"['603619.SH', '600758.SH', '600626.SH', '603085.SH', '300399.SZ', '002547.SZ', '603366.SH', '002750.SZ', '600203.SH', '600751.SH', '600679.SH', '603777.SH', '603068.SH', '300204.SZ', '300829.SZ', '000962.SZ', '002309.SZ', '002167.SZ', '603386.SH', '603676.SH', '002590.SZ', '002674.SZ', '300510.SZ', '002011.SZ', '002623.SZ', '300683.SZ', '300143.SZ', '300011.SZ', '002550.SZ', '002668.SZ', '300793.SZ', '000931.SZ', '300466.SZ', '002107.SZ', '300046.SZ', '000521.SZ', '300573.SZ', '600288.SH', '603808.SH', '300855.SZ', '300538.SZ', '600207.SH', '002161.SZ', '300273.SZ', '002732.SZ', '300436.SZ', '600268.SH', '002741.SZ', '300032.SZ', '002515.SZ', '600117.SH', '603618.SH', '300785.SZ', '002397.SZ', '300288.SZ', '000518.SZ', '603876.SH', '601011.SH', '300617.SZ', '603626.SH', '600468.SH', '603558.SH', '300238.SZ', '002980.SZ', '002364.SZ', '603738.SH', '002328.SZ', '600198.SH', '300723.SZ', '300798.SZ', '300406.SZ', '300155.SZ', '300107.SZ', '600976.SH', '600789.SH', '600645.SH', '002578.SZ', '000756.SZ', '002581.SZ', '300062.SZ', '002393.SZ', '600381.SH', '002962.SZ', '002758.SZ', '300301.SZ', '603530.SH', '300006.SZ', '002345.SZ', '688058.SH', '603327.SH', '300128.SZ', '000004.SZ', '300475.SZ', '300493.SZ', '603655.SH', '600695.SH', '300701.SZ', '600537.SH', '300530.SZ', '002733.SZ']"
2021-04-26,2021-04-23,2021-05-06,0.00506049741749529,100,0.62,500,"['300143.SZ', '603212.SH', '300855.SZ', '688020.SH', '300723.SZ', '002011.SZ', '300573.SZ', '600645.SH', '600751.SH', '002547.SZ', '603068.SH', '688368.SH', '688029.SH', '603786.SH', '300785.SZ', '603619.SH', '002703.SZ', '300456.SZ', '300219.SZ', '300841.SZ', '300642.SZ', '002166.SZ', '300769.SZ', '300633.SZ', '300577.SZ', '300032.SZ', '300846.SZ', '002758.SZ', '600532.SH', '300436.SZ', '603896.SH', '600478.SH', '688202.SH', '600207.SH', '300562.SZ', '300793.SZ', '002980.SZ', '300604.SZ', '603755.SH', '300396.SZ', '603777.SH', '603530.SH', '300639.SZ', '300006.SZ', '600679.SH', '603811.SH', '300772.SZ', '600626.SH', '603669.SH', '000518.SZ', '603229.SH', '000534.SZ', '300399.SZ', '600488.SH', '300516.SZ', '300191.SZ', '300653.SZ', '300857.SZ', '300798.SZ', '300406.SZ', '300409.SZ', '002840.SZ', '300331.SZ', '603738.SH', '603186.SH', '002741.SZ', '603890.SH', '300530.SZ', '600121.SH', '000908.SZ', '002880.SZ', '300322.SZ', '002075.SZ', '603380.SH', '300666.SZ', '603987.SH', '603055.SH', '002161.SZ', '002581.SZ', '300475.SZ', '300829.SZ', '000723.SZ', '688019.SH', '300510.SZ', '603595.SH', '600129.SH', '300005.SZ', '002579.SZ', '002702.SZ', '600203.SH', '600976.SH', '601969.SH', '300576.SZ', '688138.SH', '300701.SZ', '002978.SZ', '300204.SZ', '300586.SZ', '603387.SH', '688299.SH']"
2021-05-06,2021-04-30,2021-05-10,-0.0006814387376720454,100,0.74,500,"['600129.SH', '000597.SZ', '603618.SH', '600117.SH', '600488.SH', '603886.SH', '002424.SZ', '601011.SH', '000566.SZ', '000078.SZ', '002582.SZ', '300633.SZ', '600469.SH', '000788.SZ', '600569.SH', '600673.SH', '002462.SZ', '600203.SH', '603619.SH', '002547.SZ', '600851.SH', '300006.SZ', '300510.SZ', '002589.SZ', '300396.SZ', '000850.SZ', '002590.SZ', '002550.SZ', '688029.SH', '002674.SZ', '002733.SZ', '600288.SH', '002328.SZ', '002478.SZ', '600268.SH', '002516.SZ', '600478.SH', '000955.SZ', '002270.SZ', '603013.SH', '600468.SH', '002317.SZ', '002029.SZ', '600479.SH', '600771.SH', '300406.SZ', '603590.SH', '002300.SZ', '600572.SH', '002404.SZ', '603727.SH', '002882.SZ', '000937.SZ', '002880.SZ', '002075.SZ', '300184.SZ', '300642.SZ', '002393.SZ', '000532.SZ', '002329.SZ', '600645.SH', '600351.SH', '600126.SH', '002166.SZ', '600055.SH', '603556.SH', '600987.SH', '600679.SH', '002275.SZ', '600336.SH', '002703.SZ', '600829.SH', '600532.SH', '300573.SZ', '002309.SZ', '002801.SZ', '300475.SZ', '300381.SZ', '603328.SH', '002107.SZ', '600557.SH', '603439.SH', '603366.SH', '600594.SH', '300011.SZ', '300147.SZ', '600616.SH', '300204.SZ', '000813.SZ', '300032.SZ', '603530.SH', '002724.SZ', '603811.SH', '000726.SZ', '600550.SH', '603551.SH', '002004.SZ', '002003.SZ', '002907.SZ', '002327.SZ']"
2021-05-10,2021-05-07,2021-05-17,0.007788896020525523,100,0.32,500,"['601011.SH', '002309.SZ', '600117.SH', '600469.SH', '000937.SZ', '002589.SZ', '000597.SZ', '603618.SH', '002582.SZ', '600569.SH', '600129.SH', '002029.SZ', '000078.SZ', '002462.SZ', '000850.SZ', '600203.SH', '600488.SH', '603619.SH', '002329.SZ', '600587.SH', '603886.SH', '002478.SZ', '000566.SZ', '002590.SZ', '002328.SZ', '002404.SZ', '600288.SH', '002004.SZ', '600348.SH', '600126.SH', '600673.SH', '000778.SZ', '601101.SH', '300510.SZ', '002393.SZ', '002547.SZ', '603366.SH', '000726.SZ', '000518.SZ', '600758.SH', '600336.SH', '300184.SZ', '002397.SZ', '600478.SH', '600987.SH', '000919.SZ', '600616.SH', '000813.SZ', '603727.SH', '300204.SZ', '600679.SH', '000931.SZ', '600479.SH', '600594.SH', '600420.SH', '002674.SZ', '300006.SZ', '002161.SZ', '002584.SZ', '600771.SH', '300057.SZ', '002424.SZ', '300381.SZ', '002955.SZ', '002300.SZ', '603556.SH', '300147.SZ', '600851.SH', '002516.SZ', '002276.SZ', '600123.SH', '600572.SH', '600508.SH', '601666.SH', '000788.SZ', '002270.SZ', '600268.SH', '600550.SH', '600829.SH', '603013.SH', '600782.SH', '600619.SH', '300158.SZ', '002045.SZ', '603108.SH', '300393.SZ', '300199.SZ', '002083.SZ', '603839.SH', '002733.SZ', '600351.SH', '603590.SH', '300273.SZ', '000950.SZ', '300533.SZ', '300011.SZ', '300805.SZ', '000532.SZ', '600557.SH', '600252.SH']"
2021-05-17,2021-05-14,2021-05-24,-0.002008100446155369,100,0.51,500,"['603551.SH', '600129.SH', '688029.SH', '603590.SH', '600550.SH', '603618.SH', '002275.SZ', '600055.SH', '300633.SZ', '300406.SZ', '002550.SZ', '600488.SH', '002424.SZ', '600557.SH', '000078.SZ', '002880.SZ', '000597.SZ', '300396.SZ', '002882.SZ', '002327.SZ', '000813.SZ', '002516.SZ', '600469.SH', '600851.SH', '603556.SH', '002589.SZ', '603886.SH', '600252.SH', '600126.SH', '600572.SH', '688321.SH', '002029.SZ', '002107.SZ', '000726.SZ', '002270.SZ', '002393.SZ', '603367.SH', '002582.SZ', '600468.SH', '002038.SZ', '600679.SH', '002956.SZ', '600288.SH', '600587.SH', '002793.SZ', '600829.SH', '002959.SZ', '603839.SH', '600987.SH', '603727.SH', '000937.SZ', '002432.SZ', '603669.SH', '603619.SH', '000756.SZ', '002478.SZ', '600420.SH', '300475.SZ', '300381.SZ', '600619.SH', '002462.SZ', '688389.SH', '688018.SH', '600479.SH', '002907.SZ', '002075.SZ', '002801.SZ', '603387.SH', '600789.SH', '601700.SH', '688166.SH', '300199.SZ', '601011.SH', '002003.SZ', '002590.SZ', '300516.SZ', '000989.SZ', '002300.SZ', '688278.SH', '603328.SH', '603676.SH', '002329.SZ', '600750.SH', '002955.SZ', '000788.SZ', '300798.SZ', '000955.SZ', '002962.SZ', '002317.SZ', '300158.SZ', '300642.SZ', '603108.SH', '688010.SH', '000968.SZ', '000915.SZ', '603970.SH', '688299.SH', '600478.SH', '603811.SH', '603711.SH']"
2021-05-24,2021-05-21,2021-05-31,0.03140021090949572,100,0.47,500,"['002547.SZ', '600550.SH', '600429.SH', '600117.SH', '000931.SZ', '603619.SH', '603366.SH', '688029.SH', '000850.SZ', '688166.SH', '002695.SZ', '688389.SH', '300396.SZ', '000518.SZ', '600679.SH', '603590.SH', '000597.SZ', '688321.SH', '688018.SH', '000566.SZ', '300633.SZ', '600288.SH', '300406.SZ', '300533.SZ', '002161.SZ', '300039.SZ', '300475.SZ', '002404.SZ', '300642.SZ', '002393.SZ', '601011.SH', '603886.SH', '688010.SH', '688399.SH', '688278.SH', '688299.SH', '002275.SZ', '600673.SH', '688037.SH', '600055.SH', '000788.SZ', '002907.SZ', '600268.SH', '600478.SH', '300805.SZ', '600468.SH', '688266.SH', '300128.SZ', '002424.SZ', '002869.SZ', '603556.SH', '000813.SZ', '688108.SH', '002270.SZ', '688058.SH', '603551.SH', '600758.SH', '002590.SZ', '688123.SH', '002750.SZ', '002516.SZ', '002309.SZ', '688268.SH', '002550.SZ', '002432.SZ', '300510.SZ', '300011.SZ', '300449.SZ', '002107.SZ', '603727.SH', '688021.SH', '688019.SH', '688258.SH', '002411.SZ', '603327.SH', '002582.SZ', '603697.SH', '600851.SH', '002276.SZ', '300793.SZ', '002882.SZ', '000004.SZ', '600557.SH', '300799.SZ', '601700.SH', '002317.SZ', '600488.SH', '000955.SZ', '002980.SZ', '300462.SZ', '688288.SH', '600252.SH', '600750.SH', '002119.SZ', '603367.SH', '002029.SZ', '600203.SH', '300006.SZ', '300798.SZ', '000915.SZ']"
2021-05-31,2021-05-28,2021-06-07,0.006208947334288576,100,0.53,500,"['600645.SH', '300642.SZ', '300149.SZ', '600679.SH', '600771.SH', '688029.SH', '002724.SZ', '603068.SH', '688266.SH', '688058.SH', '300143.SZ', '300475.SZ', '600360.SH', '300776.SZ', '688366.SH', '300393.SZ', '603669.SH', '002741.SZ', '688166.SH', '002161.SZ', '300032.SZ', '300485.SZ', '600478.SH', '002703.SZ', '300046.SZ', '600129.SH', '002782.SZ', '300612.SZ', '300799.SZ', '688018.SH', '300155.SZ', '300181.SZ', '601011.SH', '601969.SH', '600288.SH', '688389.SH', '688198.SH', '300507.SZ', '688021.SH', '300006.SZ', '300493.SZ', '300647.SZ', '002038.SZ', '688278.SH', '688321.SH', '000566.SZ', '300510.SZ', '300204.SZ', '600468.SH', '002404.SZ', '688288.SH', '688037.SH', '688019.SH', '300331.SZ', '300199.SZ', '300566.SZ', '300215.SZ', '002516.SZ', '300633.SZ', '300238.SZ', '000710.SZ', '002079.SZ', '002351.SZ', '688399.SH', '600550.SH', '688010.SH', '300256.SZ', '000518.SZ', '688299.SH', '688123.SH', '600268.SH', '688268.SH', '688108.SH', '603396.SH', '603886.SH', '300358.SZ', '600532.SH', '300128.SZ', '002623.SZ', '300466.SZ', '002335.SZ', '688181.SH', '603697.SH', '002946.SZ', '300039.SZ', '002750.SZ', '002275.SZ', '300131.SZ', '000762.SZ', '000597.SZ', '002881.SZ', '002424.SZ', '300314.SZ', '600851.SH', '002956.SZ', '002547.SZ', '688368.SH', '300110.SZ', '688258.SH', '603976.SH']"
2021-06-07,2021-06-04,2021-06-15,0.01509699533387803,100,0.6,500,"['300341.SZ', '688181.SH', '300701.SZ', '300320.SZ', '002623.SZ', '300303.SZ', '300481.SZ', '300375.SZ', '300160.SZ', '300507.SZ', '300067.SZ', '603327.SH', '300493.SZ', '300241.SZ', '300360.SZ', '300319.SZ', '300684.SZ', '300466.SZ', '688058.SH', '002518.SZ', '002079.SZ', '002702.SZ', '300039.SZ', '688123.SH', '002881.SZ', '300427.SZ', '688288.SH', '002107.SZ', '300206.SZ', '600468.SH', '300128.SZ', '300799.SZ', '002351.SZ', '300647.SZ', '300155.SZ', '002990.SZ', '002335.SZ', '002947.SZ', '603777.SH', '300657.SZ', '300032.SZ', '688258.SH', '300342.SZ', '300265.SZ', '300246.SZ', '300011.SZ', '002515.SZ', '002782.SZ', '688021.SH', '603697.SH', '603079.SH', '688010.SH', '300765.SZ', '002866.SZ', '688268.SH', '002980.SZ', '688266.SH', '603890.SH', '300314.SZ', '688278.SH', '300423.SZ', '300586.SZ', '300801.SZ', '002218.SZ', '688019.SH', '002449.SZ', '002045.SZ', '300533.SZ', '300286.SZ', '300030.SZ', '002222.SZ', '300449.SZ', '300331.SZ', '300129.SZ', '300690.SZ', '300403.SZ', '300545.SZ', '300510.SZ', '603380.SH', '300227.SZ', '603676.SH', '688037.SH', '002907.SZ', '300633.SZ', '603626.SH', '300214.SZ', '300793.SZ', '300149.SZ', '002750.SZ', '002956.SZ', '300771.SZ', '688108.SH', '300686.SZ', '002755.SZ', '300569.SZ', '688018.SH', '600645.SH', '300660.SZ', '688166.SH', '300219.SZ']"
2021-06-15,2021-06-11,2021-06-21,0.03800202896296228,100,0.67,500,"['300657.SZ', '300701.SZ', '603380.SH', '300460.SZ', '603738.SH', '300067.SZ', '300679.SZ', '603890.SH', '000045.SZ', '603626.SH', '300246.SZ', '300341.SZ', '300227.SZ', '300545.SZ', '300241.SZ', '300032.SZ', '300107.SZ', '300739.SZ', '300562.SZ', '688357.SH', '300444.SZ', '603229.SH', '300439.SZ', '002189.SZ', '300842.SZ', '002702.SZ', '600537.SH', '603186.SH', '603728.SH', '300110.SZ', '300006.SZ', '300625.SZ', '300016.SZ', '300709.SZ', '300680.SZ', '300791.SZ', '300160.SZ', '300149.SZ', '603319.SH', '300436.SZ', '603976.SH', '603665.SH', '300787.SZ', '000518.SZ', '688181.SH', '300217.SZ', '600552.SH', '688138.SH', '002866.SZ', '688196.SH', '688058.SH', '300693.SZ', '000026.SZ', '300265.SZ', '002579.SZ', '300538.SZ', '002635.SZ', '002045.SZ', '603936.SH', '000534.SZ', '300683.SZ', '300702.SZ', '300481.SZ', '688020.SH', '688198.SH', '600381.SH', '300758.SZ', '300318.SZ', '300358.SZ', '300793.SZ', '300706.SZ', '002750.SZ', '300593.SZ', '300690.SZ', '300566.SZ', '002380.SZ', '300314.SZ', '300155.SZ', '603755.SH', '002840.SZ', '300569.SZ', '300403.SZ', '300005.SZ', '300577.SZ', '603085.SH', '300684.SZ', '603477.SH', '603078.SH', '300232.SZ', '300466.SZ', '300360.SZ', '300666.SZ', '300401.SZ', '603212.SH', '300841.SZ', '300705.SZ', '603055.SH', '603676.SH', '300303.SZ', '603595.SH']"
2021-06-21,2021-06-18,2021-06-28,0.023393579073742635,100,0.39,500,"['002750.SZ', '300739.SZ', '300562.SZ', '688058.SH', '300016.SZ', '000518.SZ', '300577.SZ', '300110.SZ', '300241.SZ', '300657.SZ', '300533.SZ', '603078.SH', '300709.SZ', '603366.SH', '300460.SZ', '300265.SZ', '300160.SZ', '002045.SZ', '002866.SZ', '603068.SH', '300545.SZ', '300006.SZ', '300489.SZ', '300701.SZ', '300409.SZ', '300686.SZ', '300538.SZ', '300246.SZ', '603002.SH', '603229.SH', '300128.SZ', '002782.SZ', '688181.SH', '603738.SH', '300449.SZ', '300217.SZ', '300497.SZ', '300341.SZ', '603626.SH', '300485.SZ', '300799.SZ', '300337.SZ', '002623.SZ', '300227.SZ', '300149.SZ', '002335.SZ', '000931.SZ', '300625.SZ', '300444.SZ', '002276.SZ', '300493.SZ', '603380.SH', '300331.SZ', '300516.SZ', '603920.SH', '002635.SZ', '300429.SZ', '300438.SZ', '300679.SZ', '300127.SZ', '002189.SZ', '300181.SZ', '603890.SH', '300403.SZ', '300427.SZ', '300360.SZ', '603186.SH', '300466.SZ', '300805.SZ', '000045.SZ', '600537.SH', '300219.SZ', '000908.SZ', '300342.SZ', '300256.SZ', '603676.SH', '300032.SZ', '300569.SZ', '300481.SZ', '300695.SZ', '300232.SZ', '002702.SZ', '300107.SZ', '300318.SZ', '300358.SZ', '300702.SZ', '603085.SH', '300155.SZ', '603936.SH', '002288.SZ', '603079.SH', '002869.SZ', '300322.SZ', '603755.SH', '300655.SZ', '600381.SH', '002947.SZ', '300666.SZ', '300314.SZ', '300693.SZ']"
2021-06-28,2021-06-25,2021-07-05,0.000781196739627249,100,0.51,500,"['300016.SZ', '002866.SZ', '603229.SH', '300636.SZ', '603380.SH', '300702.SZ', '603738.SH', '300481.SZ', '300739.SZ', '300443.SZ', '300439.SZ', '002923.SZ', '300497.SZ', '300127.SZ', '300709.SZ', '603755.SH', '000045.SZ', '688138.SH', '603186.SH', '300701.SZ', '300577.SZ', '603626.SH', '300181.SZ', '300822.SZ', '300256.SZ', '688357.SH', '603002.SH', '300006.SZ', '300403.SZ', '300401.SZ', '300657.SZ', '688181.SH', '300341.SZ', '300358.SZ', '603728.SH', '300801.SZ', '300227.SZ', '300545.SZ', '603078.SH', '300855.SZ', '002840.SZ', '300846.SZ', '300723.SZ', '300194.SZ', '603936.SH', '300149.SZ', '300693.SZ', '002579.SZ', '603890.SH', '300686.SZ', '300429.SZ', '603477.SH', '688020.SH', '603212.SH', '300639.SZ', '603408.SH', '300666.SZ', '600419.SH', '002732.SZ', '300485.SZ', '300360.SZ', '000534.SZ', '000823.SZ', '300241.SZ', '603317.SH', '002635.SZ', '000026.SZ', '603301.SH', '300453.SZ', '002980.SZ', '300690.SZ', '603920.SH', '603297.SH', '300625.SZ', '603055.SH', '688068.SH', '002381.SZ', '002824.SZ', '002950.SZ', '300444.SZ', '300799.SZ', '300787.SZ', '300232.SZ', '300460.SZ', '603068.SH', '300337.SZ', '300602.SZ', '300683.SZ', '000504.SZ', '300569.SZ', '603995.SH', '300797.SZ', '601003.SH', '300206.SZ', '000597.SZ', '600228.SH', '000922.SZ', '002990.SZ', '300230.SZ', '002937.SZ']"
2021-07-05,2021-07-02,2021-07-12,0.05699461366087461,100,0.79,500,"['688300.SH', '300067.SZ', '300447.SZ', '300522.SZ', '300435.SZ', '688138.SH', '300787.SZ', '688025.SH', '300690.SZ', '300822.SZ', '603755.SH', '300599.SZ', '600230.SH', '300545.SZ', '300693.SZ', '300718.SZ', '300837.SZ', '002182.SZ', '002054.SZ', '002334.SZ', '600537.SH', '300041.SZ', '002850.SZ', '300586.SZ', '300806.SZ', '688026.SH', '603330.SH', '600165.SH', '300261.SZ', '002297.SZ', '300125.SZ', '300769.SZ', '300427.SZ', '603360.SH', '300797.SZ', '603212.SH', '002757.SZ', '300444.SZ', '300341.SZ', '300019.SZ', '300200.SZ', '300667.SZ', '300758.SZ', '300617.SZ', '688199.SH', '300328.SZ', '603728.SH', '688357.SH', '300035.SZ', '300569.SZ', '002949.SZ', '300648.SZ', '300811.SZ', '688011.SH', '300627.SZ', '002937.SZ', '300224.SZ', '300801.SZ', '300647.SZ', '600452.SH', '300696.SZ', '002125.SZ', '688157.SH', '300821.SZ', '300480.SZ', '002783.SZ', '002616.SZ', '300177.SZ', '688051.SH', '600731.SH', '300527.SZ', '601137.SH', '002977.SZ', '688089.SH', '300376.SZ', '300095.SZ', '002335.SZ', '300443.SZ', '300337.SZ', '300692.SZ', '002706.SZ', '603505.SH', '002824.SZ', '600391.SH', '688516.SH', '300587.SZ', '300575.SZ', '300127.SZ', '688186.SH', '300793.SZ', '300777.SZ', '688116.SH', '600343.SH', '002428.SZ', '300438.SZ', '002361.SZ', '688196.SH', '300230.SZ', '600929.SH', '603256.SH']"
2021-07-12,2021-07-09,2021-07-19,-0.002737165002295029,100,0.42,500,"['002054.SZ', '300769.SZ', '300067.SZ', '603330.SH', '300125.SZ', '300444.SZ', '688300.SH', '600165.SH', '600817.SH', '300435.SZ', '002850.SZ', '600228.SH', '300569.SZ', '300019.SZ', '300522.SZ', '300763.SZ', '600537.SH', '300627.SZ', '603755.SH', '300337.SZ', '300837.SZ', '600746.SH', '603693.SH', '600731.SH', '002453.SZ', '688357.SH', '300065.SZ', '300806.SZ', '603212.SH', '300787.SZ', '300041.SZ', '002206.SZ', '002706.SZ', '300758.SZ', '600230.SH', '688138.SH', '002169.SZ', '002182.SZ', '300617.SZ', '002961.SZ', '600184.SH', '002068.SZ', '300177.SZ', '300035.SZ', '603956.SH', '603728.SH', '300599.SZ', '688388.SH', '688026.SH', '300648.SZ', '300593.SZ', '300718.SZ', '300692.SZ', '300587.SZ', '688516.SH', '603185.SH', '600452.SH', '002057.SZ', '300545.SZ', '603995.SH', '688025.SH', '603067.SH', '600207.SH', '300261.SZ', '002973.SZ', '300224.SZ', '300829.SZ', '603360.SH', '601015.SH', '002346.SZ', '300341.SZ', '300568.SZ', '300762.SZ', '300191.SZ', '002121.SZ', '002757.SZ', '300690.SZ', '603218.SH', '002214.SZ', '300121.SZ', '603681.SH', '002534.SZ', '300037.SZ', '000603.SZ', '002977.SZ', '300376.SZ', '300667.SZ', '300776.SZ', '688011.SH', '002361.SZ', '688021.SH', '601137.SH', '002334.SZ', '688157.SH', '000859.SZ', '600722.SH', '688116.SH', '603970.SH', '600509.SH', '603110.SH']"
2021-07-19,2021-07-16,2021-07-26,0.021237519916408338,100,0.8,500,"['601918.SH', '600590.SH', '600163.SH', '002068.SZ', '002531.SZ', '000717.SZ', '601666.SH', '601001.SH', '000875.SZ', '000698.SZ', '002169.SZ', '600997.SH', '002128.SZ', '002267.SZ', '600569.SH', '600888.SH', '600740.SH', '600808.SH', '603693.SH', '000923.SZ', '600395.SH', '300121.SZ', '603113.SH', '600971.SH', '600507.SH', '002637.SZ', '600207.SH', '601015.SH', '600782.SH', '300660.SZ', '600282.SH', '601388.SH', '601677.SH', '002479.SZ', '000407.SZ', '603639.SH', '603606.SH', '600691.SH', '600727.SH', '600123.SH', '601126.SH', '600780.SH', '000758.SZ', '601101.SH', '601619.SH', '600746.SH', '000761.SZ', '002318.SZ', '000612.SZ', '603393.SH', '600330.SH', '600452.SH', '000060.SZ', '002588.SZ', '002215.SZ', '300230.SZ', '002218.SZ', '002346.SZ', '600509.SH', '300067.SZ', '600508.SH', '600475.SH', '300435.SZ', '000531.SZ', '002028.SZ', '600869.SH', '600295.SH', '002015.SZ', '000600.SZ', '601311.SH', '600681.SH', '000862.SZ', '002734.SZ', '002109.SZ', '300443.SZ', '600731.SH', '600617.SH', '600792.SH', '603728.SH', '603020.SH', '300587.SZ', '601969.SH', '300109.SZ', '002335.SZ', '603053.SH', '300821.SZ', '300617.SZ', '002978.SZ', '300200.SZ', '603995.SH', '002757.SZ', '000922.SZ', '688196.SH', '600459.SH', '002182.SZ', '002768.SZ', '300127.SZ', '300690.SZ', '000936.SZ', '002664.SZ']"
2021-07-26,2021-07-23,2021-08-02,0.018514049176818,100,0.62,500,"['000758.SZ', '600569.SH', '000060.SZ', '600888.SH', '002588.SZ', '000751.SZ', '600330.SH', '002125.SZ', '600869.SH', '000969.SZ', '300068.SZ', '002335.SZ', '600580.SH', '601011.SH', '000717.SZ', '002237.SZ', '600546.SH', '600782.SH', '002218.SZ', '002171.SZ', '000680.SZ', '000657.SZ', '601101.SH', '000970.SZ', '002309.SZ', '300230.SZ', '002518.SZ', '688186.SH', '688001.SH', '600727.SH', '600691.SH', '300109.SZ', '300772.SZ', '002623.SZ', '600490.SH', '000612.SZ', '688199.SH', '000778.SZ', '000973.SZ', '300252.SZ', '300095.SZ', '600617.SH', '603379.SH', '601666.SH', '002249.SZ', '002068.SZ', '600808.SH', '002182.SZ', '603299.SH', '002184.SZ', '300569.SZ', '300276.SZ', '002176.SZ', '000761.SZ', '000426.SZ', '002428.SZ', '000698.SZ', '000400.SZ', '600459.SH', '600282.SH', '000937.SZ', '600126.SH', '600780.SH', '300477.SZ', '300660.SZ', '300140.SZ', '300328.SZ', '300586.SZ', '000600.SZ', '000875.SZ', '000543.SZ', '300393.SZ', '000690.SZ', '002121.SZ', '600590.SH', '600366.SH', '300045.SZ', '601001.SH', '300041.SZ', '002733.SZ', '601126.SH', '603693.SH', '300423.SZ', '002155.SZ', '600508.SH', '601918.SH', '002527.SZ', '300464.SZ', '300718.SZ', '300337.SZ', '688015.SH', '688138.SH', '300427.SZ', '300797.SZ', '002015.SZ', '603105.SH', '600331.SH', '300118.SZ', '688011.SH', '600740.SH']"
2021-08-02,2021-07-30,2021-08-09,0.012544940329579857,100,0.69,500,"['000049.SZ', '002182.SZ', '300569.SZ', '600577.SH', '600888.SH', '002518.SZ', '002533.SZ', '300522.SZ', '002171.SZ', '300435.SZ', '002335.SZ', '600459.SH', '300067.SZ', '300811.SZ', '000060.SZ', '000751.SZ', '002487.SZ', '600531.SH', '300660.SZ', '300114.SZ', '300693.SZ', '601137.SH', '300772.SZ', '300718.SZ', '300791.SZ', '688138.SH', '688025.SH', '600458.SH', '300762.SZ', '300447.SZ', '300068.SZ', '688300.SH', '300758.SZ', '300797.SZ', '603063.SH', '300224.SZ', '600452.SH', '603408.SH', '002189.SZ', '603693.SH', '603995.SH', '000962.SZ', '600490.SH', '688199.SH', '688006.SH', '300690.SZ', '603256.SH', '000426.SZ', '605222.SH', '300748.SZ', '300648.SZ', '300822.SZ', '300341.SZ', '002155.SZ', '300856.SZ', '300438.SZ', '300829.SZ', '300129.SZ', '600581.SH', '300230.SZ', '300376.SZ', '002850.SZ', '603681.SH', '300444.SZ', '300443.SZ', '300127.SZ', '300599.SZ', '002549.SZ', '002915.SZ', '300252.SZ', '300821.SZ', '300842.SZ', '000657.SZ', '300222.SZ', '002184.SZ', '300328.SZ', '603212.SH', '002297.SZ', '300360.SZ', '300787.SZ', '300095.SZ', '002361.SZ', '600259.SH', '600366.SH', '603606.SH', '000612.SZ', '002991.SZ', '300802.SZ', '601609.SH', '300261.SZ', '300696.SZ', '002637.SZ', '000970.SZ', '300837.SZ', '603728.SH', '600782.SH', '600973.SH', '300575.SZ', '300801.SZ', '000969.SZ']"
2021-08-09,2021-08-06,2021-08-16,0.04239591148731348,100,0.49,500,"['002171.SZ', '000049.SZ', '002182.SZ', '603681.SH', '600452.SH', '603995.SH', '600459.SH', '300114.SZ', '688300.SH', '603728.SH', '300599.SZ', '002155.SZ', '002189.SZ', '002637.SZ', '002734.SZ', '002757.SZ', '600973.SH', '603693.SH', '600458.SH', '300230.SZ', '002616.SZ', '603212.SH', '002539.SZ', '603639.SH', '300067.SZ', '603256.SH', '002361.SZ', '688138.SH', '000060.SZ', '300787.SZ', '002300.SZ', '600731.SH', '002889.SZ', '300575.SZ', '688025.SH', '600577.SH', '300801.SZ', '300837.SZ', '601137.SH', '300328.SZ', '688199.SH', '603755.SH', '002215.SZ', '300815.SZ', '002533.SZ', '002761.SZ', '002973.SZ', '002441.SZ', '002850.SZ', '605222.SH', '002054.SZ', '600810.SH', '603606.SH', '300360.SZ', '300261.SZ', '300121.SZ', '603977.SH', '600581.SH', '600869.SH', '002082.SZ', '300191.SZ', '600580.SH', '601609.SH', '002588.SZ', '603063.SH', '002110.SZ', '600501.SH', '002479.SZ', '600531.SH', '603360.SH', '603611.SH', '000761.SZ', '300791.SZ', '600590.SH', '300636.SZ', '300690.SZ', '600419.SH', '300627.SZ', '300822.SZ', '300259.SZ', '603390.SH', '300444.SZ', '000973.SZ', '002023.SZ', '002666.SZ', '300435.SZ', '603727.SH', '002068.SZ', '600569.SH', '600727.SH', '300586.SZ', '300856.SZ', '600681.SH', '688196.SH', '002381.SZ', '002391.SZ', '600782.SH', '002706.SZ', '300041.SZ', '300222.SZ']"
2021-08-16,2021-08-13,2021-08-23,0.004368715045600467,100,0.64,500,"['000717.SZ', '000698.SZ', '601666.SH', '600780.SH', '002538.SZ', '000600.SZ', '600997.SH', '002479.SZ', '600475.SH', '002487.SZ', '601001.SH', '002075.SZ', '002267.SZ', '600282.SH', '603727.SH', '002128.SZ', '600782.SH', '600590.SH', '600869.SH', '000791.SZ', '600971.SH', '600508.SH', '600546.SH', '601918.SH', '600569.SH', '603693.SH', '601101.SH', '000923.SZ', '000060.SZ', '601003.SH', '000690.SZ', '600681.SH', '600985.SH', '600808.SH', '000531.SZ', '000407.SZ', '002588.SZ', '603053.SH', '600740.SH', '600126.SH', '000761.SZ', '600727.SH', '603639.SH', '000778.SZ', '600982.SH', '300423.SZ', '002887.SZ', '600888.SH', '603393.SH', '603113.SH', '002237.SZ', '002734.SZ', '000922.SZ', '600800.SH', '600163.SH', '002215.SZ', '002068.SZ', '600507.SH', '000400.SZ', '000049.SZ', '002768.SZ', '002441.SZ', '002533.SZ', '000543.SZ', '600123.SH', '000937.SZ', '300121.SZ', '002757.SZ', '002381.SZ', '000758.SZ', '600230.SH', '002023.SZ', '002632.SZ', '002053.SZ', '600731.SH', '002539.SZ', '600458.SH', '002110.SZ', '000612.SZ', '300801.SZ', '000859.SZ', '600617.SH', '603606.SH', '002532.SZ', '002911.SZ', '601137.SH', '600792.SH', '002255.SZ', '002973.SZ', '002318.SZ', '002169.SZ', '603980.SH', '300230.SZ', '002616.SZ', '600395.SH', '300599.SZ', '603020.SH', '605288.SH', '300575.SZ', '600531.SH']"
2021-08-23,2021-08-20,2021-08-30,0.04280393519027241,100,0.41,500,"['600590.SH', '600475.SH', '603693.SH', '002887.SZ', '002068.SZ', '000698.SZ', '603393.SH', '300423.SZ', '000690.SZ', '000936.SZ', '600817.SH', '000531.SZ', '002487.SZ', '002023.SZ', '002169.SZ', '002128.SZ', '600888.SH', '000612.SZ', '300109.SZ', '002538.SZ', '600971.SH', '603727.SH', '002768.SZ', '300360.SZ', '002637.SZ', '600997.SH', '300692.SZ', '000923.SZ', '300121.SZ', '002734.SZ', '002255.SZ', '002267.SZ', '002961.SZ', '300261.SZ', '603012.SH', '600163.SH', '000600.SZ', '603639.SH', '600800.SH', '002866.SZ', '000407.SZ', '300575.SZ', '002588.SZ', '002965.SZ', '601001.SH', '300259.SZ', '002956.SZ', '300617.SZ', '600740.SH', '002057.SZ', '600731.SH', '601666.SH', '603053.SH', '002214.SZ', '603330.SH', '000859.SZ', '603067.SH', '002215.SZ', '002479.SZ', '000717.SZ', '300765.SZ', '601003.SH', '002632.SZ', '002990.SZ', '600780.SH', '002531.SZ', '600681.SH', '002381.SZ', '002346.SZ', '002206.SZ', '600746.SH', '601101.SH', '300230.SZ', '603093.SH', '000875.SZ', '600508.SH', '300067.SZ', '002980.SZ', '300125.SZ', '688025.SH', '002911.SZ', '000791.SZ', '603327.SH', '601218.SH', '601918.SH', '300420.SZ', '603113.SH', '300599.SZ', '601388.SH', '600792.SH', '002666.SZ', '300483.SZ', '603700.SH', '300095.SZ', '002075.SZ', '300422.SZ', '002121.SZ', '600282.SH', '000922.SZ', '300856.SZ']"
2021-08-30,2021-08-27,2021-09-06,0.04260734160663825,100,0.53,500,"['600869.SH', '002588.SZ', '000791.SZ', '000698.SZ', '601101.SH', '600590.SH', '600163.SH', '000862.SZ', '000600.SZ', '600997.SH', '000852.SZ', '600792.SH', '000761.SZ', '600509.SH', '601666.SH', '600569.SH', '000937.SZ', '603299.SH', '000922.SZ', '600508.SH', '601001.SH', '600126.SH', '601619.SH', '000717.SZ', '600123.SH', '002276.SZ', '603727.SH', '002685.SZ', '603093.SH', '600458.SH', '002068.SZ', '300423.SZ', '600888.SH', '600475.SH', '603227.SH', '600617.SH', '601918.SH', '600971.SH', '600782.SH', '601003.SH', '600459.SH', '600808.SH', '000758.SZ', '000690.SZ', '000778.SZ', '002237.SZ', '600282.SH', '600985.SH', '000767.SZ', '600982.SH', '000543.SZ', '600780.SH', '300109.SZ', '002039.SZ', '002487.SZ', '000531.SZ', '601218.SH', '300261.SZ', '000407.SZ', '603693.SH', '300230.SZ', '000923.SZ', '000049.SZ', '002267.SZ', '000875.SZ', '002768.SZ', '002169.SZ', '002110.SZ', '000973.SZ', '000612.SZ', '600531.SH', '600800.SH', '000060.SZ', '001896.SZ', '002637.SZ', '002309.SZ', '002889.SZ', '000400.SZ', '002441.SZ', '000969.SZ', '605222.SH', '600526.SH', '600117.SH', '600395.SH', '002533.SZ', '600546.SH', '600581.SH', '300222.SZ', '002632.SZ', '002171.SZ', '002887.SZ', '300332.SZ', '603393.SH', '002023.SZ', '601011.SH', '300129.SZ', '002346.SZ', '603020.SH', '600580.SH', '601311.SH']"
2021-09-06,2021-09-03,2021-09-13,0.09011663986130407,100,0.3,500,"['000698.SZ', '002068.SZ', '600590.SH', '601918.SH', '000761.SZ', '601101.SH', '600997.SH', '600581.SH', '601666.SH', '002588.SZ', '600971.SH', '600508.SH', '600808.SH', '000758.SZ', '000717.SZ', '600985.SH', '600282.SH', '600123.SH', '000778.SZ', '600475.SH', '000923.SZ', '000937.SZ', '600569.SH', '002023.SZ', '601003.SH', '000690.SZ', '300423.SZ', '600126.SH', '600782.SH', '002110.SZ', '000407.SZ', '000862.SZ', '300222.SZ', '000531.SZ', '600869.SH', '600507.SH', '002758.SZ', '000936.SZ', '603393.SH', '002169.SZ', '002768.SZ', '002039.SZ', '603093.SH', '002889.SZ', '002075.SZ', '002887.SZ', '300109.SZ', '002666.SZ', '002270.SZ', '000411.SZ', '600681.SH', '002267.SZ', '002479.SZ', '002637.SZ', '000600.SZ', '600580.SH', '002346.SZ', '600509.SH', '603012.SH', '000049.SZ', '000543.SZ', '600531.SH', '002176.SZ', '603727.SH', '002215.SZ', '000852.SZ', '600817.SH', '600617.SH', '002685.SZ', '000612.SZ', '000655.SZ', '603053.SH', '000601.SZ', '600792.SH', '300230.SZ', '002582.SZ', '603299.SH', '002109.SZ', '002632.SZ', '603283.SH', '603980.SH', '002532.SZ', '601311.SH', '000791.SZ', '002761.SZ', '600110.SH', '002478.SZ', '002989.SZ', '603556.SH', '002441.SZ', '600982.SH', '603969.SH', '300261.SZ', '000922.SZ', '600746.SH', '601011.SH', '600740.SH', '002237.SZ', '600780.SH', '002948.SZ']"
2021-09-13,2021-09-10,2021-09-22,0.005243210069190398,100,0.3,500,"['000761.SZ', '600475.SH', '600569.SH', '600590.SH', '000778.SZ', '601003.SH', '600126.SH', '600508.SH', '000758.SZ', '002588.SZ', '600971.SH', '600123.SH', '000698.SZ', '600808.SH', '600282.SH', '600782.SH', '600997.SH', '000531.SZ', '601101.SH', '002758.SZ', '300423.SZ', '600869.SH', '000923.SZ', '601311.SH', '000407.SZ', '002267.SZ', '600458.SH', '000049.SZ', '600580.SH', '600985.SH', '600509.SH', '000717.SZ', '000937.SZ', '601918.SH', '002110.SZ', '002109.SZ', '000600.SZ', '000690.SZ', '000411.SZ', '002479.SZ', '000543.SZ', '002015.SZ', '000060.SZ', '002478.SZ', '002666.SZ', '002685.SZ', '002889.SZ', '600780.SH', '000791.SZ', '000601.SZ', '000969.SZ', '600531.SH', '002637.SZ', '000936.SZ', '000922.SZ', '600792.SH', '601218.SH', '600581.SH', '603299.SH', '002441.SZ', '000539.SZ', '600888.SH', '002023.SZ', '002533.SZ', '000767.SZ', '002053.SZ', '601567.SH', '300332.SZ', '603693.SH', '002346.SZ', '002068.SZ', '601619.SH', '603020.SH', '000973.SZ', '000859.SZ', '300660.SZ', '600617.SH', '600395.SH', '600973.SH', '300109.SZ', '603980.SH', '603556.SH', '300121.SZ', '603113.SH', '002540.SZ', '002203.SZ', '002761.SZ', '002768.SZ', '600295.SH', '002249.SZ', '300230.SZ', '000657.SZ', '300222.SZ', '002215.SZ', '002276.SZ', '300360.SZ', '600635.SH', '002237.SZ', '600681.SH', '601011.SH']"
2021-09-22,2021-09-17,2021-09-27,-0.07772600994476984,100,0.45,500,"['600475.SH', '000758.SZ', '002053.SZ', '600590.SH', '000531.SZ', '601101.SH', '600072.SH', '000922.SZ', '600508.SH', '000601.SZ', '002479.SZ', '002023.SZ', '002588.SZ', '000973.SZ', '300332.SZ', '002478.SZ', '600468.SH', '000407.SZ', '603977.SH', '002082.SZ', '603639.SH', '000603.SZ', '603693.SH', '002582.SZ', '002666.SZ', '000859.SZ', '300259.SZ', '300483.SZ', '300423.SZ', '603393.SH', '300360.SZ', '000791.SZ', '002039.SZ', '002889.SZ', '300800.SZ', '002346.SZ', '002270.SZ', '600971.SH', '000690.SZ', '300222.SZ', '002578.SZ', '600681.SH', '000881.SZ', '300121.SZ', '603299.SH', '603619.SH', '603105.SH', '601199.SH', '601218.SH', '601890.SH', '300191.SZ', '000899.SZ', '300575.SZ', '002068.SZ', '000400.SZ', '600792.SH', '600982.SH', '000426.SZ', '600550.SH', '600526.SH', '002381.SZ', '000600.SZ', '000923.SZ', '300718.SZ', '000761.SZ', '300230.SZ', '603969.SH', '000049.SZ', '000862.SZ', '603327.SH', '000936.SZ', '000543.SZ', '300420.SZ', '300261.SZ', '002616.SZ', '600163.SH', '002685.SZ', '600509.SH', '002757.SZ', '300227.SZ', '002215.SZ', '603728.SH', '603020.SH', '300109.SZ', '000975.SZ', '603556.SH', '002947.SZ', '600580.SH', '600312.SH', '600635.SH', '600123.SH', '603012.SH', '688199.SH', '603980.SH', '002224.SZ', '603113.SH', '600126.SH', '002267.SZ', '600617.SH', '600997.SH']"
2021-09-27,2021-09-24,2021-10-08,0.013634194365770815,100,1.0,500,"['002320.SZ', '600548.SH', '000534.SZ', '603179.SH', '600201.SH', '002545.SZ', '002557.SZ', '603305.SH', '600108.SH', '600864.SH', '600851.SH', '601869.SH', '000061.SZ', '002550.SZ', '603610.SH', '603055.SH', '600673.SH', '600483.SH', '600429.SH', '002923.SZ', '300702.SZ', '603039.SH', '000036.SZ', '002481.SZ', '002515.SZ', '002913.SZ', '300026.SZ', '002034.SZ', '603992.SH', '002003.SZ', '603033.SH', '600636.SH', '002004.SZ', '002212.SZ', '600965.SH', '600658.SH', '600165.SH', '600529.SH', '600131.SH', '300476.SZ', '002969.SZ', '600076.SH', '600067.SH', '300199.SZ', '300768.SZ', '600770.SH', '002349.SZ', '002216.SZ', '603477.SH', '603166.SH', '000546.SZ', '002651.SZ', '300027.SZ', '002867.SZ', '002819.SZ', '000990.SZ', '300088.SZ', '600208.SH', '002331.SZ', '300369.SZ', '000667.SZ', '000788.SZ', '002010.SZ', '600602.SH', '600114.SH', '002435.SZ', '603959.SH', '300723.SZ', '600179.SH', '603456.SH', '603129.SH', '000918.SZ', '603315.SH', '000989.SZ', '002797.SZ', '600200.SH', '603596.SH', '600503.SH', '000537.SZ', '002732.SZ', '000567.SZ', '603519.SH', '600329.SH', '601339.SH', '002191.SZ', '002233.SZ', '600783.SH', '300188.SZ', '000402.SZ', '000998.SZ', '600908.SH', '300284.SZ', '600756.SH', '600256.SH', '600861.SH', '300633.SZ', '601579.SH', '688003.SH', '000572.SZ', '000040.SZ']"
2021-10-08,2021-09-30,2021-10-11,0.0009455140600000056,100,0.48,500,"['603519.SH', '002880.SZ', '002550.SZ', '002515.SZ', '002557.SZ', '600965.SH', '002732.SZ', '000788.SZ', '300570.SZ', '002349.SZ', '002003.SZ', '600201.SH', '300401.SZ', '603081.SH', '002320.SZ', '002867.SZ', '603610.SH', '002331.SZ', '000534.SZ', '600246.SH', '002216.SZ', '601010.SH', '300314.SZ', '600636.SH', '002819.SZ', '600658.SH', '002847.SZ', '603158.SH', '600548.SH', '002969.SZ', '603456.SH', '603992.SH', '000036.SZ', '600529.SH', '600429.SH', '002553.SZ', '300559.SZ', '300199.SZ', '300768.SZ', '600108.SH', '603055.SH', '002481.SZ', '603990.SH', '300662.SZ', '300725.SZ', '000099.SZ', '603739.SH', '603129.SH', '603203.SH', '600756.SH', '000061.SZ', '600503.SH', '300642.SZ', '000989.SZ', '600280.SH', '300027.SZ', '000711.SZ', '603776.SH', '603305.SH', '603477.SH', '002699.SZ', '300770.SZ', '002651.SZ', '000908.SZ', '603315.SH', '002317.SZ', '600136.SH', '603855.SH', '603535.SH', '002923.SZ', '603166.SH', '002517.SZ', '002435.SZ', '000915.SZ', '603267.SH', '600285.SH', '300633.SZ', '300723.SZ', '002565.SZ', '002913.SZ', '601869.SH', '300364.SZ', '002469.SZ', '600604.SH', '600007.SH', '603596.SH', '002168.SZ', '603111.SH', '000935.SZ', '601579.SH', '002287.SZ', '002662.SZ', '002030.SZ', '000567.SZ', '300006.SZ', '603687.SH', '300573.SZ', '002439.SZ', '300026.SZ', '300258.SZ']"
2021-10-11,2021-10-08,2021-10-18,-0.0036215274517137695,100,0.91,500,"['002104.SZ', '002033.SZ', '002621.SZ', '002488.SZ', '002735.SZ', '600936.SH', '600636.SH', '300600.SZ', '002137.SZ', '002082.SZ', '002164.SZ', '002121.SZ', '603803.SH', '603377.SH', '603390.SH', '002951.SZ', '603016.SH', '002059.SZ', '300632.SZ', '600880.SH', '002181.SZ', '603326.SH', '603703.SH', '300686.SZ', '002792.SZ', '600831.SH', '300651.SZ', '300516.SZ', '002238.SZ', '002937.SZ', '002703.SZ', '600996.SH', '300570.SZ', '300125.SZ', '601069.SH', '601500.SH', '601929.SH', '000607.SZ', '601996.SH', '603158.SH', '300359.SZ', '002161.SZ', '605288.SH', '600288.SH', '000836.SZ', '000796.SZ', '300341.SZ', '002303.SZ', '300364.SZ', '002168.SZ', '000665.SZ', '002681.SZ', '300533.SZ', '000025.SZ', '002095.SZ', '000700.SZ', '600825.SH', '002346.SZ', '002343.SZ', '002796.SZ', '000957.SZ', '002869.SZ', '002699.SZ', '600523.SH', '300805.SZ', '600136.SH', '601999.SH', '000889.SZ', '300391.SZ', '000572.SZ', '000045.SZ', '002355.SZ', '002162.SZ', '300360.SZ', '002878.SZ', '002364.SZ', '000793.SZ', '002579.SZ', '002853.SZ', '300331.SZ', '002077.SZ', '002101.SZ', '002328.SZ', '603898.SH', '002406.SZ', '002553.SZ', '603595.SH', '002955.SZ', '002962.SZ', '300580.SZ', '002309.SZ', '300192.SZ', '300053.SZ', '603556.SH', '300213.SZ', '688138.SH', '600933.SH', '000524.SZ', '002662.SZ', '603068.SH']"
2021-10-18,2021-10-15,2021-10-25,-0.012428113652451911,100,0.41,500,"['300651.SZ', '600936.SH', '002033.SZ', '603326.SH', '600996.SH', '603595.SH', '002164.SZ', '000665.SZ', '600831.SH', '603390.SH', '601500.SH', '300545.SZ', '600537.SH', '688020.SH', '300331.SZ', '002579.SZ', '300600.SZ', '300787.SZ', '002967.SZ', '000957.SZ', '300125.SZ', '002962.SZ', '600136.SH', '002796.SZ', '002309.SZ', '002681.SZ', '688003.SH', '300666.SZ', '688138.SH', '603803.SH', '000524.SZ', '002735.SZ', '300657.SZ', '601999.SH', '600579.SH', '300460.SZ', '603016.SH', '002181.SZ', '300043.SZ', '300837.SZ', '002853.SZ', '603992.SH', '002547.SZ', '603328.SH', '002616.SZ', '002121.SZ', '002355.SZ', '000889.SZ', '000607.SZ', '603305.SH', '300602.SZ', '002059.SZ', '605288.SH', '601929.SH', '300739.SZ', '002300.SZ', '002951.SZ', '002553.SZ', '600880.SH', '300053.SZ', '000040.SZ', '603377.SH', '002703.SZ', '600203.SH', '603078.SH', '002799.SZ', '002168.SZ', '300632.SZ', '002161.SZ', '002238.SZ', '002937.SZ', '300763.SZ', '300603.SZ', '002082.SZ', '002137.SZ', '000572.SZ', '600686.SH', '600054.SH', '002490.SZ', '601069.SH', '002869.SZ', '002459.SZ', '300068.SZ', '000836.SZ', '300572.SZ', '300432.SZ', '002635.SZ', '002343.SZ', '300010.SZ', '601777.SH', '002621.SZ', '002866.SZ', '300364.SZ', '002706.SZ', '600715.SH', '300533.SZ', '600469.SH', '002095.SZ', '600525.SH', '600636.SH']"
2021-10-25,2021-10-22,2021-11-01,0.011824366025822127,100,0.52,500,"['688003.SH', '300331.SZ', '300666.SZ', '688106.SH', '603956.SH', '688020.SH', '603992.SH', '300053.SZ', '603212.SH', '300602.SZ', '300651.SZ', '300837.SZ', '600841.SH', '600537.SH', '603728.SH', '603179.SH', '002850.SZ', '603326.SH', '600933.SH', '002851.SZ', '603305.SH', '002703.SZ', '002741.SZ', '603129.SH', '002967.SZ', '688138.SH', '300657.SZ', '603068.SH', '002028.SZ', '603595.SH', '000603.SZ', '300566.SZ', '002579.SZ', '603390.SH', '300219.SZ', '002947.SZ', '002962.SZ', '300739.SZ', '600936.SH', '300787.SZ', '002033.SZ', '300322.SZ', '688006.SH', '300763.SZ', '002635.SZ', '601700.SH', '600207.SH', '300232.SZ', '000572.SZ', '600478.SH', '300073.SZ', '600523.SH', '600525.SH', '603306.SH', '300328.SZ', '002681.SZ', '002082.SZ', '601500.SH', '600550.SH', '000025.SZ', '002937.SZ', '600996.SH', '002706.SZ', '603218.SH', '603078.SH', '002534.SZ', '688516.SH', '300822.SZ', '002616.SZ', '300684.SZ', '300460.SZ', '300516.SZ', '300816.SZ', '300241.SZ', '601777.SH', '002815.SZ', '000524.SZ', '300432.SZ', '300769.SZ', '300224.SZ', '002553.SZ', '603596.SH', '603016.SH', '002951.SZ', '300572.SZ', '600609.SH', '002364.SZ', '002876.SZ', '603063.SH', '603328.SH', '002733.SZ', '300724.SZ', '300364.SZ', '300570.SZ', '002238.SZ', '603166.SH', '300776.SZ', '601999.SH', '300855.SZ', '600468.SH']"
2021-11-01,2021-10-29,2021-11-08,0.02235099689185522,100,0.42,500,"['002967.SZ', '002947.SZ', '000688.SZ', '688020.SH', '601137.SH', '002706.SZ', '300666.SZ', '300602.SZ', '002969.SZ', '603328.SH', '603595.SH', '600988.SH', '600228.SH', '300331.SZ', '603326.SH', '002733.SZ', '300241.SZ', '600936.SH', '000795.SZ', '603179.SH', '600525.SH', '603305.SH', '601500.SH', '600054.SH', '002579.SZ', '688106.SH', '300785.SZ', '002082.SZ', '601700.SH', '002955.SZ', '600933.SH', '603129.SH', '603212.SH', '002181.SZ', '300572.SZ', '600537.SH', '300825.SZ', '000025.SZ', '300776.SZ', '300043.SZ', '002239.SZ', '600996.SH', '300657.SZ', '000524.SZ', '300617.SZ', '002741.SZ', '002681.SZ', '603068.SH', '300068.SZ', '000037.SZ', '002616.SZ', '603992.SH', '300232.SZ', '000572.SZ', '300481.SZ', '603078.SH', '300322.SZ', '002851.SZ', '300787.SZ', '002033.SZ', '603380.SH', '603158.SH', '000970.SZ', '300328.SZ', '002276.SZ', '600288.SH', '000665.SZ', '600468.SH', '300429.SZ', '300647.SZ', '300053.SZ', '603197.SH', '002735.SZ', '600207.SH', '601179.SH', '603809.SH', '603530.SH', '002364.SZ', '601999.SH', '002449.SZ', '300855.SZ', '600550.SH', '300545.SZ', '300460.SZ', '002623.SZ', '600636.SH', '000045.SZ', '603186.SH', '600825.SH', '603596.SH', '603890.SH', '600679.SH', '002059.SZ', '688138.SH', '002951.SZ', '603166.SH', '600831.SH', '002126.SZ', '300763.SZ', '002962.SZ']"
2021-11-08,2021-11-05,2021-11-15,0.06902605033103477,100,0.55,500,"['002733.SZ', '603078.SH', '002239.SZ', '002428.SZ', '300068.SZ', '601137.SH', '300128.SZ', '300576.SZ', '300241.SZ', '300647.SZ', '300328.SZ', '002623.SZ', '603158.SH', '300602.SZ', '600088.SH', '300322.SZ', '300657.SZ', '002947.SZ', '300053.SZ', '002681.SZ', '300429.SZ', '300043.SZ', '600525.SH', '603068.SH', '600537.SH', '002161.SZ', '002055.SZ', '603595.SH', '002933.SZ', '002506.SZ', '300600.SZ', '300337.SZ', '002782.SZ', '300232.SZ', '002292.SZ', '002045.SZ', '600732.SH', '300603.SZ', '300666.SZ', '300331.SZ', '002796.SZ', '688106.SH', '300131.SZ', '603348.SH', '600996.SH', '000795.SZ', '000572.SZ', '600651.SH', '002547.SZ', '002126.SZ', '300258.SZ', '688020.SH', '002510.SZ', '300793.SZ', '002664.SZ', '000836.SZ', '603179.SH', '000037.SZ', '300185.SZ', '300545.SZ', '300816.SZ', '000524.SZ', '300680.SZ', '300516.SZ', '300364.SZ', '603212.SH', '002095.SZ', '603786.SH', '000889.SZ', '002869.SZ', '600936.SH', '300438.SZ', '300010.SZ', '300359.SZ', '000957.SZ', '300222.SZ', '002354.SZ', '688138.SH', '300805.SZ', '002741.SZ', '300785.SZ', '000970.SZ', '002168.SZ', '002707.SZ', '000796.SZ', '002164.SZ', '300046.SZ', '000688.SZ', '300766.SZ', '000793.SZ', '300566.SZ', '600288.SH', '300776.SZ', '300739.SZ', '300533.SZ', '000426.SZ', '600151.SH', '300787.SZ', '600699.SH', '300632.SZ']"
2021-11-15,2021-11-12,2021-11-22,0.042965064258919355,100,0.32,500,"['300241.SZ', '002947.SZ', '300793.SZ', '002733.SZ', '300647.SZ', '300545.SZ', '300046.SZ', '603078.SH', '300337.SZ', '002623.SZ', '300322.SZ', '688003.SH', '300429.SZ', '603197.SH', '300328.SZ', '603158.SH', '300816.SZ', '300576.SZ', '300680.SZ', '300805.SZ', '601137.SH', '300776.SZ', '002428.SZ', '002095.SZ', '688138.SH', '002045.SZ', '002055.SZ', '300438.SZ', '300657.SZ', '300822.SZ', '603530.SH', '300364.SZ', '002354.SZ', '300127.SZ', '002276.SZ', '600525.SH', '000037.SZ', '002681.SZ', '688106.SH', '000836.SZ', '300533.SZ', '300766.SZ', '300128.SZ', '300617.SZ', '300602.SZ', '002965.SZ', '002239.SZ', '300684.SZ', '000795.SZ', '300701.SZ', '300460.SZ', '300566.SZ', '300787.SZ', '603809.SH', '603595.SH', '300718.SZ', '600088.SH', '300666.SZ', '300353.SZ', '300258.SZ', '300481.SZ', '002782.SZ', '603068.SH', '002288.SZ', '000688.SZ', '300708.SZ', '300600.SZ', '002161.SZ', '300213.SZ', '300857.SZ', '300043.SZ', '300215.SZ', '300477.SZ', '002967.SZ', '002933.SZ', '002962.SZ', '300068.SZ', '603386.SH', '002510.SZ', '300331.SZ', '603348.SH', '603390.SH', '300572.SZ', '300053.SZ', '603016.SH', '002813.SZ', '002222.SZ', '002664.SZ', '300739.SZ', '300709.SZ', '002168.SZ', '300603.SZ', '600732.SH', '688020.SH', '300310.SZ', '603319.SH', '300010.SZ', '000889.SZ', '600537.SH', '002164.SZ']"
2021-11-22,2021-11-19,2021-11-29,0.025807218621477165,100,0.55,500,"['600207.SH', '300460.SZ', '603380.SH', '603186.SH', '603595.SH', '300481.SZ', '300822.SZ', '300219.SZ', '300855.SZ', '688106.SH', '603078.SH', '300811.SZ', '300787.SZ', '000688.SZ', '300241.SZ', '300617.SZ', '300666.SZ', '603809.SH', '300566.SZ', '300825.SZ', '688025.SH', '603728.SH', '300456.SZ', '002664.SZ', '300428.SZ', '603063.SH', '603305.SH', '002182.SZ', '300697.SZ', '300709.SZ', '300035.SZ', '300776.SZ', '300837.SZ', '300328.SZ', '688138.SH', '300680.SZ', '300073.SZ', '603158.SH', '300602.SZ', '300569.SZ', '002977.SZ', '603212.SH', '300842.SZ', '002119.SZ', '002149.SZ', '300360.SZ', '300693.SZ', '603166.SH', '300224.SZ', '300127.SZ', '300708.SZ', '600360.SH', '300739.SZ', '000970.SZ', '300684.SZ', '603197.SH', '002288.SZ', '300793.SZ', '300322.SZ', '300545.SZ', '002824.SZ', '002881.SZ', '603348.SH', '300409.SZ', '300429.SZ', '300618.SZ', '688006.SH', '002578.SZ', '600841.SH', '002056.SZ', '300443.SZ', '300438.SZ', '300432.SZ', '603936.SH', '002222.SZ', '002428.SZ', '603002.SH', '300393.SZ', '605222.SH', '002706.SZ', '300477.SZ', '688020.SH', '002876.SZ', '300769.SZ', '300648.SZ', '300857.SZ', '300046.SZ', '300701.SZ', '300331.SZ', '300215.SZ', '000922.SZ', '002335.SZ', '300576.SZ', '002579.SZ', '002813.SZ', '600366.SH', '300593.SZ', '300258.SZ', '688123.SH', '300222.SZ']"
2021-11-29,2021-11-26,2021-12-06,-0.027902131634516287,100,0.33,500,"['300241.SZ', '300855.SZ', '688106.SH', '603166.SH', '300460.SZ', '603595.SH', '603348.SH', '300481.SZ', '603197.SH', '000688.SZ', '603809.SH', '601137.SH', '603158.SH', '688138.SH', '300718.SZ', '300793.SZ', '300617.SZ', '688025.SH', '300822.SZ', '603063.SH', '600207.SH', '300776.SZ', '300456.SZ', '002733.SZ', '300680.SZ', '603078.SH', '603380.SH', '002967.SZ', '300328.SZ', '002222.SZ', '300825.SZ', '000795.SZ', '688003.SH', '300046.SZ', '002664.SZ', '300657.SZ', '603728.SH', '002182.SZ', '002623.SZ', '002284.SZ', '300684.SZ', '300438.SZ', '300215.SZ', '002579.SZ', '688020.SH', '002947.SZ', '300811.SZ', '002045.SZ', '002937.SZ', '002276.SZ', '600933.SH', '300360.SZ', '603186.SH', '002149.SZ', '300701.SZ', '300602.SZ', '002428.SZ', '002724.SZ', '002876.SZ', '002288.SZ', '600259.SH', '300693.SZ', '300477.SZ', '300709.SZ', '002283.SZ', '300429.SZ', '600523.SH', '600552.SH', '300428.SZ', '603002.SH', '002824.SZ', '603305.SH', '300842.SZ', '300816.SZ', '603306.SH', '000970.SZ', '002245.SZ', '002218.SZ', '300578.SZ', '300647.SZ', '300127.SZ', '002540.SZ', '300322.SZ', '300666.SZ', '300787.SZ', '300582.SZ', '002309.SZ', '300690.SZ', '603212.SH', '300331.SZ', '300258.SZ', '300739.SZ', '300364.SZ', '300837.SZ', '002782.SZ', '300805.SZ', '600490.SH', '300224.SZ', '300432.SZ', '300393.SZ']"
2021-12-06,2021-12-03,2021-12-13,0.01516171870217404,100,0.69,500,"['600475.SH', '600327.SH', '600888.SH', '000960.SZ', '603766.SH', '603002.SH', '000612.SZ', '000060.SZ', '600590.SH', '002532.SZ', '600531.SH', '603809.SH', '601137.SH', '000045.SZ', '601388.SH', '300215.SZ', '002283.SZ', '600207.SH', '601999.SH', '300428.SZ', '300680.SZ', '600458.SH', '603825.SH', '601900.SH', '000550.SZ', '002255.SZ', '600006.SH', '603936.SH', '000426.SZ', '002171.SZ', '002276.SZ', '603661.SH', '002441.SZ', '000903.SZ', '002579.SZ', '603186.SH', '300241.SZ', '000751.SZ', '000962.SZ', '603013.SH', '688003.SH', '600497.SH', '002346.SZ', '600757.SH', '300647.SZ', '002733.SZ', '000581.SZ', '300280.SZ', '600166.SH', '600081.SH', '601567.SH', '002798.SZ', '600525.SH', '300793.SZ', '002866.SZ', '002876.SZ', '002712.SZ', '002623.SZ', '002378.SZ', '603166.SH', '002724.SZ', '600577.SH', '603386.SH', '600459.SH', '000823.SZ', '300460.SZ', '603380.SH', '600551.SH', '688388.SH', '002245.SZ', '603776.SH', '000933.SZ', '002845.SZ', '000719.SZ', '002082.SZ', '000589.SZ', '688037.SH', '688106.SH', '603328.SH', '002155.SZ', '002077.SZ', '002406.SZ', '600076.SH', '600288.SH', '002853.SZ', '002149.SZ', '002182.SZ', '002533.SZ', '002106.SZ', '300032.SZ', '002045.SZ', '300785.SZ', '601609.SH', '002084.SZ', '002335.SZ', '300582.SZ', '300617.SZ', '603197.SH', '300701.SZ', '000878.SZ']"
2021-12-13,2021-12-10,2021-12-20,0.001751292603555893,100,0.6,500,"['600327.SH', '601999.SH', '000407.SZ', '002712.SZ', '002799.SZ', '300391.SZ', '603016.SH', '002162.SZ', '002685.SZ', '603386.SH', '000550.SZ', '603825.SH', '600960.SH', '002237.SZ', '002059.SZ', '603766.SH', '600469.SH', '600076.SH', '000951.SZ', '002434.SZ', '600551.SH', '600288.SH', '600166.SH', '600475.SH', '603988.SH', '002033.SZ', '600480.SH', '000045.SZ', '002969.SZ', '002531.SZ', '002346.SZ', '002343.SZ', '600626.SH', '002255.SZ', '600751.SH', '600138.SH', '600757.SH', '002845.SZ', '002048.SZ', '002276.SZ', '300280.SZ', '601777.SH', '600531.SH', '600825.SH', '002441.SZ', '600888.SH', '600973.SH', '300533.SZ', '002067.SZ', '603002.SH', '600229.SH', '600312.SH', '000009.SZ', '601567.SH', '601388.SH', '600742.SH', '601811.SH', '601900.SH', '601595.SH', '600203.SH', '000037.SZ', '002406.SZ', '002610.SZ', '000581.SZ', '601179.SH', '600136.SH', '002735.SZ', '600552.SH', '000903.SZ', '002533.SZ', '600006.SH', '002355.SZ', '000927.SZ', '002115.SZ', '600525.SH', '601163.SH', '002270.SZ', '000524.SZ', '002759.SZ', '600686.SH', '601929.SH', '002876.SZ', '002106.SZ', '000719.SZ', '600054.SH', '300686.SZ', '002218.SZ', '002176.SZ', '688037.SH', '002082.SZ', '688005.SH', '600699.SH', '000751.SZ', '002283.SZ', '300660.SZ', '600880.SH', '600088.SH', '601058.SH', '688003.SH', '300751.SZ']"
2021-12-20,2021-12-17,2021-12-27,0.007534239577743533,100,0.61,500,"['600780.SH', '600617.SH', '600469.SH', '600960.SH', '002343.SZ', '002703.SZ', '600686.SH', '600136.SH', '000957.SZ', '000665.SZ', '000600.SZ', '000526.SZ', '600335.SH', '600138.SH', '002059.SZ', '002355.SZ', '600310.SH', '002685.SZ', '002510.SZ', '000758.SZ', '000040.SZ', '600076.SH', '300483.SZ', '300391.SZ', '002101.SZ', '000700.SZ', '002796.SZ', '600880.SH', '603803.SH', '002033.SZ', '600480.SH', '000524.SZ', '300291.SZ', '002933.SZ', '002547.SZ', '002164.SZ', '002869.SZ', '000836.SZ', '603016.SH', '000607.SZ', '600751.SH', '002712.SZ', '002161.SZ', '002162.SZ', '601999.SH', '601595.SH', '600626.SH', '300600.SZ', '600996.SH', '600742.SH', '600715.SH', '600825.SH', '000889.SZ', '002406.SZ', '300533.SZ', '603776.SH', '002621.SZ', '300125.SZ', '300128.SZ', '002707.SZ', '000407.SZ', '600868.SH', '000037.SZ', '002238.SZ', '002366.SZ', '000951.SZ', '600936.SH', '000793.SZ', '002309.SZ', '603035.SH', '002799.SZ', '600054.SH', '002137.SZ', '002553.SZ', '600982.SH', '000796.SZ', '603988.SH', '002077.SZ', '600203.SH', '002121.SZ', '300010.SZ', '002969.SZ', '600744.SH', '603787.SH', '600088.SH', '002303.SZ', '600288.SH', '601700.SH', '688123.SH', '000601.SZ', '300570.SZ', '600636.SH', '600327.SH', '600418.SH', '600312.SH', '603556.SH', '002104.SZ', '002735.SZ', '300043.SZ', '688268.SH']"
2021-12-27,2021-12-24,2022-01-04,0.042532319805019154,100,0.59,500,"['600136.SH', '000700.SZ', '002355.SZ', '002735.SZ', '600686.SH', '600996.SH', '000889.SZ', '600203.SH', '601595.SH', '603787.SH', '605108.SH', '002681.SZ', '002161.SZ', '002059.SZ', '300068.SZ', '600960.SH', '002716.SZ', '600066.SH', '000796.SZ', '002951.SZ', '002510.SZ', '002547.SZ', '002869.SZ', '300657.SZ', '601929.SH', '000572.SZ', '600651.SH', '600054.SH', '600825.SH', '300043.SZ', '002962.SZ', '600525.SH', '600335.SH', '600699.SH', '601500.SH', '000903.SZ', '002965.SZ', '300128.SZ', '000951.SZ', '603803.SH', '002055.SZ', '002303.SZ', '002369.SZ', '600758.SH', '002085.SZ', '002707.SZ', '002590.SZ', '000550.SZ', '603328.SH', '300686.SZ', '300785.SZ', '002502.SZ', '300291.SZ', '600166.SH', '603068.SH', '600288.SH', '600480.SH', '002095.SZ', '000589.SZ', '300805.SZ', '000793.SZ', '300733.SZ', '600831.SH', '002366.SZ', '002309.SZ', '688020.SH', '600537.SH', '002506.SZ', '002579.SZ', '600725.SH', '002947.SZ', '002621.SZ', '600088.SH', '300131.SZ', '000045.SZ', '300603.SZ', '000025.SZ', '600178.SH', '002126.SZ', '600715.SH', '688286.SH', '002792.SZ', '600961.SH', '601069.SH', '002121.SZ', '603730.SH', '002703.SZ', '600312.SH', '300100.SZ', '300788.SZ', '600550.SH', '603988.SH', '002733.SZ', '603687.SH', '300695.SZ', '002845.SZ', '600152.SH', '002090.SZ', '603776.SH', '002406.SZ']"
2022-01-04,2021-12-31,2022-01-10,0.011186853313654755,100,0.96,500,"['002095.SZ', '603366.SH', '002491.SZ', '002661.SZ', '002515.SZ', '300686.SZ', '000905.SZ', '603123.SH', '600267.SH', '000850.SZ', '000931.SZ', '600180.SH', '002100.SZ', '600805.SH', '002322.SZ', '600939.SH', '002666.SZ', '300170.SZ', '600376.SH', '601368.SH', '002344.SZ', '300766.SZ', '600620.SH', '600336.SH', '002468.SZ', '002933.SZ', '002280.SZ', '600682.SH', '600731.SH', '603533.SH', '600053.SH', '300439.SZ', '300801.SZ', '600775.SH', '600120.SH', '002262.SZ', '002101.SZ', '600375.SH', '300291.SZ', '002734.SZ', '000961.SZ', '002124.SZ', '600718.SH', '000671.SZ', '600975.SH', '600004.SH', '300209.SZ', '600683.SH', '002669.SZ', '600812.SH', '600717.SH', '000736.SZ', '000543.SZ', '600026.SH', '603960.SH', '600057.SH', '002285.SZ', '300225.SZ', '002047.SZ', '300741.SZ', '600335.SH', '600784.SH', '600872.SH', '688060.SH', '688101.SH', '600479.SH', '000576.SZ', '000557.SZ', '001872.SZ', '000656.SZ', '000498.SZ', '600318.SH', '600400.SH', '300858.SZ', '300351.SZ', '000948.SZ', '603626.SH', '601226.SH', '300869.SZ', '603766.SH', '000967.SZ', '000810.SZ', '300266.SZ', '603138.SH', '603031.SH', '002717.SZ', '002210.SZ', '603076.SH', '600189.SH', '603301.SH', '002647.SZ', '002870.SZ', '600990.SH', '002127.SZ', '300580.SZ', '000930.SZ', '600310.SH', '000838.SZ', '600610.SH', '603719.SH']"
2022-01-10,2022-01-07,2022-01-17,-0.007970945207804933,100,0.89,500,"['603167.SH', '002208.SZ', '000863.SZ', '600512.SH', '000090.SZ', '000560.SZ', '601598.SH', '002062.SZ', '600731.SH', '000019.SZ', '000961.SZ', '000656.SZ', '600064.SH', '600603.SH', '600510.SH', '002758.SZ', '600368.SH', '600823.SH', '601512.SH', '000671.SZ', '600325.SH', '000639.SZ', '603980.SH', '601003.SH', '002081.SZ', '600897.SH', '000505.SZ', '600648.SH', '603569.SH', '002146.SZ', '000923.SZ', '601789.SH', '000905.SZ', '000717.SZ', '002075.SZ', '600639.SH', '600676.SH', '002761.SZ', '600736.SH', '600007.SH', '600376.SH', '603508.SH', '600846.SH', '300200.SZ', '600502.SH', '300138.SZ', '600939.SH', '600284.SH', '002322.SZ', '002661.SZ', '000926.SZ', '000006.SZ', '600569.SH', '600811.SH', '002244.SZ', '000036.SZ', '600266.SH', '300230.SZ', '603869.SH', '603458.SH', '600173.SH', '600834.SH', '002734.SZ', '600170.SH', '000402.SZ', '000011.SZ', '000498.SZ', '000698.SZ', '600133.SH', '600094.SH', '002542.SZ', '600339.SH', '002401.SZ', '600783.SH', '603970.SH', '600185.SH', '002688.SZ', '300314.SZ', '601008.SH', '300570.SZ', '600622.SH', '002314.SZ', '002215.SZ', '300226.SZ', '000034.SZ', '300121.SZ', '600503.SH', '001914.SZ', '600127.SH', '600688.SH', '688588.SH', '600820.SH', '600881.SH', '603609.SH', '002331.SZ', '600748.SH', '603535.SH', '600208.SH', '600248.SH', '002588.SZ']"
2022-01-17,2022-01-14,2022-01-24,-0.032807832639554974,100,0.65,500,"['002688.SZ', '603167.SH', '002783.SZ', '600731.SH', '300542.SZ', '002331.SZ', '600834.SH', '002982.SZ', '300302.SZ', '002308.SZ', '000713.SZ', '300673.SZ', '688098.SH', '002661.SZ', '603535.SH', '300551.SZ', '300078.SZ', '603069.SH', '300570.SZ', '002912.SZ', '002734.SZ', '300468.SZ', '300797.SZ', '300541.SZ', '002609.SZ', '300230.SZ', '000889.SZ', '603496.SH', '300798.SZ', '300522.SZ', '600897.SH', '300771.SZ', '300575.SZ', '603869.SH', '300603.SZ', '002100.SZ', '600797.SH', '603980.SH', '002467.SZ', '603569.SH', '002852.SZ', '002474.SZ', '002391.SZ', '002548.SZ', '603363.SH', '603636.SH', '002772.SZ', '300200.SZ', '002512.SZ', '603823.SH', '002970.SZ', '600975.SH', '300231.SZ', '002986.SZ', '300548.SZ', '600135.SH', '600503.SH', '603330.SH', '688199.SH', '002314.SZ', '002062.SZ', '688398.SH', '600512.SH', '600035.SH', '600676.SH', '603383.SH', '000507.SZ', '000863.SZ', '002567.SZ', '300538.SZ', '600736.SH', '002431.SZ', '603619.SH', '300659.SZ', '600325.SH', '002542.SZ', '300353.SZ', '601008.SH', '000698.SZ', '000735.SZ', '300067.SZ', '600855.SH', '603360.SH', '002941.SZ', '600844.SH', '002621.SZ', '002208.SZ', '600622.SH', '600094.SH', '000505.SZ', '000671.SZ', '002362.SZ', '002401.SZ', '300599.SZ', '300520.SZ', '300871.SZ', '000926.SZ', '002632.SZ', '300121.SZ', '601789.SH']"
2022-01-24,2022-01-21,2022-02-07,-0.027181495429430047,100,0.67,500,"['600510.SH', '603970.SH', '603359.SH', '600512.SH', '002542.SZ', '600784.SH', '603167.SH', '000011.SZ', '600731.SH', '002761.SZ', '000006.SZ', '601226.SH', '000090.SZ', '600064.SH', '600834.SH', '002308.SZ', '601789.SH', '002734.SZ', '600135.SH', '000545.SZ', '600035.SH', '603959.SH', '000036.SZ', '300538.SZ', '300798.SZ', '000507.SZ', '002331.SZ', '603980.SH', '600248.SH', '601512.SH', '600108.SH', '600284.SH', '600368.SH', '002215.SZ', '300200.SZ', '600503.SH', '600339.SH', '600170.SH', '603458.SH', '000498.SZ', '000065.SZ', '000961.SZ', '300078.SZ', '600502.SH', '600173.SH', '300771.SZ', '000635.SZ', '600639.SH', '603569.SH', '300710.SZ', '002941.SZ', '600855.SH', '002208.SZ', '600748.SH', '300302.SZ', '000639.SZ', '600688.SH', '600939.SH', '600282.SH', '000713.SZ', '600648.SH', '002110.SZ', '000656.SZ', '603535.SH', '000761.SZ', '000968.SZ', '300189.SZ', '601611.SH', '300536.SZ', '000070.SZ', '002556.SZ', '600895.SH', '601952.SH', '002688.SZ', '600783.SH', '603815.SH', '600470.SH', '000517.SZ', '300506.SZ', '002081.SZ', '002912.SZ', '600620.SH', '600491.SH', '600970.SH', '000671.SZ', '600649.SH', '300350.SZ', '002061.SZ', '002758.SZ', '603069.SH', '605166.SH', '300542.SZ', '600797.SH', '601886.SH', '600603.SH', '600798.SH', '000863.SZ', '600823.SH', '300208.SZ', '000059.SZ']"
2022-02-07,2022-01-28,2022-02-14,0.030294864941960434,100,0.47,500,"['000065.SZ', '600133.SH', '600470.SH', '002061.SZ', '601003.SH', '600784.SH', '600510.SH', '000761.SZ', '600491.SH', '000011.SZ', '603727.SH', '000517.SZ', '000545.SZ', '601886.SH', '600569.SH', '002060.SZ', '600170.SH', '600581.SH', '002761.SZ', '000635.SZ', '600339.SH', '600248.SH', '600502.SH', '002822.SZ', '600512.SH', '000905.SZ', '600939.SH', '000833.SZ', '000961.SZ', '002758.SZ', '600284.SH', '000006.SZ', '000059.SZ', '600970.SH', '601611.SH', '000717.SZ', '600820.SH', '600064.SH', '600035.SH', '000099.SZ', '600173.SH', '002081.SZ', '000755.SZ', '000031.SZ', '002146.SZ', '000671.SZ', '601789.SH', '603458.SH', '600565.SH', '000560.SZ', '002215.SZ', '002286.SZ', '000656.SZ', '605050.SH', '600727.SH', '300440.SZ', '000655.SZ', '600748.SH', '600688.SH', '600823.SH', '600368.SH', '000652.SZ', '605166.SH', '000507.SZ', '603815.SH', '603970.SH', '300284.SZ', '603359.SH', '002208.SZ', '000090.SZ', '000928.SZ', '000639.SZ', '601226.SH', '600266.SH', '600649.SH', '600736.SH', '600798.SH', '002244.SZ', '002666.SZ', '300592.SZ', '600325.SH', '300226.SZ', '603668.SH', '002469.SZ', '600603.SH', '002165.SZ', '002221.SZ', '600067.SH', '600295.SH', '300538.SZ', '601512.SH', '000402.SZ', '600846.SH', '603081.SH', '300355.SZ', '000698.SZ', '300087.SZ', '600811.SH', '000736.SZ', '600881.SH']"
2022-02-14,2022-02-11,2022-02-21,0.05708603574978304,100,0.3,500,"['600510.SH', '600133.SH', '600784.SH', '002208.SZ', '000863.SZ', '600512.SH', '600502.SH', '601003.SH', '000065.SZ', '601789.SH', '600284.SH', '002666.SZ', '000961.SZ', '600170.SH', '000006.SZ', '600064.SH', '600248.SH', '600491.SH', '600339.SH', '600782.SH', '603167.SH', '002110.SZ', '600126.SH', '000090.SZ', '002758.SZ', '002061.SZ', '000761.SZ', '601611.SH', '000639.SZ', '000011.SZ', '002542.SZ', '601886.SH', '600282.SH', '002322.SZ', '000517.SZ', '000498.SZ', '002081.SZ', '000656.SZ', '600748.SH', '600820.SH', '603359.SH', '603980.SH', '600603.SH', '600823.SH', '000671.SZ', '600736.SH', '600676.SH', '600581.SH', '002146.SZ', '000059.SZ', '600649.SH', '603458.SH', '600266.SH', '002761.SZ', '600939.SH', '002115.SZ', '002298.SZ', '601512.SH', '000560.SZ', '600173.SH', '600811.SH', '000031.SZ', '600565.SH', '002822.SZ', '600881.SH', '600569.SH', '000402.SZ', '002244.SZ', '600496.SH', '002431.SZ', '603970.SH', '600067.SH', '000635.SZ', '002401.SZ', '600135.SH', '000036.SZ', '600325.SH', '600503.SH', '600639.SH', '600846.SH', '000717.SZ', '000545.SZ', '000019.SZ', '000833.SZ', '000652.SZ', '600731.SH', '600970.SH', '000698.SZ', '002224.SZ', '000505.SZ', '300200.SZ', '002313.SZ', '002060.SZ', '601008.SH', '600648.SH', '002215.SZ', '000926.SZ', '300284.SZ', '300226.SZ', '601588.SH']"
2022-02-21,2022-02-18,2022-02-28,-0.03318297545717221,100,0.37,500,"['601789.SH', '603970.SH', '603458.SH', '000498.SZ', '600170.SH', '600339.SH', '600784.SH', '600939.SH', '600284.SH', '605050.SH', '600491.SH', '000065.SZ', '000863.SZ', '000006.SZ', '002208.SZ', '600133.SH', '002061.SZ', '603359.SH', '601886.SH', '600248.SH', '600502.SH', '600748.SH', '002115.SZ', '600581.SH', '000545.SZ', '600565.SH', '601611.SH', '002062.SZ', '603220.SH', '000011.SZ', '600731.SH', '000736.SZ', '000905.SZ', '600881.SH', '000517.SZ', '600510.SH', '600649.SH', '605178.SH', '002783.SZ', '002401.SZ', '000928.SZ', '002286.SZ', '601003.SH', '601226.SH', '000833.SZ', '300571.SZ', '000031.SZ', '000036.SZ', '600135.SH', '002666.SZ', '605166.SH', '000059.SZ', '600820.SH', '603980.SH', '000961.SZ', '603018.SH', '002215.SZ', '002987.SZ', '603227.SH', '300226.SZ', '600064.SH', '300465.SZ', '000639.SZ', '002224.SZ', '600855.SH', '002761.SZ', '600070.SH', '600173.SH', '603167.SH', '300155.SZ', '002554.SZ', '600676.SH', '000911.SZ', '600246.SH', '000652.SZ', '002060.SZ', '000029.SZ', '600496.SH', '002307.SZ', '000635.SZ', '600970.SH', '600266.SH', '300440.SZ', '600503.SH', '600620.SH', '300292.SZ', '002331.SZ', '300284.SZ', '002542.SZ', '002063.SZ', '600470.SH', '300504.SZ', '002556.SZ', '603948.SH', '000090.SZ', '000070.SZ', '600688.SH', '000019.SZ', '300788.SZ', '603687.SH']"
2022-02-28,2022-02-25,2022-03-07,-0.002067871153208368,100,0.67,500,"['002286.SZ', '000833.SZ', '002060.SZ', '605050.SH', '603227.SH', '605166.SH', '000153.SZ', '605399.SH', '605118.SH', '300872.SZ', '603192.SH', '002096.SZ', '605199.SH', '603668.SH', '300571.SZ', '603995.SH', '300691.SZ', '300887.SZ', '688078.SH', '603217.SH', '002554.SZ', '300440.SZ', '000838.SZ', '603970.SH', '300355.SZ', '605108.SH', '300790.SZ', '002170.SZ', '002717.SZ', '002177.SZ', '600246.SH', '000652.SZ', '603948.SH', '300264.SZ', '601068.SH', '002986.SZ', '603681.SH', '000056.SZ', '600581.SH', '600668.SH', '300094.SZ', '300786.SZ', '002140.SZ', '600773.SH', '002135.SZ', '603098.SH', '002923.SZ', '603020.SH', '600939.SH', '000911.SZ', '002805.SZ', '605183.SH', '300081.SZ', '002951.SZ', '603867.SH', '300799.SZ', '002224.SZ', '000928.SZ', '300721.SZ', '300636.SZ', '002886.SZ', '601226.SH', '600965.SH', '300858.SZ', '300500.SZ', '601611.SH', '300508.SZ', '300860.SZ', '300155.SZ', '000545.SZ', '300311.SZ', '603155.SH', '300513.SZ', '300505.SZ', '002474.SZ', '300610.SZ', '600784.SH', '603220.SH', '300305.SZ', '605178.SH', '002062.SZ', '002505.SZ', '600170.SH', '300710.SZ', '000558.SZ', '603722.SH', '603687.SH', '600248.SH', '002061.SZ', '601969.SH', '002136.SZ', '603477.SH', '002772.SZ', '002307.SZ', '000736.SZ', '002746.SZ', '600565.SH', '002166.SZ', '002246.SZ', '603717.SH']"
2022-03-07,2022-03-04,2022-03-14,-0.045364528453963084,100,0.77,500,"['000863.SZ', '002433.SZ', '000756.SZ', '000153.SZ', '002062.SZ', '605050.SH', '601003.SH', '000761.SZ', '002060.SZ', '603458.SH', '600569.SH', '600512.SH', '600731.SH', '600368.SH', '000778.SZ', '600133.SH', '600173.SH', '000090.SZ', '002208.SZ', '002110.SZ', '000656.SZ', '000905.SZ', '000055.SZ', '600603.SH', '600325.SH', '600282.SH', '000833.SZ', '600736.SH', '600581.SH', '600126.SH', '000498.SZ', '600939.SH', '000560.SZ', '600170.SH', '000961.SZ', '002244.SZ', '600502.SH', '000671.SZ', '600064.SH', '600491.SH', '000717.SZ', '600248.SH', '600683.SH', '601588.SH', '600823.SH', '600284.SH', '002146.SZ', '601611.SH', '000926.SZ', '600376.SH', '000402.SZ', '600784.SH', '000635.SZ', '000065.SZ', '002286.SZ', '600846.SH', '600676.SH', '600339.SH', '600820.SH', '000505.SZ', '600622.SH', '600266.SH', '000698.SZ', '002627.SZ', '603970.SH', '000652.SZ', '002392.SZ', '600067.SH', '601886.SH', '601512.SH', '000036.SZ', '002666.SZ', '603167.SH', '603980.SH', '600688.SH', '600819.SH', '002061.SZ', '600094.SH', '000911.SZ', '600639.SH', '600648.SH', '600208.SH', '603359.SH', '000011.SZ', '002783.SZ', '600668.SH', '601226.SH', '000517.SZ', '605166.SH', '603948.SH', '002314.SZ', '600881.SH', '603227.SH', '002224.SZ', '000006.SZ', '600748.SH', '002556.SZ', '600565.SH', '600649.SH', '002469.SZ']"
2022-03-14,2022-03-11,2022-03-21,0.039200041546784616,100,0.38,500,"['600731.SH', '000863.SZ', '300858.SZ', '002224.SZ', '000507.SZ', '600736.SH', '002627.SZ', '600603.SH', '600368.SH', '000833.SZ', '000090.SZ', '600897.SH', '688513.SH', '600648.SH', '002391.SZ', '002986.SZ', '600325.SH', '603167.SH', '000926.SZ', '600622.SH', '603980.SH', '600133.SH', '002244.SZ', '601512.SH', '600376.SH', '000656.SZ', '600094.SH', '000055.SZ', '002286.SZ', '600639.SH', '601003.SH', '000905.SZ', '300230.SZ', '600784.SH', '002783.SZ', '002062.SZ', '601588.SH', '600512.SH', '002666.SZ', '300155.SZ', '600064.SH', '000671.SZ', '000961.SZ', '600823.SH', '600683.SH', '600569.SH', '000402.SZ', '300806.SZ', '600266.SH', '600676.SH', '603739.SH', '600846.SH', '603408.SH', '603093.SH', '000036.SZ', '600170.SH', '002307.SZ', '300138.SZ', '000560.SZ', '600246.SH', '000153.SZ', '002505.SZ', '002146.SZ', '600208.SH', '002208.SZ', '603220.SH', '000911.SZ', '605108.SH', '300873.SZ', '002551.SZ', '002314.SZ', '605266.SH', '000717.SZ', '002431.SZ', '300673.SZ', '600820.SH', '600581.SH', '600502.SH', '600223.SH', '600284.SH', '603970.SH', '603458.SH', '002556.SZ', '605178.SH', '603351.SH', '688369.SH', '600136.SH', '002746.SZ', '600173.SH', '601611.SH', '300078.SZ', '603823.SH', '002322.SZ', '600503.SH', '688488.SH', '600939.SH', '002761.SZ', '002772.SZ', '000736.SZ', '605118.SH']"
2022-03-21,2022-03-18,2022-03-28,0.022404886145623366,100,0.74,500,"['603803.SH', '600658.SH', '600805.SH', '000667.SZ', '600117.SH', '300209.SZ', '002783.SZ', '000038.SZ', '600070.SH', '002772.SZ', '002310.SZ', '300297.SZ', '002548.SZ', '002512.SZ', '002431.SZ', '600676.SH', '300273.SZ', '000918.SZ', '000558.SZ', '000713.SZ', '600067.SH', '600756.SH', '002157.SZ', '600844.SH', '300208.SZ', '603869.SH', '002124.SZ', '002313.SZ', '002551.SZ', '600881.SH', '600136.SH', '600683.SH', '002491.SZ', '300523.SZ', '300551.SZ', '000889.SZ', '002198.SZ', '002308.SZ', '300239.SZ', '600121.SH', '603363.SH', '300761.SZ', '603687.SH', '000926.SZ', '300858.SZ', '600811.SH', '600340.SH', '605178.SH', '600604.SH', '603069.SH', '603717.SH', '000736.SZ', '600797.SH', '300078.SZ', '002567.SZ', '600758.SH', '600538.SH', '603421.SH', '600622.SH', '600094.SH', '601588.SH', '603619.SH', '600313.SH', '300155.SZ', '300506.SZ', '000797.SZ', '002657.SZ', '002314.SZ', '002100.SZ', '000735.SZ', '000720.SZ', '300264.SZ', '002197.SZ', '600376.SH', '603220.SH', '300289.SZ', '002669.SZ', '000070.SZ', '600975.SH', '000652.SZ', '600736.SH', '002224.SZ', '300386.SZ', '000911.SZ', '600246.SH', '603167.SH', '300710.SZ', '002554.SZ', '300213.SZ', '000036.SZ', '300094.SZ', '300047.SZ', '300542.SZ', '002982.SZ', '600135.SH', '002331.SZ', '603980.SH', '600565.SH', '300368.SZ', '300302.SZ']"
2022-03-28,2022-03-25,2022-04-06,0.05571289491993949,100,0.55,500,"['600117.SH', '002062.SZ', '600676.SH', '000926.SZ', '600094.SH', '600683.SH', '601588.SH', '600376.SH', '002783.SZ', '000905.SZ', '600136.SH', '600658.SH', '002431.SZ', '000507.SZ', '002314.SZ', '002310.SZ', '600125.SH', '603687.SH', '000900.SZ', '002551.SZ', '600897.SH', '601886.SH', '000153.SZ', '603167.SH', '600805.SH', '600133.SH', '000863.SZ', '603569.SH', '600284.SH', '601008.SH', '603803.SH', '000560.SZ', '300273.SZ', '000037.SZ', '000667.SZ', '002772.SZ', '000652.SZ', '002433.SZ', '600622.SH', '603980.SH', '000402.SZ', '002941.SZ', '000698.SZ', '600035.SH', '600638.SH', '002491.SZ', '600070.SH', '000036.SZ', '600538.SH', '002286.SZ', '600569.SH', '002224.SZ', '000055.SZ', '600648.SH', '002100.SZ', '603093.SH', '600266.SH', '300209.SZ', '600223.SH', '600939.SH', '300155.SZ', '605178.SH', '000851.SZ', '605266.SH', '600823.SH', '600603.SH', '600325.SH', '000918.SZ', '000038.SZ', '600246.SH', '300297.SZ', '002165.SZ', '600639.SH', '000656.SZ', '002596.SZ', '000735.SZ', '600657.SH', '002157.SZ', '600834.SH', '603421.SH', '000505.SZ', '300847.SZ', '002244.SZ', '601003.SH', '300858.SZ', '002661.SZ', '600208.SH', '600636.SH', '002198.SZ', '000557.SZ', '002146.SZ', '600736.SH', '603609.SH', '600620.SH', '002307.SZ', '600844.SH', '002548.SZ', '605198.SH', '601598.SH', '000961.SZ']"
2022-04-06,2022-04-01,2022-04-11,-0.03485078607159191,100,0.71,500,"['002355.SZ', '002062.SZ', '002783.SZ', '603776.SH', '300858.SZ', '603988.SH', '600603.SH', '300391.SZ', '601116.SH', '002344.SZ', '600094.SH', '000036.SZ', '600683.SH', '300892.SZ', '600268.SH', '600223.SH', '002419.SZ', '000926.SZ', '600960.SH', '002590.SZ', '603458.SH', '002662.SZ', '002434.SZ', '002277.SZ', '600774.SH', '600758.SH', '600508.SH', '600376.SH', '000090.SZ', '600648.SH', '600532.SH', '600639.SH', '002510.SZ', '600731.SH', '000560.SZ', '000055.SZ', '002454.SZ', '600694.SH', '002314.SZ', '000995.SZ', '603980.SH', '001914.SZ', '600070.SH', '600622.SH', '601588.SH', '600658.SH', '600327.SH', '600823.SH', '600178.SH', '000882.SZ', '603031.SH', '600742.SH', '002406.SZ', '000635.SZ', '600185.SH', '002448.SZ', '603766.SH', '000700.SZ', '601512.SH', '002956.SZ', '002251.SZ', '600512.SH', '000061.SZ', '600361.SH', '600827.SH', '600325.SH', '000718.SZ', '002697.SZ', '002146.SZ', '000797.SZ', '002090.SZ', '002431.SZ', '300622.SZ', '600006.SH', '300847.SZ', '002716.SZ', '600638.SH', '600064.SH', '600266.SH', '300660.SZ', '000501.SZ', '600284.SH', '002255.SZ', '300915.SZ', '600081.SH', '601010.SH', '000552.SZ', '603018.SH', '603787.SH', '600738.SH', '600736.SH', '603319.SH', '600846.SH', '601366.SH', '600861.SH', '600173.SH', '300200.SZ', '002580.SZ', '000058.SZ', '605183.SH']"
2022-04-11,2022-04-08,2022-04-18,-0.008367368495403872,100,0.37,500,"['002062.SZ', '603458.SH', '603766.SH', '000090.SZ', '002533.SZ', '600603.SH', '600327.SH', '600694.SH', '002300.SZ', '600268.SH', '002448.SZ', '600742.SH', '600173.SH', '600335.SH', '600325.SH', '002697.SZ', '600376.SH', '600622.SH', '600729.SH', '002146.SZ', '600284.SH', '000055.SZ', '000560.SZ', '600970.SH', '600064.SH', '002344.SZ', '000402.SZ', '600058.SH', '600648.SH', '000926.SZ', '000961.SZ', '601588.SH', '603018.SH', '002328.SZ', '600178.SH', '600846.SH', '600981.SH', '000550.SZ', '600007.SH', '600683.SH', '600094.SH', '601512.SH', '002244.SZ', '002048.SZ', '600823.SH', '600223.SH', '002277.SZ', '002406.SZ', '600081.SH', '600185.SH', '600170.SH', '002419.SZ', '601366.SH', '603109.SH', '002434.SZ', '605006.SH', '603013.SH', '002251.SZ', '600939.SH', '300858.SZ', '600639.SH', '000671.SZ', '603035.SH', '002469.SZ', '000951.SZ', '603980.SH', '000498.SZ', '000501.SZ', '002392.SZ', '000635.SZ', '600512.SH', '000036.SZ', '600736.SH', '600710.SH', '600531.SH', '600266.SH', '603776.SH', '000589.SZ', '600491.SH', '600133.SH', '002454.SZ', '000928.SZ', '002783.SZ', '600006.SH', '600502.SH', '000882.SZ', '002818.SZ', '600248.SH', '300391.SZ', '601116.SH', '601010.SH', '000718.SZ', '001914.SZ', '300622.SZ', '000863.SZ', '002662.SZ', '300660.SZ', '600960.SH', '002224.SZ', '002666.SZ']"
2022-04-18,2022-04-15,2022-04-25,-0.12309923333231657,100,0.28,500,"['002062.SZ', '002300.SZ', '600376.SH', '600710.SH', '002419.SZ', '600058.SH', '603766.SH', '002533.SZ', '300858.SZ', '600742.SH', '002237.SZ', '600694.SH', '600325.SH', '600981.SH', '600173.SH', '000550.SZ', '000090.SZ', '600094.SH', '600361.SH', '000926.SZ', '600970.SH', '600178.SH', '601588.SH', '600729.SH', '600335.SH', '600648.SH', '600223.SH', '603458.SH', '600784.SH', '601028.SH', '603013.SH', '002090.SZ', '000961.SZ', '601366.SH', '600683.SH', '002146.SZ', '600676.SH', '605183.SH', '600327.SH', '600774.SH', '600170.SH', '600846.SH', '600531.SH', '000501.SZ', '600007.SH', '603708.SH', '600939.SH', '002448.SZ', '002553.SZ', '000402.SZ', '600491.SH', '000671.SZ', '000700.SZ', '600006.SH', '002662.SZ', '000560.SZ', '002344.SZ', '600284.SH', '605006.SH', '002406.SZ', '002818.SZ', '601512.SH', '300622.SZ', '000589.SZ', '600823.SH', '605222.SH', '002469.SZ', '603980.SH', '600639.SH', '002244.SZ', '002434.SZ', '600064.SH', '601611.SH', '000498.SZ', '603018.SH', '603166.SH', '002255.SZ', '300391.SZ', '000055.SZ', '601388.SH', '002392.SZ', '603319.SH', '603507.SH', '600246.SH', '002606.SZ', '605136.SH', '000061.SZ', '600827.SH', '603217.SH', '600459.SH', '600603.SH', '300660.SZ', '603787.SH', '688386.SH', '600081.SH', '600266.SH', '002666.SZ', '002048.SZ', '603823.SH', '000928.SZ']"
2022-04-25,2022-04-22,2022-05-05,0.05298428889430228,100,0.44,500,"['002553.SZ', '300858.SZ', '605183.SH', '600774.SH', '600846.SH', '605006.SH', '002419.SZ', '002818.SZ', '002469.SZ', '603018.SH', '603507.SH', '600170.SH', '603970.SH', '300847.SZ', '601028.SH', '002090.SZ', '603458.SH', '600729.SH', '600694.SH', '002801.SZ', '300622.SZ', '603766.SH', '600658.SH', '000785.SZ', '600710.SH', '600284.SH', '600603.SH', '605136.SH', '003000.SZ', '603823.SH', '000048.SZ', '000552.SZ', '002062.SZ', '300341.SZ', '600742.SH', '601512.SH', '300695.SZ', '600327.SH', '600094.SH', '603109.SH', '600683.SH', '600268.SH', '300174.SZ', '600970.SH', '601388.SH', '600668.SH', '600731.SH', '002406.SZ', '002300.SZ', '601366.SH', '000550.SZ', '000501.SZ', '000926.SZ', '600081.SH', '603239.SH', '002315.SZ', '600512.SH', '603980.SH', '605222.SH', '002392.SZ', '600784.SH', '603013.SH', '605066.SH', '000631.SZ', '601588.SH', '002344.SZ', '002533.SZ', '001914.SZ', '002968.SZ', '603730.SH', '002641.SZ', '300121.SZ', '603708.SH', '002314.SZ', '688357.SH', '300522.SZ', '002452.SZ', '603319.SH', '603360.SH', '603192.SH', '600178.SH', '603031.SH', '600223.SH', '600609.SH', '000671.SZ', '600532.SH', '300200.SZ', '002391.SZ', '002606.SZ', '002441.SZ', '300575.SZ', '002716.SZ', '000055.SZ', '300196.SZ', '603166.SH', '002783.SZ', '300697.SZ', '000560.SZ', '002956.SZ', '002697.SZ']"
2022-05-05,2022-04-29,2022-05-09,0.00020783541918593663,100,0.65,500,"['002984.SZ', '603613.SH', '002996.SZ', '605183.SH', '600531.SH', '002416.SZ', '600961.SH', '002237.SZ', '600729.SH', '000863.SZ', '600981.SH', '600970.SH', '000751.SZ', '601028.SH', '600415.SH', '002978.SZ', '600609.SH', '600248.SH', '688196.SH', '603358.SH', '000785.SZ', '002048.SZ', '603013.SH', '601611.SH', '600094.SH', '600170.SH', '600006.SH', '603730.SH', '603113.SH', '601388.SH', '603708.SH', '000030.SZ', '300847.SZ', '603766.SH', '600058.SH', '002419.SZ', '605376.SH', '600846.SH', '603722.SH', '600266.SH', '605399.SH', '600738.SH', '002953.SZ', '600827.SH', '300801.SZ', '600710.SH', '002818.SZ', '002085.SZ', '000612.SZ', '600477.SH', '600459.SH', '605006.SH', '603992.SH', '600820.SH', '600939.SH', '002051.SZ', '600480.SH', '000829.SZ', '000631.SZ', '601609.SH', '600284.SH', '300755.SZ', '002541.SZ', '003021.SZ', '600784.SH', '603948.SH', '300855.SZ', '601702.SH', '600742.SH', '002716.SZ', '603359.SH', '600067.SH', '605008.SH', '002697.SZ', '300891.SZ', '000560.SZ', '603786.SH', '000061.SZ', '002315.SZ', '601512.SH', '002469.SZ', '300915.SZ', '601068.SH', '300224.SZ', '601588.SH', '000816.SZ', '603031.SH', '002540.SZ', '300910.SZ', '601163.SH', '002091.SZ', '002968.SZ', '000758.SZ', '002310.SZ', '002171.SZ', '603970.SH', '600491.SH', '605222.SH', '603507.SH', '601700.SH']"
2022-05-09,2022-05-06,2022-05-16,0.03570350274912322,100,0.52,500,"['603970.SH', '002300.SZ', '002237.SZ', '600477.SH', '600973.SH', '600981.SH', '600961.SH', '000510.SZ', '300341.SZ', '601028.SH', '605222.SH', '000751.SZ', '600939.SH', '002171.SZ', '600058.SH', '600459.SH', '000065.SZ', '002996.SZ', '601609.SH', '603618.SH', '600480.SH', '600609.SH', '600531.SH', '603081.SH', '600496.SH', '002578.SZ', '605183.SH', '600468.SH', '603358.SH', '002968.SZ', '603192.SH', '002533.SZ', '002135.SZ', '600784.SH', '600970.SH', '600841.SH', '002697.SZ', '603823.SH', '601702.SH', '600335.SH', '603708.SH', '002441.SZ', '300755.SZ', '601700.SH', '002090.SZ', '601611.SH', '002606.SZ', '600710.SH', '600218.SH', '603018.SH', '002225.SZ', '605166.SH', '002160.SZ', '000973.SZ', '002540.SZ', '300891.SZ', '002416.SZ', '002061.SZ', '600248.SH', '002882.SZ', '600170.SH', '000816.SZ', '600729.SH', '600081.SH', '600525.SH', '002469.SZ', '600820.SH', '600133.SH', '600537.SH', '002361.SZ', '601886.SH', '603109.SH', '600006.SH', '601789.SH', '002761.SZ', '605006.SH', '600361.SH', '002364.SZ', '603031.SH', '000829.SZ', '002051.SZ', '603730.SH', '600731.SH', '603013.SH', '600774.SH', '603458.SH', '600491.SH', '600331.SH', '002419.SZ', '002632.SZ', '002553.SZ', '002398.SZ', '603728.SH', '300695.SZ', '002666.SZ', '000025.SZ', '605399.SH', '000550.SZ', '002448.SZ', '600178.SH']"
2022-05-16,2022-05-13,2022-05-23,0.04288484200977789,100,0.64,500,"['600477.SH', '600207.SH', '002170.SZ', '002307.SZ', '600841.SH', '603109.SH', '000816.SZ', '002300.SZ', '002082.SZ', '600094.SH', '002941.SZ', '601226.SH', '000833.SZ', '002822.SZ', '600331.SH', '000903.SZ', '300848.SZ', '000510.SZ', '605222.SH', '600537.SH', '002360.SZ', '002805.SZ', '600638.SH', '603970.SH', '600510.SH', '000603.SZ', '300599.SZ', '600939.SH', '002879.SZ', '000065.SZ', '600335.SH', '002391.SZ', '002090.SZ', '600170.SH', '600133.SH', '688357.SH', '603330.SH', '000498.SZ', '600973.SH', '002339.SZ', '002886.SZ', '002892.SZ', '603192.SH', '600981.SH', '601609.SH', '300797.SZ', '002537.SZ', '000572.SZ', '603979.SH', '300892.SZ', '601500.SH', '600058.SH', '600622.SH', '002761.SZ', '300898.SZ', '300443.SZ', '300265.SZ', '603378.SH', '601886.SH', '600821.SH', '600727.SH', '601789.SH', '000056.SZ', '300880.SZ', '603358.SH', '601611.SH', '002361.SZ', '002578.SZ', '002533.SZ', '002310.SZ', '002060.SZ', '603081.SH', '000048.SZ', '601700.SH', '600736.SH', '603815.SH', '601028.SH', '300870.SZ', '002785.SZ', '002167.SZ', '300575.SZ', '600658.SH', '603123.SH', '002364.SZ', '601702.SH', '002135.SZ', '000882.SZ', '002061.SZ', '601068.SH', '300284.SZ', '003000.SZ', '605068.SH', '600512.SH', '300067.SZ', '300721.SZ', '002452.SZ', '000589.SZ', '002865.SZ', '002208.SZ', '600135.SH']"
2022-05-23,2022-05-20,2022-05-30,-0.003941507708923295,100,0.65,500,"['000510.SZ', '600727.SH', '600961.SH', '000751.SZ', '600218.SH', '002170.SZ', '600981.SH', '002101.SZ', '300848.SZ', '603959.SH', '002167.SZ', '002300.SZ', '600058.SH', '600207.SH', '600973.SH', '600331.SH', '300890.SZ', '000829.SZ', '300681.SZ', '300057.SZ', '688077.SH', '600470.SH', '002091.SZ', '688300.SH', '002533.SZ', '002915.SZ', '300798.SZ', '300286.SZ', '002136.SZ', '002540.SZ', '002805.SZ', '002284.SZ', '600939.SH', '603123.SH', '603155.SH', '605166.SH', '300721.SZ', '603031.SH', '601700.SH', '300505.SZ', '603192.SH', '600477.SH', '603681.SH', '300391.SZ', '600821.SH', '603970.SH', '002135.SZ', '603897.SH', '600710.SH', '002276.SZ', '002664.SZ', '002215.SZ', '600379.SH', '601609.SH', '002892.SZ', '002545.SZ', '603618.SH', '601611.SH', '601226.SH', '600877.SH', '002996.SZ', '300337.SZ', '600361.SH', '601702.SH', '605399.SH', '002196.SZ', '603197.SH', '603115.SH', '002886.SZ', '605222.SH', '600531.SH', '300820.SZ', '600366.SH', '002824.SZ', '603239.SH', '300811.SZ', '600819.SH', '002536.SZ', '300305.SZ', '002057.SZ', '600784.SH', '300863.SZ', '002140.SZ', '600178.SH', '600668.SH', '300580.SZ', '000922.SZ', '603979.SH', '600248.SH', '002733.SZ', '688357.SH', '000545.SZ', '603613.SH', '002060.SZ', '300340.SZ', '603098.SH', '600510.SH', '002360.SZ', '002879.SZ', '300304.SZ']"
2022-05-30,2022-05-27,2022-06-06,0.05810251156507206,100,0.56,500,"['600458.SH', '605050.SH', '600961.SH', '603618.SH', '300100.SZ', '000922.SZ', '601702.SH', '002300.SZ', '002783.SZ', '002533.SZ', '002091.SZ', '300328.SZ', '000829.SZ', '002284.SZ', '600973.SH', '300057.SZ', '600981.SH', '002562.SZ', '000700.SZ', '600058.SH', '000545.SZ', '600710.SH', '002135.SZ', '002540.SZ', '600590.SH', '300337.SZ', '300428.SZ', '603897.SH', '002441.SZ', '600531.SH', '601700.SH', '601611.SH', '000510.SZ', '000969.SZ', '002160.SZ', '603081.SH', '002101.SZ', '600970.SH', '605222.SH', '688558.SH', '002419.SZ', '601116.SH', '002996.SZ', '002510.SZ', '300423.SZ', '300340.SZ', '600525.SH', '300391.SZ', '002416.SZ', '603959.SH', '600293.SH', '600939.SH', '002276.SZ', '603970.SH', '002283.SZ', '002915.SZ', '000751.SZ', '601388.SH', '000928.SZ', '605006.SH', '603977.SH', '002061.SZ', '600784.SH', '300536.SZ', '002170.SZ', '002537.SZ', '600335.SH', '601886.SH', '600166.SH', '601609.SH', '603013.SH', '000962.SZ', '002149.SZ', '002488.SZ', '600819.SH', '603192.SH', '603197.SH', '000861.SZ', '002452.SZ', '300360.SZ', '300286.SZ', '300141.SZ', '002392.SZ', '000065.SZ', '300477.SZ', '601068.SH', '002454.SZ', '300586.SZ', '002057.SZ', '600480.SH', '600331.SH', '603766.SH', '002545.SZ', '000949.SZ', '600496.SH', '002516.SZ', '002522.SZ', '002469.SZ', '002734.SZ', '603978.SH']"
2022-06-06,2022-06-02,2022-06-13,0.010805413089288805,100,0.82,500,"['300328.SZ', '600207.SH', '300806.SZ', '002892.SZ', '603212.SH', '300811.SZ', '300680.SZ', '605376.SH', '300880.SZ', '600727.SH', '603681.SH', '002805.SZ', '002886.SZ', '002167.SZ', '300721.SZ', '300870.SZ', '600821.SH', '603330.SH', '002360.SZ', '300890.SZ', '300829.SZ', '688157.SH', '002196.SZ', '688357.SH', '688179.SH', '600933.SH', '603305.SH', '605008.SH', '688300.SH', '300586.SZ', '300835.SZ', '300391.SZ', '603959.SH', '300798.SZ', '688155.SH', '300797.SZ', '300305.SZ', '688551.SH', '000737.SZ', '300681.SZ', '603979.SH', '300855.SZ', '002562.SZ', '002865.SZ', '300575.SZ', '688026.SH', '300265.SZ', '000859.SZ', '300891.SZ', '300733.SZ', '603348.SH', '002227.SZ', '002170.SZ', '601068.SH', '688077.SH', '300848.SZ', '603809.SH', '603155.SH', '600537.SH', '688219.SH', '300057.SZ', '300477.SZ', '688089.SH', '002057.SZ', '603306.SH', '300842.SZ', '300522.SZ', '300727.SZ', '300258.SZ', '002127.SZ', '603239.SH', '300712.SZ', '002300.SZ', '601226.SH', '300141.SZ', '002733.SZ', '002284.SZ', '300825.SZ', '002522.SZ', '300286.SZ', '000700.SZ', '300820.SZ', '688199.SH', '605166.SH', '603867.SH', '300443.SZ', '603031.SH', '300536.SZ', '603179.SH', '603728.SH', '603098.SH', '002879.SZ', '688330.SH', '002428.SZ', '002280.SZ', '600758.SH', '600379.SH', '603663.SH', '002915.SZ', '688339.SH']"
2022-06-13,2022-06-10,2022-06-20,0.023999958842898624,100,0.44,500,"['300586.SZ', '603212.SH', '300811.SZ', '603979.SH', '002167.SZ', '688300.SH', '688196.SH', '300855.SZ', '603115.SH', '300328.SZ', '000859.SZ', '000737.SZ', '603681.SH', '002805.SZ', '002091.SZ', '300806.SZ', '688357.SH', '300305.SZ', '600727.SH', '603306.SH', '300224.SZ', '300443.SZ', '605376.SH', '300801.SZ', '603867.SH', '603809.SH', '300196.SZ', '300575.SZ', '300057.SZ', '300820.SZ', '002984.SZ', '600821.SH', '603155.SH', '688077.SH', '688026.SH', '603360.SH', '605183.SH', '600758.SH', '605008.SH', '300477.SZ', '601068.SH', '601666.SH', '600207.SH', '601001.SH', '002886.SZ', '603959.SH', '300680.SZ', '601918.SH', '300721.SZ', '002892.SZ', '688199.SH', '601388.SH', '605006.SH', '002824.SZ', '603948.SH', '002915.SZ', '300619.SZ', '300681.SZ', '300258.SZ', '002545.SZ', '688179.SH', '603217.SH', '002135.SZ', '300890.SZ', '300617.SZ', '002127.SZ', '002540.SZ', '688155.SH', '300041.SZ', '603013.SH', '605366.SH', '300286.SZ', '300360.SZ', '000700.SZ', '002101.SZ', '000969.SZ', '603722.SH', '300755.SZ', '600997.SH', '002048.SZ', '603123.SH', '002196.SZ', '300660.SZ', '688330.SH', '600985.SH', '600361.SH', '002978.SZ', '601101.SH', '600971.SH', '603031.SH', '688551.SH', '300829.SZ', '002215.SZ', '002801.SZ', '300835.SZ', '002606.SZ', '000552.SZ', '002360.SZ', '600740.SH', '002562.SZ']"
2022-06-20,2022-06-17,2022-06-27,0.04062522536422634,100,0.59,500,"['300806.SZ', '002431.SZ', '600933.SH', '300811.SZ', '600821.SH', '600207.SH', '300855.SZ', '002805.SZ', '002127.SZ', '002280.SZ', '300870.SZ', '688357.SH', '300680.SZ', '000918.SZ', '002196.SZ', '603982.SH', '688179.SH', '603348.SH', '300825.SZ', '688300.SH', '002886.SZ', '603786.SH', '688026.SH', '605008.SH', '300258.SZ', '688089.SH', '603979.SH', '002169.SZ', '002428.SZ', '300820.SZ', '002892.SZ', '002824.SZ', '600537.SH', '688196.SH', '603306.SH', '002664.SZ', '002307.SZ', '601226.SH', '002310.SZ', '603613.SH', '601011.SH', '688077.SH', '300681.SZ', '600727.SH', '600841.SH', '603197.SH', '603378.SH', '300797.SZ', '300829.SZ', '002167.SZ', '688408.SH', '002541.SZ', '002360.SZ', '000510.SZ', '603155.SH', '603179.SH', '600881.SH', '300305.SZ', '300880.SZ', '002284.SZ', '688330.SH', '300505.SZ', '000572.SZ', '002733.SZ', '002314.SZ', '603098.SH', '002665.SZ', '600523.SH', '002537.SZ', '300890.SZ', '300835.SZ', '002170.SZ', '300848.SZ', '603681.SH', '603897.SH', '600698.SH', '603330.SH', '300792.SZ', '688157.SH', '000667.SZ', '603115.SH', '000056.SZ', '600477.SH', '603031.SH', '000903.SZ', '300648.SZ', '300507.SZ', '601777.SH', '002915.SZ', '300745.SZ', '002984.SZ', '002208.SZ', '300619.SZ', '300712.SZ', '600658.SH', '000833.SZ', '300328.SZ', '600512.SH', '002149.SZ', '601068.SH']"
2022-06-27,2022-06-24,2022-07-04,-0.015360422440348938,100,0.42,500,"['600207.SH', '300680.SZ', '605333.SH', '605376.SH', '300806.SZ', '002886.SZ', '300978.SZ', '002196.SZ', '002733.SZ', '605008.SH', '300870.SZ', '688179.SH', '600821.SH', '002892.SZ', '003021.SZ', '300825.SZ', '002428.SZ', '300811.SZ', '600807.SH', '002824.SZ', '688006.SH', '300258.SZ', '600877.SH', '600537.SH', '688339.SH', '300982.SZ', '688357.SH', '003038.SZ', '002127.SZ', '603959.SH', '002280.SZ', '002623.SZ', '603378.SH', '688026.SH', '000918.SZ', '603212.SH', '300829.SZ', '300391.SZ', '002169.SZ', '300305.SZ', '002149.SZ', '603681.SH', '688300.SH', '300648.SZ', '688089.SH', '603306.SH', '002167.SZ', '300855.SZ', '002431.SZ', '300890.SZ', '300224.SZ', '600727.SH', '300328.SZ', '300946.SZ', '002057.SZ', '300848.SZ', '300910.SZ', '601226.SH', '002664.SZ', '688408.SH', '300933.SZ', '688676.SH', '603197.SH', '002284.SZ', '300198.SZ', '603115.SH', '605068.SH', '300617.SZ', '300820.SZ', '603786.SH', '688667.SH', '688155.SH', '000572.SZ', '002984.SZ', '300712.SZ', '000510.SZ', '000913.SZ', '002977.SZ', '688077.SH', '600822.SH', '605016.SH', '300792.SZ', '300286.SZ', '605099.SH', '603982.SH', '300813.SZ', '300891.SZ', '300180.SZ', '300969.SZ', '688526.SH', '601020.SH', '688558.SH', '688269.SH', '603155.SH', '603098.SH', '300477.SZ', '300304.SZ', '688157.SH', '600698.SH', '688660.SH']"
2022-07-04,2022-07-01,2022-07-11,-0.008921186069000248,100,0.84,500,"['300903.SZ', '002028.SZ', '300696.SZ', '605333.SH', '300191.SZ', '002850.SZ', '688377.SH', '002190.SZ', '600877.SH', '688596.SH', '000682.SZ', '603931.SH', '600416.SH', '600207.SH', '300589.SZ', '603315.SH', '688127.SH', '003038.SZ', '300593.SZ', '600990.SH', '300073.SZ', '600550.SH', '688516.SH', '688135.SH', '300429.SZ', '603786.SH', '002297.SZ', '300953.SZ', '300457.SZ', '002196.SZ', '603489.SH', '300900.SZ', '605186.SH', '603218.SH', '300853.SZ', '300776.SZ', '600343.SH', '688006.SH', '688390.SH', '300680.SZ', '600072.SH', '000801.SZ', '002979.SZ', '300911.SZ', '600698.SH', '300001.SZ', '301029.SZ', '600391.SH', '600151.SH', '000697.SZ', '301031.SZ', '300894.SZ', '002985.SZ', '002984.SZ', '002498.SZ', '600537.SH', '300035.SZ', '002706.SZ', '600744.SH', '300681.SZ', '300160.SZ', '002667.SZ', '300850.SZ', '000901.SZ', '688330.SH', '688077.SH', '600562.SH', '002531.SZ', '300978.SZ', '002724.SZ', '605123.SH', '300443.SZ', '002480.SZ', '300536.SZ', '600375.SH', '300258.SZ', '002534.SZ', '300833.SZ', '688556.SH', '003026.SZ', '600184.SH', '300870.SZ', '300091.SZ', '603063.SH', '300438.SZ', '688308.SH', '688425.SH', '600818.SH', '603859.SH', '688680.SH', '002518.SZ', '688567.SH', '688378.SH', '300185.SZ', '688339.SH', '300114.SZ', '688001.SH', '000576.SZ', '002723.SZ', '002214.SZ']"
2022-07-11,2022-07-08,2022-07-18,0.02036696012039917,100,0.58,500,"['600822.SH', '688596.SH', '300853.SZ', '002190.SZ', '002480.SZ', '600537.SH', '002723.SZ', '600990.SH', '300091.SZ', '605186.SH', '002342.SZ', '000698.SZ', '000852.SZ', '600207.SH', '603577.SH', '000697.SZ', '600391.SH', '600375.SH', '600698.SH', '002579.SZ', '002196.SZ', '300252.SZ', '300986.SZ', '002957.SZ', '002819.SZ', '300191.SZ', '000925.SZ', '300342.SZ', '603131.SH', '600877.SH', '000903.SZ', '603366.SH', '300322.SZ', '003038.SZ', '600626.SH', '300540.SZ', '300733.SZ', '300536.SZ', '300870.SZ', '002870.SZ', '300903.SZ', '603912.SH', '300304.SZ', '002169.SZ', '002300.SZ', '600550.SH', '600800.SH', '600853.SH', '600744.SH', '600114.SH', '300035.SZ', '603618.SH', '300681.SZ', '300391.SZ', '300576.SZ', '300011.SZ', '688127.SH', '002554.SZ', '000901.SZ', '002724.SZ', '002534.SZ', '002552.SZ', '605333.SH', '000801.SZ', '300589.SZ', '300757.SZ', '688680.SH', '002189.SZ', '600072.SH', '300161.SZ', '002665.SZ', '300900.SZ', '688390.SH', '002276.SZ', '300429.SZ', '603956.SH', '002667.SZ', '002664.SZ', '300045.SZ', '688020.SH', '601500.SH', '688377.SH', '600151.SH', '300259.SZ', '600237.SH', '002265.SZ', '300857.SZ', '600501.SH', '600336.SH', '300566.SZ', '600818.SH', '000628.SZ', '002822.SZ', '603727.SH', '600268.SH', '300349.SZ', '300457.SZ', '300480.SZ', '300008.SZ', '688589.SH']"
2022-07-18,2022-07-15,2022-07-25,0.02386422687174383,100,0.63,500,"['300853.SZ', '688596.SH', '002957.SZ', '300903.SZ', '688589.SH', '600396.SH', '600207.SH', '300857.SZ', '688586.SH', '300540.SZ', '300566.SZ', '300890.SZ', '000925.SZ', '603662.SH', '300322.SZ', '002559.SZ', '300391.SZ', '688311.SH', '300933.SZ', '002119.SZ', '600822.SH', '002892.SZ', '002664.SZ', '603912.SH', '300607.SZ', '300582.SZ', '688025.SH', '688510.SH', '300813.SZ', '300793.SZ', '300589.SZ', '300576.SZ', '300040.SZ', '688378.SH', '002288.SZ', '300480.SZ', '002579.SZ', '002334.SZ', '688609.SH', '300252.SZ', '300412.SZ', '002184.SZ', '688661.SH', '300733.SZ', '002520.SZ', '300441.SZ', '002979.SZ', '688077.SH', '300307.SZ', '603283.SH', '300580.SZ', '300304.SZ', '688020.SH', '688299.SH', '300680.SZ', '002190.SZ', '688022.SH', '301029.SZ', '603626.SH', '300045.SZ', '300940.SZ', '300258.SZ', '688001.SH', '002765.SZ', '603131.SH', '688595.SH', '603611.SH', '688006.SH', '603727.SH', '003026.SZ', '688390.SH', '688135.SH', '688636.SH', '300429.SZ', '688308.SH', '003038.SZ', '603115.SH', '688788.SH', '002977.SZ', '300035.SZ', '688002.SH', '603931.SH', '300825.SZ', '002667.SZ', '300099.SZ', '002870.SZ', '603076.SH', '002723.SZ', '688128.SH', '688558.SH', '600698.SH', '688567.SH', '300342.SZ', '300982.SZ', '300850.SZ', '300684.SZ', '300708.SZ', '300986.SZ', '603960.SH', '603859.SH']"
2022-07-25,2022-07-22,2022-08-01,0.06220537438573113,100,0.49,500,"['600207.SH', '605068.SH', '300429.SZ', '300903.SZ', '688135.SH', '300258.SZ', '003026.SZ', '300733.SZ', '002979.SZ', '002977.SZ', '002667.SZ', '000700.SZ', '300680.SZ', '300900.SZ', '002297.SZ', '603809.SH', '603901.SH', '600237.SH', '002579.SZ', '605186.SH', '002892.SZ', '300040.SZ', '300191.SZ', '603859.SH', '002334.SZ', '603931.SH', '603662.SH', '300160.SZ', '300441.SZ', '688299.SH', '003021.SZ', '688510.SH', '002196.SZ', '603890.SH', '002733.SZ', '300951.SZ', '300259.SZ', '002664.SZ', '300391.SZ', '300684.SZ', '600396.SH', '688378.SH', '300853.SZ', '300607.SZ', '000925.SZ', '002980.SZ', '000561.SZ', '688788.SH', '300241.SZ', '002957.SZ', '688311.SH', '002559.SZ', '688519.SH', '688596.SH', '300739.SZ', '002111.SZ', '000777.SZ', '002364.SZ', '603912.SH', '002986.SZ', '688586.SH', '601500.SH', '300576.SZ', '300091.SZ', '300870.SZ', '300304.SZ', '688308.SH', '603012.SH', '300933.SZ', '002757.SZ', '688609.SH', '300349.SZ', '300850.SZ', '300890.SZ', '300825.SZ', '002035.SZ', '688059.SH', '300762.SZ', '002288.SZ', '688127.SH', '002833.SZ', '300145.SZ', '600979.SH', '688595.SH', '300732.SZ', '688181.SH', '300976.SZ', '688682.SH', '300177.SZ', '300602.SZ', '603699.SH', '002961.SZ', '300793.SZ', '603112.SH', '603076.SH', '002119.SZ', '600114.SH', '688330.SH', '688636.SH', '300342.SZ']"
2022-08-01,2022-07-29,2022-08-08,-0.005977679810982974,100,0.55,500,"['300680.SZ', '300890.SZ', '300040.SZ', '688135.SH', '600237.SH', '003038.SZ', '002297.SZ', '002196.SZ', '002965.SZ', '002996.SZ', '002979.SZ', '688596.SH', '300900.SZ', '688077.SH', '300258.SZ', '002667.SZ', '688025.SH', '300978.SZ', '300589.SZ', '300787.SZ', '003043.SZ', '300903.SZ', '600207.SH', '603809.SH', '300853.SZ', '605068.SH', '688589.SH', '300850.SZ', '300160.SZ', '300151.SZ', '002805.SZ', '300739.SZ', '002334.SZ', '688388.SH', '300191.SZ', '300870.SZ', '300813.SZ', '603969.SH', '002733.SZ', '300540.SZ', '002559.SZ', '002892.SZ', '300953.SZ', '300681.SZ', '300477.SZ', '002026.SZ', '002986.SZ', '300733.SZ', '688560.SH', '688663.SH', '603667.SH', '605333.SH', '300566.SZ', '300095.SZ', '603982.SH', '603076.SH', '600114.SH', '300607.SZ', '003026.SZ', '300684.SZ', '300580.SZ', '300693.SZ', '300412.SZ', '300946.SZ', '300940.SZ', '603115.SH', '300443.SZ', '002125.SZ', '003021.SZ', '300820.SZ', '688020.SH', '300982.SZ', '688390.SH', '603112.SH', '002452.SZ', '002977.SZ', '300648.SZ', '603283.SH', '300802.SZ', '300068.SZ', '300842.SZ', '300933.SZ', '300902.SZ', '603931.SH', '002957.SZ', '688508.SH', '300928.SZ', '605186.SH', '688586.SH', '300827.SZ', '300409.SZ', '605365.SH', '300429.SZ', '300035.SZ', '300576.SZ', '300647.SZ', '300825.SZ', '002664.SZ', '002335.SZ', '688377.SH']"
2022-08-08,2022-08-05,2022-08-15,0.0214502698534618,100,0.5,500,"['300733.SZ', '300680.SZ', '300870.SZ', '603809.SH', '600207.SH', '300151.SZ', '002986.SZ', '002979.SZ', '603901.SH', '300191.SZ', '300900.SZ', '300258.SZ', '003038.SZ', '603931.SH', '688519.SH', '002438.SZ', '603212.SH', '605333.SH', '603890.SH', '002196.SZ', '002892.SZ', '300304.SZ', '603662.SH', '300946.SZ', '000532.SZ', '300035.SZ', '603076.SH', '300787.SZ', '300684.SZ', '002851.SZ', '002667.SZ', '688596.SH', '002993.SZ', '300429.SZ', '300863.SZ', '300911.SZ', '688516.SH', '688388.SH', '688339.SH', '002805.SZ', '688127.SH', '603728.SH', '002819.SZ', '300099.SZ', '300568.SZ', '300951.SZ', '688556.SH', '300875.SZ', '600396.SH', '605068.SH', '300850.SZ', '002664.SZ', '605186.SH', '300259.SZ', '300647.SZ', '300853.SZ', '300857.SZ', '300040.SZ', '300566.SZ', '605123.SH', '300986.SZ', '002733.SZ', '300540.SZ', '002723.SZ', '300607.SZ', '300342.SZ', '300091.SZ', '002850.SZ', '300589.SZ', '300409.SZ', '300593.SZ', '300953.SZ', '300095.SZ', '603982.SH', '603699.SH', '300272.SZ', '300978.SZ', '000803.SZ', '600468.SH', '300681.SZ', '300441.SZ', '300160.SZ', '002833.SZ', '688377.SH', '300457.SZ', '600114.SH', '300066.SZ', '002965.SZ', '300488.SZ', '300890.SZ', '300114.SZ', '603956.SH', '300341.SZ', '600151.SH', '603912.SH', '000737.SZ', '002488.SZ', '688135.SH', '603131.SH', '300776.SZ']"
2022-08-15,2022-08-12,2022-08-22,0.005164730045524131,100,0.37,500,"['300040.SZ', '300733.SZ', '300680.SZ', '603809.SH', '002438.SZ', '300272.SZ', '600114.SH', '002196.SZ', '300739.SZ', '300258.SZ', '002979.SZ', '300409.SZ', '300160.SZ', '603969.SH', '000532.SZ', '002667.SZ', '002483.SZ', '300900.SZ', '300095.SZ', '688519.SH', '603112.SH', '603890.SH', '600207.SH', '300429.SZ', '300647.SZ', '300607.SZ', '300304.SZ', '300890.SZ', '002986.SZ', '002757.SZ', '002805.SZ', '003026.SZ', '601218.SH', '688388.SH', '600590.SH', '600237.SH', '000737.SZ', '300540.SZ', '688135.SH', '300341.SZ', '300853.SZ', '603662.SH', '300191.SZ', '300975.SZ', '603212.SH', '300151.SZ', '300099.SZ', '603901.SH', '300978.SZ', '300441.SZ', '003038.SZ', '603699.SH', '300435.SZ', '300953.SZ', '603013.SH', '300073.SZ', '002989.SZ', '300566.SZ', '300317.SZ', '002297.SZ', '300259.SZ', '300684.SZ', '002616.SZ', '300035.SZ', '000589.SZ', '002833.SZ', '300870.SZ', '002892.SZ', '600301.SH', '603897.SH', '603982.SH', '300091.SZ', '002819.SZ', '000700.SZ', '603002.SH', '603667.SH', '605333.SH', '603093.SH', '300342.SZ', '603931.SH', '002255.SZ', '600822.SH', '688077.SH', '002452.SZ', '000922.SZ', '300488.SZ', '300177.SZ', '600979.SH', '300580.SZ', '688516.SH', '300951.SZ', '002488.SZ', '603912.SH', '603076.SH', '300443.SZ', '603081.SH', '688377.SH', '300732.SZ', '002026.SZ', '300477.SZ']"
2022-08-22,2022-08-19,2022-08-29,-0.014838494320897561,100,0.51,500,"['300272.SZ', '603013.SH', '002758.SZ', '603897.SH', '603969.SH', '600742.SH', '002483.SZ', '603836.SH', '000852.SZ', '000521.SZ', '300435.SZ', '603303.SH', '600869.SH', '603890.SH', '600822.SH', '002584.SZ', '002870.SZ', '300732.SZ', '002479.SZ', '002533.SZ', '300647.SZ', '000922.SZ', '300619.SZ', '600617.SH', '600590.SH', '002196.SZ', '300384.SZ', '600982.SH', '603112.SH', '002757.SZ', '300488.SZ', '300040.SZ', '600973.SH', '300286.SZ', '600523.SH', '601218.SH', '300341.SZ', '300739.SZ', '300095.SZ', '300349.SZ', '300975.SZ', '603619.SH', '603667.SH', '002283.SZ', '002986.SZ', '002255.SZ', '603703.SH', '688519.SH', '600818.SH', '600458.SH', '601038.SH', '300986.SZ', '002441.SZ', '600860.SH', '300278.SZ', '688516.SH', '300258.SZ', '603809.SH', '603699.SH', '002265.SZ', '300441.SZ', '688556.SH', '300191.SZ', '605333.SH', '300978.SZ', '002488.SZ', '601311.SH', '300402.SZ', '688077.SH', '600301.SH', '300228.SZ', '300757.SZ', '300304.SZ', '603035.SH', '300580.SZ', '002865.SZ', '300179.SZ', '000589.SZ', '688377.SH', '002805.SZ', '300409.SZ', '300360.SZ', '601126.SH', '603698.SH', '002116.SZ', '300073.SZ', '600343.SH', '300540.SZ', '300870.SZ', '603093.SH', '002664.SZ', '603727.SH', '002498.SZ', '688676.SH', '688388.SH', '002300.SZ', '300160.SZ', '000628.SZ', '000682.SZ', '605286.SH']"
2022-08-29,2022-08-26,2022-09-05,-0.030175785835213128,100,0.44,500,"['300732.SZ', '002758.SZ', '000521.SZ', '603836.SH', '002479.SZ', '002048.SZ', '601038.SH', '002483.SZ', '000779.SZ', '600101.SH', '002662.SZ', '600742.SH', '603013.SH', '600336.SH', '000680.SZ', '603035.SH', '002986.SZ', '603112.SH', '600590.SH', '000700.SZ', '603619.SH', '603969.SH', '603002.SH', '603897.SH', '002116.SZ', '605333.SH', '002584.SZ', '600982.SH', '000922.SZ', '600310.SH', '300488.SZ', '300870.SZ', '002255.SZ', '000737.SZ', '002533.SZ', '300040.SZ', '300272.SZ', '002488.SZ', '300580.SZ', '002265.SZ', '300619.SZ', '002664.SZ', '688377.SH', '688556.SH', '600327.SH', '002757.SZ', '002283.SZ', '300875.SZ', '603703.SH', '300349.SZ', '603662.SH', '300857.SZ', '000628.SZ', '603890.SH', '600261.SH', '300946.SZ', '601218.SH', '600973.SH', '002441.SZ', '605336.SH', '605368.SH', '301039.SZ', '000862.SZ', '600698.SH', '300179.SZ', '300739.SZ', '000666.SZ', '002529.SZ', '300649.SZ', '000816.SZ', '300863.SZ', '605123.SH', '002865.SZ', '002300.SZ', '688676.SH', '002947.SZ', '300427.SZ', '603815.SH', '603093.SH', '002885.SZ', '000096.SZ', '300809.SZ', '300317.SZ', '300258.SZ', '002578.SZ', '603667.SH', '603809.SH', '300911.SZ', '300969.SZ', '002943.SZ', '600818.SH', '600686.SH', '688533.SH', '002870.SZ', '002552.SZ', '603012.SH', '600203.SH', '600869.SH', '000682.SZ', '600679.SH']"
2022-09-05,2022-09-02,2022-09-13,0.011636037504973929,100,0.59,500,"['000779.SZ', '002121.SZ', '600853.SH', '600982.SH', '000521.SZ', '002989.SZ', '603333.SH', '002448.SZ', '002328.SZ', '000697.SZ', '600686.SH', '300080.SZ', '603111.SH', '000628.SZ', '002519.SZ', '600310.SH', '600545.SH', '300490.SZ', '600268.SH', '002758.SZ', '000680.SZ', '002870.SZ', '300732.SZ', '000700.SZ', '002647.SZ', '600807.SH', '000666.SZ', '002441.SZ', '002552.SZ', '600336.SH', '000816.SZ', '600480.SH', '300649.SZ', '600894.SH', '000528.SZ', '600495.SH', '000720.SZ', '600081.SH', '600742.SH', '600312.SH', '002822.SZ', '300008.SZ', '603969.SH', '600101.SH', '002527.SZ', '601179.SH', '600301.SH', '002616.SZ', '300011.SZ', '000862.SZ', '600679.SH', '002819.SZ', '600822.SH', '002048.SZ', '600619.SH', '600744.SH', '600800.SH', '300757.SZ', '002367.SZ', '600327.SH', '600375.SH', '002479.SZ', '002882.SZ', '002559.SZ', '000096.SZ', '002766.SZ', '002265.SZ', '600261.SH', '603815.SH', '600626.SH', '603366.SH', '300444.SZ', '002454.SZ', '300427.SZ', '300442.SZ', '000584.SZ', '002480.SZ', '600590.SH', '000589.SZ', '000400.SZ', '002547.SZ', '002590.SZ', '002717.SZ', '601218.SH', '002533.SZ', '600396.SH', '000698.SZ', '002283.SZ', '600318.SH', '300569.SZ', '002955.SZ', '300272.SZ', '603530.SH', '600973.SH', '603012.SH', '002943.SZ', '600203.SH', '300527.SZ', '002662.SZ', '002488.SZ']"
2022-09-13,2022-09-09,2022-09-19,-0.08925445389509702,100,0.48,500,"['000521.SZ', '002758.SZ', '600982.SH', '002483.SZ', '600336.SH', '601038.SH', '600310.SH', '002116.SZ', '600742.SH', '002441.SZ', '002870.SZ', '002533.SZ', '002048.SZ', '002328.SZ', '600973.SH', '600101.SH', '301039.SZ', '000779.SZ', '603897.SH', '002121.SZ', '600619.SH', '300032.SZ', '600480.SH', '000528.SZ', '600853.SH', '002662.SZ', '300118.SZ', '002955.SZ', '300732.SZ', '002270.SZ', '000852.SZ', '603619.SH', '600807.SH', '605196.SH', '603035.SH', '002488.SZ', '000700.SZ', '300833.SZ', '600894.SH', '002479.SZ', '300488.SZ', '300286.SZ', '002454.SZ', '002801.SZ', '000737.SZ', '603002.SH', '000400.SZ', '002882.SZ', '002757.SZ', '688533.SH', '002590.SZ', '600744.SH', '002759.SZ', '300660.SZ', '600860.SH', '601179.SH', '601218.SH', '002448.SZ', '688676.SH', '688063.SH', '603529.SH', '300580.SZ', '600301.SH', '000680.SZ', '603013.SH', '603333.SH', '002996.SZ', '002885.SZ', '000666.SZ', '603728.SH', '002519.SZ', '002884.SZ', '600312.SH', '000862.SZ', '603366.SH', '002035.SZ', '002667.SZ', '688682.SH', '600818.SH', '688556.SH', '300776.SZ', '300787.SZ', '600626.SH', '300649.SZ', '002547.SZ', '600580.SH', '300360.SZ', '002367.SZ', '600318.SH', '603556.SH', '600327.SH', '000628.SZ', '605305.SH', '688665.SH', '300619.SZ', '000697.SZ', '300351.SZ', '002943.SZ', '600475.SH', '002487.SZ']"
2022-09-19,2022-09-16,2022-09-26,-0.009658526129617998,100,0.57,500,"['300824.SZ', '000779.SZ', '002882.SZ', '300649.SZ', '605336.SH', '002519.SZ', '603166.SH', '605186.SH', '002547.SZ', '300837.SZ', '002121.SZ', '603530.SH', '300833.SZ', '002884.SZ', '603035.SH', '603949.SH', '002766.SZ', '300732.SZ', '600101.SH', '002978.SZ', '002270.SZ', '002980.SZ', '300660.SZ', '002265.SZ', '300427.SZ', '603333.SH', '002328.SZ', '688682.SH', '300442.SZ', '300875.SZ', '600318.SH', '002724.SZ', '002175.SZ', '300127.SZ', '002346.SZ', '002677.SZ', '605365.SH', '600327.SH', '603203.SH', '300008.SZ', '300776.SZ', '002448.SZ', '002977.SZ', '603002.SH', '300951.SZ', '300696.SZ', '688063.SH', '002801.SZ', '000837.SZ', '688556.SH', '603703.SH', '603815.SH', '002975.SZ', '002367.SZ', '000700.SZ', '002446.SZ', '000576.SZ', '002454.SZ', '300580.SZ', '600807.SH', '002488.SZ', '601606.SH', '300813.SZ', '002116.SZ', '002947.SZ', '300946.SZ', '000862.SZ', '002559.SZ', '300902.SZ', '300809.SZ', '002662.SZ', '603809.SH', '000816.SZ', '301039.SZ', '688665.SH', '600744.SH', '000697.SZ', '600818.SH', '300940.SZ', '300527.SZ', '600679.SH', '002529.SZ', '605305.SH', '603358.SH', '300412.SZ', '600651.SH', '300384.SZ', '000584.SZ', '688630.SH', '688059.SH', '603662.SH', '600853.SH', '000821.SZ', '603912.SH', '603969.SH', '600982.SH', '300787.SZ', '002955.SZ', '001208.SZ', '688667.SH']"
2022-09-26,2022-09-23,2022-10-10,-0.026954136870106938,100,0.91,500,"['000915.SZ', '300787.SZ', '000601.SZ', '000728.SZ', '300765.SZ', '002818.SZ', '600750.SH', '300533.SZ', '600403.SH', '600508.SH', '603676.SH', '600101.SH', '002993.SZ', '002277.SZ', '002926.SZ', '600368.SH', '600035.SH', '600872.SH', '000933.SZ', '002606.SZ', '002735.SZ', '300110.SZ', '000913.SZ', '600367.SH', '000975.SZ', '002083.SZ', '002966.SZ', '688317.SH', '002275.SZ', '000810.SZ', '603032.SH', '000722.SZ', '000631.SZ', '003043.SZ', '601928.SH', '300481.SZ', '002345.SZ', '002116.SZ', '603777.SH', '603665.SH', '002317.SZ', '000756.SZ', '002488.SZ', '300149.SZ', '300724.SZ', '600395.SH', '002223.SZ', '600909.SH', '002062.SZ', '002444.SZ', '600929.SH', '002847.SZ', '002398.SZ', '000655.SZ', '600866.SH', '688639.SH', '603908.SH', '603217.SH', '600497.SH', '002950.SZ', '603379.SH', '605365.SH', '600784.SH', '600657.SH', '002011.SZ', '300666.SZ', '600818.SH', '603301.SH', '600129.SH', '603348.SH', '300337.SZ', '002864.SZ', '000885.SZ', '603867.SH', '300902.SZ', '000576.SZ', '300604.SZ', '603938.SH', '000753.SZ', '300586.SZ', '002595.SZ', '002943.SZ', '002121.SZ', '600817.SH', '002238.SZ', '002244.SZ', '603355.SH', '603566.SH', '603129.SH', '600121.SH', '300633.SZ', '002960.SZ', '603886.SH', '600189.SH', '002881.SZ', '603399.SH', '603067.SH', '603595.SH', '000567.SZ', '002487.SZ']"
2022-10-10,2022-09-30,2022-10-17,0.05631599559077473,100,0.56,500,"['600035.SH', '002083.SZ', '600368.SH', '600780.SH', '600508.SH', '002116.SZ', '002398.SZ', '600325.SH', '603777.SH', '600283.SH', '002345.SZ', '002966.SZ', '000885.SZ', '002818.SZ', '300533.SZ', '601928.SH', '603886.SH', '603368.SH', '002768.SZ', '000912.SZ', '600908.SH', '002697.SZ', '600403.SH', '600794.SH', '002737.SZ', '300765.SZ', '002277.SZ', '600350.SH', '601001.SH', '300149.SZ', '603759.SH', '600828.SH', '600750.SH', '600657.SH', '000915.SZ', '000933.SZ', '002393.SZ', '300244.SZ', '002488.SZ', '600909.SH', '000778.SZ', '600395.SH', '002244.SZ', '002441.SZ', '000921.SZ', '600101.SH', '000557.SZ', '600056.SH', '002275.SZ', '603031.SH', '603639.SH', '002262.SZ', '002950.SZ', '603217.SH', '600190.SH', '002344.SZ', '000736.SZ', '605365.SH', '002478.SZ', '002216.SZ', '300787.SZ', '002926.SZ', '000753.SZ', '000900.SZ', '002469.SZ', '002062.SZ', '000722.SZ', '002489.SZ', '000728.SZ', '600633.SH', '600121.SH', '600063.SH', '002238.SZ', '002386.SZ', '000078.SZ', '600617.SH', '603676.SH', '600533.SH', '300453.SZ', '603867.SH', '002003.SZ', '002140.SZ', '600710.SH', '002107.SZ', '000975.SZ', '002225.SZ', '300673.SZ', '000631.SZ', '000567.SZ', '000065.SZ', '003016.SZ', '603177.SH', '002016.SZ', '603800.SH', '002099.SZ', '601028.SH', '002004.SZ', '000423.SZ', '301035.SZ', '300130.SZ']"
2022-10-17,2022-10-14,2022-10-24,-0.00956772475307432,100,0.92,500,"['600173.SH', '002968.SZ', '603630.SH', '000011.SZ', '300531.SZ', '002735.SZ', '300729.SZ', '002990.SZ', '603383.SH', '300541.SZ', '300572.SZ', '603165.SH', '300310.SZ', '002117.SZ', '603611.SH', '002208.SZ', '600713.SH', '002462.SZ', '300255.SZ', '300622.SZ', '603368.SH', '000950.SZ', '002315.SZ', '603180.SH', '002016.SZ', '688588.SH', '300016.SZ', '300448.SZ', '000029.SZ', '000931.SZ', '600658.SH', '300740.SZ', '600728.SH', '300674.SZ', '300559.SZ', '600503.SH', '000788.SZ', '300532.SZ', '002082.SZ', '002421.SZ', '600624.SH', '300288.SZ', '300188.SZ', '300378.SZ', '300962.SZ', '000886.SZ', '300662.SZ', '605299.SH', '600829.SH', '300624.SZ', '600602.SH', '300391.SZ', '300925.SZ', '600850.SH', '600222.SH', '002063.SZ', '603927.SH', '600662.SH', '300598.SZ', '600510.SH', '603818.SH', '002880.SZ', '600993.SH', '002275.SZ', '002792.SZ', '300085.SZ', '000090.SZ', '300149.SZ', '600211.SH', '603887.SH', '000989.SZ', '002107.SZ', '002232.SZ', '605080.SH', '300465.SZ', '603508.SH', '600200.SH', '600789.SH', '605098.SH', '300765.SZ', '600639.SH', '002900.SZ', '000615.SZ', '603983.SH', '688318.SH', '300143.SZ', '002644.SZ', '688095.SH', '600351.SH', '300659.SZ', '002099.SZ', '600329.SH', '002376.SZ', '000555.SZ', '300248.SZ', '002923.SZ', '688030.SH', '300453.SZ', '300233.SZ', '603387.SH']"
2022-10-24,2022-10-21,2022-10-31,0.06860620246405079,100,0.6,500,"['002063.SZ', '600850.SH', '300448.SZ', '300531.SZ', '300378.SZ', '600797.SH', '002368.SZ', '300962.SZ', '002649.SZ', '002990.SZ', '300465.SZ', '600131.SH', '300288.SZ', '300036.SZ', '300634.SZ', '002421.SZ', '603983.SH', '688588.SH', '300895.SZ', '002261.SZ', '300685.SZ', '600993.SH', '000555.SZ', '300310.SZ', '002792.SZ', '603222.SH', '300358.SZ', '300541.SZ', '300352.SZ', '300996.SZ', '300598.SZ', '300439.SZ', '300079.SZ', '300143.SZ', '300941.SZ', '600446.SH', '600728.SH', '300085.SZ', '002315.SZ', '603976.SH', '605136.SH', '300009.SZ', '600602.SH', '300768.SZ', '300366.SZ', '002117.SZ', '002332.SZ', '603630.SH', '300520.SZ', '000158.SZ', '688208.SH', '002675.SZ', '300663.SZ', '300579.SZ', '300020.SZ', '300740.SZ', '300287.SZ', '603383.SH', '300078.SZ', '002755.SZ', '002376.SZ', '688318.SH', '300451.SZ', '300365.SZ', '300642.SZ', '300468.SZ', '688277.SH', '603859.SH', '300188.SZ', '605098.SH', '688580.SH', '603927.SH', '300302.SZ', '301015.SZ', '300215.SZ', '603171.SH', '600771.SH', '300624.SZ', '300674.SZ', '603508.SH', '300386.SZ', '300017.SZ', '002777.SZ', '300168.SZ', '300687.SZ', '002082.SZ', '605099.SH', '300326.SZ', '600211.SH', '688366.SH', '300369.SZ', '300098.SZ', '300790.SZ', '300572.SZ', '002912.SZ', '002275.SZ', '000650.SZ', '600329.SH', '300872.SZ', '300311.SZ']"
2022-10-31,2022-10-28,2022-11-07,0.027812030117072232,100,0.46,500,"['300110.SZ', '600850.SH', '300579.SZ', '000555.SZ', '002649.SZ', '002990.SZ', '600797.SH', '002376.SZ', '300085.SZ', '603983.SH', '002315.SZ', '300465.SZ', '000158.SZ', '600728.SH', '300036.SZ', '600446.SH', '300386.SZ', '300302.SZ', '300448.SZ', '600771.SH', '300287.SZ', '002755.SZ', '002243.SZ', '688030.SH', '300379.SZ', '002368.SZ', '002063.SZ', '002792.SZ', '000931.SZ', '600718.SH', '600645.SH', '600624.SH', '300078.SZ', '300365.SZ', '300455.SZ', '603383.SH', '600639.SH', '000997.SZ', '600571.SH', '300188.SZ', '000029.SZ', '300451.SZ', '002912.SZ', '300996.SZ', '300311.SZ', '688588.SH', '600855.SH', '688266.SH', '605098.SH', '002609.SZ', '601519.SH', '002275.SZ', '300168.SZ', '603869.SH', '300369.SZ', '688277.SH', '002581.SZ', '300468.SZ', '600252.SH', '600602.SH', '300598.SZ', '300079.SZ', '600836.SH', '688568.SH', '603630.SH', '600222.SH', '000403.SZ', '300288.SZ', '002117.SZ', '605136.SH', '600200.SH', '300378.SZ', '002019.SZ', '002793.SZ', '600246.SH', '000989.SZ', '688366.SH', '002212.SZ', '300318.SZ', '002435.SZ', '300642.SZ', '002437.SZ', '000504.SZ', '300895.SZ', '000090.SZ', '300941.SZ', '300872.SZ', '300324.SZ', '688365.SH', '603881.SH', '300651.SZ', '002421.SZ', '600648.SH', '002390.SZ', '000503.SZ', '300634.SZ', '603610.SH', '300377.SZ', '688198.SH', '002099.SZ']"
2022-11-07,2022-11-04,2022-11-14,0.027703915143176973,100,0.58,500,"['300799.SZ', '000503.SZ', '688578.SH', '605007.SH', '688166.SH', '000090.SZ', '000011.SZ', '603611.SH', '002967.SZ', '300691.SZ', '300378.SZ', '600639.SH', '600064.SH', '603108.SH', '600055.SH', '300348.SZ', '300085.SZ', '688277.SH', '300455.SZ', '300379.SZ', '600173.SH', '002243.SZ', '300465.SZ', '600773.SH', '688023.SH', '300244.SZ', '688030.SH', '688088.SH', '688668.SH', '300552.SZ', '601519.SH', '600771.SH', '300941.SZ', '605118.SH', '300311.SZ', '300358.SZ', '600533.SH', '300287.SZ', '300149.SZ', '300572.SZ', '688365.SH', '600641.SH', '002792.SZ', '300204.SZ', '000886.SZ', '600571.SH', '300523.SZ', '300310.SZ', '300541.SZ', '300188.SZ', '688317.SH', '600829.SH', '688177.SH', '300168.SZ', '300917.SZ', '603368.SH', '300098.SZ', '688266.SH', '600836.SH', '300036.SZ', '600718.SH', '300079.SZ', '605377.SH', '000931.SZ', '688588.SH', '002162.SZ', '300551.SZ', '603138.SH', '300869.SZ', '688321.SH', '300302.SZ', '300143.SZ', '300110.SZ', '300448.SZ', '002059.SZ', '300651.SZ', '300663.SZ', '002421.SZ', '002063.SZ', '002437.SZ', '300598.SZ', '002581.SZ', '300249.SZ', '688606.SH', '002970.SZ', '000909.SZ', '002275.SZ', '300659.SZ', '601512.SH', '300996.SZ', '600446.SH', '600200.SH', '688222.SH', '300674.SZ', '300130.SZ', '603630.SH', '300239.SZ', '603859.SH', '001914.SZ', '002208.SZ']"
2022-11-14,2022-11-11,2022-11-21,0.018495970139073812,100,0.76,500,"['600200.SH', '600624.SH', '003029.SZ', '002644.SZ', '002016.SZ', '600533.SH', '002178.SZ', '603138.SH', '002551.SZ', '002376.SZ', '300158.SZ', '002912.SZ', '300541.SZ', '300379.SZ', '000766.SZ', '000029.SZ', '600571.SH', '300479.SZ', '000042.SZ', '300386.SZ', '600222.SH', '000710.SZ', '600855.SH', '002528.SZ', '000036.SZ', '300391.SZ', '300603.SZ', '002435.SZ', '002162.SZ', '002462.SZ', '600658.SH', '002657.SZ', '300872.SZ', '002393.SZ', '000631.SZ', '000909.SZ', '300110.SZ', '600716.SH', '600771.SH', '002793.SZ', '000524.SZ', '603818.SH', '600865.SH', '002285.SZ', '002589.SZ', '000965.SZ', '605098.SH', '002792.SZ', '300465.SZ', '000888.SZ', '000011.SZ', '600657.SH', '300324.SZ', '300895.SZ', '002530.SZ', '600246.SH', '300238.SZ', '300365.SZ', '300546.SZ', '300006.SZ', '603165.SH', '000151.SZ', '300622.SZ', '000503.SZ', '000838.SZ', '002900.SZ', '002970.SZ', '000090.SZ', '600603.SH', '605136.SH', '688369.SH', '000056.SZ', '002107.SZ', '001914.SZ', '603590.SH', '002735.SZ', '000931.SZ', '300651.SZ', '300204.SZ', '300016.SZ', '603630.SH', '000514.SZ', '000428.SZ', '002581.SZ', '603887.SH', '000788.SZ', '600094.SH', '600648.SH', '000950.SZ', '300049.SZ', '300579.SZ', '002621.SZ', '000158.SZ', '600604.SH', '000948.SZ', '002864.SZ', '688177.SH', '600587.SH', '300085.SZ', '000797.SZ']"
2022-11-21,2022-11-18,2022-11-28,-0.03299922156197442,100,0.57,500,"['600865.SH', '603987.SH', '002376.SZ', '000813.SZ', '300016.SZ', '300571.SZ', '002735.SZ', '603590.SH', '600824.SH', '600624.SH', '600693.SH', '300504.SZ', '000631.SZ', '600007.SH', '002016.SZ', '000011.SZ', '002275.SZ', '603630.SH', '300448.SZ', '300381.SZ', '600836.SH', '603165.SH', '002755.SZ', '300020.SZ', '000029.SZ', '600658.SH', '002082.SZ', '600648.SH', '000036.SZ', '688085.SH', '300110.SZ', '600094.SH', '688513.SH', '600639.SH', '000989.SZ', '300292.SZ', '000090.SZ', '000888.SZ', '600604.SH', '603180.SH', '603222.SH', '300377.SZ', '300365.SZ', '603818.SH', '603220.SH', '603508.SH', '300078.SZ', '002792.SZ', '002303.SZ', '300391.SZ', '002107.SZ', '002818.SZ', '002117.SZ', '002038.SZ', '300215.SZ', '600645.SH', '603383.SH', '002581.SZ', '300326.SZ', '688588.SH', '002644.SZ', '688369.SH', '300485.SZ', '600716.SH', '601512.SH', '300683.SZ', '000042.SZ', '600602.SH', '002393.SZ', '300406.SZ', '600895.SH', '600736.SH', '600222.SH', '300622.SZ', '000710.SZ', '600533.SH', '688658.SH', '000997.SZ', '300455.SZ', '600446.SH', '002187.SZ', '600173.SH', '300302.SZ', '600054.SH', '300324.SZ', '605136.SH', '300006.SZ', '600252.SH', '002561.SZ', '000158.SZ', '600285.SH', '300997.SZ', '002551.SZ', '300255.SZ', '688313.SH', '600185.SH', '002901.SZ', '300386.SZ', '002912.SZ', '600200.SH']"
2022-11-28,2022-11-25,2022-12-05,0.0538818571367523,100,0.69,500,"['600693.SH', '600865.SH', '000417.SZ', '600814.SH', '002277.SZ', '600694.SH', '603165.SH', '002303.SZ', '300016.SZ', '002697.SZ', '002228.SZ', '600308.SH', '603590.SH', '300110.SZ', '002067.SZ', '002435.SZ', '603367.SH', '600488.SH', '600420.SH', '002489.SZ', '601116.SH', '601366.SH', '002940.SZ', '600624.SH', '300194.SZ', '002818.SZ', '603818.SH', '002344.SZ', '600278.SH', '600103.SH', '002393.SZ', '300255.SZ', '603368.SH', '600789.SH', '002969.SZ', '300381.SZ', '002301.SZ', '002117.SZ', '300326.SZ', '300622.SZ', '002251.SZ', '600824.SH', '600738.SH', '000597.SZ', '603887.SH', '000910.SZ', '002649.SZ', '300729.SZ', '603610.SH', '600315.SH', '002582.SZ', '603987.SH', '300239.SZ', '688085.SH', '688369.SH', '002561.SZ', '002187.SZ', '000813.SZ', '603611.SH', '002462.SZ', '688513.SH', '002004.SZ', '600252.SH', '600662.SH', '000882.SZ', '000078.SZ', '688399.SH', '603108.SH', '300288.SZ', '600479.SH', '002038.SZ', '600628.SH', '300391.SZ', '002298.SZ', '605098.SH', '000950.SZ', '300485.SZ', '002107.SZ', '003020.SZ', '002950.SZ', '603180.SH', '603301.SH', '600433.SH', '688621.SH', '002550.SZ', '601968.SH', '600750.SH', '300453.SZ', '002491.SZ', '002735.SZ', '600713.SH', '600587.SH', '002390.SZ', '603309.SH', '002589.SZ', '603031.SH', '000555.SZ', '000659.SZ', '605080.SH', '603387.SH']"
2022-12-05,2022-12-02,2022-12-12,0.009321686359586382,100,0.45,500,"['600693.SH', '000417.SZ', '603887.SH', '601366.SH', '603818.SH', '002228.SZ', '600408.SH', '600694.SH', '000910.SZ', '600828.SH', '000882.SZ', '002277.SZ', '600308.SH', '600829.SH', '002489.SZ', '002582.SZ', '002251.SZ', '002301.SZ', '600420.SH', '600278.SH', '600628.SH', '000078.SZ', '603165.SH', '603590.SH', '002589.SZ', '002067.SZ', '002393.SZ', '002376.SZ', '600824.SH', '600814.SH', '000659.SZ', '300391.SZ', '300047.SZ', '002697.SZ', '300016.SZ', '600682.SH', '002344.SZ', '300226.SZ', '600200.SH', '603630.SH', '600361.SH', '603610.SH', '002792.SZ', '603313.SH', '600713.SH', '002435.SZ', '000950.SZ', '300616.SZ', '603031.SH', '600789.SH', '601116.SH', '600865.SH', '002004.SZ', '002900.SZ', '600836.SH', '002798.SZ', '600488.SH', '600337.SH', '603368.SH', '600812.SH', '300020.SZ', '000034.SZ', '300006.SZ', '002298.SZ', '300324.SZ', '600103.SH', '000710.SZ', '300729.SZ', '300981.SZ', '002280.SZ', '300571.SZ', '300368.SZ', '603367.SH', '600792.SH', '002303.SZ', '300040.SZ', '600351.SH', '002462.SZ', '600410.SH', '300381.SZ', '000504.SZ', '000597.SZ', '603180.SH', '603611.SH', '300158.SZ', '002707.SZ', '300238.SZ', '605136.SH', '300423.SZ', '002382.SZ', '300132.SZ', '300292.SZ', '603220.SH', '600479.SH', '600855.SH', '688520.SH', '600100.SH', '300194.SZ', '002038.SZ', '002755.SZ']"
2022-12-12,2022-12-09,2022-12-19,-0.04465336590373917,100,0.54,500,"['603590.SH', '603165.SH', '603180.SH', '002735.SZ', '000910.SZ', '600420.SH', '002117.SZ', '002900.SZ', '603630.SH', '002038.SZ', '300729.SZ', '600361.SH', '600682.SH', '600694.SH', '600628.SH', '002376.SZ', '605080.SH', '600824.SH', '603881.SH', '603610.SH', '605098.SH', '002818.SZ', '002792.SZ', '600308.SH', '600267.SH', '000882.SZ', '002020.SZ', '002228.SZ', '000659.SZ', '300870.SZ', '002755.SZ', '000417.SZ', '002067.SZ', '600865.SH', '603333.SH', '300391.SZ', '688076.SH', '300622.SZ', '688677.SH', '603987.SH', '300571.SZ', '000710.SZ', '603220.SH', '600572.SH', '300238.SZ', '600216.SH', '300683.SZ', '300170.SZ', '600408.SH', '600836.SH', '002107.SZ', '300662.SZ', '603818.SH', '600756.SH', '300520.SZ', '300016.SZ', '603367.SH', '600200.SH', '603859.SH', '688580.SH', '688513.SH', '688289.SH', '688399.SH', '002967.SZ', '300047.SZ', '688588.SH', '002393.SZ', '300841.SZ', '300766.SZ', '688202.SH', '600829.SH', '002581.SZ', '000813.SZ', '002382.SZ', '002462.SZ', '000931.SZ', '300244.SZ', '688330.SH', '600278.SH', '002474.SZ', '603887.SH', '605339.SH', '300702.SZ', '000667.SZ', '601588.SH', '002277.SZ', '300168.SZ', '300630.SZ', '603383.SH', '002275.SZ', '600103.SH', '300020.SZ', '688068.SH', '300287.SZ', '300541.SZ', '605099.SH', '600511.SH', '300009.SZ', '603087.SH', '300255.SZ']"
2022-12-19,2022-12-16,2022-12-26,-0.03361772612126675,100,0.48,500,"['603180.SH', '300047.SZ', '300729.SZ', '603165.SH', '600756.SH', '603881.SH', '000560.SZ', '000042.SZ', '603590.SH', '002735.SZ', '000048.SZ', '688068.SH', '600420.SH', '000517.SZ', '688606.SH', '603887.SH', '600094.SH', '600067.SH', '601512.SH', '600267.SH', '688202.SH', '002382.SZ', '600682.SH', '688399.SH', '002067.SZ', '688076.SH', '300520.SZ', '300738.SZ', '600824.SH', '603818.SH', '000926.SZ', '002900.SZ', '300677.SZ', '000659.SZ', '601588.SH', '002228.SZ', '300691.SZ', '688317.SH', '603610.SH', '600565.SH', '000710.SZ', '300630.SZ', '002020.SZ', '300683.SZ', '300981.SZ', '600077.SH', '300942.SZ', '300482.SZ', '600829.SH', '300381.SZ', '002004.SZ', '605098.SH', '002967.SZ', '605080.SH', '300846.SZ', '603630.SH', '002551.SZ', '603976.SH', '000961.SZ', '002376.SZ', '000504.SZ', '300636.SZ', '002792.SZ', '600836.SH', '002082.SZ', '000838.SZ', '603222.SH', '000028.SZ', '300238.SZ', '688315.SH', '002932.SZ', '300841.SZ', '603859.SH', '000011.SZ', '300439.SZ', '603987.SH', '000034.SZ', '002950.SZ', '603087.SH', '300639.SZ', '002969.SZ', '002462.SZ', '688580.SH', '300244.SZ', '300624.SZ', '688677.SH', '000812.SZ', '000918.SZ', '688289.SH', '002727.SZ', '002474.SZ', '688298.SH', '000056.SZ', '300766.SZ', '002038.SZ', '300723.SZ', '300856.SZ', '000965.SZ', '300365.SZ', '600865.SH']"
2022-12-26,2022-12-23,2023-01-03,0.02409233931294138,100,0.72,500,"['000504.SZ', '000659.SZ', '300368.SZ', '300238.SZ', '002970.SZ', '300853.SZ', '300132.SZ', '300381.SZ', '300302.SZ', '002798.SZ', '688030.SH', '600337.SH', '300040.SZ', '002196.SZ', '002491.SZ', '300053.SZ', '300168.SZ', '300651.SZ', '603976.SH', '002280.SZ', '600836.SH', '688365.SH', '300016.SZ', '300552.SZ', '300391.SZ', '600361.SH', '000931.SZ', '300006.SZ', '688520.SH', '000566.SZ', '603333.SH', '603087.SH', '002792.SZ', '300215.SZ', '300444.SZ', '300691.SZ', '000710.SZ', '600410.SH', '603859.SH', '300386.SZ', '002382.SZ', '688277.SH', '300369.SZ', '600628.SH', '300520.SZ', '002900.SZ', '688580.SH', '300318.SZ', '600824.SH', '300624.SZ', '300085.SZ', '600198.SH', '002212.SZ', '002918.SZ', '002967.SZ', '300870.SZ', '002376.SZ', '000882.SZ', '300616.SZ', '300448.SZ', '300134.SZ', '300324.SZ', '603887.SH', '688023.SH', '300572.SZ', '002912.SZ', '601366.SH', '600756.SH', '600624.SH', '000523.SZ', '600792.SH', '300465.SZ', '603590.SH', '300287.SZ', '300098.SZ', '688266.SH', '300271.SZ', '603377.SH', '603818.SH', '002755.SZ', '603520.SH', '601218.SH', '002609.SZ', '300659.SZ', '300729.SZ', '300188.SZ', '603220.SH', '002735.SZ', '002793.SZ', '300683.SZ', '002178.SZ', '300598.SZ', '300310.SZ', '688155.SH', '300510.SZ', '002067.SZ', '002364.SZ', '603165.SH', '603313.SH', '002452.SZ']"
2023-01-03,2022-12-30,2023-01-09,0.01223974593534076,100,0.92,500,"['000516.SZ', '002912.SZ', '600199.SH', '600536.SH', '003029.SZ', '000766.SZ', '002735.SZ', '002121.SZ', '000595.SZ', '002389.SZ', '000504.SZ', '002446.SZ', '002547.SZ', '603138.SH', '000697.SZ', '600095.SH', '002542.SZ', '000816.SZ', '603555.SH', '603777.SH', '002181.SZ', '002238.SZ', '002299.SZ', '002750.SZ', '002746.SZ', '002491.SZ', '002234.SZ', '600685.SH', '300598.SZ', '603069.SH', '002530.SZ', '600698.SH', '600301.SH', '002613.SZ', '600353.SH', '603056.SH', '600818.SH', '600996.SH', '600807.SH', '300203.SZ', '603883.SH', '002639.SZ', '300005.SZ', '000722.SZ', '002104.SZ', '002033.SZ', '600313.SH', '688123.SH', '002162.SZ', '600557.SH', '688177.SH', '000860.SZ', '688221.SH', '002349.SZ', '002354.SZ', '002865.SZ', '601858.SH', '002918.SZ', '002368.SZ', '002565.SZ', '600381.SH', '002107.SZ', '688533.SH', '601890.SH', '300659.SZ', '603177.SH', '000032.SZ', '600610.SH', '600571.SH', '002755.SZ', '603927.SH', '000888.SZ', '601958.SH', '002265.SZ', '300752.SZ', '002246.SZ', '300647.SZ', '300567.SZ', '002430.SZ', '000690.SZ', '600859.SH', '002520.SZ', '600640.SH', '600217.SH', '300366.SZ', '603399.SH', '603688.SH', '002647.SZ', '300566.SZ', '000665.SZ', '002683.SZ', '000151.SZ', '300174.SZ', '300436.SZ', '603309.SH', '300546.SZ', '002737.SZ', '000813.SZ', '600396.SH', '000899.SZ']"
2023-01-09,2023-01-06,2023-01-16,0.010513054720432357,100,0.96,500,"['605060.SH', '300314.SZ', '002017.SZ', '002777.SZ', '605068.SH', '003031.SZ', '001308.SZ', '300488.SZ', '300939.SZ', '605186.SH', '300547.SZ', '001270.SZ', '300532.SZ', '001323.SZ', '603171.SH', '300684.SZ', '000628.SZ', '605128.SH', '002197.SZ', '603577.SH', '688697.SH', '688100.SH', '688085.SH', '605333.SH', '002238.SZ', '301268.SZ', '605167.SH', '688246.SH', '688232.SH', '301058.SZ', '300603.SZ', '603132.SH', '300299.SZ', '300620.SZ', '301193.SZ', '002668.SZ', '300570.SZ', '301236.SZ', '688579.SH', '002261.SZ', '002519.SZ', '300075.SZ', '002530.SZ', '300678.SZ', '300513.SZ', '605116.SH', '603869.SH', '300634.SZ', '600776.SH', '002421.SZ', '688026.SH', '603138.SH', '688258.SH', '300559.SZ', '300205.SZ', '300550.SZ', '300909.SZ', '603528.SH', '688201.SH', '300430.SZ', '300166.SZ', '688355.SH', '002554.SZ', '603421.SH', '300248.SZ', '300311.SZ', '300130.SZ', '300191.SZ', '003020.SZ', '002380.SZ', '002194.SZ', '603768.SH', '002801.SZ', '601858.SH', '300645.SZ', '300453.SZ', '300160.SZ', '002478.SZ', '300996.SZ', '002560.SZ', '605286.SH', '688369.SH', '300252.SZ', '300531.SZ', '002997.SZ', '603611.SH', '688558.SH', '300890.SZ', '688070.SH', '301101.SZ', '688566.SH', '605338.SH', '002308.SZ', '300791.SZ', '003021.SZ', '603232.SH', '300504.SZ', '300642.SZ', '300352.SZ', '605222.SH']"
2023-01-16,2023-01-13,2023-01-30,0.03881163150428642,100,0.44,500,"['001308.SZ', '688767.SH', '301236.SZ', '688100.SH', '002017.SZ', '301268.SZ', '300248.SZ', '605338.SH', '300791.SZ', '605060.SH', '003031.SZ', '688075.SH', '688606.SH', '300642.SZ', '002421.SZ', '300939.SZ', '688232.SH', '002605.SZ', '002380.SZ', '688026.SH', '301193.SZ', '300342.SZ', '300684.SZ', '605186.SH', '603611.SH', '300259.SZ', '300205.SZ', '300394.SZ', '300603.SZ', '000628.SZ', '300570.SZ', '605365.SH', '603170.SH', '600776.SH', '300079.SZ', '002777.SZ', '605068.SH', '603171.SH', '002478.SZ', '003043.SZ', '300532.SZ', '300170.SZ', '002878.SZ', '300403.SZ', '688697.SH', '603768.SH', '300559.SZ', '000607.SZ', '001323.SZ', '300130.SZ', '300942.SZ', '300343.SZ', '300953.SZ', '300182.SZ', '301238.SZ', '603118.SH', '002801.SZ', '605128.SH', '688579.SH', '603869.SH', '300453.SZ', '300410.SZ', '300969.SZ', '605286.SH', '300590.SZ', '300620.SZ', '002543.SZ', '300531.SZ', '300978.SZ', '002232.SZ', '688088.SH', '300890.SZ', '603132.SH', '002649.SZ', '688355.SH', '688383.SH', '688345.SH', '688181.SH', '603577.SH', '601858.SH', '003021.SZ', '605167.SH', '301200.SZ', '300582.SZ', '300996.SZ', '300504.SZ', '301048.SZ', '002923.SZ', '688258.SH', '603138.SH', '688155.SH', '605196.SH', '000153.SZ', '002194.SZ', '605007.SH', '300160.SZ', '688468.SH', '300916.SZ', '300459.SZ', '000529.SZ']"
2023-01-30,2023-01-20,2023-02-06,0.037674806428076975,100,0.53,500,"['300642.SZ', '300410.SZ', '300570.SZ', '300342.SZ', '300632.SZ', '300430.SZ', '300684.SZ', '300504.SZ', '688579.SH', '002017.SZ', '300259.SZ', '300288.SZ', '300105.SZ', '300488.SZ', '300531.SZ', '300513.SZ', '301048.SZ', '300079.SZ', '300314.SZ', '300248.SZ', '600776.SH', '605338.SH', '300550.SZ', '300130.SZ', '600379.SH', '002282.SZ', '603869.SH', '000153.SZ', '002255.SZ', '603618.SH', '300099.SZ', '603577.SH', '300559.SZ', '000607.SZ', '300252.SZ', '002598.SZ', '300590.SZ', '300629.SZ', '300908.SZ', '300791.SZ', '605186.SH', '688330.SH', '300678.SZ', '688551.SH', '688049.SH', '000655.SZ', '300645.SZ', '300603.SZ', '605222.SH', '300183.SZ', '300547.SZ', '688558.SH', '000529.SZ', '601218.SH', '601858.SH', '688155.SH', '300205.SZ', '688661.SH', '603118.SH', '300394.SZ', '002878.SZ', '605388.SH', '002232.SZ', '605196.SH', '002997.SZ', '002649.SZ', '688767.SH', '002929.SZ', '603611.SH', '301166.SZ', '300299.SZ', '300659.SZ', '688355.SH', '002350.SZ', '603421.SH', '300939.SZ', '605068.SH', '300968.SZ', '605128.SH', '605299.SH', '300378.SZ', '300453.SZ', '001308.SZ', '300447.SZ', '603768.SH', '688313.SH', '300542.SZ', '688258.SH', '300423.SZ', '600797.SH', '605577.SH', '002380.SZ', '301180.SZ', '603002.SH', '688093.SH', '002035.SZ', '002519.SZ', '300663.SZ', '300479.SZ', '688100.SH']"
2023-02-06,2023-02-03,2023-02-13,0.0317437937998908,100,0.44,500,"['300105.SZ', '300410.SZ', '300252.SZ', '600379.SH', '300342.SZ', '300645.SZ', '002350.SZ', '300472.SZ', '300378.SZ', '300550.SZ', '300248.SZ', '688579.SH', '600088.SH', '300632.SZ', '300205.SZ', '002255.SZ', '300659.SZ', '603618.SH', '002452.SZ', '600797.SH', '000010.SZ', '603528.SH', '002622.SZ', '002017.SZ', '300085.SZ', '300542.SZ', '300311.SZ', '300642.SZ', '600105.SH', '000607.SZ', '600776.SH', '300259.SZ', '300513.SZ', '300078.SZ', '300447.SZ', '603232.SH', '300684.SZ', '002232.SZ', '300314.SZ', '300302.SZ', '688551.SH', '300353.SZ', '300020.SZ', '300663.SZ', '688155.SH', '688589.SH', '300061.SZ', '300853.SZ', '300288.SZ', '002929.SZ', '688313.SH', '688258.SH', '300079.SZ', '300098.SZ', '300386.SZ', '300455.SZ', '300582.SZ', '603990.SH', '300465.SZ', '603611.SH', '603577.SH', '688070.SH', '002912.SZ', '300872.SZ', '300504.SZ', '688186.SH', '300299.SZ', '300348.SZ', '603869.SH', '002328.SZ', '300579.SZ', '300706.SZ', '301048.SZ', '300541.SZ', '688049.SH', '300752.SZ', '300603.SZ', '688558.SH', '300183.SZ', '300531.SZ', '002282.SZ', '300799.SZ', '300548.SZ', '603421.SH', '002322.SZ', '300570.SZ', '601218.SH', '300365.SZ', '300423.SZ', '603118.SH', '688192.SH', '002598.SZ', '002308.SZ', '300291.SZ', '002554.SZ', '688355.SH', '000655.SZ', '300691.SZ', '688488.SH', '301091.SZ']"
2023-02-13,2023-02-10,2023-02-20,-0.01228863688083134,100,0.56,500,"['002082.SZ', '603189.SH', '002900.SZ', '002452.SZ', '300078.SZ', '000010.SZ', '300542.SZ', '300322.SZ', '300378.SZ', '300647.SZ', '002584.SZ', '300472.SZ', '002551.SZ', '300365.SZ', '002196.SZ', '300465.SZ', '300691.SZ', '688589.SH', '300205.SZ', '688136.SH', '002912.SZ', '002622.SZ', '300632.SZ', '300552.SZ', '300302.SZ', '300061.SZ', '603220.SH', '688155.SH', '605199.SH', '300872.SZ', '600088.SH', '300287.SZ', '603990.SH', '300045.SZ', '688558.SH', '300031.SZ', '300853.SZ', '300709.SZ', '300020.SZ', '002388.SZ', '688246.SH', '301026.SZ', '300429.SZ', '301048.SZ', '002376.SZ', '300386.SZ', '688026.SH', '300752.SZ', '688049.SH', '300085.SZ', '600756.SH', '300940.SZ', '002977.SZ', '300098.SZ', '688519.SH', '300663.SZ', '603859.SH', '300311.SZ', '002829.SZ', '300252.SZ', '300902.SZ', '300617.SZ', '600831.SH', '603386.SH', '600841.SH', '603439.SH', '301087.SZ', '300447.SZ', '300645.SZ', '300541.SZ', '300288.SZ', '300455.SZ', '688588.SH', '603232.SH', '300377.SZ', '601279.SH', '300813.SZ', '300366.SZ', '300766.SZ', '688580.SH', '688355.SH', '002322.SZ', '300134.SZ', '688077.SH', '300659.SZ', '688660.SH', '605299.SH', '300941.SZ', '605388.SH', '688788.SH', '600052.SH', '603982.SH', '600387.SH', '688595.SH', '688186.SH', '300353.SZ', '002609.SZ', '300248.SZ', '600825.SH', '300468.SZ']"
2023-02-20,2023-02-17,2023-02-27,-0.015172851554206914,100,0.75,500,"['605577.SH', '002584.SZ', '603071.SH', '603618.SH', '600822.SH', '603002.SH', '600336.SH', '603825.SH', '002533.SZ', '600081.SH', '301048.SZ', '600203.SH', '002035.SZ', '300788.SZ', '002082.SZ', '002543.SZ', '002115.SZ', '600387.SH', '600757.SH', '002758.SZ', '300504.SZ', '688606.SH', '002322.SZ', '300686.SZ', '300439.SZ', '002452.SZ', '600619.SH', '002255.SZ', '688767.SH', '603386.SH', '002448.SZ', '600373.SH', '000655.SZ', '300193.SZ', '300040.SZ', '300391.SZ', '688558.SH', '301166.SZ', '601218.SH', '300729.SZ', '603610.SH', '688075.SH', '002282.SZ', '605011.SH', '601686.SH', '300046.SZ', '000404.SZ', '002376.SZ', '301091.SZ', '300642.SZ', '603727.SH', '601801.SH', '601956.SH', '688077.SH', '300632.SZ', '600986.SH', '300647.SZ', '000719.SZ', '300645.SZ', '000892.SZ', '300872.SZ', '600105.SH', '002605.SZ', '300472.SZ', '300020.SZ', '601811.SH', '603258.SH', '002189.SZ', '300410.SZ', '600228.SH', '300259.SZ', '000541.SZ', '603768.SH', '002583.SZ', '000153.SZ', '002551.SZ', '002908.SZ', '300365.SZ', '300941.SZ', '000521.SZ', '002614.SZ', '688186.SH', '600758.SH', '002478.SZ', '601019.SH', '002900.SZ', '300853.SZ', '301093.SZ', '300342.SZ', '600229.SH', '300465.SZ', '300488.SZ', '603220.SH', '688330.SH', '601900.SH', '000010.SZ', '300975.SZ', '603995.SH', '300105.SZ', '002975.SZ']"
2023-02-27,2023-02-24,2023-03-06,0.02369249878476581,100,0.47,500,"['002035.SZ', '603071.SH', '601956.SH', '300439.SZ', '000719.SZ', '000404.SZ', '600757.SH', '601900.SH', '600336.SH', '601801.SH', '601811.SH', '300040.SZ', '600822.SH', '000153.SZ', '300739.SZ', '000521.SZ', '000655.SZ', '002478.SZ', '605196.SH', '002448.SZ', '000529.SZ', '600081.SH', '300582.SZ', '688181.SH', '600229.SH', '603002.SH', '601686.SH', '603768.SH', '605577.SH', '300259.SZ', '605368.SH', '002758.SZ', '300193.SZ', '605167.SH', '002303.SZ', '300504.SZ', '603118.SH', '300788.SZ', '300686.SZ', '600619.SH', '002255.SZ', '688606.SH', '300453.SZ', '002115.SZ', '300095.SZ', '600387.SH', '002584.SZ', '688767.SH', '600203.SH', '300791.SZ', '300642.SZ', '300684.SZ', '600469.SH', '300488.SZ', '002986.SZ', '605011.SH', '002282.SZ', '600986.SH', '605365.SH', '603727.SH', '300570.SZ', '300400.SZ', '002996.SZ', '002765.SZ', '300770.SZ', '601921.SH', '002923.SZ', '300410.SZ', '000666.SZ', '600105.SH', '688579.SH', '300975.SZ', '603610.SH', '688550.SH', '688075.SH', '605186.SH', '002892.SZ', '300790.SZ', '000968.SZ', '605555.SH', '002322.SZ', '603869.SH', '688513.SH', '600651.SH', '300429.SZ', '601963.SH', '300391.SZ', '300733.SZ', '002790.SZ', '688135.SH', '601528.SH', '605338.SH', '300857.SZ', '300708.SZ', '603386.SH', '300133.SZ', '301193.SZ', '688566.SH', '002452.SZ', '300925.SZ']"
2023-03-06,2023-03-03,2023-03-13,0.0011420128284154963,100,0.66,500,"['300645.SZ', '300291.SZ', '600387.SH', '603768.SH', '002376.SZ', '600228.SH', '601956.SH', '002322.SZ', '600229.SH', '002448.SZ', '600052.SH', '603869.SH', '600198.SH', '300853.SZ', '600088.SH', '300788.SZ', '601595.SH', '000666.SZ', '300259.SZ', '603508.SH', '603232.SH', '600825.SH', '600203.SH', '600822.SH', '300686.SZ', '002303.SZ', '002282.SZ', '000010.SZ', '300386.SZ', '601921.SH', '300391.SZ', '600105.SH', '605338.SH', '603727.SH', '000917.SZ', '603825.SH', '002400.SZ', '300642.SZ', '300908.SZ', '603220.SH', '688488.SH', '600757.SH', '300342.SZ', '600836.SH', '300276.SZ', '600775.SH', '300193.SZ', '300968.SZ', '300659.SZ', '600081.SH', '301093.SZ', '002306.SZ', '002551.SZ', '688369.SH', '603898.SH', '600797.SH', '603610.SH', '600855.SH', '300006.SZ', '600776.SH', '300365.SZ', '300513.SZ', '000719.SZ', '300085.SZ', '605339.SH', '603421.SH', '300550.SZ', '000892.SZ', '605577.SH', '000607.SZ', '300315.SZ', '300133.SZ', '603258.SH', '002035.SZ', '603878.SH', '688192.SH', '601811.SH', '300248.SZ', '002584.SZ', '688221.SH', '002614.SZ', '300078.SZ', '300377.SZ', '600841.SH', '300027.SZ', '688660.SH', '002912.SZ', '300053.SZ', '605196.SH', '002622.SZ', '300410.SZ', '300271.SZ', '300571.SZ', '600640.SH', '600986.SH', '002181.SZ', '002491.SZ', '601929.SH', '300872.SZ', '688505.SH']"
2023-03-13,2023-03-10,2023-03-20,-0.007145399342320605,100,0.45,500,"['300645.SZ', '603825.SH', '000010.SZ', '002306.SZ', '300571.SZ', '600836.SH', '600228.SH', '600222.SH', '600088.SH', '300391.SZ', '000607.SZ', '002400.SZ', '300342.SZ', '300365.SZ', '300853.SZ', '600198.SH', '002622.SZ', '600387.SH', '600822.SH', '603232.SH', '300465.SZ', '002735.SZ', '300078.SZ', '002376.SZ', '300659.SZ', '002587.SZ', '002900.SZ', '301091.SZ', '002908.SZ', '600571.SH', '300872.SZ', '600203.SH', '605577.SH', '300085.SZ', '300788.SZ', '002584.SZ', '002328.SZ', '000851.SZ', '603220.SH', '600825.SH', '002082.SZ', '300248.SZ', '600775.SH', '300291.SZ', '002104.SZ', '002322.SZ', '603768.SH', '300941.SZ', '600855.SH', '601963.SH', '002189.SZ', '605196.SH', '600841.SH', '002792.SZ', '002565.SZ', '002970.SZ', '605339.SH', '603528.SH', '600986.SH', '300642.SZ', '605338.SH', '002551.SZ', '002425.SZ', '002977.SZ', '603610.SH', '002724.SZ', '000529.SZ', '300541.SZ', '603466.SH', '300485.SZ', '003029.SZ', '300908.SZ', '002107.SZ', '300551.SZ', '002631.SZ', '300386.SZ', '688192.SH', '688488.SH', '002354.SZ', '002878.SZ', '300603.SZ', '600757.SH', '301048.SZ', '300053.SZ', '603990.SH', '600776.SH', '000153.SZ', '600336.SH', '300287.SZ', '002380.SZ', '601956.SH', '301046.SZ', '300447.SZ', '603533.SH', '603103.SH', '603618.SH', '300259.SZ', '688221.SH', '002282.SZ', '688682.SH']"
2023-03-20,2023-03-17,2023-03-27,0.05967385060376373,100,0.4,500,"['300085.SZ', '300020.SZ', '002322.SZ', '300291.SZ', '300941.SZ', '300386.SZ', '002977.SZ', '300872.SZ', '600088.SH', '300465.SZ', '002584.SZ', '300645.SZ', '600198.SH', '601595.SH', '002900.SZ', '300365.SZ', '300853.SZ', '300342.SZ', '002376.SZ', '300468.SZ', '603825.SH', '600841.SH', '600640.SH', '000010.SZ', '600203.SH', '600822.SH', '600387.SH', '300287.SZ', '600222.SH', '002400.SZ', '300391.SZ', '300248.SZ', '603618.SH', '300105.SZ', '600775.SH', '300788.SZ', '002082.SZ', '300098.SZ', '600757.SH', '603220.SH', '688609.SH', '600776.SH', '688699.SH', '603466.SH', '300659.SZ', '300377.SZ', '000607.SZ', '600571.SH', '300078.SZ', '600105.SH', '688661.SH', '300259.SZ', '600986.SH', '003040.SZ', '603533.SH', '300617.SZ', '688626.SH', '002724.SZ', '002908.SZ', '000917.SZ', '300302.SZ', '300053.SZ', '300857.SZ', '603898.SH', '300642.SZ', '600619.SH', '300378.SZ', '300571.SZ', '300542.SZ', '300027.SZ', '300541.SZ', '300447.SZ', '300205.SZ', '603818.SH', '688330.SH', '002306.SZ', '300193.SZ', '002452.SZ', '600825.SH', '601956.SH', '603610.SH', '601811.SH', '300981.SZ', '301091.SZ', '603232.SH', '605577.SH', '300552.SZ', '300940.SZ', '300249.SZ', '300006.SZ', '605208.SH', '000851.SZ', '603103.SH', '603002.SH', '002551.SZ', '688660.SH', '688667.SH', '600052.SH', '002605.SZ', '002583.SZ']"
2023-03-27,2023-03-24,2023-04-03,0.010419028602272071,100,0.62,500,"['300447.SZ', '002123.SZ', '603990.SH', '300365.SZ', '300085.SZ', '300378.SZ', '300872.SZ', '300768.SZ', '688595.SH', '603825.SH', '688580.SH', '300468.SZ', '300465.SZ', '300287.SZ', '301048.SZ', '300647.SZ', '300752.SZ', '002583.SZ', '300348.SZ', '300857.SZ', '300095.SZ', '000503.SZ', '600571.SH', '688027.SH', '300809.SZ', '301200.SZ', '300455.SZ', '300061.SZ', '300020.SZ', '002908.SZ', '603859.SH', '300098.SZ', '300377.SZ', '300552.SZ', '002724.SZ', '600198.SH', '688558.SH', '002232.SZ', '688588.SH', '300472.SZ', '688186.SH', '688589.SH', '300571.SZ', '002970.SZ', '688025.SH', '002792.SZ', '688788.SH', '002975.SZ', '002082.SZ', '002376.SZ', '300410.SZ', '300541.SZ', '002829.SZ', '300590.SZ', '688049.SH', '300386.SZ', '300551.SZ', '688682.SH', '300902.SZ', '300853.SZ', '688155.SH', '688158.SH', '300205.SZ', '300053.SZ', '300831.SZ', '603138.SH', '688699.SH', '002452.SZ', '002104.SZ', '600218.SH', '300632.SZ', '300842.SZ', '300302.SZ', '688201.SH', '300542.SZ', '300271.SZ', '688678.SH', '688077.SH', '300366.SZ', '300548.SZ', '605339.SH', '300078.SZ', '300941.SZ', '603189.SH', '688162.SH', '300352.SZ', '603232.SH', '000010.SZ', '688095.SH', '000851.SZ', '002605.SZ', '600105.SH', '002912.SZ', '300691.SZ', '300504.SZ', '688663.SH', '300031.SZ', '300638.SZ', '603132.SH', '300183.SZ']"
2023-04-03,2023-03-31,2023-04-10,-0.006806914078905494,100,0.95,500,"['688088.SH', '600446.SH', '601519.SH', '600072.SH', '300236.SZ', '002389.SZ', '600118.SH', '600556.SH', '600771.SH', '300809.SZ', '601595.SH', '002218.SZ', '000818.SZ', '603068.SH', '002544.SZ', '600552.SH', '002819.SZ', '300263.SZ', '002119.SZ', '002747.SZ', '002605.SZ', '300291.SZ', '688321.SH', '688521.SH', '300252.SZ', '002655.SZ', '688158.SH', '603169.SH', '688256.SH', '300136.SZ', '002651.SZ', '300331.SZ', '300490.SZ', '000988.SZ', '300123.SZ', '603131.SH', '600895.SH', '300603.SZ', '600199.SH', '688018.SH', '603881.SH', '600114.SH', '688580.SH', '300645.SZ', '002453.SZ', '002434.SZ', '300317.SZ', '600201.SH', '600095.SH', '688266.SH', '002733.SZ', '300479.SZ', '600468.SH', '600730.SH', '300657.SZ', '688508.SH', '300212.SZ', '300045.SZ', '603738.SH', '600116.SH', '603859.SH', '002437.SZ', '601179.SH', '000403.SZ', '300222.SZ', '002161.SZ', '600636.SH', '301179.SZ', '002558.SZ', '300308.SZ', '600006.SH', '002350.SZ', '300634.SZ', '002117.SZ', '300319.SZ', '300474.SZ', '002354.SZ', '688318.SH', '600410.SH', '000962.SZ', '002413.SZ', '688192.SH', '300082.SZ', '002654.SZ', '002777.SZ', '300288.SZ', '603730.SH', '000729.SZ', '000065.SZ', '002990.SZ', '600501.SH', '000758.SZ', '600416.SH', '002351.SZ', '000886.SZ', '002334.SZ', '002096.SZ', '600733.SH', '002051.SZ', '300494.SZ']"
2023-04-10,2023-04-07,2023-04-17,0.020433603728973942,100,0.88,500,"['603466.SH', '600556.SH', '300291.SZ', '603533.SH', '600640.SH', '002123.SZ', '688580.SH', '300853.SZ', '600198.SH', '000676.SZ', '688027.SH', '601595.SH', '300053.SZ', '300205.SZ', '600053.SH', '300027.SZ', '301217.SZ', '688788.SH', '002291.SZ', '300809.SZ', '002605.SZ', '002174.SZ', '002265.SZ', '605339.SH', '600228.SH', '300315.SZ', '603103.SH', '300031.SZ', '300590.SZ', '688626.SH', '300571.SZ', '300902.SZ', '603888.SH', '002651.SZ', '300353.SZ', '688488.SH', '301200.SZ', '300058.SZ', '300133.SZ', '000607.SZ', '688505.SH', '300317.SZ', '603258.SH', '002452.SZ', '002491.SZ', '003040.SZ', '002977.SZ', '300134.SZ', '300447.SZ', '300617.SZ', '002082.SZ', '300061.SZ', '003039.SZ', '688155.SH', '002975.SZ', '301091.SZ', '300642.SZ', '000681.SZ', '688733.SH', '600841.SH', '300182.SZ', '688025.SH', '300548.SZ', '600633.SH', '688192.SH', '600775.SH', '600977.SH', '300105.SZ', '001323.SZ', '600163.SH', '002583.SZ', '300183.SZ', '300472.SZ', '603132.SH', '300364.SZ', '002792.SZ', '002892.SZ', '600698.SH', '300785.SZ', '600468.SH', '002900.SZ', '688148.SH', '300113.SZ', '002961.SZ', '688558.SH', '300002.SZ', '301048.SZ', '300870.SZ', '688609.SH', '300774.SZ', '003031.SZ', '300981.SZ', '000070.SZ', '688313.SH', '002346.SZ', '300788.SZ', '688670.SH', '300603.SZ', '002425.SZ', '300494.SZ']"
2023-04-17,2023-04-14,2023-04-24,-0.007030411501022934,100,0.79,500,"['600081.SH', '605577.SH', '002282.SZ', '000862.SZ', '601801.SH', '002039.SZ', '002478.SZ', '000676.SZ', '000726.SZ', '601811.SH', '002404.SZ', '600956.SH', '002267.SZ', '000655.SZ', '600650.SH', '600053.SH', '002255.SZ', '603967.SH', '600163.SH', '600218.SH', '600822.SH', '300251.SZ', '600982.SH', '600757.SH', '002602.SZ', '000993.SZ', '601900.SH', '002346.SZ', '603071.SH', '002758.SZ', '601218.SH', '600927.SH', '002448.SZ', '600794.SH', '603466.SH', '688606.SH', '600640.SH', '002583.SZ', '605090.SH', '000407.SZ', '002306.SZ', '600327.SH', '601019.SH', '600373.SH', '000026.SZ', '002961.SZ', '600198.SH', '000719.SZ', '600986.SH', '600798.SH', '605050.SH', '000529.SZ', '000626.SZ', '603103.SH', '603053.SH', '601928.SH', '603393.SH', '002327.SZ', '002739.SZ', '300435.SZ', '688075.SH', '601098.SH', '002452.SZ', '688767.SH', '605555.SH', '600776.SH', '300485.SZ', '600775.SH', '002616.SZ', '600617.SH', '300239.SZ', '002083.SZ', '605011.SH', '000767.SZ', '600229.SH', '002558.SZ', '000601.SZ', '600977.SH', '601595.SH', '605196.SH', '300617.SZ', '002996.SZ', '300095.SZ', '603825.SH', '603093.SH', '601279.SH', '688626.SH', '002400.SZ', '601609.SH', '300291.SZ', '600468.SH', '601956.SH', '603533.SH', '301048.SZ', '002900.SZ', '603897.SH', '603689.SH', '000666.SZ', '300304.SZ', '000153.SZ']"
2023-04-24,2023-04-21,2023-05-04,0.07128642365809973,100,0.41,500,"['601811.SH', '600757.SH', '002039.SZ', '002478.SZ', '000726.SZ', '600373.SH', '000993.SZ', '600982.SH', '002267.SZ', '002448.SZ', '601801.SH', '000407.SZ', '600956.SH', '601019.SH', '603053.SH', '603071.SH', '002614.SZ', '601098.SH', '600758.SH', '000601.SZ', '600927.SH', '688075.SH', '603393.SH', '600037.SH', '601900.SH', '002404.SZ', '000719.SZ', '600163.SH', '002029.SZ', '605090.SH', '002616.SZ', '605138.SH', '000529.SZ', '002327.SZ', '603689.SH', '000026.SZ', '000153.SZ', '000600.SZ', '600794.SH', '000655.SZ', '002758.SZ', '600903.SH', '605577.SH', '605011.SH', '605368.SH', '000156.SZ', '002282.SZ', '600979.SH', '600121.SH', '600081.SH', '300259.SZ', '603759.SH', '301091.SZ', '600798.SH', '688606.SH', '300642.SZ', '000791.SZ', '605196.SH', '603768.SH', '600229.SH', '000755.SZ', '600643.SH', '688767.SH', '600032.SH', '000626.SZ', '605365.SH', '002306.SZ', '600637.SH', '002533.SZ', '603093.SH', '000917.SZ', '603166.SH', '300622.SZ', '600821.SH', '300485.SZ', '601949.SH', '000607.SZ', '003002.SZ', '000862.SZ', '002255.SZ', '000676.SZ', '601956.SH', '600650.SH', '600617.SH', '600792.SH', '300315.SZ', '605050.SH', '601921.SH', '601858.SH', '600822.SH', '600576.SH', '300483.SZ', '002558.SZ', '601778.SH', '600327.SH', '600906.SH', '600635.SH', '601218.SH', '001267.SZ', '002479.SZ']"
2023-05-04,2023-04-28,2023-05-08,0.0011161691379732107,100,0.42,500,"['002039.SZ', '000601.SZ', '002614.SZ', '600509.SH', '000993.SZ', '600037.SH', '603093.SH', '600318.SH', '600956.SH', '601801.SH', '000407.SZ', '688075.SH', '603727.SH', '600903.SH', '000040.SZ', '002448.SZ', '600792.SH', '600979.SH', '600637.SH', '601019.SH', '300006.SZ', '600635.SH', '002383.SZ', '600617.SH', '002479.SZ', '605196.SH', '300027.SZ', '600229.SH', '002478.SZ', '688767.SH', '000726.SZ', '300391.SZ', '601218.SH', '600095.SH', '002731.SZ', '002364.SZ', '002758.SZ', '002267.SZ', '002961.SZ', '603053.SH', '000917.SZ', '600798.SH', '002616.SZ', '000156.SZ', '603071.SH', '600469.SH', '600821.SH', '002953.SZ', '002551.SZ', '600757.SH', '600982.SH', '603825.SH', '002627.SZ', '301091.SZ', '301177.SZ', '002658.SZ', '601956.SH', '688606.SH', '002404.SZ', '000665.SZ', '600310.SH', '605011.SH', '000767.SZ', '300867.SZ', '603995.SH', '600101.SH', '600825.SH', '605368.SH', '600163.SH', '600643.SH', '000666.SZ', '000698.SZ', '300917.SZ', '300132.SZ', '002350.SZ', '688776.SH', '600081.SH', '601921.SH', '605138.SH', '600361.SH', '300483.SZ', '688330.SH', '002425.SZ', '002083.SZ', '603759.SH', '300490.SZ', '002327.SZ', '002282.SZ', '002174.SZ', '601900.SH', '600977.SH', '300081.SZ', '601811.SH', '000791.SZ', '601778.SH', '600373.SH', '300062.SZ', '601858.SH', '000607.SZ', '600052.SH']"
2023-05-08,2023-05-05,2023-05-15,-0.006104954258455874,100,0.36,500,"['002448.SZ', '600635.SH', '002039.SZ', '600794.SH', '601963.SH', '000531.SZ', '002267.SZ', '601801.SH', '002614.SZ', '300027.SZ', '300006.SZ', '601528.SH', '600637.SH', '002961.SZ', '600101.SH', '600318.SH', '600643.SH', '000917.SZ', '002551.SZ', '603759.SH', '000726.SZ', '600956.SH', '600229.SH', '600798.SH', '600163.SH', '002478.SZ', '603093.SH', '605368.SH', '600373.SH', '600509.SH', '603689.SH', '600757.SH', '603053.SH', '688075.SH', '002479.SZ', '600037.SH', '601811.SH', '600052.SH', '300577.SZ', '000755.SZ', '000040.SZ', '603727.SH', '300391.SZ', '601098.SH', '601019.SH', '002627.SZ', '600825.SH', '000993.SZ', '601900.SH', '600088.SH', '688767.SH', '002739.SZ', '300483.SZ', '601921.SH', '002282.SZ', '300485.SZ', '600977.SH', '600979.SH', '000601.SZ', '600903.SH', '300439.SZ', '000532.SZ', '300132.SZ', '300193.SZ', '300259.SZ', '002870.SZ', '300853.SZ', '603768.SH', '601599.SH', '601949.SH', '002616.SZ', '002647.SZ', '600822.SH', '300304.SZ', '300423.SZ', '300867.SZ', '605138.SH', '300981.SZ', '000156.SZ', '300917.SZ', '600792.SH', '601929.SH', '601218.SH', '603219.SH', '002973.SZ', '000407.SZ', '688330.SH', '002083.SZ', '603825.SH', '600095.SH', '300315.SZ', '600986.SH', '000676.SZ', '002425.SZ', '605577.SH', '301238.SZ', '600617.SH', '002292.SZ', '300222.SZ', '000862.SZ']"
2023-05-15,2023-05-12,2023-05-22,0.016332398232060803,100,0.47,500,"['002448.SZ', '002551.SZ', '600101.SH', '603768.SH', '603727.SH', '688075.SH', '300483.SZ', '600635.SH', '600509.SH', '300391.SZ', '300006.SZ', '688767.SH', '300890.SZ', '300813.SZ', '002282.SZ', '002267.SZ', '000755.SZ', '300911.SZ', '300081.SZ', '603908.SH', '002478.SZ', '300125.SZ', '688330.SH', '000040.SZ', '600956.SH', '002647.SZ', '000601.SZ', '000531.SZ', '002961.SZ', '002900.SZ', '300853.SZ', '600822.SH', '300584.SZ', '300239.SZ', '300437.SZ', '600163.SH', '605208.SH', '000153.SZ', '605068.SH', '600794.SH', '301021.SZ', '300095.SZ', '300917.SZ', '002039.SZ', '603166.SH', '002622.SZ', '603759.SH', '002723.SZ', '002685.SZ', '300617.SZ', '605368.SH', '601528.SH', '600644.SH', '688667.SH', '300774.SZ', '002870.SZ', '603158.SH', '603689.SH', '002878.SZ', '688155.SH', '300410.SZ', '600318.SH', '002860.SZ', '002350.SZ', '300681.SZ', '300423.SZ', '600643.SH', '300439.SZ', '002973.SZ', '002614.SZ', '603093.SH', '300040.SZ', '300304.SZ', '002616.SZ', '300490.SZ', '002265.SZ', '000666.SZ', '000868.SZ', '605138.SH', '688606.SH', '600798.SH', '300027.SZ', '300603.SZ', '600792.SH', '300105.SZ', '603809.SH', '300317.SZ', '688317.SH', '300867.SZ', '300577.SZ', '300222.SZ', '002441.SZ', '300981.SZ', '000993.SZ', '002731.SZ', '000407.SZ', '002404.SZ', '300403.SZ', '688026.SH', '002598.SZ']"
2023-05-22,2023-05-19,2023-05-29,-0.008295468152630697,100,0.69,500,"['002606.SZ', '300873.SZ', '300435.SZ', '002452.SZ', '300837.SZ', '300439.SZ', '300304.SZ', '300642.SZ', '603878.SH', '003002.SZ', '300193.SZ', '300239.SZ', '688558.SH', '300488.SZ', '002346.SZ', '603758.SH', '300453.SZ', '300590.SZ', '000755.SZ', '600822.SH', '605368.SH', '601218.SH', '002448.SZ', '002478.SZ', '603011.SH', '002404.SZ', '000532.SZ', '002255.SZ', '300770.SZ', '002658.SZ', '300547.SZ', '002282.SZ', '300504.SZ', '603235.SH', '605167.SH', '002739.SZ', '300577.SZ', '300603.SZ', '002467.SZ', '603158.SH', '300259.SZ', '603787.SH', '002801.SZ', '603093.SH', '603239.SH', '600633.SH', '600052.SH', '002364.SZ', '001323.SZ', '605060.SH', '000153.SZ', '688468.SH', '300317.SZ', '000607.SZ', '002977.SZ', '002516.SZ', '600101.SH', '002328.SZ', '603809.SH', '688308.SH', '603535.SH', '002095.SZ', '002651.SZ', '688059.SH', '300506.SZ', '002598.SZ', '002829.SZ', '002903.SZ', '002605.SZ', '300133.SZ', '600229.SH', '603628.SH', '688600.SH', '603118.SH', '002082.SZ', '002634.SZ', '300006.SZ', '002997.SZ', '600379.SH', '600635.SH', '300095.SZ', '002996.SZ', '300867.SZ', '002093.SZ', '601528.SH', '600318.SH', '603689.SH', '003006.SZ', '605138.SH', '688513.SH', '002961.SZ', '688580.SH', '300472.SZ', '600163.SH', '002590.SZ', '688767.SH', '002878.SZ', '603917.SH', '603888.SH', '002510.SZ']"
2023-05-29,2023-05-26,2023-06-05,0.010067733073986484,100,0.52,500,"['002606.SZ', '002194.SZ', '300837.SZ', '300504.SZ', '300447.SZ', '300873.SZ', '300590.SZ', '002452.SZ', '300908.SZ', '300547.SZ', '688558.SH', '605009.SH', '300435.SZ', '301026.SZ', '300439.SZ', '603170.SH', '300488.SZ', '002469.SZ', '002662.SZ', '300354.SZ', '300252.SZ', '600794.SH', '688468.SH', '002801.SZ', '300099.SZ', '688722.SH', '300258.SZ', '001323.SZ', '603758.SH', '300384.SZ', '603324.SH', '003002.SZ', '300603.SZ', '603878.SH', '605060.SH', '001270.SZ', '605167.SH', '603239.SH', '002255.SZ', '300453.SZ', '300304.SZ', '000576.SZ', '603105.SH', '300577.SZ', '002104.SZ', '603235.SH', '002328.SZ', '002829.SZ', '002892.SZ', '000862.SZ', '000737.SZ', '003006.SZ', '688580.SH', '300239.SZ', '603011.SH', '688089.SH', '300571.SZ', '002580.SZ', '688059.SH', '300179.SZ', '002634.SZ', '300622.SZ', '002651.SZ', '603213.SH', '300900.SZ', '600468.SH', '600379.SH', '603628.SH', '300629.SZ', '003040.SZ', '688015.SH', '002342.SZ', '000026.SZ', '002903.SZ', '603809.SH', '300642.SZ', '300193.SZ', '301093.SZ', '001217.SZ', '300506.SZ', '301149.SZ', '002792.SZ', '605199.SH', '601702.SH', '000700.SZ', '002940.SZ', '300870.SZ', '603085.SH', '605338.SH', '601218.SH', '603158.SH', '002923.SZ', '002598.SZ', '002346.SZ', '300718.SZ', '603535.SH', '002184.SZ', '300548.SZ', '002977.SZ', '688668.SH']"
2023-06-05,2023-06-02,2023-06-12,-0.00822390214070819,100,0.61,500,"['600794.SH', '300423.SZ', '600101.SH', '600469.SH', '605577.SH', '300863.SZ', '002469.SZ', '300978.SZ', '300577.SZ', '002328.SZ', '603787.SH', '002397.SZ', '002194.SZ', '603118.SH', '600368.SH', '300506.SZ', '002441.SZ', '002478.SZ', '300403.SZ', '002598.SZ', '000755.SZ', '603878.SH', '300439.SZ', '002267.SZ', '002606.SZ', '605009.SH', '002996.SZ', '600758.SH', '300447.SZ', '002115.SZ', '301175.SZ', '600152.SH', '002467.SZ', '002792.SZ', '002903.SZ', '002452.SZ', '603628.SH', '300571.SZ', '000026.SZ', '300252.SZ', '300435.SZ', '605368.SH', '002491.SZ', '600105.SH', '000862.SZ', '688468.SH', '300547.SZ', '002404.SZ', '603105.SH', '688313.SH', '603085.SH', '300488.SZ', '002685.SZ', '603758.SH', '300504.SZ', '603011.SH', '300902.SZ', '605060.SH', '688668.SH', '603507.SH', '002900.SZ', '605286.SH', '688697.SH', '688600.SH', '300384.SZ', '603825.SH', '300858.SZ', '600961.SH', '600613.SH', '002882.SZ', '002878.SZ', '605186.SH', '605090.SH', '688226.SH', '300968.SZ', '003002.SZ', '002364.SZ', '001205.SZ', '688551.SH', '300870.SZ', '300239.SZ', '605167.SH', '002980.SZ', '688663.SH', '002997.SZ', '300259.SZ', '000153.SZ', '002560.SZ', '603967.SH', '603071.SH', '600095.SH', '002448.SZ', '688089.SH', '688112.SH', '300548.SZ', '600163.SH', '001258.SZ', '002553.SZ', '688513.SH', '300908.SZ']"
2023-06-12,2023-06-09,2023-06-19,0.010571936079223035,100,0.65,500,"['600101.SH', '002397.SZ', '600794.SH', '300577.SZ', '300423.SZ', '600635.SH', '600533.SH', '603787.SH', '603967.SH', '300506.SZ', '002662.SZ', '600961.SH', '603071.SH', '600368.SH', '002996.SZ', '002328.SZ', '300147.SZ', '002551.SZ', '605196.SH', '603727.SH', '000159.SZ', '605208.SH', '603689.SH', '600228.SH', '600617.SH', '605068.SH', '600327.SH', '002029.SZ', '000862.SZ', '605167.SH', '002448.SZ', '600121.SH', '002870.SZ', '002404.SZ', '603166.SH', '603118.SH', '300439.SZ', '002196.SZ', '300222.SZ', '603825.SH', '300006.SZ', '002039.SZ', '603093.SH', '600644.SH', '603759.SH', '600052.SH', '002383.SZ', '300132.SZ', '002115.SZ', '605368.SH', '002616.SZ', '300105.SZ', '000601.SZ', '002441.SZ', '002350.SZ', '300177.SZ', '600643.SH', '000026.SZ', '300890.SZ', '000726.SZ', '000700.SZ', '600469.SH', '603421.SH', '688468.SH', '300853.SZ', '002083.SZ', '600758.SH', '300125.SZ', '300490.SZ', '300091.SZ', '601528.SH', '603878.SH', '300040.SZ', '600792.SH', '300681.SZ', '002622.SZ', '002578.SZ', '600956.SH', '300259.SZ', '002758.SZ', '002478.SZ', '301021.SZ', '300483.SZ', '603158.SH', '002973.SZ', '002479.SZ', '600979.SH', '000531.SZ', '300193.SZ', '300391.SZ', '300328.SZ', '605090.SH', '300867.SZ', '600163.SH', '603300.SH', '300785.SZ', '603966.SH', '002878.SZ', '000153.SZ', '300902.SZ']"
2023-06-19,2023-06-16,2023-06-26,-0.040945634929097585,100,0.72,500,"['300863.SZ', '300053.SZ', '002467.SZ', '002115.SZ', '600228.SH', '300785.SZ', '300740.SZ', '300902.SZ', '600152.SH', '300423.SZ', '003040.SZ', '002093.SZ', '300978.SZ', '603421.SH', '605208.SH', '002903.SZ', '600825.SH', '002017.SZ', '688697.SH', '002350.SZ', '002469.SZ', '300472.SZ', '002882.SZ', '002379.SZ', '300968.SZ', '000892.SZ', '002980.SZ', '002255.SZ', '002364.SZ', '603628.SH', '300183.SZ', '003021.SZ', '000600.SZ', '002728.SZ', '600644.SH', '300205.SZ', '688600.SH', '300990.SZ', '300222.SZ', '300105.SZ', '301021.SZ', '301211.SZ', '300981.SZ', '300809.SZ', '002560.SZ', '300490.SZ', '002766.SZ', '688355.SH', '300125.SZ', '002996.SZ', '002104.SZ', '002090.SZ', '002383.SZ', '002878.SZ', '002583.SZ', '605136.SH', '002397.SZ', '002491.SZ', '002297.SZ', '603507.SH', '002123.SZ', '605286.SH', '688468.SH', '300134.SZ', '603085.SH', '002441.SZ', '688230.SH', '301179.SZ', '600613.SH', '688027.SH', '003020.SZ', '603701.SH', '300513.SZ', '301180.SZ', '002997.SZ', '002792.SZ', '002598.SZ', '300853.SZ', '300745.SZ', '600379.SH', '300590.SZ', '300052.SZ', '002622.SZ', '002339.SZ', '002658.SZ', '688315.SH', '300177.SZ', '300062.SZ', '300410.SZ', '002606.SZ', '300317.SZ', '002328.SZ', '605068.SH', '003006.SZ', '002870.SZ', '605196.SH', '300870.SZ', '300577.SZ', '300081.SZ', '002860.SZ']"
2023-06-26,2023-06-21,2023-07-03,0.04284982467585739,100,0.56,500,"['300981.SZ', '300740.SZ', '300863.SZ', '003020.SZ', '688112.SH', '003002.SZ', '002634.SZ', '300848.SZ', '002300.SZ', '301026.SZ', '300733.SZ', '002342.SZ', '002882.SZ', '603105.SH', '603527.SH', '300105.SZ', '300354.SZ', '688697.SH', '688315.SH', '605199.SH', '000159.SZ', '003021.SZ', '003006.SZ', '605089.SH', '002980.SZ', '000600.SZ', '001258.SZ', '600152.SH', '002480.SZ', '002583.SZ', '603982.SH', '301166.SZ', '002017.SZ', '300990.SZ', '002090.SZ', '688600.SH', '002115.SZ', '600207.SH', '605009.SH', '688670.SH', '002297.SZ', '603170.SH', '001203.SZ', '300513.SZ', '003039.SZ', '688468.SH', '002469.SZ', '002580.SZ', '605060.SH', '603507.SH', '605116.SH', '600379.SH', '688226.SH', '300614.SZ', '603618.SH', '002467.SZ', '002560.SZ', '603235.SH', '300205.SZ', '300510.SZ', '300982.SZ', '002093.SZ', '002379.SZ', '002997.SZ', '002622.SZ', '605286.SH', '300891.SZ', '688660.SH', '000040.SZ', '300547.SZ', '603085.SH', '002805.SZ', '300856.SZ', '002728.SZ', '000851.SZ', '003040.SZ', '603213.SH', '688676.SH', '688027.SH', '002333.SZ', '300908.SZ', '600613.SH', '300452.SZ', '002658.SZ', '301175.SZ', '300870.SZ', '688513.SH', '002339.SZ', '301211.SZ', '600268.SH', '000626.SZ', '000698.SZ', '002903.SZ', '300477.SZ', '001267.SZ', '605136.SH', '688788.SH', '605007.SH', '601700.SH', '600222.SH']"
2023-07-03,2023-06-30,2023-07-10,-0.01937987742022621,100,0.9,500,"['603618.SH', '300226.SZ', '002301.SZ', '002852.SZ', '600713.SH', '300430.SZ', '002469.SZ', '688600.SH', '003020.SZ', '002870.SZ', '000950.SZ', '601003.SH', '600629.SH', '000922.SZ', '600469.SH', '600686.SH', '600787.SH', '600419.SH', '000028.SZ', '000543.SZ', '600212.SH', '300049.SZ', '600278.SH', '000905.SZ', '300510.SZ', '000716.SZ', '600636.SH', '600658.SH', '000404.SZ', '300434.SZ', '603508.SH', '002843.SZ', '300908.SZ', '600449.SH', '002215.SZ', '002997.SZ', '600283.SH', '002919.SZ', '688258.SH', '600683.SH', '603970.SH', '600748.SH', '600710.SH', '002865.SZ', '000521.SZ', '688112.SH', '601113.SH', '002334.SZ', '300286.SZ', '002092.SZ', '002668.SZ', '605108.SH', '002737.SZ', '603283.SH', '600704.SH', '002401.SZ', '000928.SZ', '000965.SZ', '600100.SH', '300793.SZ', '600784.SH', '000819.SZ', '688357.SH', '600329.SH', '002912.SZ', '002077.SZ', '600056.SH', '603708.SH', '300314.SZ', '601068.SH', '000510.SZ', '300532.SZ', '002330.SZ', '002116.SZ', '000778.SZ', '603180.SH', '000544.SZ', '300693.SZ', '601686.SH', '600203.SH', '300129.SZ', '603227.SH', '300592.SZ', '600410.SH', '300021.SZ', '002868.SZ', '002156.SZ', '000600.SZ', '000753.SZ', '002728.SZ', '002559.SZ', '002276.SZ', '000068.SZ', '300109.SZ', '300855.SZ', '300041.SZ', '688037.SH', '300634.SZ', '600422.SH', '600180.SH']"
2023-07-10,2023-07-07,2023-07-17,0.010377661414461788,100,0.89,500,"['603003.SH', '002083.SZ', '002799.SZ', '002328.SZ', '002512.SZ', '002870.SZ', '000159.SZ', '600469.SH', '300918.SZ', '002752.SZ', '603610.SH', '603787.SH', '002634.SZ', '002301.SZ', '300614.SZ', '300733.SZ', '002014.SZ', '600853.SH', '600785.SH', '000812.SZ', '300047.SZ', '000417.SZ', '603887.SH', '601003.SH', '600126.SH', '688228.SH', '002067.SZ', '603180.SH', '600308.SH', '603058.SH', '603982.SH', '600569.SH', '603109.SH', '002547.SZ', '300561.SZ', '605007.SH', '603869.SH', '002510.SZ', '002404.SZ', '600782.SH', '301248.SZ', '000560.SZ', '600278.SH', '000700.SZ', '603995.SH', '600433.SH', '000863.SZ', '603708.SH', '301062.SZ', '688039.SH', '002110.SZ', '600218.SH', '000825.SZ', '000761.SZ', '300926.SZ', '603990.SH', '000627.SZ', '603035.SH', '300275.SZ', '600742.SH', '002253.SZ', '002251.SZ', '688258.SH', '603516.SH', '300231.SZ', '000850.SZ', '003016.SZ', '002474.SZ', '000589.SZ', '600327.SH', '603093.SH', '600581.SH', '301215.SZ', '000550.SZ', '600375.SH', '300766.SZ', '301188.SZ', '000910.SZ', '300616.SZ', '002469.SZ', '000042.SZ', '300645.SZ', '603878.SH', '002308.SZ', '600679.SH', '000726.SZ', '600282.SH', '688365.SH', '002314.SZ', '301011.SZ', '002047.SZ', '002997.SZ', '000488.SZ', '688102.SH', '000926.SZ', '603997.SH', '002197.SZ', '600686.SH', '603165.SH', '603687.SH']"
2023-07-17,2023-07-14,2023-07-24,-0.009218171837744045,100,0.5,500,"['603003.SH', '300733.SZ', '603109.SH', '300872.SZ', '000700.SZ', '002510.SZ', '603165.SH', '300531.SZ', '002404.SZ', '002322.SZ', '301188.SZ', '002870.SZ', '002083.SZ', '603058.SH', '003016.SZ', '300448.SZ', '603035.SH', '002301.SZ', '000409.SZ', '002328.SZ', '002799.SZ', '600756.SH', '603518.SH', '002752.SZ', '688588.SH', '000812.SZ', '002253.SZ', '002197.SZ', '002469.SZ', '603758.SH', '002344.SZ', '600469.SH', '300918.SZ', '002308.SZ', '002634.SZ', '603516.SH', '300645.SZ', '603809.SH', '600218.SH', '002662.SZ', '688228.SH', '000655.SZ', '300541.SZ', '000850.SZ', '600327.SH', '603610.SH', '002014.SZ', '002973.SZ', '300020.SZ', '000913.SZ', '603878.SH', '002303.SZ', '301109.SZ', '605299.SH', '002067.SZ', '600694.SH', '600785.SH', '300532.SZ', '300047.SZ', '002160.SZ', '300561.SZ', '603180.SH', '300680.SZ', '301248.SZ', '300384.SZ', '300365.SZ', '600120.SH', '603990.SH', '300580.SZ', '600853.SH', '300766.SZ', '688258.SH', '000563.SZ', '688365.SH', '000532.SZ', '600301.SH', '000779.SZ', '600822.SH', '300982.SZ', '600790.SH', '688039.SH', '002697.SZ', '000726.SZ', '002489.SZ', '600814.SH', '600433.SH', '300468.SZ', '600742.SH', '300867.SZ', '300729.SZ', '300697.SZ', '600748.SH', '601515.SH', '002448.SZ', '300986.SZ', '300258.SZ', '000417.SZ', '300917.SZ', '002208.SZ', '002478.SZ']"
2023-07-24,2023-07-21,2023-07-31,0.04209847204498209,100,0.58,500,"['603003.SH', '002083.SZ', '000159.SZ', '603887.SH', '600581.SH', '600569.SH', '600126.SH', '600679.SH', '002067.SZ', '002301.SZ', '002047.SZ', '000910.SZ', '600327.SH', '301188.SZ', '603518.SH', '000868.SZ', '600782.SH', '000850.SZ', '600853.SH', '600742.SH', '600375.SH', '600278.SH', '002799.SZ', '002870.SZ', '603610.SH', '600335.SH', '000761.SZ', '000488.SZ', '601003.SH', '300047.SZ', '688228.SH', '002752.SZ', '600433.SH', '002110.SZ', '600308.SH', '600081.SH', '000825.SZ', '000560.SZ', '000042.SZ', '002322.SZ', '600966.SH', '002075.SZ', '300469.SZ', '000726.SZ', '300616.SZ', '002336.SZ', '603516.SH', '000627.SZ', '600337.SH', '000959.SZ', '603180.SH', '000151.SZ', '003016.SZ', '300078.SZ', '600282.SH', '000926.SZ', '002253.SZ', '300550.SZ', '600218.SH', '002314.SZ', '600185.SH', '002280.SZ', '002160.SZ', '002547.SZ', '002404.SZ', '300324.SZ', '600756.SH', '603787.SH', '002303.SZ', '002376.SZ', '688246.SH', '002510.SZ', '002298.SZ', '603863.SH', '603869.SH', '601686.SH', '301185.SZ', '688030.SH', '003005.SZ', '300561.SZ', '002208.SZ', '688588.SH', '600469.SH', '605299.SH', '688039.SH', '000402.SZ', '002014.SZ', '002662.SZ', '600686.SH', '300448.SZ', '000417.SZ', '603995.SH', '603878.SH', '603189.SH', '000666.SZ', '002235.SZ', '003029.SZ', '300559.SZ', '600694.SH', '603058.SH']"
2023-07-31,2023-07-28,2023-08-07,-0.008629135207366523,100,0.42,500,"['000910.SZ', '600569.SH', '600337.SH', '000488.SZ', '600327.SH', '000042.SZ', '000402.SZ', '600581.SH', '600376.SH', '600604.SH', '000761.SZ', '600094.SH', '603313.SH', '600386.SH', '002083.SZ', '600126.SH', '600966.SH', '000159.SZ', '000627.SZ', '600433.SH', '002187.SZ', '002969.SZ', '600081.SH', '600742.SH', '002067.SZ', '600853.SH', '300324.SZ', '000886.SZ', '002047.SZ', '002285.SZ', '000850.SZ', '600679.SH', '002314.SZ', '600182.SH', '002208.SZ', '002298.SZ', '002075.SZ', '000825.SZ', '002376.SZ', '000959.SZ', '002752.SZ', '000031.SZ', '600185.SH', '603003.SH', '300616.SZ', '002264.SZ', '600335.SH', '600278.SH', '300249.SZ', '000151.SZ', '600782.SH', '002277.SZ', '000056.SZ', '002280.SZ', '300078.SZ', '600836.SH', '002110.SZ', '300542.SZ', '002160.SZ', '000838.SZ', '600375.SH', '000560.SZ', '600738.SH', '002578.SZ', '603232.SH', '002301.SZ', '600266.SH', '300248.SZ', '603787.SH', '603708.SH', '600686.SH', '002162.SZ', '002251.SZ', '002303.SZ', '600628.SH', '002565.SZ', '600218.SH', '002374.SZ', '603518.SH', '300047.SZ', '603887.SH', '600698.SH', '000926.SZ', '300622.SZ', '300546.SZ', '002244.SZ', '300536.SZ', '000868.SZ', '000736.SZ', '603093.SH', '600841.SH', '000726.SZ', '600818.SH', '601003.SH', '600308.SH', '000501.SZ', '600828.SH', '600609.SH', '300550.SZ', '000816.SZ']"
2023-08-07,2023-08-04,2023-08-14,-0.021529276123112808,100,0.3,500,"['000910.SZ', '000488.SZ', '600337.SH', '600569.SH', '600386.SH', '600966.SH', '002285.SZ', '000761.SZ', '002298.SZ', '000825.SZ', '000159.SZ', '600581.SH', '600686.SH', '000886.SZ', '600185.SH', '600604.SH', '603232.SH', '000959.SZ', '000402.SZ', '600126.SH', '002314.SZ', '000627.SZ', '300616.SZ', '000560.SZ', '600335.SH', '300249.SZ', '603887.SH', '600094.SH', '600855.SH', '002047.SZ', '600782.SH', '600433.SH', '300324.SZ', '300996.SZ', '600182.SH', '002547.SZ', '300248.SZ', '300830.SZ', '002374.SZ', '002110.SZ', '002609.SZ', '301091.SZ', '002162.SZ', '300078.SZ', '600742.SH', '002813.SZ', '600376.SH', '603313.SH', '300542.SZ', '300659.SZ', '000042.SZ', '000797.SZ', '600679.SH', '600278.SH', '000031.SZ', '300311.SZ', '000029.SZ', '600327.SH', '002969.SZ', '000850.SZ', '002530.SZ', '002187.SZ', '600853.SH', '002280.SZ', '601003.SH', '603093.SH', '600266.SH', '600675.SH', '002160.SZ', '000151.SZ', '002244.SZ', '300479.SZ', '000926.SZ', '000056.SZ', '002075.SZ', '000006.SZ', '600861.SH', '000863.SZ', '002067.SZ', '600361.SH', '002265.SZ', '603708.SH', '000868.SZ', '688030.SH', '002239.SZ', '603189.SH', '002208.SZ', '600282.SH', '002336.SZ', '600053.SH', '603003.SH', '300047.SZ', '002301.SZ', '000815.SZ', '600963.SH', '600828.SH', '002670.SZ', '600841.SH', '300386.SZ', '002348.SZ']"
2023-08-14,2023-08-11,2023-08-21,-0.03308313652743967,100,0.45,500,"['600337.SH', '600386.SH', '002285.SZ', '301091.SZ', '600686.SH', '000797.SZ', '000886.SZ', '000736.SZ', '300249.SZ', '600604.SH', '300248.SZ', '600736.SH', '002298.SZ', '002717.SZ', '300996.SZ', '002162.SZ', '300479.SZ', '300830.SZ', '603232.SH', '002813.SZ', '002265.SZ', '600376.SH', '000488.SZ', '300616.SZ', '002530.SZ', '002609.SZ', '002374.SZ', '002561.SZ', '002969.SZ', '002251.SZ', '603887.SH', '002314.SZ', '002657.SZ', '000402.SZ', '000910.SZ', '600855.SH', '002670.SZ', '600340.SH', '003029.SZ', '600966.SH', '000815.SZ', '000627.SZ', '002047.SZ', '300311.SZ', '002547.SZ', '300659.SZ', '000850.SZ', '600375.SH', '002970.SZ', '301110.SZ', '000031.SZ', '688509.SH', '600675.SH', '300645.SZ', '300324.SZ', '600649.SH', '601198.SH', '600094.SH', '601162.SH', '002918.SZ', '601599.SH', '002423.SZ', '688246.SH', '001309.SZ', '301185.SZ', '688579.SH', '002362.SZ', '000006.SZ', '600361.SH', '688095.SH', '600266.SH', '600901.SH', '000029.SZ', '603189.SH', '600182.SH', '600155.SH', '000159.SZ', '000750.SZ', '600581.SH', '002766.SZ', '600648.SH', '688228.SH', '002110.SZ', '600822.SH', '301221.SZ', '002348.SZ', '002419.SZ', '600698.SH', '000628.SZ', '600828.SH', '603058.SH', '600738.SH', '300302.SZ', '300846.SZ', '300592.SZ', '000959.SZ', '600657.SH', '000965.SZ', '001322.SZ', '000036.SZ']"
2023-08-21,2023-08-18,2023-08-28,-0.02319123981134357,100,0.54,500,"['002251.SZ', '000736.SZ', '002717.SZ', '301185.SZ', '000797.SZ', '301110.SZ', '000965.SZ', '601599.SH', '301136.SZ', '300302.SZ', '600736.SH', '603196.SH', '000006.SZ', '002561.SZ', '600649.SH', '000011.SZ', '688590.SH', '002590.SZ', '000666.SZ', '603887.SH', '002162.SZ', '002762.SZ', '600686.SH', '688228.SH', '000628.SZ', '300616.SZ', '002474.SZ', '300231.SZ', '002766.SZ', '002599.SZ', '002362.SZ', '688246.SH', '600337.SH', '000558.SZ', '002380.SZ', '002322.SZ', '600658.SH', '002577.SZ', '002348.SZ', '000036.SZ', '301085.SZ', '002117.SZ', '002835.SZ', '603815.SH', '300835.SZ', '603516.SH', '300275.SZ', '605136.SH', '300249.SZ', '002315.SZ', '601116.SH', '300250.SZ', '600375.SH', '300917.SZ', '301091.SZ', '000957.SZ', '000886.SZ', '300645.SZ', '300288.SZ', '605598.SH', '300042.SZ', '000863.SZ', '300550.SZ', '603863.SH', '600738.SH', '600648.SH', '003016.SZ', '301221.SZ', '603528.SH', '002253.SZ', '301188.SZ', '000686.SZ', '003029.SZ', '002336.SZ', '001267.SZ', '002813.SZ', '300830.SZ', '300344.SZ', '600376.SH', '300248.SZ', '600927.SH', '300697.SZ', '600103.SH', '301117.SZ', '300592.SZ', '300044.SZ', '688509.SH', '600386.SH', '300546.SZ', '601375.SH', '688579.SH', '688095.SH', '002016.SZ', '001309.SZ', '300469.SZ', '001236.SZ', '600836.SH', '603232.SH', '002703.SZ', '002918.SZ']"
2023-08-28,2023-08-25,2023-09-04,0.020619008407120373,100,0.73,500,"['000850.SZ', '000926.SZ', '000863.SZ', '000910.SZ', '002187.SZ', '000042.SZ', '000560.SZ', '002561.SZ', '600337.SH', '002277.SZ', '600266.SH', '601162.SH', '600814.SH', '603093.SH', '600828.SH', '002208.SZ', '000686.SZ', '002285.SZ', '000488.SZ', '600182.SH', '002264.SZ', '600853.SH', '600094.SH', '600694.SH', '000750.SZ', '000501.SZ', '002244.SZ', '002376.SZ', '002961.SZ', '003016.SZ', '002547.SZ', '000402.SZ', '603359.SH', '603518.SH', '002565.SZ', '000886.SZ', '002766.SZ', '600628.SH', '600081.SH', '000031.SZ', '002314.SZ', '601198.SH', '002419.SZ', '000761.SZ', '002298.SZ', '600738.SH', '603887.SH', '301188.SZ', '000558.SZ', '002067.SZ', '002813.SZ', '002762.SZ', '002374.SZ', '600864.SH', '600906.SH', '600569.SH', '002348.SZ', '600836.SH', '603708.SH', '600604.SH', '600785.SH', '603232.SH', '000797.SZ', '002344.SZ', '600742.SH', '603787.SH', '600386.SH', '002423.SZ', '301091.SZ', '601116.SH', '002016.SZ', '600126.SH', '600369.SH', '600603.SH', '300616.SZ', '600155.SH', '002404.SZ', '000056.SZ', '300078.SZ', '300830.SZ', '600223.SH', '002336.SZ', '600686.SH', '600185.SH', '000532.SZ', '000627.SZ', '600822.SH', '600382.SH', '000151.SZ', '000572.SZ', '603516.SH', '600581.SH', '300324.SZ', '600469.SH', '688060.SH', '000718.SZ', '000868.SZ', '002047.SZ', '002752.SZ', '600376.SH']"
2023-09-04,2023-09-01,2023-09-11,0.0046887909971397605,100,0.84,500,"['300835.SZ', '603109.SH', '603758.SH', '002870.SZ', '300304.SZ', '300532.SZ', '002284.SZ', '600469.SH', '002328.SZ', '002448.SZ', '000913.SZ', '301046.SZ', '300994.SZ', '000026.SZ', '603809.SH', '301026.SZ', '603518.SH', '603035.SH', '002965.SZ', '300982.SZ', '300507.SZ', '002662.SZ', '300614.SZ', '000409.SZ', '300697.SZ', '002478.SZ', '301039.SZ', '000532.SZ', '300978.SZ', '002634.SZ', '000700.SZ', '600386.SH', '300047.SZ', '301188.SZ', '002577.SZ', '605133.SH', '002766.SZ', '603516.SH', '603003.SH', '688786.SH', '600817.SH', '600301.SH', '003038.SZ', '600785.SH', '002970.SZ', '000655.SZ', '300645.SZ', '688667.SH', '300520.SZ', '002232.SZ', '300691.SZ', '002536.SZ', '002404.SZ', '002308.SZ', '300531.SZ', '003016.SZ', '301011.SZ', '603165.SH', '301221.SZ', '600822.SH', '301248.SZ', '300592.SZ', '002253.SZ', '002469.SZ', '002835.SZ', '002117.SZ', '002997.SZ', '603239.SH', '603995.SH', '000779.SZ', '600694.SH', '603990.SH', '603787.SH', '002599.SZ', '002265.SZ', '002489.SZ', '002380.SZ', '002208.SZ', '603013.SH', '603878.SH', '300448.SZ', '000090.SZ', '301085.SZ', '002664.SZ', '002752.SZ', '002912.SZ', '300044.SZ', '300275.SZ', '301215.SZ', '300680.SZ', '002973.SZ', '301110.SZ', '002824.SZ', '000417.SZ', '600361.SH', '603085.SH', '000517.SZ', '600382.SH', '603766.SH', '603611.SH']"
2023-09-11,2023-09-08,2023-09-18,-0.015369744675941592,100,0.47,500,"['002328.SZ', '300835.SZ', '603758.SH', '301215.SZ', '300258.SZ', '300614.SZ', '300994.SZ', '603109.SH', '603809.SH', '603085.SH', '688667.SH', '601279.SH', '300978.SZ', '002664.SZ', '603035.SH', '301046.SZ', '605133.SH', '002162.SZ', '300507.SZ', '688060.SH', '300520.SZ', '300681.SZ', '002735.SZ', '603189.SH', '002284.SZ', '600386.SH', '002870.SZ', '688201.SH', '002662.SZ', '000655.SZ', '300344.SZ', '002970.SZ', '003038.SZ', '002448.SZ', '002965.SZ', '688207.SH', '603990.SH', '000812.SZ', '002766.SZ', '300506.SZ', '002634.SZ', '301026.SZ', '603878.SH', '002824.SZ', '002101.SZ', '301091.SZ', '688786.SH', '603058.SH', '002253.SZ', '688787.SH', '605007.SH', '301248.SZ', '300733.SZ', '300846.SZ', '603787.SH', '688365.SH', '000532.SZ', '688280.SH', '300825.SZ', '002308.SZ', '688039.SH', '688225.SH', '605333.SH', '301188.SZ', '603848.SH', '603348.SH', '000913.SZ', '002283.SZ', '603687.SH', '600523.SH', '603528.SH', '300428.SZ', '300304.SZ', '603003.SH', '300532.SZ', '603516.SH', '002599.SZ', '002469.SZ', '600469.SH', '600855.SH', '300790.SZ', '688158.SH', '002973.SZ', '601969.SH', '002190.SZ', '002348.SZ', '688246.SH', '002752.SZ', '300287.SZ', '002906.SZ', '600817.SH', '301039.SZ', '300986.SZ', '688228.SH', '301110.SZ', '300311.SZ', '688533.SH', '002454.SZ', '300926.SZ', '300645.SZ']"
2023-09-18,2023-09-15,2023-09-25,-0.01510893804370439,100,0.51,500,"['002662.SZ', '002328.SZ', '600785.SH', '600386.SH', '603758.SH', '300835.SZ', '603878.SH', '002162.SZ', '603787.SH', '301215.SZ', '601968.SH', '002870.SZ', '000090.SZ', '603518.SH', '600382.SH', '002969.SZ', '605377.SH', '603003.SH', '603035.SH', '002752.SZ', '600694.SH', '605007.SH', '601969.SH', '600469.SH', '000517.SZ', '002478.SZ', '600308.SH', '301110.SZ', '002448.SZ', '300994.SZ', '002083.SZ', '000026.SZ', '000812.SZ', '300729.SZ', '300681.SZ', '600643.SH', '603995.SH', '600742.SH', '002489.SZ', '300978.SZ', '600295.SH', '600817.SH', '603058.SH', '301248.SZ', '000655.SZ', '000417.SZ', '603109.SH', '002965.SZ', '301188.SZ', '301078.SZ', '002973.SZ', '002208.SZ', '002404.SZ', '600325.SH', '301109.SZ', '300506.SZ', '603766.SH', '603809.SH', '300258.SZ', '603013.SH', '301039.SZ', '601279.SH', '600603.SH', '300918.SZ', '603313.SH', '000159.SZ', '002918.SZ', '603848.SH', '002664.SZ', '603358.SH', '002283.SZ', '000910.SZ', '605167.SH', '688786.SH', '002824.SZ', '600327.SH', '000913.SZ', '600679.SH', '003038.SZ', '002469.SZ', '000726.SZ', '600480.SH', '002264.SZ', '601515.SH', '000048.SZ', '603687.SH', '603801.SH', '688201.SH', '002085.SZ', '600282.SH', '000532.SZ', '603071.SH', '002301.SZ', '002697.SZ', '688667.SH', '000560.SZ', '002735.SZ', '002244.SZ', '600064.SH', '603348.SH']"
2023-09-25,2023-09-22,2023-10-09,0.007196838810948312,100,0.97,500,"['601918.SH', '300349.SZ', '601666.SH', '003026.SZ', '600618.SH', '605555.SH', '600251.SH', '000707.SZ', '600874.SH', '605196.SH', '301047.SZ', '605167.SH', '002695.SZ', '002543.SZ', '300193.SZ', '688135.SH', '002833.SZ', '002918.SZ', '600269.SH', '600127.SH', '601001.SH', '300911.SZ', '300833.SZ', '000683.SZ', '600873.SH', '000893.SZ', '002565.SZ', '002106.SZ', '601860.SH', '600425.SH', '300575.SZ', '600088.SH', '601827.SH', '600123.SH', '600012.SH', '600612.SH', '000850.SZ', '002545.SZ', '002970.SZ', '688377.SH', '000672.SZ', '605108.SH', '002154.SZ', '300875.SZ', '000923.SZ', '603191.SH', '002383.SZ', '300435.SZ', '002746.SZ', '002515.SZ', '300657.SZ', '002244.SZ', '002818.SZ', '603002.SH', '603299.SH', '002539.SZ', '601007.SH', '300025.SZ', '002483.SZ', '600486.SH', '600497.SH', '300177.SZ', '300307.SZ', '301089.SZ', '603871.SH', '605266.SH', '605098.SH', '002980.SZ', '688551.SH', '300648.SZ', '300630.SZ', '688733.SH', '003012.SZ', '300128.SZ', '603378.SH', '000670.SZ', '300553.SZ', '000650.SZ', '300926.SZ', '688169.SH', '600098.SH', '688336.SH', '002393.SZ', '600389.SH', '000506.SZ', '002943.SZ', '000700.SZ', '000830.SZ', '603070.SH', '603610.SH', '002977.SZ', '601975.SH', '300071.SZ', '002813.SZ', '603773.SH', '601022.SH', '601116.SH', '002474.SZ', '300192.SZ', '300149.SZ']"
2023-10-09,2023-09-28,2023-10-16,-0.006918778838892295,100,0.52,500,"['000707.SZ', '002977.SZ', '002543.SZ', '605555.SH', '300193.SZ', '003026.SZ', '002565.SZ', '601666.SH', '300447.SZ', '300575.SZ', '603299.SH', '600123.SH', '002968.SZ', '300911.SZ', '002943.SZ', '600251.SH', '603938.SH', '601001.SH', '601918.SH', '688733.SH', '601677.SH', '603191.SH', '605286.SH', '603122.SH', '000683.SZ', '601975.SH', '301080.SZ', '002993.SZ', '300435.SZ', '600618.SH', '002383.SZ', '600874.SH', '600063.SH', '002539.SZ', '300073.SZ', '300639.SZ', '301099.SZ', '301021.SZ', '300841.SZ', '688135.SH', '600389.SH', '300485.SZ', '300700.SZ', '002444.SZ', '600873.SH', '603931.SH', '002876.SZ', '002889.SZ', '603078.SH', '603416.SH', '600269.SH', '601860.SH', '300648.SZ', '688233.SH', '300177.SZ', '002432.SZ', '300363.SZ', '000962.SZ', '300939.SZ', '603722.SH', '002119.SZ', '002922.SZ', '603348.SH', '002374.SZ', '603366.SH', '603131.SH', '000923.SZ', '300349.SZ', '600425.SH', '603002.SH', '300149.SZ', '300565.SZ', '688131.SH', '603212.SH', '688377.SH', '600929.SH', '603666.SH', '600238.SH', '605196.SH', '002549.SZ', '300833.SZ', '300655.SZ', '002655.SZ', '688323.SH', '000550.SZ', '002073.SZ', '000893.SZ', '301089.SZ', '300796.SZ', '601007.SH', '600526.SH', '002483.SZ', '000957.SZ', '002695.SZ', '002102.SZ', '600135.SH', '002244.SZ', '002746.SZ', '300667.SZ', '000670.SZ']"
2023-10-16,2023-10-13,2023-10-23,-0.06853143426566172,100,0.96,500,"['688181.SH', '688699.SH', '603160.SH', '301189.SZ', '688798.SH', '002273.SZ', '688127.SH', '688135.SH', '300429.SZ', '301086.SZ', '002238.SZ', '003026.SZ', '000823.SZ', '688550.SH', '603189.SH', '603626.SH', '300671.SZ', '300115.SZ', '688068.SH', '688662.SH', '300655.SZ', '688299.SH', '002643.SZ', '300657.SZ', '688519.SH', '603138.SH', '300739.SZ', '600410.SH', '300679.SZ', '688079.SH', '603328.SH', '688106.SH', '301123.SZ', '300006.SZ', '688262.SH', '688595.SH', '002745.SZ', '688327.SH', '688138.SH', '002106.SZ', '300458.SZ', '300752.SZ', '000090.SZ', '300043.SZ', '603002.SH', '002923.SZ', '301093.SZ', '300852.SZ', '300079.SZ', '688020.SH', '002055.SZ', '688766.SH', '301201.SZ', '688083.SH', '300903.SZ', '600707.SH', '002635.SZ', '600640.SH', '002815.SZ', '301308.SZ', '000718.SZ', '600185.SH', '688010.SH', '600064.SH', '000676.SZ', '002741.SZ', '688055.SH', '603633.SH', '688167.SH', '688213.SH', '688259.SH', '603068.SH', '600373.SH', '600603.SH', '300182.SZ', '000636.SZ', '300088.SZ', '300735.SZ', '300077.SZ', '000517.SZ', '600757.SH', '603228.SH', '000045.SZ', '002436.SZ', '688150.SH', '601811.SH', '600094.SH', '300787.SZ', '300364.SZ', '688183.SH', '300976.SZ', '300805.SZ', '601921.SH', '600855.SH', '688230.SH', '000926.SZ', '603629.SH', '300128.SZ', '601512.SH', '600353.SH']"
2023-10-23,2023-10-20,2023-10-30,0.07680503566894027,100,0.46,500,"['603890.SH', '000926.SZ', '603626.SH', '600185.SH', '600094.SH', '600266.SH', '002208.SZ', '000823.SZ', '000560.SZ', '000718.SZ', '002741.SZ', '301189.SZ', '002314.SZ', '600707.SH', '300115.SZ', '688181.SH', '000090.SZ', '000797.SZ', '300043.SZ', '002244.SZ', '600037.SH', '600959.SH', '000031.SZ', '000042.SZ', '688550.SH', '000917.SZ', '300077.SZ', '000402.SZ', '300071.SZ', '300426.SZ', '000050.SZ', '600831.SH', '600855.SH', '600637.SH', '601512.SH', '002285.SZ', '600603.SH', '603825.SH', '301308.SZ', '603186.SH', '002373.SZ', '688368.SH', '301051.SZ', '600640.SH', '603189.SH', '600071.SH', '002745.SZ', '688010.SH', '002217.SZ', '002528.SZ', '000029.SZ', '603160.SH', '002530.SZ', '000517.SZ', '001309.SZ', '603138.SH', '002106.SZ', '688055.SH', '300752.SZ', '300128.SZ', '600325.SH', '002387.SZ', '300027.SZ', '000503.SZ', '300976.SZ', '688595.SH', '002992.SZ', '600064.SH', '002273.SZ', '300079.SZ', '600007.SH', '688127.SH', '688327.SH', '000156.SZ', '688135.SH', '688359.SH', '000056.SZ', '600373.SH', '002292.SZ', '300088.SZ', '000045.SZ', '000665.SZ', '300102.SZ', '300805.SZ', '300582.SZ', '688699.SH', '600757.SH', '002238.SZ', '300852.SZ', '002425.SZ', '688766.SH', '688020.SH', '688138.SH', '688150.SH', '300671.SZ', '688106.SH', '603096.SH', '601811.SH', '000736.SZ', '000676.SZ']"
2023-10-30,2023-10-27,2023-11-06,0.03616995048124836,100,0.6,500,"['603626.SH', '688135.SH', '300656.SZ', '688079.SH', '301189.SZ', '688181.SH', '003026.SZ', '688010.SH', '300739.SZ', '603890.SH', '603595.SH', '688230.SH', '688262.SH', '688183.SH', '603633.SH', '301051.SZ', '300752.SZ', '301123.SZ', '688595.SH', '300903.SZ', '688127.SH', '688020.SH', '688662.SH', '688519.SH', '603186.SH', '300115.SZ', '603825.SH', '002741.SZ', '688049.SH', '002036.SZ', '300623.SZ', '300582.SZ', '002655.SZ', '688299.SH', '600831.SH', '002298.SZ', '002425.SZ', '603386.SH', '002238.SZ', '688209.SH', '688699.SH', '300077.SZ', '002579.SZ', '688045.SH', '688150.SH', '688233.SH', '002387.SZ', '688766.SH', '301086.SZ', '300098.SZ', '000056.SZ', '002947.SZ', '300655.SZ', '300671.SZ', '002137.SZ', '300128.SZ', '603068.SH', '300369.SZ', '688601.SH', '600237.SH', '603703.SH', '603636.SH', '002197.SZ', '300679.SZ', '002217.SZ', '600071.SH', '002845.SZ', '000823.SZ', '002055.SZ', '603738.SH', '300909.SZ', '002765.SZ', '003043.SZ', '002866.SZ', '688550.SH', '603138.SH', '300102.SZ', '300976.SZ', '300598.SZ', '688052.SH', '688369.SH', '000050.SZ', '300793.SZ', '688327.SH', '300322.SZ', '603002.SH', '300323.SZ', '300831.SZ', '002273.SZ', '002782.SZ', '000665.SZ', '688661.SH', '300052.SZ', '002876.SZ', '688138.SH', '002436.SZ', '002530.SZ', '300612.SZ', '301180.SZ', '301031.SZ']"
2023-11-06,2023-11-03,2023-11-13,0.015240965420374824,100,0.53,500,"['688010.SH', '603626.SH', '002900.SZ', '300497.SZ', '300671.SZ', '002741.SZ', '301123.SZ', '300582.SZ', '300149.SZ', '688302.SH', '000710.SZ', '300077.SZ', '688176.SH', '000665.SZ', '300006.SZ', '000056.SZ', '300128.SZ', '300656.SZ', '688595.SH', '688699.SH', '688079.SH', '688233.SH', '688183.SH', '603068.SH', '688519.SH', '300147.SZ', '688173.SH', '002217.SZ', '300027.SZ', '300752.SZ', '300642.SZ', '000558.SZ', '600936.SH', '002161.SZ', '688399.SH', '002387.SZ', '300612.SZ', '688045.SH', '002036.SZ', '002636.SZ', '688020.SH', '600228.SH', '300436.SZ', '002876.SZ', '002655.SZ', '600360.SH', '603825.SH', '000802.SZ', '002425.SZ', '600071.SH', '688322.SH', '688221.SH', '688262.SH', '300739.SZ', '300046.SZ', '301189.SZ', '688209.SH', '603936.SH', '000607.SZ', '002449.SZ', '688766.SH', '002141.SZ', '688238.SH', '300323.SZ', '688167.SH', '002173.SZ', '603633.SH', '600624.SH', '300976.SZ', '603078.SH', '300131.SZ', '002285.SZ', '688662.SH', '301051.SZ', '688055.SH', '002291.SZ', '002137.SZ', '002587.SZ', '000892.SZ', '300493.SZ', '600825.SH', '688110.SH', '002388.SZ', '300120.SZ', '300831.SZ', '600831.SH', '300381.SZ', '000504.SZ', '603002.SH', '300516.SZ', '601929.SH', '300679.SZ', '002923.SZ', '688052.SH', '300061.SZ', '600996.SH', '600171.SH', '000788.SZ', '688230.SH', '300566.SZ']"
2023-11-13,2023-11-10,2023-11-20,0.032577677275297194,100,0.58,500,"['300331.SZ', '688010.SH', '300098.SZ', '002388.SZ', '000607.SZ', '688039.SH', '300582.SZ', '300188.SZ', '300128.SZ', '002436.SZ', '301201.SZ', '002137.SZ', '688158.SH', '300976.SZ', '300085.SZ', '603528.SH', '688595.SH', '300787.SZ', '688030.SH', '688079.SH', '600228.SH', '300612.SZ', '688302.SH', '301123.SZ', '603636.SH', '688365.SH', '600203.SH', '002900.SZ', '300706.SZ', '300322.SZ', '002655.SZ', '300043.SZ', '002869.SZ', '300027.SZ', '002922.SZ', '603189.SH', '603626.SH', '301183.SZ', '603738.SH', '603138.SH', '300077.SZ', '688322.SH', '002119.SZ', '600825.SH', '688173.SH', '002962.SZ', '688327.SH', '603990.SH', '300120.SZ', '300785.SZ', '600797.SH', '688045.SH', '600571.SH', '688020.SH', '603629.SH', '300671.SZ', '300654.SZ', '300299.SZ', '002387.SZ', '688262.SH', '300493.SZ', '300545.SZ', '300516.SZ', '002587.SZ', '688699.SH', '300170.SZ', '301051.SZ', '002741.SZ', '002947.SZ', '300657.SZ', '300075.SZ', '300136.SZ', '300684.SZ', '300079.SZ', '600855.SH', '688662.SH', '300166.SZ', '002654.SZ', '000802.SZ', '002864.SZ', '300752.SZ', '300576.SZ', '603887.SH', '688095.SH', '603936.SH', '002217.SZ', '300656.SZ', '688766.SH', '603869.SH', '300735.SZ', '301171.SZ', '603633.SH', '002036.SZ', '300964.SZ', '300291.SZ', '600410.SH', '300456.SZ', '300655.SZ', '002955.SZ', '003026.SZ']"
2023-11-20,2023-11-17,2023-11-27,-0.027095312457800017,100,0.41,500,"['002137.SZ', '300582.SZ', '002388.SZ', '002655.SZ', '300128.SZ', '002587.SZ', '300752.SZ', '300120.SZ', '300516.SZ', '000607.SZ', '688176.SH', '300493.SZ', '002876.SZ', '300497.SZ', '300671.SZ', '300077.SZ', '600825.SH', '688045.SH', '300331.SZ', '002900.SZ', '300566.SZ', '600228.SH', '300046.SZ', '688302.SH', '688595.SH', '603078.SH', '002741.SZ', '300456.SZ', '300612.SZ', '688010.SH', '688662.SH', '301201.SZ', '000558.SZ', '002079.SZ', '300787.SZ', '688270.SH', '600353.SH', '688322.SH', '300706.SZ', '300006.SZ', '300642.SZ', '300027.SZ', '603466.SH', '300656.SZ', '688173.SH', '300043.SZ', '603738.SH', '002119.SZ', '300322.SZ', '300136.SZ', '002922.SZ', '688233.SH', '300976.SZ', '688110.SH', '002173.SZ', '600203.SH', '300654.SZ', '603380.SH', '301123.SZ', '000802.SZ', '000788.SZ', '300149.SZ', '000710.SZ', '603626.SH', '688766.SH', '300299.SZ', '002636.SZ', '002036.SZ', '301171.SZ', '688020.SH', '000504.SZ', '300346.SZ', '600641.SH', '300131.SZ', '002940.SZ', '688399.SH', '688661.SH', '688209.SH', '002993.SZ', '603633.SH', '300239.SZ', '300655.SZ', '300735.SZ', '300684.SZ', '002217.SZ', '300032.SZ', '300939.SZ', '688699.SH', '002866.SZ', '603068.SH', '002449.SZ', '300613.SZ', '300657.SZ', '300683.SZ', '002962.SZ', '301051.SZ', '300679.SZ', '688262.SH', '605277.SH', '688052.SH']"
2023-11-27,2023-11-24,2023-12-04,-0.004447583482307739,100,0.6,500,"['603890.SH', '002388.SZ', '603068.SH', '688176.SH', '300404.SZ', '002750.SZ', '300102.SZ', '688302.SH', '002587.SZ', '300204.SZ', '002793.SZ', '000558.SZ', '688010.SH', '300149.SZ', '002141.SZ', '600200.SH', '300709.SZ', '300582.SZ', '300683.SZ', '688192.SH', '688110.SH', '688221.SH', '688766.SH', '688595.SH', '688368.SH', '002845.SZ', '002285.SZ', '600203.SH', '688045.SH', '688222.SH', '688085.SH', '002579.SZ', '002644.SZ', '688399.SH', '002198.SZ', '603626.SH', '002729.SZ', '000670.SZ', '300322.SZ', '000056.SZ', '603869.SH', '688197.SH', '002288.SZ', '003026.SZ', '688023.SH', '002217.SZ', '600624.SH', '300006.SZ', '000029.SZ', '002741.SZ', '688209.SH', '688670.SH', '688230.SH', '688327.SH', '688488.SH', '688662.SH', '300942.SZ', '300077.SZ', '603122.SH', '688020.SH', '002962.SZ', '300752.SZ', '300497.SZ', '300706.SZ', '603222.SH', '300975.SZ', '002173.SZ', '300158.SZ', '300671.SZ', '300032.SZ', '300436.SZ', '300657.SZ', '600774.SH', '002435.SZ', '300046.SZ', '002864.SZ', '600246.SH', '688322.SH', '300323.SZ', '002581.SZ', '688798.SH', '688359.SH', '301201.SZ', '688259.SH', '300331.SZ', '301308.SZ', '300429.SZ', '002119.SZ', '002589.SZ', '000560.SZ', '300684.SZ', '300981.SZ', '688661.SH', '002107.SZ', '600185.SH', '600376.SH', '600171.SH', '301258.SZ', '688108.SH', '300458.SZ']"
2023-12-04,2023-12-01,2023-12-11,-0.007523076359508951,100,0.79,500,"['603890.SH', '300546.SZ', '688550.SH', '002161.SZ', '688010.SH', '002288.SZ', '002141.SZ', '002376.SZ', '300311.SZ', '688049.SH', '000517.SZ', '300951.SZ', '603611.SH', '605277.SH', '002253.SZ', '603002.SH', '688060.SH', '300830.SZ', '300469.SZ', '000090.SZ', '688327.SH', '300368.SZ', '300550.SZ', '603068.SH', '300287.SZ', '000797.SZ', '002119.SZ', '000503.SZ', '688230.SH', '300448.SZ', '600094.SH', '688588.SH', '000727.SZ', '603516.SH', '300085.SZ', '002992.SZ', '300324.SZ', '300479.SZ', '000558.SZ', '603528.SH', '300044.SZ', '300632.SZ', '300184.SZ', '603887.SH', '002055.SZ', '000926.SZ', '600173.SH', '002869.SZ', '300078.SZ', '300895.SZ', '688228.SH', '688359.SH', '002845.SZ', '603138.SH', '000560.SZ', '000034.SZ', '300046.SZ', '300226.SZ', '002962.SZ', '688766.SH', '300344.SZ', '300042.SZ', '688207.SH', '300846.SZ', '301236.SZ', '300976.SZ', '300047.SZ', '300102.SZ', '688509.SH', '688045.SH', '300250.SZ', '000056.SZ', '300708.SZ', '002388.SZ', '600756.SH', '000045.SZ', '688095.SH', '300542.SZ', '300831.SZ', '688787.SH', '688365.SH', '300552.SZ', '000670.SZ', '603703.SH', '300579.SZ', '688055.SH', '002642.SZ', '300706.SZ', '603189.SH', '000718.SZ', '300598.SZ', '300275.SZ', '300659.SZ', '300249.SZ', '688030.SH', '600651.SH', '002724.SZ', '600510.SH', '688225.SH', '003005.SZ']"
2023-12-11,2023-12-08,2023-12-18,-0.025901144145976173,100,0.49,500,"['600185.SH', '000797.SZ', '300368.SZ', '002376.SZ', '688550.SH', '002288.SZ', '688230.SH', '603825.SH', '000560.SZ', '300078.SZ', '688055.SH', '000517.SZ', '603068.SH', '300102.SZ', '300550.SZ', '300579.SZ', '000503.SZ', '600603.SH', '000926.SZ', '603999.SH', '300546.SZ', '000718.SZ', '600651.SH', '600707.SH', '000042.SZ', '002992.SZ', '002161.SZ', '002314.SZ', '688368.SH', '300287.SZ', '002065.SZ', '688010.SH', '000006.SZ', '603890.SH', '002609.SZ', '000863.SZ', '600756.SH', '688588.SH', '603887.SH', '600446.SH', '688049.SH', '603703.SH', '000727.SZ', '688228.SH', '002745.SZ', '603508.SH', '300348.SZ', '000090.SZ', '300324.SZ', '600604.SH', '600246.SH', '000838.SZ', '688246.SH', '600648.SH', '688327.SH', '300168.SZ', '002449.SZ', '301051.SZ', '002055.SZ', '300448.SZ', '300469.SZ', '002141.SZ', '688209.SH', '600718.SH', '002217.SZ', '688766.SH', '000056.SZ', '601512.SH', '000029.SZ', '300212.SZ', '600223.SH', '688798.SH', '002579.SZ', '300708.SZ', '688066.SH', '688225.SH', '300232.SZ', '600094.SH', '000062.SZ', '000823.SZ', '002528.SZ', '002208.SZ', '603516.SH', '002253.SZ', '300311.SZ', '002285.SZ', '600797.SH', '600171.SH', '002439.SZ', '002724.SZ', '688369.SH', '002139.SZ', '300253.SZ', '603138.SH', '688509.SH', '000558.SZ', '300188.SZ', '688030.SH', '300323.SZ', '688322.SH']"
2023-12-18,2023-12-15,2023-12-25,-0.05577409232988687,100,0.6,500,"['000926.SZ', '603096.SH', '000517.SZ', '000560.SZ', '300426.SZ', '600185.SH', '600094.SH', '000797.SZ', '000090.SZ', '000042.SZ', '002314.SZ', '000863.SZ', '603825.SH', '002208.SZ', '002285.SZ', '600266.SH', '600288.SH', '000718.SZ', '000823.SZ', '002905.SZ', '002264.SZ', '000056.SZ', '601811.SH', '600637.SH', '603386.SH', '000892.SZ', '600959.SH', '600658.SH', '603508.SH', '600936.SH', '000006.SZ', '300027.SZ', '603887.SH', '000031.SZ', '002528.SZ', '600604.SH', '603103.SH', '000670.SZ', '002161.SZ', '600757.SH', '002288.SZ', '002869.SZ', '002745.SZ', '000402.SZ', '301248.SZ', '002449.SZ', '600510.SH', '300785.SZ', '600648.SH', '600173.SH', '002137.SZ', '601929.SH', '000727.SZ', '688228.SH', '605577.SH', '300632.SZ', '600603.SH', '600064.SH', '000917.SZ', '300071.SZ', '603890.SH', '601019.SH', '000802.SZ', '300976.SZ', '600037.SH', '600649.SH', '600223.SH', '002106.SZ', '600736.SH', '600831.SH', '688230.SH', '600376.SH', '301102.SZ', '002955.SZ', '002217.SZ', '600325.SH', '688787.SH', '000736.SZ', '301153.SZ', '000045.SZ', '600707.SH', '300133.SZ', '603703.SH', '000156.SZ', '600640.SH', '688327.SH', '000062.SZ', '688550.SH', '603611.SH', '600228.SH', '002995.SZ', '002579.SZ', '601098.SH', '002016.SZ', '600203.SH', '000034.SZ', '300917.SZ', '601999.SH', '000558.SZ', '600551.SH']"
2023-12-25,2023-12-22,2024-01-02,0.030487999072052255,100,0.78,500,"['002788.SZ', '603611.SH', '300852.SZ', '605277.SH', '000090.SZ', '603386.SH', '000517.SZ', '600094.SH', '000048.SZ', '002130.SZ', '002106.SZ', '301086.SZ', '300219.SZ', '002922.SZ', '003043.SZ', '300632.SZ', '300532.SZ', '002955.SZ', '000034.SZ', '002913.SZ', '603931.SH', '603920.SH', '688181.SH', '001308.SZ', '002815.SZ', '300389.SZ', '002208.SZ', '688589.SH', '002045.SZ', '002983.SZ', '300226.SZ', '603328.SH', '000823.SZ', '002993.SZ', '300939.SZ', '002947.SZ', '002937.SZ', '688601.SH', '603327.SH', '300739.SZ', '002322.SZ', '300790.SZ', '688550.SH', '603228.SH', '000997.SZ', '688135.SH', '002835.SZ', '002745.SZ', '000062.SZ', '603633.SH', '000727.SZ', '300909.SZ', '300481.SZ', '300559.SZ', '002643.SZ', '600173.SH', '688019.SH', '000560.SZ', '300130.SZ', '002987.SZ', '000926.SZ', '600639.SH', '603859.SH', '300857.SZ', '300131.SZ', '688299.SH', '300047.SZ', '002782.SZ', '002380.SZ', '603989.SH', '300975.SZ', '300787.SZ', '300964.SZ', '002139.SZ', '002765.SZ', '300634.SZ', '000797.SZ', '605111.SH', '600648.SH', '300976.SZ', '300476.SZ', '300520.SZ', '002222.SZ', '300541.SZ', '300493.SZ', '301085.SZ', '300656.SZ', '300231.SZ', '688106.SH', '002198.SZ', '300136.SZ', '688188.SH', '300373.SZ', '002016.SZ', '603380.SH', '300319.SZ', '301031.SZ', '002436.SZ', '002273.SZ', '301180.SZ']"
2024-01-02,2023-12-29,2024-01-08,-0.03512093393873881,100,0.95,500,"['603689.SH', '603619.SH', '002083.SZ', '000700.SZ', '000550.SZ', '002940.SZ', '003000.SZ', '000829.SZ', '603386.SH', '002870.SZ', '603013.SH', '000404.SZ', '605090.SH', '603708.SH', '600368.SH', '601666.SH', '300908.SZ', '600612.SH', '000680.SZ', '601968.SH', '600971.SH', '300729.SZ', '300441.SZ', '603219.SH', '601028.SH', '601789.SH', '600180.SH', '002416.SZ', '600428.SH', '300856.SZ', '300873.SZ', '002757.SZ', '603239.SH', '600509.SH', '002865.SZ', '301188.SZ', '300453.SZ', '600794.SH', '002345.SZ', '601827.SH', '600123.SH', '603518.SH', '603055.SH', '600335.SH', '600295.SH', '600686.SH', '603686.SH', '002540.SZ', '600667.SH', '002956.SZ', '601368.SH', '600777.SH', '002782.SZ', '000034.SZ', '605555.SH', '000828.SZ', '603111.SH', '002171.SZ', '600987.SH', '002843.SZ', '300842.SZ', '002458.SZ', '002971.SZ', '603309.SH', '000993.SZ', '002533.SZ', '002020.SZ', '600449.SH', '603338.SH', '002895.SZ', '002917.SZ', '002115.SZ', '002183.SZ', '300791.SZ', '605116.SH', '603128.SH', '002444.SZ', '600566.SH', '002766.SZ', '603283.SH', '300631.SZ', '600300.SH', '601156.SH', '002429.SZ', '600327.SH', '000598.SZ', '000422.SZ', '300540.SZ', '002977.SZ', '603057.SH', '300298.SZ', '300559.SZ', '300972.SZ', '002803.SZ', '603058.SH', '300507.SZ', '300354.SZ', '300857.SZ', '002891.SZ', '002607.SZ']"
2024-01-08,2024-01-05,2024-01-15,0.011856764709987273,100,0.93,500,"['603689.SH', '002443.SZ', '002225.SZ', '002616.SZ', '300272.SZ', '605196.SH', '605066.SH', '002398.SZ', '000880.SZ', '002264.SZ', '605158.SH', '002478.SZ', '002196.SZ', '603759.SH', '600982.SH', '002479.SZ', '603167.SH', '000090.SZ', '000517.SZ', '300435.SZ', '002471.SZ', '300625.SZ', '300453.SZ', '600531.SH', '000612.SZ', '000055.SZ', '603093.SH', '002452.SZ', '603878.SH', '002860.SZ', '000655.SZ', '000507.SZ', '002969.SZ', '002627.SZ', '603408.SH', '600796.SH', '300575.SZ', '301149.SZ', '605337.SH', '002905.SZ', '000862.SZ', '300697.SZ', '002554.SZ', '000755.SZ', '600643.SH', '600961.SH', '001203.SZ', '002208.SZ', '600173.SH', '300619.SZ', '601218.SH', '600798.SH', '301017.SZ', '605089.SH', '603323.SH', '002977.SZ', '603237.SH', '000911.SZ', '002540.SZ', '603057.SH', '603377.SH', '300873.SZ', '603318.SH', '300532.SZ', '603324.SH', '001215.SZ', '001311.SZ', '603300.SH', '001338.SZ', '600979.SH', '300384.SZ', '301093.SZ', '300265.SZ', '000011.SZ', '603170.SH', '600611.SH', '600617.SH', '603219.SH', '000906.SZ', '000631.SZ', '600120.SH', '603535.SH', '603213.SH', '002900.SZ', '002953.SZ', '002535.SZ', '301166.SZ', '603507.SH', '002441.SZ', '000718.SZ', '600361.SH', '002961.SZ', '000415.SZ', '300314.SZ', '002864.SZ', '300485.SZ', '300636.SZ', '000567.SZ', '000833.SZ', '002943.SZ']"
2024-01-15,2024-01-12,2024-01-22,-0.09950559775725337,100,0.23,500,"['002443.SZ', '002478.SZ', '002398.SZ', '600368.SH', '603071.SH', '002225.SZ', '002616.SZ', '603689.SH', '002264.SZ', '603878.SH', '000517.SZ', '300272.SZ', '000612.SZ', '605196.SH', '000655.SZ', '600531.SH', '605066.SH', '000880.SZ', '000755.SZ', '002471.SZ', '002452.SZ', '603408.SH', '603093.SH', '002479.SZ', '000055.SZ', '600982.SH', '603759.SH', '300625.SZ', '603167.SH', '605158.SH', '000507.SZ', '002860.SZ', '300575.SZ', '300697.SZ', '002196.SZ', '600961.SH', '002208.SZ', '300453.SZ', '605337.SH', '001203.SZ', '300873.SZ', '000631.SZ', '600794.SH', '301017.SZ', '002441.SZ', '603057.SH', '603300.SH', '300384.SZ', '601008.SH', '601218.SH', '002627.SZ', '002255.SZ', '002554.SZ', '000567.SZ', '002905.SZ', '002953.SZ', '603323.SH', '600173.SH', '000993.SZ', '300532.SZ', '301048.SZ', '001323.SZ', '600798.SH', '002540.SZ', '002864.SZ', '000935.SZ', '300314.SZ', '605368.SH', '601921.SH', '301061.SZ', '600120.SH', '000011.SZ', '002977.SZ', '605089.SH', '000906.SZ', '000862.SZ', '000911.SZ', '300905.SZ', '603170.SH', '300795.SZ', '000603.SZ', '600979.SH', '000718.SZ', '603507.SH', '600617.SH', '603318.SH', '603324.SH', '301090.SZ', '300485.SZ', '601528.SH', '002969.SZ', '002469.SZ', '300880.SZ', '600611.SH', '600643.SH', '002423.SZ', '301195.SZ', '300127.SZ', '603237.SH', '001258.SZ']"
2024-01-22,2024-01-19,2024-01-29,0.04765594953028059,100,0.23,500,"['002478.SZ', '002443.SZ', '002471.SZ', '603689.SH', '605158.SH', '603878.SH', '002225.SZ', '002264.SZ', '603071.SH', '300435.SZ', '000517.SZ', '002694.SZ', '600982.SH', '605066.SH', '000567.SZ', '300532.SZ', '300272.SZ', '300697.SZ', '603167.SH', '002469.SZ', '002255.SZ', '600173.SH', '002540.SZ', '000507.SZ', '003020.SZ', '001203.SZ', '000880.SZ', '603759.SH', '605368.SH', '600531.SH', '600611.SH', '603057.SH', '300453.SZ', '000563.SZ', '601921.SH', '000755.SZ', '002860.SZ', '300384.SZ', '000655.SZ', '300873.SZ', '000718.SZ', '600794.SH', '000935.SZ', '002616.SZ', '002905.SZ', '002479.SZ', '688799.SH', '300314.SZ', '000612.SZ', '000993.SZ', '603408.SH', '603300.SH', '002441.SZ', '300575.SZ', '601963.SH', '600961.SH', '002452.SZ', '605196.SH', '600510.SH', '603093.SH', '301061.SZ', '001213.SZ', '600643.SH', '002208.SZ', '600120.SH', '002423.SZ', '301090.SZ', '605337.SH', '000906.SZ', '002398.SZ', '002864.SZ', '300625.SZ', '601528.SH', '001323.SZ', '000911.SZ', '002627.SZ', '601008.SH', '000779.SZ', '001311.SZ', '600748.SH', '002889.SZ', '603237.SH', '600792.SH', '000926.SZ', '301048.SZ', '002953.SZ', '002961.SZ', '600758.SH', '603219.SH', '301195.SZ', '301017.SZ', '603170.SH', '300127.SZ', '600736.SH', '300700.SZ', '002977.SZ', '688628.SH', '301149.SZ', '002535.SZ', '301262.SZ']"
2024-01-29,2024-01-26,2024-02-05,-0.20653749360426918,100,0.47,500,"['600173.SH', '603071.SH', '600510.SH', '002478.SZ', '002443.SZ', '002471.SZ', '600531.SH', '601921.SH', '000612.SZ', '002616.SZ', '300485.SZ', '000517.SZ', '002264.SZ', '002225.SZ', '002441.SZ', '603878.SH', '600798.SH', '603689.SH', '605158.SH', '603995.SH', '600927.SH', '002560.SZ', '002469.SZ', '600611.SH', '000655.SZ', '301219.SZ', '000011.SZ', '002479.SZ', '000880.SZ', '603897.SH', '000751.SZ', '000718.SZ', '000935.SZ', '601963.SH', '300625.SZ', '000779.SZ', '600604.SH', '301090.SZ', '603057.SH', '301211.SZ', '000040.SZ', '301017.SZ', '000567.SZ', '301166.SZ', '300173.SZ', '002208.SZ', '002255.SZ', '002961.SZ', '688190.SH', '000755.SZ', '000626.SZ', '003020.SZ', '603759.SH', '002864.SZ', '605089.SH', '001298.SZ', '002540.SZ', '301128.SZ', '000036.SZ', '600120.SH', '600736.SH', '000911.SZ', '000838.SZ', '300384.SZ', '000722.SZ', '688663.SH', '600644.SH', '300976.SZ', '300795.SZ', '688112.SH', '600683.SH', '688391.SH', '300873.SZ', '603359.SH', '300127.SZ', '603377.SH', '300504.SZ', '300617.SZ', '603318.SH', '002452.SZ', '300773.SZ', '603811.SH', '300575.SZ', '300863.SZ', '300314.SZ', '002905.SZ', '603353.SH', '300447.SZ', '002889.SZ', '688799.SH', '600638.SH', '002988.SZ', '000926.SZ', '002187.SZ', '600658.SH', '688121.SH', '300528.SZ', '601218.SH', '301262.SZ', '300426.SZ']"
2024-02-05,2024-02-02,2024-02-19,0.12161276028039895,100,0.49,500,"['601921.SH', '603071.SH', '002478.SZ', '000935.SZ', '605368.SH', '603878.SH', '688190.SH', '001213.SZ', '301219.SZ', '000567.SZ', '600611.SH', '600361.SH', '301090.SZ', '600032.SH', '603689.SH', '301286.SZ', '600906.SH', '300485.SZ', '301238.SZ', '600798.SH', '001258.SZ', '603057.SH', '600173.SH', '688236.SH', '603318.SH', '601375.SH', '600927.SH', '603300.SH', '605158.SH', '300575.SZ', '688112.SH', '603323.SH', '301116.SZ', '002443.SZ', '002839.SZ', '002469.SZ', '000415.SZ', '001203.SZ', '002441.SZ', '003020.SZ', '003039.SZ', '601528.SH', '301101.SZ', '605196.SH', '601187.SH', '300617.SZ', '603237.SH', '002264.SZ', '601963.SH', '600617.SH', '002616.SZ', '000751.SZ', '688315.SH', '688392.SH', '002208.SZ', '603223.SH', '688337.SH', '002961.SZ', '603759.SH', '000011.SZ', '002314.SZ', '000926.SZ', '002398.SZ', '000755.SZ', '002479.SZ', '300773.SZ', '688161.SH', '002627.SZ', '001322.SZ', '600120.SH', '000655.SZ', '600643.SH', '688432.SH', '000863.SZ', '301177.SZ', '301262.SZ', '600644.SH', '000737.SZ', '301103.SZ', '688097.SH', '000626.SZ', '605089.SH', '002187.SZ', '688776.SH', '301325.SZ', '688606.SH', '301327.SZ', '000838.SZ', '603093.SH', '002560.SZ', '000886.SZ', '300873.SZ', '688269.SH', '001283.SZ', '002540.SZ', '001298.SZ', '603535.SH', '688663.SH', '000040.SZ', '000627.SZ']"
2024-02-19,2024-02-08,2024-02-26,0.09352234703316462,100,0.64,500,"['605158.SH', '300504.SZ', '000779.SZ', '601188.SH', '002469.SZ', '002441.SZ', '002953.SZ', '002478.SZ', '688799.SH', '603689.SH', '002540.SZ', '002443.SZ', '605066.SH', '300773.SZ', '601921.SH', '601086.SH', '600611.SH', '002988.SZ', '300384.SZ', '002546.SZ', '600173.SH', '301061.SZ', '002264.SZ', '301339.SZ', '002889.SZ', '301103.SZ', '301330.SZ', '002358.SZ', '600982.SH', '603167.SH', '300617.SZ', '600531.SH', '300873.SZ', '000415.SZ', '300860.SZ', '300978.SZ', '300880.SZ', '300625.SZ', '601999.SH', '002255.SZ', '688205.SH', '605196.SH', '603618.SH', '605577.SH', '300127.SZ', '002225.SZ', '601860.SH', '301291.SZ', '300447.SZ', '600794.SH', '605289.SH', '002479.SZ', '688336.SH', '002398.SZ', '688392.SH', '000612.SZ', '688315.SH', '000040.SZ', '688551.SH', '603323.SH', '688391.SH', '300805.SZ', '603999.SH', '688618.SH', '000655.SZ', '301368.SZ', '600643.SH', '601963.SH', '605011.SH', '605368.SH', '301299.SZ', '603878.SH', '688190.SH', '000962.SZ', '601528.SH', '688292.SH', '600052.SH', '301278.SZ', '300890.SZ', '000737.SZ', '000601.SZ', '600796.SH', '601187.SH', '300426.SZ', '002149.SZ', '300063.SZ', '603535.SH', '300969.SZ', '300697.SZ', '002792.SZ', '300533.SZ', '301262.SZ', '000993.SZ', '300043.SZ', '000880.SZ', '688236.SH', '301139.SZ', '301221.SZ', '301091.SZ', '301286.SZ']"
2024-02-26,2024-02-23,2024-03-04,0.0020364642170594316,100,0.61,500,"['002953.SZ', '603999.SH', '603861.SH', '000863.SZ', '300860.SZ', '300902.SZ', '605289.SH', '601999.SH', '002988.SZ', '000892.SZ', '300933.SZ', '002358.SZ', '300805.SZ', '002878.SZ', '000558.SZ', '300978.SZ', '301286.SZ', '300853.SZ', '603897.SH', '600173.SH', '603353.SH', '688799.SH', '300552.SZ', '001319.SZ', '601086.SH', '688551.SH', '300968.SZ', '300426.SZ', '603206.SH', '605011.SH', '600052.SH', '688667.SH', '002441.SZ', '301061.SZ', '300043.SZ', '002546.SZ', '002187.SZ', '688336.SH', '300928.SZ', '003040.SZ', '002469.SZ', '301221.SZ', '603162.SH', '300375.SZ', '002900.SZ', '605158.SH', '600906.SH', '600927.SH', '300448.SZ', '000751.SZ', '688315.SH', '002264.SZ', '605066.SH', '000096.SZ', '600644.SH', '000626.SZ', '300504.SZ', '688170.SH', '603167.SH', '001236.SZ', '300127.SZ', '002846.SZ', '002330.SZ', '603618.SH', '600794.SH', '300969.SZ', '300617.SZ', '300135.SZ', '300461.SZ', '002578.SZ', '605296.SH', '301013.SZ', '000712.SZ', '688737.SH', '301116.SZ', '688306.SH', '301311.SZ', '605577.SH', '605056.SH', '300286.SZ', '002995.SZ', '688137.SH', '601022.SH', '002553.SZ', '000010.SZ', '000779.SZ', '300006.SZ', '603803.SH', '300572.SZ', '688776.SH', '600716.SH', '300299.SZ', '301090.SZ', '600490.SH', '000601.SZ', '688121.SH', '688432.SH', '688383.SH', '688428.SH', '301299.SZ']"
2024-03-04,2024-03-01,2024-03-11,0.019868861614491126,100,0.64,500,"['603162.SH', '300978.SZ', '002878.SZ', '600301.SH', '000962.SZ', '300447.SZ', '300448.SZ', '300853.SZ', '601022.SH', '301091.SZ', '300299.SZ', '000892.SZ', '300328.SZ', '301246.SZ', '300697.SZ', '301102.SZ', '301376.SZ', '688170.SH', '688143.SH', '001319.SZ', '301221.SZ', '688489.SH', '603206.SH', '688028.SH', '688392.SH', '002540.SZ', '688152.SH', '301116.SZ', '002149.SZ', '601086.SH', '605289.SH', '300135.SZ', '688182.SH', '003032.SZ', '688097.SH', '300805.SZ', '001217.SZ', '300071.SZ', '300344.SZ', '300969.SZ', '002306.SZ', '688306.SH', '301291.SZ', '300140.SZ', '002852.SZ', '301021.SZ', '688147.SH', '002167.SZ', '605158.SH', '605365.SH', '300461.SZ', '002613.SZ', '688799.SH', '301325.SZ', '688292.SH', '300552.SZ', '300773.SZ', '300878.SZ', '300314.SZ', '301099.SZ', '300063.SZ', '000751.SZ', '300928.SZ', '301381.SZ', '688383.SH', '003005.SZ', '002469.SZ', '600490.SH', '002580.SZ', '300890.SZ', '301069.SZ', '300921.SZ', '300505.SZ', '301090.SZ', '600052.SH', '688376.SH', '605066.SH', '002578.SZ', '301169.SZ', '002666.SZ', '688560.SH', '688236.SH', '688205.SH', '300250.SZ', '300968.SZ', '300917.SZ', '002441.SZ', '688336.SH', '300589.SZ', '688197.SH', '001338.SZ', '688247.SH', '688315.SH', '300317.SZ', '301238.SZ', '300733.SZ', '300061.SZ', '688190.SH', '603171.SH', '301312.SZ']"
2024-03-11,2024-03-08,2024-03-18,0.06233688109873257,100,0.74,500,"['301376.SZ', '605319.SH', '001311.SZ', '605167.SH', '605365.SH', '605598.SH', '601022.SH', '603162.SH', '300969.SZ', '301262.SZ', '301208.SZ', '301381.SZ', '301257.SZ', '301085.SZ', '605289.SH', '301246.SZ', '301168.SZ', '601279.SH', '603219.SH', '003038.SZ', '300592.SZ', '301149.SZ', '603324.SH', '300491.SZ', '605056.SH', '002988.SZ', '688147.SH', '603213.SH', '605133.SH', '300092.SZ', '002860.SZ', '301180.SZ', '301325.SZ', '000532.SZ', '301046.SZ', '300880.SZ', '301211.SZ', '000737.SZ', '000962.SZ', '301311.SZ', '002540.SZ', '688260.SH', '603132.SH', '002835.SZ', '600318.SH', '300700.SZ', '300522.SZ', '605158.SH', '003043.SZ', '002255.SZ', '605196.SH', '300538.SZ', '300990.SZ', '300852.SZ', '301058.SZ', '300905.SZ', '002889.SZ', '301017.SZ', '301221.SZ', '002478.SZ', '001203.SZ', '600792.SH', '301061.SZ', '688533.SH', '002877.SZ', '301102.SZ', '301122.SZ', '300446.SZ', '300337.SZ', '301312.SZ', '301013.SZ', '603206.SH', '002976.SZ', '301111.SZ', '300873.SZ', '605011.SH', '301338.SZ', '300814.SZ', '300314.SZ', '300941.SZ', '605098.SH', '300272.SZ', '300375.SZ', '300978.SZ', '603170.SH', '688097.SH', '688071.SH', '300805.SZ', '300540.SZ', '688489.SH', '300140.SZ', '301062.SZ', '300461.SZ', '688697.SH', '601086.SH', '300973.SZ', '301339.SZ', '300863.SZ', '603057.SH', '688143.SH']"
2024-03-18,2024-03-15,2024-03-25,-0.023552582957942235,100,0.55,500,"['301180.SZ', '301021.SZ', '301046.SZ', '300491.SZ', '300589.SZ', '605133.SH', '301221.SZ', '301168.SZ', '300540.SZ', '301311.SZ', '300051.SZ', '300561.SZ', '301099.SZ', '301102.SZ', '300461.SZ', '300538.SZ', '301123.SZ', '003043.SZ', '300990.SZ', '300921.SZ', '301085.SZ', '300063.SZ', '301013.SZ', '605167.SH', '300831.SZ', '002877.SZ', '300337.SZ', '300654.SZ', '301338.SZ', '301266.SZ', '301136.SZ', '301062.SZ', '301246.SZ', '300275.SZ', '605598.SH', '301139.SZ', '300814.SZ', '002795.SZ', '300830.SZ', '301282.SZ', '300863.SZ', '688201.SH', '688371.SH', '688207.SH', '688323.SH', '605319.SH', '688533.SH', '300043.SZ', '301122.SZ', '003038.SZ', '688197.SH', '002995.SZ', '301073.SZ', '301048.SZ', '688170.SH', '603353.SH', '603213.SH', '301159.SZ', '300700.SZ', '300092.SZ', '300895.SZ', '301349.SZ', '300513.SZ', '301208.SZ', '300905.SZ', '301169.SZ', '688152.SH', '300880.SZ', '605376.SH', '605289.SH', '605365.SH', '688182.SH', '688670.SH', '002988.SZ', '300969.SZ', '603727.SH', '603507.SH', '688260.SH', '688733.SH', '300250.SZ', '300890.SZ', '002306.SZ', '301117.SZ', '688369.SH', '688636.SH', '301086.SZ', '688244.SH', '300125.SZ', '001208.SZ', '600318.SH', '300996.SZ', '600725.SH', '688071.SH', '301152.SZ', '301270.SZ', '688489.SH', '300805.SZ', '301299.SZ', '301149.SZ', '000532.SZ']"
2024-03-25,2024-03-22,2024-04-01,0.02252967907563861,100,0.59,500,"['300538.SZ', '002578.SZ', '301021.SZ', '301282.SZ', '002877.SZ', '002380.SZ', '002613.SZ', '603803.SH', '002852.SZ', '000880.SZ', '300365.SZ', '001338.SZ', '301136.SZ', '300125.SZ', '300491.SZ', '300830.SZ', '300905.SZ', '002835.SZ', '301266.SZ', '301201.SZ', '002969.SZ', '301128.SZ', '002795.SZ', '002398.SZ', '300616.SZ', '300016.SZ', '300561.SZ', '300941.SZ', '301120.SZ', '301330.SZ', '301349.SZ', '002443.SZ', '300560.SZ', '000905.SZ', '300572.SZ', '301073.SZ', '300311.SZ', '301111.SZ', '002666.SZ', '002995.SZ', '301086.SZ', '301366.SZ', '002976.SZ', '002186.SZ', '605167.SH', '301180.SZ', '300968.SZ', '002864.SZ', '301302.SZ', '600228.SH', '300625.SZ', '300996.SZ', '301122.SZ', '002977.SZ', '300275.SZ', '603618.SH', '300933.SZ', '300272.SZ', '301221.SZ', '688323.SH', '000532.SZ', '002953.SZ', '002943.SZ', '301312.SZ', '605365.SH', '002479.SZ', '301117.SZ', '001339.SZ', '002900.SZ', '603995.SH', '000993.SZ', '603399.SH', '300878.SZ', '300659.SZ', '301046.SZ', '300814.SZ', '301338.SZ', '301218.SZ', '300767.SZ', '603727.SH', '688661.SH', '603191.SH', '605158.SH', '301270.SZ', '001298.SZ', '301159.SZ', '300890.SZ', '001283.SZ', '605133.SH', '300831.SZ', '301166.SZ', '300990.SZ', '301311.SZ', '300787.SZ', '688371.SH', '300921.SZ', '688244.SH', '601279.SH', '300592.SZ', '688670.SH']"
2024-04-01,2024-03-29,2024-04-08,-0.01689153218783417,100,1.0,500,"['002614.SZ', '002416.SZ', '600742.SH', '000099.SZ', '600308.SH', '002419.SZ', '002091.SZ', '000404.SZ', '603313.SH', '002468.SZ', '688173.SH', '000982.SZ', '300729.SZ', '600143.SH', '002048.SZ', '002790.SZ', '600630.SH', '600320.SH', '301071.SZ', '603050.SH', '002108.SZ', '300390.SZ', '002741.SZ', '600210.SH', '300428.SZ', '600782.SH', '002745.SZ', '600549.SH', '603035.SH', '301051.SZ', '600428.SH', '300109.SZ', '600710.SH', '603299.SH', '002226.SZ', '000488.SZ', '600699.SH', '002539.SZ', '300791.SZ', '002545.SZ', '600586.SH', '688787.SH', '603008.SH', '603766.SH', '002705.SZ', '000589.SZ', '002009.SZ', '002335.SZ', '000703.SZ', '301039.SZ', '300290.SZ', '000012.SZ', '002120.SZ', '000875.SZ', '603508.SH', '002478.SZ', '001287.SZ', '600458.SH', '002023.SZ', '300088.SZ', '603801.SH', '000028.SZ', '002635.SZ', '300772.SZ', '002043.SZ', '002406.SZ', '300136.SZ', '300466.SZ', '300975.SZ', '000915.SZ', '603583.SH', '300441.SZ', '002139.SZ', '002701.SZ', '002533.SZ', '002746.SZ', '603227.SH', '000521.SZ', '600835.SH', '603920.SH', '002085.SZ', '601212.SH', '600821.SH', '600662.SH', '000927.SZ', '600713.SH', '002075.SZ', '600496.SH', '600480.SH', '600597.SH', '600575.SH', '002345.SZ', '603703.SH', '002487.SZ', '600664.SH', '000758.SZ', '600688.SH', '603565.SH', '300319.SZ', '600141.SH']"
2024-04-08,2024-04-03,2024-04-15,-0.04291704309750241,100,0.99,500,"['301122.SZ', '002614.SZ', '300873.SZ', '603209.SH', '301086.SZ', '301201.SZ', '002560.SZ', '002479.SZ', '603507.SH', '000899.SZ', '300625.SZ', '001283.SZ', '001208.SZ', '301211.SZ', '605365.SH', '300787.SZ', '605133.SH', '300664.SZ', '300863.SZ', '600979.SH', '002469.SZ', '300575.SZ', '300815.SZ', '603071.SH', '002658.SZ', '002953.SZ', '300976.SZ', '000905.SZ', '603689.SH', '605196.SH', '603213.SH', '603759.SH', '002616.SZ', '600643.SH', '600798.SH', '001311.SZ', '301111.SZ', '688181.SH', '601956.SH', '301168.SZ', '300911.SZ', '002864.SZ', '600796.SH', '301166.SZ', '605158.SH', '002627.SZ', '001298.SZ', '300878.SZ', '603223.SH', '002034.SZ', '600283.SH', '601199.SH', '603126.SH', '605167.SH', '603618.SH', '600982.SH', '000993.SZ', '002441.SZ', '002300.SZ', '300286.SZ', '301266.SZ', '603315.SH', '000551.SZ', '002824.SZ', '301180.SZ', '301328.SZ', '300870.SZ', '300265.SZ', '000507.SZ', '600310.SH', '002358.SZ', '301116.SZ', '301060.SZ', '600318.SH', '603628.SH', '301282.SZ', '600173.SH', '301150.SZ', '600638.SH', '688269.SH', '002255.SZ', '301206.SZ', '600611.SH', '603105.SH', '301149.SZ', '001215.SZ', '300125.SZ', '000068.SZ', '688510.SH', '000880.SZ', '301278.SZ', '301155.SZ', '688733.SH', '603535.SH', '301219.SZ', '688800.SH', '603359.SH', '002551.SZ', '300203.SZ', '000532.SZ']"
2024-04-15,2024-04-12,2024-04-22,-0.0036402414153033926,100,0.4,500,"['002469.SZ', '300873.SZ', '300815.SZ', '603689.SH', '603209.SH', '605365.SH', '002479.SZ', '301149.SZ', '002300.SZ', '300625.SZ', '002614.SZ', '600283.SH', '603759.SH', '605196.SH', '301175.SZ', '603057.SH', '605158.SH', '002658.SZ', '603213.SH', '001283.SZ', '600979.SH', '300575.SZ', '300664.SZ', '001311.SZ', '600643.SH', '300855.SZ', '605167.SH', '300286.SZ', '000531.SZ', '301086.SZ', '605368.SH', '603105.SH', '002540.SZ', '000966.SZ', '000819.SZ', '603223.SH', '300435.SZ', '600361.SH', '300852.SZ', '605066.SH', '601956.SH', '300787.SZ', '601199.SH', '300272.SZ', '002860.SZ', '603519.SH', '000068.SZ', '688181.SH', '301211.SZ', '301127.SZ', '301219.SZ', '603535.SH', '603507.SH', '300976.SZ', '601218.SH', '002255.SZ', '002627.SZ', '605555.SH', '688510.SH', '605123.SH', '300777.SZ', '000935.SZ', '001269.SZ', '002560.SZ', '000755.SZ', '000563.SZ', '301090.SZ', '002062.SZ', '000880.SZ', '688401.SH', '600982.SH', '000507.SZ', '600796.SH', '603678.SH', '001208.SZ', '300726.SZ', '002441.SZ', '002616.SZ', '001213.SZ', '603686.SH', '300911.SZ', '002623.SZ', '603380.SH', '002471.SZ', '300870.SZ', '600681.SH', '000532.SZ', '300617.SZ', '002651.SZ', '301278.SZ', '300863.SZ', '000415.SZ', '002864.SZ', '300332.SZ', '002988.SZ', '301116.SZ', '688269.SH', '603618.SH', '301122.SZ', '301201.SZ']"
2024-04-22,2024-04-19,2024-04-29,0.05333477356756502,100,0.45,500,"['002519.SZ', '300286.SZ', '001269.SZ', '000935.SZ', '300272.SZ', '301090.SZ', '300815.SZ', '002554.SZ', '002651.SZ', '002540.SZ', '603300.SH', '301050.SZ', '000567.SZ', '300852.SZ', '300625.SZ', '001308.SZ', '600526.SH', '603686.SH', '605123.SH', '002658.SZ', '603057.SH', '605066.SH', '003038.SZ', '601199.SH', '002860.SZ', '300722.SZ', '002953.SZ', '605167.SH', '301046.SZ', '002255.SZ', '300726.SZ', '603507.SH', '603162.SH', '600796.SH', '600817.SH', '000755.SZ', '300873.SZ', '001208.SZ', '300787.SZ', '300664.SZ', '000068.SZ', '300882.SZ', '002977.SZ', '300880.SZ', '605158.SH', '301017.SZ', '600032.SH', '300446.SZ', '600979.SH', '603132.SH', '301149.SZ', '600798.SH', '300632.SZ', '603689.SH', '003009.SZ', '688102.SH', '600681.SH', '300384.SZ', '002829.SZ', '300976.SZ', '300909.SZ', '605365.SH', '002062.SZ', '601890.SH', '301127.SZ', '001283.SZ', '603678.SH', '605555.SH', '605196.SH', '300435.SZ', '002864.SZ', '000962.SZ', '002208.SZ', '688376.SH', '601528.SH', '300870.SZ', '600212.SH', '603105.SH', '605368.SH', '301278.SZ', '601020.SH', '002471.SZ', '688190.SH', '600391.SH', '301168.SZ', '300629.SZ', '001311.SZ', '300265.SZ', '603396.SH', '002824.SZ', '000819.SZ', '300140.SZ', '601218.SH', '002090.SZ', '301211.SZ', '002358.SZ', '002479.SZ', '600794.SH', '600361.SH', '603759.SH']"
2024-04-29,2024-04-26,2024-05-06,0.005616274421020733,100,0.62,500,"['600130.SH', '002651.SZ', '600526.SH', '300286.SZ', '002658.SZ', '603686.SH', '301017.SZ', '300831.SZ', '002471.SZ', '002149.SZ', '601218.SH', '605196.SH', '300933.SZ', '001269.SZ', '000880.SZ', '688601.SH', '300173.SZ', '002933.SZ', '600391.SH', '605319.SH', '002614.SZ', '688102.SH', '000935.SZ', '601956.SH', '300726.SZ', '300909.SZ', '300631.SZ', '603507.SH', '002554.SZ', '603628.SH', '300403.SZ', '002829.SZ', '002616.SZ', '300537.SZ', '002623.SZ', '600032.SH', '605123.SH', '002255.SZ', '688173.SH', '001308.SZ', '002824.SZ', '000558.SZ', '003009.SZ', '301155.SZ', '688190.SH', '002759.SZ', '300317.SZ', '002364.SZ', '603678.SH', '301217.SZ', '300752.SZ', '301177.SZ', '300222.SZ', '603219.SH', '603689.SH', '002441.SZ', '688391.SH', '002060.SZ', '301111.SZ', '301149.SZ', '300572.SZ', '300045.SZ', '300706.SZ', '002297.SZ', '002882.SZ', '301127.SZ', '600817.SH', '600212.SH', '688103.SH', '600531.SH', '002169.SZ', '600681.SH', '601199.SH', '603396.SH', '002587.SZ', '600979.SH', '000627.SZ', '301123.SZ', '600184.SH', '002729.SZ', '000551.SZ', '001311.SZ', '603126.SH', '300491.SZ', '300252.SZ', '002300.SZ', '001215.SZ', '002961.SZ', '603267.SH', '603213.SH', '002666.SZ', '688049.SH', '600163.SH', '601528.SH', '300777.SZ', '688551.SH', '002339.SZ', '000561.SZ', '002953.SZ', '000415.SZ']"
2024-05-06,2024-04-30,2024-05-13,-0.004069371081071448,100,0.68,500,"['002953.SZ', '605319.SH', '600961.SH', '605066.SH', '002651.SZ', '603897.SH', '300840.SZ', '002988.SZ', '600864.SH', '301123.SZ', '300697.SZ', '002297.SZ', '300173.SZ', '002616.SZ', '301149.SZ', '002358.SZ', '300286.SZ', '300831.SZ', '603689.SH', '300880.SZ', '300403.SZ', '300752.SZ', '301111.SZ', '002338.SZ', '300140.SZ', '300873.SZ', '300545.SZ', '605368.SH', '605158.SH', '600526.SH', '300909.SZ', '301168.SZ', '002578.SZ', '300882.SZ', '300625.SZ', '301086.SZ', '605365.SH', '301262.SZ', '600130.SH', '688376.SH', '300375.SZ', '300537.SZ', '002977.SZ', '002469.SZ', '600509.SH', '002666.SZ', '002441.SZ', '000415.SZ', '300632.SZ', '002364.SZ', '605196.SH', '003038.SZ', '301116.SZ', '605090.SH', '301278.SZ', '002860.SZ', '300617.SZ', '300444.SZ', '688190.SH', '688737.SH', '300127.SZ', '300814.SZ', '002540.SZ', '688589.SH', '300272.SZ', '301179.SZ', '600906.SH', '300172.SZ', '300045.SZ', '001217.SZ', '002580.SZ', '001208.SZ', '002519.SZ', '600621.SH', '000962.SZ', '600052.SH', '300120.SZ', '300265.SZ', '600531.SH', '601890.SH', '002137.SZ', '605167.SH', '300384.SZ', '688259.SH', '002962.SZ', '001319.SZ', '688102.SH', '300337.SZ', '002149.SZ', '603170.SH', '000042.SZ', '301325.SZ', '300722.SZ', '688049.SH', '605289.SH', '000880.SZ', '000551.SZ', '301297.SZ', '600163.SH', '000601.SZ']"
2024-05-13,2024-05-10,2024-05-20,0.014350752690777265,100,0.59,500,"['300384.SZ', '002651.SZ', '300773.SZ', '603535.SH', '603300.SH', '600052.SH', '002469.SZ', '603693.SH', '301050.SZ', '300435.SZ', '002267.SZ', '600163.SH', '300873.SZ', '688589.SH', '300852.SZ', '688601.SH', '601199.SH', '002860.SZ', '603897.SH', '301175.SZ', '603519.SH', '002519.SZ', '603053.SH', '688155.SH', '000755.SZ', '603170.SH', '300978.SZ', '300855.SZ', '301069.SZ', '300632.SZ', '301278.SZ', '601890.SH', '605368.SH', '688236.SH', '600864.SH', '688737.SH', '000601.SZ', '603507.SH', '300286.SZ', '603213.SH', '300629.SZ', '603209.SH', '002580.SZ', '301086.SZ', '002358.SZ', '603689.SH', '300173.SZ', '002255.SZ', '603057.SH', '300664.SZ', '603315.SH', '002111.SZ', '688190.SH', '688586.SH', '300120.SZ', '002441.SZ', '688663.SH', '688439.SH', '000532.SZ', '601619.SH', '600903.SH', '300403.SZ', '300752.SZ', '002364.SZ', '603105.SH', '603219.SH', '605066.SH', '301102.SZ', '300815.SZ', '002540.SZ', '002666.SZ', '688376.SH', '600526.SH', '000551.SZ', '000576.SZ', '600780.SH', '300140.SZ', '688252.SH', '601218.SH', '688102.SH', '002578.SZ', '002452.SZ', '300863.SZ', '688247.SH', '600817.SH', '002149.SZ', '000779.SZ', '605123.SH', '603318.SH', '300631.SZ', '002961.SZ', '688401.SH', '002062.SZ', '688210.SH', '000862.SZ', '001308.SZ', '001215.SZ', '603399.SH', '300127.SZ', '300976.SZ']"
2024-05-20,2024-05-17,2024-05-27,-0.03225182629753888,100,0.55,500,"['688247.SH', '688601.SH', '301278.SZ', '002551.SZ', '002616.SZ', '688155.SH', '000601.SZ', '002383.SZ', '000686.SZ', '603219.SH', '300752.SZ', '688737.SH', '603170.SH', '603315.SH', '002364.SZ', '300203.SZ', '002582.SZ', '300575.SZ', '002869.SZ', '600490.SH', '002358.SZ', '688137.SH', '300773.SZ', '301050.SZ', '002651.SZ', '688073.SH', '000532.SZ', '300404.SZ', '688275.SH', '301257.SZ', '688252.SH', '000755.SZ', '600052.SH', '000558.SZ', '688348.SH', '600864.SH', '301060.SZ', '603057.SH', '601375.SH', '003043.SZ', '000576.SZ', '002452.SZ', '688589.SH', '002469.SZ', '603519.SH', '300873.SZ', '601606.SH', '002160.SZ', '300878.SZ', '300286.SZ', '000042.SZ', '300384.SZ', '688376.SH', '300632.SZ', '000415.SZ', '603359.SH', '301286.SZ', '688143.SH', '301122.SZ', '688439.SH', '301175.SZ', '603209.SH', '002645.SZ', '300697.SZ', '002666.SZ', '301201.SZ', '002446.SZ', '301327.SZ', '601218.SH', '603897.SH', '301111.SZ', '688391.SH', '688148.SH', '300435.SZ', '002733.SZ', '301093.SZ', '301211.SZ', '688401.SH', '000561.SZ', '603300.SH', '688161.SH', '301103.SZ', '300745.SZ', '688236.SH', '002961.SZ', '688287.SH', '301102.SZ', '300978.SZ', '001236.SZ', '300581.SZ', '002196.SZ', '688428.SH', '603162.SH', '300173.SZ', '688035.SH', '301262.SZ', '002805.SZ', '300423.SZ', '300582.SZ', '002413.SZ']"
2024-05-27,2024-05-24,2024-06-03,-0.015449184974309006,100,0.61,500,"['000558.SZ', '300752.SZ', '000965.SZ', '002582.SZ', '300203.SZ', '300745.SZ', '300863.SZ', '000042.SZ', '300767.SZ', '603209.SH', '300860.SZ', '300582.SZ', '000601.SZ', '002196.SZ', '002864.SZ', '000532.SZ', '002805.SZ', '688281.SH', '002824.SZ', '688275.SH', '000415.SZ', '300855.SZ', '603359.SH', '301122.SZ', '600864.SH', '603697.SH', '002383.SZ', '688210.SH', '605133.SH', '301102.SZ', '301201.SZ', '300631.SZ', '300404.SZ', '688181.SH', '688247.SH', '000514.SZ', '301155.SZ', '300575.SZ', '600716.SH', '601368.SH', '001236.SZ', '601606.SH', '688148.SH', '300831.SZ', '600184.SH', '301211.SZ', '002616.SZ', '301117.SZ', '600152.SH', '301051.SZ', '000567.SZ', '300510.SZ', '301349.SZ', '002551.SZ', '003026.SZ', '688102.SH', '688586.SH', '688776.SH', '002759.SZ', '688053.SH', '002160.SZ', '600212.SH', '301369.SZ', '001283.SZ', '000507.SZ', '001311.SZ', '600643.SH', '300286.SZ', '688252.SH', '688002.SH', '000561.SZ', '688737.SH', '003043.SZ', '688239.SH', '603759.SH', '688061.SH', '600052.SH', '301149.SZ', '605376.SH', '601022.SH', '601199.SH', '301327.SZ', '002314.SZ', '600683.SH', '600982.SH', '003005.SZ', '002729.SZ', '688380.SH', '300561.SZ', '688401.SH', '688269.SH', '300386.SZ', '688510.SH', '300777.SZ', '688155.SH', '688371.SH', '001319.SZ', '001215.SZ', '002866.SZ', '300787.SZ']"
2024-06-03,2024-05-31,2024-06-11,-0.0411441788677853,100,0.61,500,"['002824.SZ', '301149.SZ', '605133.SH', '000819.SZ', '300863.SZ', '688510.SH', '603507.SH', '001217.SZ', '301127.SZ', '002953.SZ', '688182.SH', '001283.SZ', '301330.SZ', '003038.SZ', '300777.SZ', '300051.SZ', '688281.SH', '300706.SZ', '300191.SZ', '002983.SZ', '300752.SZ', '301155.SZ', '688636.SH', '000962.SZ', '300815.SZ', '300978.SZ', '001319.SZ', '301366.SZ', '300976.SZ', '688181.SH', '300831.SZ', '301069.SZ', '002196.SZ', '688061.SH', '301183.SZ', '603209.SH', '600212.SH', '301168.SZ', '300589.SZ', '603213.SH', '300491.SZ', '601022.SH', '000558.SZ', '605376.SH', '688049.SH', '301046.SZ', '603686.SH', '002578.SZ', '301122.SZ', '300767.SZ', '688269.SH', '301139.SZ', '002866.SZ', '300890.SZ', '002900.SZ', '688053.SH', '688371.SH', '300787.SZ', '600283.SH', '300928.SZ', '002860.SZ', '688210.SH', '001215.SZ', '601008.SH', '688102.SH', '300938.SZ', '300272.SZ', '300617.SZ', '605555.SH', '600184.SH', '002985.SZ', '600796.SH', '600072.SH', '603759.SH', '301278.SZ', '300631.SZ', '300397.SZ', '002976.SZ', '300510.SZ', '300328.SZ', '688332.SH', '603535.SH', '301120.SZ', '603132.SH', '301102.SZ', '300880.SZ', '300127.SZ', '300582.SZ', '688551.SH', '603191.SH', '301201.SZ', '300953.SZ', '002137.SZ', '001311.SZ', '300909.SZ', '301211.SZ', '301325.SZ', '300814.SZ', '603897.SH', '300446.SZ']"
2024-06-11,2024-06-07,2024-06-17,0.0020827535329608236,100,0.54,500,"['603209.SH', '688281.SH', '300617.SZ', '301175.SZ', '301155.SZ', '300815.SZ', '300863.SZ', '601199.SH', '603300.SH', '603170.SH', '300938.SZ', '000567.SZ', '688439.SH', '001308.SZ', '000819.SZ', '301219.SZ', '002519.SZ', '001311.SZ', '603057.SH', '605123.SH', '603535.SH', '605133.SH', '300140.SZ', '300777.SZ', '301149.SZ', '688510.SH', '000962.SZ', '603213.SH', '300446.SZ', '300873.SZ', '002540.SZ', '301127.SZ', '605555.SH', '002824.SZ', '603191.SH', '300773.SZ', '002983.SZ', '600643.SH', '001215.SZ', '002478.SZ', '600052.SH', '300384.SZ', '601890.SH', '001269.SZ', '300435.SZ', '688102.SH', '300629.SZ', '301050.SZ', '603686.SH', '603689.SH', '300978.SZ', '301325.SZ', '603162.SH', '605368.SH', '600794.SH', '301211.SZ', '301069.SZ', '603219.SH', '688376.SH', '002860.SZ', '603223.SH', '300840.SZ', '688332.SH', '000532.SZ', '600283.SH', '002651.SZ', '301030.SZ', '301168.SZ', '300403.SZ', '300127.SZ', '000862.SZ', '301278.SZ', '300664.SZ', '003038.SZ', '688190.SH', '001213.SZ', '605376.SH', '301262.SZ', '002953.SZ', '688269.SH', '300286.SZ', '300953.SZ', '002985.SZ', '688586.SH', '300444.SZ', '301238.SZ', '600864.SH', '002446.SZ', '601022.SH', '001217.SZ', '605319.SH', '000755.SZ', '000531.SZ', '601008.SH', '300976.SZ', '301286.SZ', '300726.SZ', '603267.SH', '002469.SZ', '600796.SH']"
2024-06-17,2024-06-14,2024-06-24,-0.0688635363342685,100,0.49,500,"['605133.SH', '301278.SZ', '002824.SZ', '301102.SZ', '300873.SZ', '301069.SZ', '002864.SZ', '001269.SZ', '300978.SZ', '002519.SZ', '688102.SH', '301168.SZ', '002983.SZ', '603507.SH', '603396.SH', '603213.SH', '301325.SZ', '301155.SZ', '300314.SZ', '605598.SH', '301122.SZ', '688376.SH', '300545.SZ', '301201.SZ', '300629.SZ', '603209.SH', '300286.SZ', '603105.SH', '002860.SZ', '003043.SZ', '301127.SZ', '301330.SZ', '300404.SZ', '000962.SZ', '002900.SZ', '002866.SZ', '603324.SH', '300938.SZ', '688551.SH', '300403.SZ', '688439.SH', '301046.SZ', '300909.SZ', '300522.SZ', '300101.SZ', '001217.SZ', '001311.SZ', '688391.SH', '002446.SZ', '688182.SH', '300447.SZ', '300863.SZ', '300127.SZ', '603170.SH', '002578.SZ', '002338.SZ', '300815.SZ', '300491.SZ', '605376.SH', '688181.SH', '001215.SZ', '300880.SZ', '001308.SZ', '301230.SZ', '300752.SZ', '688332.SH', '301211.SZ', '688663.SH', '300617.SZ', '300443.SZ', '301266.SZ', '603267.SH', '601199.SH', '300446.SZ', '605123.SH', '688239.SH', '688287.SH', '300840.SZ', '688371.SH', '301050.SZ', '001319.SZ', '002580.SZ', '300953.SZ', '300831.SZ', '300632.SZ', '300911.SZ', '301139.SZ', '300384.SZ', '688259.SH', '002651.SZ', '300777.SZ', '301149.SZ', '300560.SZ', '688776.SH', '300631.SZ', '603162.SH', '688103.SH', '002137.SZ', '605555.SH', '688281.SH']"
2024-06-24,2024-06-21,2024-07-01,0.02239007178291766,100,0.5,500,"['300873.SZ', '002864.SZ', '301127.SZ', '002860.SZ', '603213.SH', '301102.SZ', '002824.SZ', '300491.SZ', '301122.SZ', '300940.SZ', '603209.SH', '605133.SH', '301195.SZ', '301330.SZ', '301201.SZ', '603759.SH', '002578.SZ', '688391.SH', '301093.SZ', '300443.SZ', '001269.SZ', '001215.SZ', '601199.SH', '301175.SZ', '300815.SZ', '002137.SZ', '301046.SZ', '688287.SH', '002580.SZ', '000779.SZ', '001308.SZ', '603105.SH', '688606.SH', '688376.SH', '300664.SZ', '688137.SH', '600212.SH', '688551.SH', '301149.SZ', '300569.SZ', '603191.SH', '300978.SZ', '002034.SZ', '688332.SH', '603324.SH', '600794.SH', '600130.SH', '688737.SH', '300265.SZ', '300976.SZ', '300617.SZ', '000962.SZ', '300589.SZ', '301069.SZ', '600152.SH', '001217.SZ', '300631.SZ', '603136.SH', '002446.SZ', '000862.SZ', '002519.SZ', '301103.SZ', '600283.SH', '603223.SH', '300938.SZ', '301257.SZ', '301211.SZ', '688371.SH', '300051.SZ', '688636.SH', '300435.SZ', '688053.SH', '002866.SZ', '603110.SH', '688103.SH', '002469.SZ', '688489.SH', '003043.SZ', '688102.SH', '600696.SH', '002297.SZ', '301166.SZ', '002358.SZ', '001283.SZ', '003038.SZ', '002364.SZ', '000509.SZ', '300191.SZ', '688049.SH', '300863.SZ', '300120.SZ', '000576.SZ', '603686.SH', '001311.SZ', '300225.SZ', '605123.SH', '300795.SZ', '001319.SZ', '600834.SH', '603535.SH']"
2024-07-01,2024-06-28,2024-07-08,-0.043330176017355226,100,0.96,500,"['000990.SZ', '605133.SH', '603012.SH', '600682.SH', '002423.SZ', '002688.SZ', '002083.SZ', '600017.SH', '002565.SZ', '002489.SZ', '300664.SZ', '600021.SH', '000731.SZ', '300381.SZ', '002662.SZ', '600269.SH', '300194.SZ', '000822.SZ', '000875.SZ', '301039.SZ', '300745.SZ', '002392.SZ', '000785.SZ', '600859.SH', '000833.SZ', '600368.SH', '601199.SH', '600668.SH', '600420.SH', '600251.SH', '002345.SZ', '000035.SZ', '000951.SZ', '000623.SZ', '603299.SH', '000544.SZ', '000860.SZ', '603367.SH', '600380.SH', '600959.SH', '301048.SZ', '002215.SZ', '002008.SZ', '600805.SH', '002429.SZ', '000830.SZ', '300031.SZ', '601113.SH', '601801.SH', '601101.SH', '600757.SH', '002053.SZ', '603018.SH', '601678.SH', '601022.SH', '600125.SH', '600343.SH', '300499.SZ', '600528.SH', '000529.SZ', '600979.SH', '301175.SZ', '600428.SH', '600037.SH', '300343.SZ', '002701.SZ', '300092.SZ', '605507.SH', '002020.SZ', '600598.SH', '600267.SH', '600141.SH', '600789.SH', '600210.SH', '000755.SZ', '600497.SH', '301206.SZ', '002432.SZ', '002563.SZ', '000517.SZ', '601128.SH', '600323.SH', '300409.SZ', '000887.SZ', '002035.SZ', '600330.SH', '600586.SH', '300677.SZ', '002268.SZ', '600252.SH', '600295.SH', '300398.SZ', '300636.SZ', '000683.SZ', '000598.SZ', '002033.SZ', '600655.SH', '300349.SZ', '300567.SZ', '688170.SH']"
2024-07-08,2024-07-05,2024-07-15,0.02305495031143261,100,0.97,500,"['002551.SZ', '688737.SH', '002358.SZ', '601218.SH', '002364.SZ', '688137.SH', '600173.SH', '000880.SZ', '000599.SZ', '000570.SZ', '002448.SZ', '002425.SZ', '603999.SH', '002383.SZ', '603390.SH', '300550.SZ', '300733.SZ', '300248.SZ', '002406.SZ', '002297.SZ', '002255.SZ', '300249.SZ', '600679.SH', '605136.SH', '002454.SZ', '002196.SZ', '601999.SH', '600604.SH', '603701.SH', '600081.SH', '600228.SH', '603166.SH', '002328.SZ', '300608.SZ', '000718.SZ', '603758.SH', '002577.SZ', '002546.SZ', '000965.SZ', '002187.SZ', '300409.SZ', '002524.SZ', '600716.SH', '300531.SZ', '000514.SZ', '301195.SZ', '600590.SH', '600864.SH', '002733.SZ', '000576.SZ', '002376.SZ', '603897.SH', '000892.SZ', '002298.SZ', '301166.SZ', '002095.SZ', '600960.SH', '301093.SZ', '300745.SZ', '301330.SZ', '000042.SZ', '301201.SZ', '688292.SH', '600822.SH', '301278.SZ', '300510.SZ', '600218.SH', '688670.SH', '000838.SZ', '600523.SH', '002805.SZ', '603861.SH', '300173.SZ', '301122.SZ', '002441.SZ', '600152.SH', '002121.SZ', '000561.SZ', '688207.SH', '002423.SZ', '300542.SZ', '605018.SH', '688148.SH', '300078.SZ', '688205.SH', '688143.SH', '300528.SZ', '600390.SH', '000631.SZ', '600318.SH', '301102.SZ', '688667.SH', '300275.SZ', '000558.SZ', '000750.SZ', '603106.SH', '600658.SH', '688588.SH', '300231.SZ', '300569.SZ']"
2024-07-15,2024-07-12,2024-07-22,-0.0028398543653174522,100,0.71,500,"['001311.SZ', '002448.SZ', '300680.SZ', '002441.SZ', '605133.SH', '300617.SZ', '301122.SZ', '000517.SZ', '301330.SZ', '601512.SH', '301179.SZ', '002328.SZ', '301191.SZ', '002423.SZ', '000042.SZ', '600603.SH', '603897.SH', '301339.SZ', '600064.SH', '301208.SZ', '300773.SZ', '300258.SZ', '300409.SZ', '300696.SZ', '600643.SH', '301278.SZ', '300140.SZ', '300447.SZ', '600537.SH', '603166.SH', '301291.SZ', '688182.SH', '001301.SZ', '688737.SH', '301238.SZ', '603758.SH', '301211.SZ', '600864.SH', '603950.SH', '300047.SZ', '300863.SZ', '002125.SZ', '002706.SZ', '300681.SZ', '301139.SZ', '000563.SZ', '300933.SZ', '301201.SZ', '000532.SZ', '605066.SH', '603319.SH', '002990.SZ', '603507.SH', '000718.SZ', '301155.SZ', '600390.SH', '000415.SZ', '002965.SZ', '688556.SH', '000409.SZ', '688205.SH', '603158.SH', '000958.SZ', '002454.SZ', '600909.SH', '600173.SH', '002953.SZ', '002651.SZ', '002255.SZ', '002900.SZ', '300941.SZ', '601921.SH', '002892.SZ', '002358.SZ', '002551.SZ', '300444.SZ', '301102.SZ', '300280.SZ', '603212.SH', '000750.SZ', '300265.SZ', '002870.SZ', '301325.SZ', '002297.SZ', '300900.SZ', '688053.SH', '688778.SH', '300925.SZ', '600369.SH', '300423.SZ', '301195.SZ', '002580.SZ', '300878.SZ', '000560.SZ', '301262.SZ', '002425.SZ', '000880.SZ', '301299.SZ', '605196.SH', '301103.SZ']"
2024-07-22,2024-07-19,2024-07-29,0.008102985189704983,100,0.71,500,"['301179.SZ', '300423.SZ', '300448.SZ', '300250.SZ', '300696.SZ', '301208.SZ', '003029.SZ', '301191.SZ', '300052.SZ', '300941.SZ', '002977.SZ', '300921.SZ', '300447.SZ', '301120.SZ', '300344.SZ', '002900.SZ', '300465.SZ', '301230.SZ', '301238.SZ', '300287.SZ', '688292.SH', '301165.SZ', '002425.SZ', '300542.SZ', '688787.SH', '301159.SZ', '000892.SZ', '300925.SZ', '300745.SZ', '300654.SZ', '301122.SZ', '300061.SZ', '301391.SZ', '002095.SZ', '002423.SZ', '001319.SZ', '688670.SH', '300561.SZ', '301302.SZ', '002125.SZ', '301060.SZ', '688031.SH', '688039.SH', '603390.SH', '600228.SH', '300551.SZ', '688489.SH', '300065.SZ', '603106.SH', '688244.SH', '301299.SZ', '688737.SH', '000042.SZ', '300608.SZ', '002551.SZ', '300177.SZ', '300249.SZ', '600318.SH', '002178.SZ', '300581.SZ', '300560.SZ', '000838.SZ', '300288.SZ', '688205.SH', '300890.SZ', '002383.SZ', '300365.SZ', '688143.SH', '688373.SH', '300078.SZ', '300878.SZ', '300733.SZ', '603918.SH', '300386.SZ', '300280.SZ', '002771.SZ', '002642.SZ', '300900.SZ', '002339.SZ', '688365.SH', '300933.SZ', '002813.SZ', '301218.SZ', '002577.SZ', '688148.SH', '600369.SH', '300830.SZ', '002835.SZ', '300265.SZ', '300785.SZ', '301201.SZ', '688207.SH', '300880.SZ', '688392.SH', '301330.SZ', '002976.SZ', '300766.SZ', '002892.SZ', '300311.SZ', '688182.SH']"
2024-07-29,2024-07-26,2024-08-05,0.01490834488728565,100,0.76,500,"['600173.SH', '002551.SZ', '000718.SZ', '300173.SZ', '002961.SZ', '002454.SZ', '002358.SZ', '301166.SZ', '600064.SH', '000892.SZ', '300426.SZ', '600658.SH', '002425.SZ', '000886.SZ', '300423.SZ', '000570.SZ', '600510.SH', '601512.SH', '688737.SH', '600638.SH', '300365.SZ', '000036.SZ', '600390.SH', '688137.SH', '002905.SZ', '600603.SH', '002255.SZ', '300532.SZ', '000838.SZ', '600639.SH', '002406.SZ', '688556.SH', '002900.SZ', '603861.SH', '002926.SZ', '000631.SZ', '688560.SH', '002423.SZ', '000576.SZ', '000958.SZ', '002364.SZ', '603999.SH', '002560.SZ', '301060.SZ', '600218.SH', '300878.SZ', '000517.SZ', '002090.SZ', '002244.SZ', '002441.SZ', '000042.SZ', '603093.SH', '300745.SZ', '301122.SZ', '001914.SZ', '600848.SH', '002448.SZ', '000048.SZ', '002095.SZ', '300773.SZ', '688292.SH', '002125.SZ', '603758.SH', '300231.SZ', '301391.SZ', '600590.SH', '688073.SH', '601198.SH', '002580.SZ', '300490.SZ', '000563.SZ', '000880.SZ', '605066.SH', '688663.SH', '600901.SH', '002187.SZ', '688670.SH', '603166.SH', '002733.SZ', '002218.SZ', '601375.SH', '688680.SH', '002642.SZ', '600478.SH', '301093.SZ', '301257.SZ', '301191.SZ', '688148.SH', '600927.SH', '002797.SZ', '688779.SH', '300528.SZ', '300444.SZ', '000006.SZ', '300617.SZ', '000926.SZ', '301302.SZ', '000090.SZ', '300344.SZ', '002500.SZ']"
2024-08-05,2024-08-02,2024-08-12,0.003805659328045885,100,0.49,500,"['688137.SH', '301166.SZ', '002425.SZ', '000036.SZ', '600716.SH', '002551.SZ', '600173.SH', '000631.SZ', '301327.SZ', '000718.SZ', '000006.SZ', '002961.SZ', '600748.SH', '002546.SZ', '688663.SH', '000048.SZ', '300513.SZ', '002926.SZ', '002905.SZ', '000886.SZ', '300093.SZ', '002125.SZ', '000570.SZ', '000965.SZ', '000816.SZ', '301391.SZ', '600848.SH', '002376.SZ', '301093.SZ', '600657.SH', '301103.SZ', '300426.SZ', '600510.SH', '301060.SZ', '301349.SZ', '688509.SH', '002090.SZ', '002208.SZ', '300035.SZ', '002560.SZ', '300423.SZ', '600185.SH', '605136.SH', '002797.SZ', '688660.SH', '688246.SH', '000838.SZ', '600638.SH', '002358.SZ', '601375.SH', '000863.SZ', '300173.SZ', '000576.SZ', '002364.SZ', '002623.SZ', '000011.SZ', '301302.SZ', '601218.SH', '600927.SH', '688667.SH', '688073.SH', '002500.SZ', '000958.SZ', '000514.SZ', '688232.SH', '603189.SH', '688207.SH', '600649.SH', '688680.SH', '002187.SZ', '301152.SZ', '002900.SZ', '601198.SH', '688707.SH', '002298.SZ', '688176.SH', '002733.SZ', '002255.SZ', '002339.SZ', '688392.SH', '600390.SH', '688388.SH', '688348.SH', '688275.SH', '600590.SH', '600724.SH', '600641.SH', '000607.SZ', '001914.SZ', '688588.SH', '603887.SH', '603999.SH', '300052.SZ', '688737.SH', '300853.SZ', '000935.SZ', '600120.SH', '600155.SH', '600318.SH', '002406.SZ']"
2024-08-12,2024-08-09,2024-08-19,0.016112724627571292,100,0.45,500,"['600716.SH', '300513.SZ', '002546.SZ', '000863.SZ', '000982.SZ', '688137.SH', '600748.SH', '301349.SZ', '002376.SZ', '688509.SH', '600676.SH', '000816.SZ', '603887.SH', '688246.SH', '300485.SZ', '600960.SH', '601218.SH', '002425.SZ', '301150.SZ', '002933.SZ', '002805.SZ', '688707.SH', '300853.SZ', '600657.SH', '002169.SZ', '688667.SH', '002208.SZ', '000965.SZ', '002759.SZ', '600318.SH', '000036.SZ', '603189.SH', '002610.SZ', '300518.SZ', '002364.SZ', '002551.SZ', '301120.SZ', '688660.SH', '300043.SZ', '300093.SZ', '301221.SZ', '000514.SZ', '301152.SZ', '688207.SH', '000570.SZ', '002339.SZ', '002912.SZ', '301093.SZ', '300080.SZ', '300830.SZ', '300510.SZ', '300035.SZ', '301302.SZ', '300222.SZ', '688369.SH', '688275.SH', '001319.SZ', '000886.SZ', '000607.SZ', '300785.SZ', '002090.SZ', '000006.SZ', '000631.SZ', '688737.SH', '600649.SH', '300648.SZ', '002900.SZ', '301166.SZ', '603999.SH', '002623.SZ', '688663.SH', '688670.SH', '688588.SH', '600178.SH', '002474.SZ', '688388.SH', '002358.SZ', '603982.SH', '688499.SH', '002406.SZ', '300769.SZ', '688489.SH', '600110.SH', '000029.SZ', '300365.SZ', '002553.SZ', '300128.SZ', '688280.SH', '300344.SZ', '300766.SZ', '688244.SH', '600207.SH', '300477.SZ', '002766.SZ', '301060.SZ', '301327.SZ', '301391.SZ', '688551.SH', '603660.SH', '688023.SH']"
2024-08-19,2024-08-16,2024-08-26,-0.026949802349709024,100,0.53,500,"['600716.SH', '000570.SZ', '000965.SZ', '002358.SZ', '002298.SZ', '002551.SZ', '601218.SH', '002546.SZ', '688737.SH', '000863.SZ', '300222.SZ', '300035.SZ', '002376.SZ', '002187.SZ', '603861.SH', '600649.SH', '688667.SH', '301349.SZ', '000631.SZ', '600626.SH', '300409.SZ', '688663.SH', '688137.SH', '000042.SZ', '000718.SZ', '688509.SH', '002961.SZ', '300513.SZ', '300853.SZ', '002805.SZ', '002364.SZ', '000816.SZ', '002510.SZ', '002547.SZ', '002524.SZ', '600638.SH', '600590.SH', '000036.SZ', '600676.SH', '002647.SZ', '301093.SZ', '688246.SH', '002623.SZ', '600390.SH', '002328.SZ', '000514.SZ', '002448.SZ', '603189.SH', '601375.SH', '300173.SZ', '600822.SH', '300648.SZ', '300510.SZ', '000006.SZ', '600340.SH', '600657.SH', '600960.SH', '002423.SZ', '600469.SH', '002441.SZ', '603758.SH', '000838.SZ', '000736.SZ', '600510.SH', '002208.SZ', '002733.SZ', '002905.SZ', '600185.SH', '688579.SH', '000686.SZ', '002560.SZ', '002500.SZ', '600748.SH', '002283.SZ', '000607.SZ', '600369.SH', '600603.SH', '000517.SZ', '002244.SZ', '000415.SZ', '301120.SZ', '000926.SZ', '000750.SZ', '603887.SH', '601155.SH', '002454.SZ', '002169.SZ', '688275.SH', '002125.SZ', '002926.SZ', '002912.SZ', '688588.SH', '000576.SZ', '300766.SZ', '600639.SH', '300344.SZ', '600064.SH', '605068.SH', '601512.SH', '301102.SZ']"
2024-08-26,2024-08-23,2024-09-02,0.012353492159463401,100,0.49,500,"['600626.SH', '002471.SZ', '603897.SH', '002560.SZ', '000517.SZ', '000570.SZ', '600537.SH', '002905.SZ', '002187.SZ', '002441.SZ', '600973.SH', '600469.SH', '603618.SH', '002298.SZ', '688737.SH', '002524.SZ', '002358.SZ', '000838.SZ', '002551.SZ', '600268.SH', '002870.SZ', '603758.SH', '600822.SH', '002328.SZ', '002196.SZ', '600590.SH', '300933.SZ', '300222.SZ', '603861.SH', '603093.SH', '605066.SH', '002355.SZ', '600218.SH', '601218.SH', '002255.SZ', '600152.SH', '688509.SH', '301221.SZ', '002547.SZ', '300409.SZ', '000090.SZ', '002510.SZ', '002300.SZ', '000042.SZ', '000701.SZ', '002961.SZ', '002533.SZ', '688667.SH', '300173.SZ', '000056.SZ', '001283.SZ', '600173.SH', '002546.SZ', '603598.SH', '600960.SH', '300344.SZ', '000627.SZ', '600185.SH', '300071.SZ', '000599.SZ', '002283.SZ', '002448.SZ', '605196.SH', '688680.SH', '002640.SZ', '603887.SH', '300280.SZ', '002647.SZ', '000415.SZ', '002244.SZ', '688560.SH', '000560.SZ', '000965.SZ', '002454.SZ', '002623.SZ', '601155.SH', '300093.SZ', '300423.SZ', '600716.SH', '688663.SH', '600841.SH', '002376.SZ', '605222.SH', '603906.SH', '600340.SH', '600624.SH', '600178.SH', '300044.SZ', '600901.SH', '600638.SH', '000816.SZ', '600207.SH', '688280.SH', '300035.SZ', '002733.SZ', '300528.SZ', '300928.SZ', '688373.SH', '601086.SH', '300052.SZ']"
2024-09-02,2024-08-30,2024-09-09,0.00819111231862503,100,0.4,500,"['002328.SZ', '603758.SH', '000517.SZ', '601218.SH', '002187.SZ', '002551.SZ', '002454.SZ', '605136.SH', '603897.SH', '002441.SZ', '002283.SZ', '601086.SH', '300409.SZ', '600081.SH', '600537.SH', '688737.SH', '002196.SZ', '002358.SZ', '002471.SZ', '600218.SH', '605066.SH', '002448.SZ', '605018.SH', '002662.SZ', '002961.SZ', '002255.SZ', '002524.SZ', '600626.SH', '688663.SH', '301166.SZ', '301093.SZ', '688560.SH', '002733.SZ', '600469.SH', '002546.SZ', '600822.SH', '002560.SZ', '000570.SZ', '600590.SH', '600716.SH', '688667.SH', '002864.SZ', '688275.SH', '688588.SH', '688159.SH', '002510.SZ', '603093.SH', '002870.SZ', '002878.SZ', '002905.SZ', '000838.SZ', '603887.SH', '000816.SZ', '301257.SZ', '605128.SH', '000042.SZ', '600152.SH', '300510.SZ', '600390.SH', '002580.SZ', '002125.SZ', '603158.SH', '605222.SH', '688137.SH', '603949.SH', '603166.SH', '000576.SZ', '300173.SZ', '300423.SZ', '688073.SH', '301221.SZ', '600864.SH', '000718.SZ', '688579.SH', '301103.SZ', '002640.SZ', '301102.SZ', '002423.SZ', '002647.SZ', '000415.SZ', '002500.SZ', '300280.SZ', '002474.SZ', '300528.SZ', '000563.SZ', '000686.SZ', '688509.SH', '001283.SZ', '300853.SZ', '300344.SZ', '600383.SH', '002300.SZ', '600960.SH', '300773.SZ', '002355.SZ', '300258.SZ', '000736.SZ', '002623.SZ', '000880.SZ', '300569.SZ']"
2024-09-09,2024-09-06,2024-09-18,-0.02477471147202164,100,0.79,500,"['300078.SZ', '002339.SZ', '002355.SZ', '300528.SZ', '300280.SZ', '300093.SZ', '002425.SZ', '300423.SZ', '300477.SZ', '301152.SZ', '300448.SZ', '300853.SZ', '002553.SZ', '002995.SZ', '000056.SZ', '000892.SZ', '300052.SZ', '300648.SZ', '300533.SZ', '300173.SZ', '300044.SZ', '002524.SZ', '002298.SZ', '002196.SZ', '002905.SZ', '002178.SZ', '600841.SH', '603803.SH', '002766.SZ', '688509.SH', '688680.SH', '603887.SH', '688207.SH', '603660.SH', '002547.SZ', '300551.SZ', '301302.SZ', '000006.SZ', '300344.SZ', '300426.SZ', '301159.SZ', '600537.SH', '301111.SZ', '000838.SZ', '002647.SZ', '600185.SH', '002977.SZ', '300071.SZ', '301060.SZ', '688670.SH', '300311.SZ', '688221.SH', '603982.SH', '300921.SZ', '688499.SH', '688373.SH', '300288.SZ', '002471.SZ', '300042.SZ', '301120.SZ', '300696.SZ', '300465.SZ', '300299.SZ', '300654.SZ', '688176.SH', '300043.SZ', '603032.SH', '300785.SZ', '300560.SZ', '688023.SH', '300365.SZ', '000599.SZ', '688280.SH', '688066.SH', '301208.SZ', '688148.SH', '603106.SH', '000042.SZ', '300252.SZ', '301166.SZ', '301230.SZ', '688302.SH', '300518.SZ', '300249.SZ', '301221.SZ', '688636.SH', '003005.SZ', '300769.SZ', '600960.SH', '300745.SZ', '301191.SZ', '688152.SH', '002878.SZ', '600756.SH', '300490.SZ', '688787.SH', '300491.SZ', '300063.SZ', '300523.SZ', '300733.SZ']"
2024-09-18,2024-09-13,2024-09-23,0.039120982572334005,100,0.58,500,"['002647.SZ', '300093.SZ', '300513.SZ', '003005.SZ', '002339.SZ', '002471.SZ', '000599.SZ', '002298.SZ', '600288.SH', '600604.SH', '600675.SH', '002121.SZ', '300581.SZ', '000561.SZ', '600658.SH', '688707.SH', '002383.SZ', '300248.SZ', '300249.SZ', '603803.SH', '002546.SZ', '300542.SZ', '300485.SZ', '603906.SH', '600676.SH', '300035.SZ', '688660.SH', '300659.SZ', '301150.SZ', '002178.SZ', '688176.SH', '000006.SZ', '002524.SZ', '000863.SZ', '600822.SH', '600960.SH', '300745.SZ', '300393.SZ', '600537.SH', '300311.SZ', '300550.SZ', '688023.SH', '688509.SH', '300648.SZ', '300043.SZ', '600525.SH', '000514.SZ', '300078.SZ', '300608.SZ', '002759.SZ', '002912.SZ', '688339.SH', '688221.SH', '300365.SZ', '603982.SH', '300533.SZ', '688499.SH', '600841.SH', '300850.SZ', '300080.SZ', '300222.SZ', '600185.SH', '300853.SZ', '000816.SZ', '000868.SZ', '002961.SZ', '603990.SH', '300518.SZ', '300769.SZ', '603660.SH', '600748.SH', '002813.SZ', '002805.SZ', '002995.SZ', '688207.SH', '603999.SH', '688302.SH', '300479.SZ', '688373.SH', '688392.SH', '688670.SH', '300128.SZ', '688280.SH', '688155.SH', '301302.SZ', '605128.SH', '000029.SZ', '002797.SZ', '002362.SZ', '002314.SZ', '002560.SZ', '003029.SZ', '688388.SH', '688369.SH', '603701.SH', '002355.SZ', '002095.SZ', '000701.SZ', '002551.SZ', '000056.SZ']"
2024-09-23,2024-09-20,2024-09-30,0.2949960060513708,100,0.26,500,"['000599.SZ', '002339.SZ', '000006.SZ', '300093.SZ', '002471.SZ', '600841.SH', '600960.SH', '600676.SH', '600604.SH', '600537.SH', '603982.SH', '002121.SZ', '600185.SH', '688509.SH', '300035.SZ', '300393.SZ', '301150.SZ', '300078.SZ', '603906.SH', '002647.SZ', '688176.SH', '000863.SZ', '600288.SH', '603660.SH', '600973.SH', '002560.SZ', '300533.SZ', '002383.SZ', '688660.SH', '300249.SZ', '688680.SH', '688221.SH', '600590.SH', '000701.SZ', '688373.SH', '603106.SH', '688280.SH', '600675.SH', '688023.SH', '002546.SZ', '688499.SH', '002187.SZ', '300426.SZ', '300052.SZ', '002298.SZ', '301152.SZ', '000838.SZ', '002805.SZ', '002905.SZ', '600525.SH', '300477.SZ', '002524.SZ', '300513.SZ', '300745.SZ', '300485.SZ', '688339.SH', '300080.SZ', '300769.SZ', '300648.SZ', '000056.SZ', '300043.SZ', '002912.SZ', '002355.SZ', '300528.SZ', '300479.SZ', '600822.SH', '688207.SH', '301302.SZ', '002196.SZ', '002995.SZ', '000042.SZ', '600658.SH', '603990.SH', '300581.SZ', '600152.SH', '300222.SZ', '688670.SH', '300248.SZ', '300608.SZ', '300173.SZ', '688707.SH', '000036.SZ', '002547.SZ', '002178.SZ', '300365.SZ', '600927.SH', '600218.SH', '300853.SZ', '688155.SH', '688066.SH', '300542.SZ', '600748.SH', '688388.SH', '000011.SZ', '688369.SH', '000868.SZ', '603887.SH', '300490.SZ', '600340.SH', '002300.SZ']"
2024-09-30,2024-09-27,2024-10-08,0.11218377989999997,100,0.95,500,"['603127.SH', '002819.SZ', '002607.SZ', '002624.SZ', '002099.SZ', '300769.SZ', '300027.SZ', '300252.SZ', '000636.SZ', '002405.SZ', '002698.SZ', '300072.SZ', '300639.SZ', '300850.SZ', '002741.SZ', '002277.SZ', '002717.SZ', '603421.SH', '300443.SZ', '002151.SZ', '000868.SZ', '601011.SH', '603108.SH', '300123.SZ', '301327.SZ', '600859.SH', '300887.SZ', '600435.SH', '300244.SZ', '300821.SZ', '300363.SZ', '600691.SH', '300767.SZ', '300458.SZ', '603887.SH', '000415.SZ', '002487.SZ', '600326.SH', '300379.SZ', '600106.SH', '002037.SZ', '002373.SZ', '300726.SZ', '300006.SZ', '600032.SH', '002928.SZ', '002163.SZ', '002488.SZ', '300081.SZ', '300147.SZ', '002317.SZ', '002527.SZ', '300386.SZ', '301177.SZ', '300346.SZ', '002589.SZ', '601015.SH', '300503.SZ', '000516.SZ', '600611.SH', '300043.SZ', '603386.SH', '002036.SZ', '300079.SZ', '688068.SH', '300293.SZ', '300073.SZ', '300180.SZ', '002389.SZ', '002243.SZ', '002374.SZ', '002966.SZ', '300134.SZ', '301090.SZ', '002685.SZ', '300026.SZ', '300278.SZ', '300616.SZ', '300598.SZ', '301091.SZ', '300671.SZ', '300925.SZ', '300046.SZ', '002865.SZ', '002512.SZ', '300348.SZ', '601778.SH', '688023.SH', '301039.SZ', '300085.SZ', '002919.SZ', '301021.SZ', '002453.SZ', '000925.SZ', '300061.SZ', '600559.SH', '003026.SZ', '300550.SZ', '002440.SZ', '605369.SH']"
2024-10-08,2024-09-30,2024-10-14,-0.11141012343581978,100,0.62,500,"['688088.SH', '688046.SH', '688037.SH', '688091.SH', '300726.SZ', '300346.SZ', '688179.SH', '300458.SZ', '300072.SZ', '300348.SZ', '002698.SZ', '688270.SH', '688368.SH', '300604.SZ', '688348.SH', '688161.SH', '301078.SZ', '300260.SZ', '300459.SZ', '300655.SZ', '300113.SZ', '300850.SZ', '300341.SZ', '301165.SZ', '300432.SZ', '688247.SH', '300252.SZ', '300722.SZ', '300767.SZ', '301021.SZ', '300672.SZ', '300821.SZ', '300613.SZ', '300820.SZ', '002624.SZ', '300769.SZ', '002741.SZ', '300537.SZ', '002819.SZ', '300081.SZ', '300123.SZ', '688383.SH', '300045.SZ', '002405.SZ', '688002.SH', '688252.SH', '300590.SZ', '300382.SZ', '300079.SZ', '688185.SH', '301221.SZ', '300253.SZ', '688033.SH', '300339.SZ', '300170.SZ', '002389.SZ', '300006.SZ', '688001.SH', '688173.SH', '688131.SH', '600877.SH', '300674.SZ', '300393.SZ', '603421.SH', '300303.SZ', '002099.SZ', '300363.SZ', '688032.SH', '002122.SZ', '300887.SZ', '300278.SZ', '300487.SZ', '300475.SZ', '688711.SH', '300917.SZ', '300324.SZ', '002229.SZ', '600106.SH', '605369.SH', '688202.SH', '603256.SH', '301060.SZ', '300166.SZ', '300570.SZ', '300071.SZ', '688326.SH', '600559.SH', '300671.SZ', '300598.SZ', '001270.SZ', '600435.SH', '688023.SH', '300550.SZ', '301177.SZ', '300386.SZ', '002151.SZ', '300225.SZ', '688609.SH', '002488.SZ', '300036.SZ']"
2024-10-14,2024-10-11,2024-10-21,0.06738412766432342,100,0.96,500,"['002670.SZ', '003005.SZ', '301086.SZ', '300081.SZ', '301179.SZ', '301117.SZ', '301312.SZ', '002553.SZ', '688147.SH', '001319.SZ', '002689.SZ', '300504.SZ', '300461.SZ', '688205.SH', '301349.SZ', '300921.SZ', '300990.SZ', '301221.SZ', '600053.SH', '300317.SZ', '301013.SZ', '301338.SZ', '301099.SZ', '002889.SZ', '301128.SZ', '002878.SZ', '301217.SZ', '688418.SH', '300712.SZ', '300812.SZ', '300560.SZ', '000880.SZ', '301183.SZ', '002995.SZ', '600621.SH', '301136.SZ', '300619.SZ', '600228.SH', '002849.SZ', '688292.SH', '002902.SZ', '301369.SZ', '301102.SZ', '301266.SZ', '300499.SZ', '300071.SZ', '688152.SH', '688663.SH', '001208.SZ', '301123.SZ', '688489.SH', '301090.SZ', '301327.SZ', '300513.SZ', '301165.SZ', '002184.SZ', '301311.SZ', '688376.SH', '688182.SH', '301159.SZ', '688159.SH', '301282.SZ', '603999.SH', '688391.SH', '300227.SZ', '300976.SZ', '603206.SH', '300538.SZ', '300280.SZ', '301046.SZ', '301278.SZ', '300648.SZ', '300809.SZ', '301200.SZ', '301169.SZ', '605289.SH', '300786.SZ', '301191.SZ', '000514.SZ', '301168.SZ', '688112.SH', '300718.SZ', '002729.SZ', '300578.SZ', '300785.SZ', '600345.SH', '300654.SZ', '600301.SH', '000563.SZ', '002500.SZ', '301366.SZ', '300491.SZ', '300375.SZ', '301180.SZ', '300606.SZ', '001236.SZ', '688306.SH', '600683.SH', '301299.SZ', '001308.SZ']"
2024-10-21,2024-10-18,2024-10-28,0.033501120346956376,100,0.37,500,"['688376.SH', '301046.SZ', '603206.SH', '300712.SZ', '600345.SH', '301117.SZ', '688152.SH', '301165.SZ', '300317.SZ', '301127.SZ', '688205.SH', '301266.SZ', '688147.SH', '600228.SH', '300921.SZ', '300461.SZ', '001208.SZ', '002670.SZ', '603324.SH', '301030.SZ', '603191.SH', '688244.SH', '688210.SH', '301013.SZ', '300902.SZ', '688182.SH', '301099.SZ', '002889.SZ', '301282.SZ', '300227.SZ', '301128.SZ', '300978.SZ', '688371.SH', '300792.SZ', '605289.SH', '301391.SZ', '301180.SZ', '301058.SZ', '001269.SZ', '301268.SZ', '688320.SH', '300990.SZ', '688102.SH', '301312.SZ', '301159.SZ', '300560.SZ', '300812.SZ', '300538.SZ', '301090.SZ', '301136.SZ', '300513.SZ', '688663.SH', '688551.SH', '300933.SZ', '300488.SZ', '300805.SZ', '000567.SZ', '000532.SZ', '300375.SZ', '301311.SZ', '301221.SZ', '301299.SZ', '300518.SZ', '301338.SZ', '301086.SZ', '301302.SZ', '300606.SZ', '001319.SZ', '300648.SZ', '301123.SZ', '003013.SZ', '002640.SZ', '301217.SZ', '688337.SH', '300491.SZ', '688292.SH', '301179.SZ', '002849.SZ', '300969.SZ', '600053.SH', '301169.SZ', '301218.SZ', '301369.SZ', '301150.SZ', '688306.SH', '301200.SZ', '002729.SZ', '300051.SZ', '301168.SZ', '688112.SH', '002689.SZ', '300280.SZ', '688260.SH', '000880.SZ', '688190.SH', '688618.SH', '603815.SH', '002975.SZ', '688059.SH', '002995.SZ']"
2024-10-28,2024-10-25,2024-11-04,-0.019018981206080823,100,0.6,500,"['301217.SZ', '300533.SZ', '300745.SZ', '301123.SZ', '002339.SZ', '688147.SH', '688509.SH', '300081.SZ', '301150.SZ', '301311.SZ', '688499.SH', '300619.SZ', '300490.SZ', '002689.SZ', '300513.SZ', '301159.SZ', '603956.SH', '002163.SZ', '688170.SH', '301268.SZ', '300560.SZ', '002184.SZ', '688280.SH', '688496.SH', '300712.SZ', '301302.SZ', '603982.SH', '301312.SZ', '301169.SZ', '002480.SZ', '688489.SH', '002717.SZ', '002553.SZ', '300700.SZ', '688292.SH', '002670.SZ', '002640.SZ', '300477.SZ', '300648.SZ', '002234.SZ', '300528.SZ', '301218.SZ', '688371.SH', '301165.SZ', '300518.SZ', '688337.SH', '000056.SZ', '000068.SZ', '002795.SZ', '001201.SZ', '002582.SZ', '600770.SH', '603803.SH', '688416.SH', '301180.SZ', '688148.SH', '300853.SZ', '688205.SH', '688244.SH', '301136.SZ', '688102.SH', '300921.SZ', '300057.SZ', '301013.SZ', '300504.SZ', '300345.SZ', '002694.SZ', '688071.SH', '601011.SH', '300461.SZ', '301090.SZ', '688306.SH', '301177.SZ', '300928.SZ', '002647.SZ', '000863.SZ', '688320.SH', '603665.SH', '301058.SZ', '603378.SH', '300317.SZ', '301102.SZ', '001313.SZ', '000010.SZ', '603069.SH', '000712.SZ', '002314.SZ', '600792.SH', '301117.SZ', '603421.SH', '301208.SZ', '003005.SZ', '600927.SH', '301338.SZ', '000011.SZ', '688186.SH', '300990.SZ', '600725.SH', '301391.SZ', '300021.SZ']"
2024-11-04,2024-11-01,2024-11-11,0.13408788203326108,100,0.41,500,"['688147.SH', '688306.SH', '300317.SZ', '603196.SH', '300499.SZ', '301302.SZ', '301150.SZ', '688489.SH', '002689.SZ', '688337.SH', '300648.SZ', '688112.SH', '002339.SZ', '688499.SH', '000068.SZ', '600280.SH', '688371.SH', '301268.SZ', '002480.SZ', '300345.SZ', '603098.SH', '300533.SZ', '300712.SZ', '600770.SH', '688152.SH', '002163.SZ', '688376.SH', '300173.SZ', '000712.SZ', '688416.SH', '002647.SZ', '603803.SH', '300809.SZ', '300853.SZ', '300477.SZ', '002218.SZ', '301046.SZ', '003005.SZ', '300921.SZ', '300518.SZ', '300490.SZ', '300423.SZ', '002640.SZ', '688320.SH', '600620.SH', '300504.SZ', '000935.SZ', '300513.SZ', '688260.SH', '300787.SZ', '300466.SZ', '301152.SZ', '301381.SZ', '001208.SZ', '300025.SZ', '688275.SH', '603956.SH', '300792.SZ', '300461.SZ', '688509.SH', '300619.SZ', '600792.SH', '301120.SZ', '000011.SZ', '601011.SH', '002717.SZ', '002905.SZ', '300528.SZ', '301058.SZ', '600491.SH', '300773.SZ', '301165.SZ', '000652.SZ', '000010.SZ', '000056.SZ', '002329.SZ', '688148.SH', '300021.SZ', '300700.SZ', '603378.SH', '001236.SZ', '000567.SZ', '002535.SZ', '002694.SZ', '000042.SZ', '300081.SZ', '300990.SZ', '301369.SZ', '600155.SH', '600960.SH', '688244.SH', '000911.SZ', '301218.SZ', '301117.SZ', '300227.SZ', '688392.SH', '600345.SH', '603982.SH', '688391.SH', '688170.SH']"
2024-11-11,2024-11-08,2024-11-18,-0.09312815580561205,100,0.41,500,"['688337.SH', '600658.SH', '688489.SH', '688147.SH', '688376.SH', '600770.SH', '688112.SH', '300317.SZ', '003005.SZ', '301152.SZ', '002339.SZ', '603123.SH', '000068.SZ', '688320.SH', '300712.SZ', '000558.SZ', '600725.SH', '000892.SZ', '300490.SZ', '688680.SH', '300809.SZ', '600620.SH', '301268.SZ', '000712.SZ', '300461.SZ', '000011.SZ', '688306.SH', '600345.SH', '603206.SH', '688210.SH', '688499.SH', '300902.SZ', '301369.SZ', '002640.SZ', '300518.SZ', '300025.SZ', '600053.SH', '001269.SZ', '300812.SZ', '300533.SZ', '300345.SZ', '002995.SZ', '301136.SZ', '300700.SZ', '001322.SZ', '300513.SZ', '301391.SZ', '001236.SZ', '300853.SZ', '688416.SH', '301218.SZ', '002480.SZ', '300057.SZ', '300504.SZ', '603956.SH', '301338.SZ', '300619.SZ', '301058.SZ', '002694.SZ', '300773.SZ', '002184.SZ', '301191.SZ', '301312.SZ', '603803.SH', '301159.SZ', '002717.SZ', '688392.SH', '301013.SZ', '688509.SH', '688371.SH', '603126.SH', '002520.SZ', '301150.SZ', '300648.SZ', '688308.SH', '002670.SZ', '000567.SZ', '300921.SZ', '300786.SZ', '600960.SH', '603378.SH', '301221.SZ', '300560.SZ', '301381.SZ', '000151.SZ', '000523.SZ', '601011.SH', '301179.SZ', '300477.SZ', '301217.SZ', '688496.SH', '301177.SZ', '002329.SZ', '002234.SZ', '002137.SZ', '002471.SZ', '003016.SZ', '600228.SH', '688244.SH', '300081.SZ']"
2024-11-18,2024-11-15,2024-11-25,0.04172627794978827,100,0.62,500,"['600658.SH', '603126.SH', '300057.SZ', '000570.SZ', '000505.SZ', '605158.SH', '002339.SZ', '600716.SH', '000863.SZ', '600510.SH', '301150.SZ', '600960.SH', '002582.SZ', '002471.SZ', '300345.SZ', '600682.SH', '300513.SZ', '603956.SH', '600792.SH', '002480.SZ', '688376.SH', '002314.SZ', '603191.SH', '603378.SH', '000779.SZ', '002560.SZ', '600579.SH', '000926.SZ', '000751.SZ', '600927.SH', '600278.SH', '001201.SZ', '603206.SH', '000546.SZ', '002640.SZ', '600805.SH', '001313.SZ', '002127.SZ', '000514.SZ', '301217.SZ', '003016.SZ', '300317.SZ', '002647.SZ', '000753.SZ', '000701.SZ', '002645.SZ', '000558.SZ', '001322.SZ', '000965.SZ', '600053.SH', '600668.SH', '000068.SZ', '002234.SZ', '000055.SZ', '301302.SZ', '688186.SH', '001208.SZ', '603982.SH', '600173.SH', '600638.SH', '000151.SZ', '603618.SH', '300619.SZ', '603278.SH', '002160.SZ', '600683.SH', '603803.SH', '300504.SZ', '601011.SH', '603123.SH', '301136.SZ', '002344.SZ', '603686.SH', '002746.SZ', '300853.SZ', '301327.SZ', '600798.SH', '300461.SZ', '600725.SH', '603116.SH', '002218.SZ', '600644.SH', '605050.SH', '000905.SZ', '300518.SZ', '601198.SH', '301152.SZ', '002561.SZ', '002342.SZ', '300745.SZ', '000935.SZ', '002902.SZ', '600770.SH', '000906.SZ', '605289.SH', '301369.SZ', '601188.SH', '600751.SH', '001269.SZ', '603196.SH']"
2024-11-25,2024-11-22,2024-12-02,0.05782095588907289,100,0.59,500,"['002339.SZ', '603956.SH', '603803.SH', '300513.SZ', '300317.SZ', '688509.SH', '002813.SZ', '002686.SZ', '000068.SZ', '002471.SZ', '688170.SH', '300518.SZ', '688244.SH', '002578.SZ', '300767.SZ', '688280.SH', '002795.SZ', '603378.SH', '301302.SZ', '300853.SZ', '000570.SZ', '603421.SH', '300648.SZ', '002560.SZ', '603982.SH', '688416.SH', '600579.SH', '300533.SZ', '300095.SZ', '300490.SZ', '002330.SZ', '002234.SZ', '688680.SH', '603123.SH', '300619.SZ', '000713.SZ', '600293.SH', '300625.SZ', '300504.SZ', '301120.SZ', '300560.SZ', '301391.SZ', '300528.SZ', '002480.SZ', '001313.SZ', '301150.SZ', '002694.SZ', '688148.SH', '300538.SZ', '300426.SZ', '000753.SZ', '600792.SH', '603206.SH', '601218.SH', '300933.SZ', '301117.SZ', '300745.SZ', '688260.SH', '688560.SH', '600716.SH', '688737.SH', '300700.SZ', '605289.SH', '300345.SZ', '300461.SZ', '300477.SZ', '603665.SH', '300631.SZ', '301349.SZ', '000010.SZ', '300021.SZ', '301013.SZ', '300733.SZ', '002905.SZ', '600638.SH', '002582.SZ', '600173.SH', '002647.SZ', '002902.SZ', '000514.SZ', '300921.SZ', '688489.SH', '300375.SZ', '301152.SZ', '000505.SZ', '301159.SZ', '688310.SH', '603768.SH', '301046.SZ', '000151.SZ', '301282.SZ', '603126.SH', '688028.SH', '000751.SZ', '688667.SH', '301123.SZ', '000838.SZ', '000056.SZ', '300928.SZ', '688022.SH']"
2024-12-02,2024-11-29,2024-12-09,0.014632961070925916,100,0.46,500,"['300648.SZ', '300538.SZ', '300560.SZ', '300317.SZ', '300518.SZ', '000068.SZ', '300461.SZ', '301120.SZ', '301013.SZ', '688369.SH', '301282.SZ', '002339.SZ', '688416.SH', '301391.SZ', '688489.SH', '688680.SH', '300423.SZ', '301221.SZ', '300250.SZ', '300477.SZ', '300578.SZ', '603399.SH', '300787.SZ', '002902.SZ', '301338.SZ', '688244.SH', '688260.SH', '300853.SZ', '300631.SZ', '301152.SZ', '300733.SZ', '300328.SZ', '688143.SH', '300812.SZ', '301191.SZ', '301136.SZ', '603032.SH', '002795.SZ', '300466.SZ', '300172.SZ', '300786.SZ', '301369.SZ', '300375.SZ', '300619.SZ', '300299.SZ', '688391.SH', '688210.SH', '688152.SH', '300528.SZ', '002694.SZ', '300280.SZ', '300767.SZ', '688496.SH', '603206.SH', '002686.SZ', '300654.SZ', '603378.SH', '688323.SH', '301046.SZ', '300700.SZ', '301117.SZ', '002813.SZ', '002471.SZ', '002729.SZ', '605188.SH', '603803.SH', '300921.SZ', '300697.SZ', '688509.SH', '688371.SH', '301349.SZ', '300513.SZ', '002201.SZ', '300504.SZ', '603956.SH', '600579.SH', '301218.SZ', '002919.SZ', '301159.SZ', '300426.SZ', '002647.SZ', '002975.SZ', '000532.SZ', '300071.SZ', '300345.SZ', '300941.SZ', '600228.SH', '300533.SZ', '301150.SZ', '603421.SH', '301302.SZ', '300940.SZ', '002333.SZ', '301168.SZ', '300902.SZ', '002184.SZ', '002578.SZ', '301208.SZ', '002976.SZ', '601086.SH']"
2024-12-09,2024-12-06,2024-12-16,0.020557557988404213,100,0.41,500,"['600152.SH', '002184.SZ', '300491.SZ', '002339.SZ', '603399.SH', '002977.SZ', '002805.SZ', '300648.SZ', '301349.SZ', '300631.SZ', '002647.SZ', '000546.SZ', '301120.SZ', '300538.SZ', '603378.SH', '688260.SH', '300533.SZ', '600579.SH', '688280.SH', '688416.SH', '002905.SZ', '603803.SH', '002795.SZ', '300375.SZ', '300733.SZ', '300095.SZ', '000911.SZ', '300423.SZ', '300560.SZ', '688509.SH', '603390.SH', '300767.SZ', '002201.SZ', '002578.SZ', '300299.SZ', '300513.SZ', '002902.SZ', '000010.SZ', '300426.SZ', '300280.SZ', '002813.SZ', '300518.SZ', '603359.SH', '002975.SZ', '688244.SH', '000068.SZ', '603421.SH', '301391.SZ', '301123.SZ', '300504.SZ', '301013.SZ', '002849.SZ', '603665.SH', '603956.SH', '301159.SZ', '300250.SZ', '688152.SH', '300540.SZ', '603318.SH', '002877.SZ', '600173.SH', '688148.SH', '000965.SZ', '300853.SZ', '300921.SZ', '300477.SZ', '301152.SZ', '300933.SZ', '601218.SH', '000151.SZ', '603808.SH', '603982.SH', '301338.SZ', '002686.SZ', '688022.SH', '603206.SH', '300812.SZ', '688680.SH', '600792.SH', '688310.SH', '300490.SZ', '300227.SZ', '688323.SH', '300528.SZ', '603196.SH', '301282.SZ', '603123.SH', '688737.SH', '605068.SH', '002976.SZ', '002234.SZ', '300466.SZ', '002694.SZ', '000570.SZ', '300798.SZ', '300619.SZ', '300805.SZ', '000514.SZ', '000753.SZ', '301150.SZ']"
2024-12-16,2024-12-13,2024-12-23,-0.07116813835976538,100,0.59,500,"['603665.SH', '002852.SZ', '000626.SZ', '603359.SH', '002905.SZ', '603318.SH', '603808.SH', '000911.SZ', '000010.SZ', '603353.SH', '000056.SZ', '603421.SH', '600579.SH', '002582.SZ', '000701.SZ', '300138.SZ', '300402.SZ', '601218.SH', '600668.SH', '002686.SZ', '002184.SZ', '002578.SZ', '603011.SH', '002398.SZ', '000042.SZ', '002795.SZ', '002647.SZ', '605136.SH', '600792.SH', '603278.SH', '002666.SZ', '000880.SZ', '603803.SH', '600617.SH', '000546.SZ', '002443.SZ', '605188.SH', '002039.SZ', '001338.SZ', '300477.SZ', '002441.SZ', '002758.SZ', '688292.SH', '603378.SH', '000652.SZ', '300095.SZ', '600798.SH', '600327.SH', '000686.SZ', '603196.SH', '002218.SZ', '002877.SZ', '600228.SH', '000838.SZ', '000863.SZ', '688680.SH', '300375.SZ', '002813.SZ', '002616.SZ', '688737.SH', '002201.SZ', '000751.SZ', '600279.SH', '002479.SZ', '688560.SH', '000068.SZ', '300172.SZ', '688260.SH', '002805.SZ', '002329.SZ', '002339.SZ', '001896.SZ', '688323.SH', '000514.SZ', '002560.SZ', '000151.SZ', '600744.SH', '300700.SZ', '301349.SZ', '300021.SZ', '300625.SZ', '601011.SH', '300733.SZ', '600215.SH', '688170.SH', '605066.SH', '002196.SZ', '300538.SZ', '001283.SZ', '688509.SH', '000905.SZ', '300631.SZ', '002328.SZ', '300491.SZ', '002803.SZ', '300792.SZ', '600716.SH', '600280.SH', '603315.SH', '603601.SH']"
2024-12-23,2024-12-20,2024-12-30,0.03063275306659623,100,0.83,500,"['301128.SZ', '300990.SZ', '001283.SZ', '002953.SZ', '688292.SH', '300787.SZ', '603105.SH', '300873.SZ', '002479.SZ', '002729.SZ', '300092.SZ', '300606.SZ', '000935.SZ', '603162.SH', '301278.SZ', '300890.SZ', '002255.SZ', '605186.SH', '603209.SH', '300815.SZ', '301266.SZ', '001311.SZ', '002580.SZ', '300969.SZ', '301195.SZ', '002824.SZ', '605167.SH', '300547.SZ', '300538.SZ', '603929.SH', '300227.SZ', '301330.SZ', '301221.SZ', '002039.SZ', '301325.SZ', '301116.SZ', '603315.SH', '301208.SZ', '002746.SZ', '600796.SH', '301338.SZ', '600310.SH', '300654.SZ', '301149.SZ', '603757.SH', '301368.SZ', '601022.SH', '000779.SZ', '003005.SZ', '600979.SH', '300592.SZ', '603057.SH', '300833.SZ', '300718.SZ', '600668.SH', '603266.SH', '000686.SZ', '301168.SZ', '300978.SZ', '301299.SZ', '002686.SZ', '688170.SH', '301102.SZ', '600318.SH', '301117.SZ', '300461.SZ', '002870.SZ', '002877.SZ', '002852.SZ', '603535.SH', '002889.SZ', '001258.SZ', '300286.SZ', '000652.SZ', '603339.SH', '301282.SZ', '002367.SZ', '002627.SZ', '600279.SH', '001319.SZ', '002553.SZ', '600729.SH', '300840.SZ', '605598.SH', '002218.SZ', '603300.SH', '603167.SH', '603689.SH', '605289.SH', '003038.SZ', '001338.SZ', '300697.SZ', '603237.SH', '603759.SH', '603628.SH', '300172.SZ', '301366.SZ', '600846.SH', '000551.SZ', '000655.SZ']"
2024-12-30,2024-12-27,2025-01-06,-0.08184853062758371,100,0.45,500,"['603929.SH', '002140.SZ', '605167.SH', '600301.SH', '603162.SH', '603300.SH', '002255.SZ', '002824.SZ', '300873.SZ', '603209.SH', '600729.SH', '002961.SZ', '300488.SZ', '301175.SZ', '300833.SZ', '300773.SZ', '300893.SZ', '300592.SZ', '300286.SZ', '301128.SZ', '301127.SZ', '603105.SH', '300092.SZ', '000551.SZ', '301149.SZ', '601113.SH', '603757.SH', '003043.SZ', '001311.SZ', '002479.SZ', '603167.SH', '000563.SZ', '601022.SH', '603057.SH', '603170.SH', '600035.SH', '000755.SZ', '603093.SH', '603689.SH', '002478.SZ', '300978.SZ', '603535.SH', '300990.SZ', '301195.SZ', '000779.SZ', '300969.SZ', '001338.SZ', '002818.SZ', '300354.SZ', '000686.SZ', '002367.SZ', '600846.SH', '002870.SZ', '301030.SZ', '301327.SZ', '301366.SZ', '301183.SZ', '002988.SZ', '300698.SZ', '600496.SH', '300787.SZ', '300138.SZ', '600794.SH', '001283.SZ', '600906.SH', '301266.SZ', '301282.SZ', '600834.SH', '002448.SZ', '300890.SZ', '002225.SZ', '002116.SZ', '300654.SZ', '603339.SH', '301330.SZ', '002852.SZ', '605598.SH', '603324.SH', '301116.SZ', '600784.SH', '300697.SZ', '000567.SZ', '300099.SZ', '301262.SZ', '601008.SH', '301200.SZ', '603759.SH', '301058.SZ', '002688.SZ', '603357.SH', '000655.SZ', '300606.SZ', '002613.SZ', '301338.SZ', '300384.SZ', '605050.SH', '603315.SH', '601199.SH', '600796.SH', '300840.SZ']"
2025-01-06,2025-01-03,2025-01-13,-0.007840790752397638,100,0.69,500,"['603889.SH', '605088.SH', '603995.SH', '600961.SH', '603209.SH', '603158.SH', '605133.SH', '605319.SH', '603689.SH', '002083.SZ', '002043.SZ', '600531.SH', '603619.SH', '002590.SZ', '600469.SH', '603166.SH', '002662.SZ', '002978.SZ', '300908.SZ', '603105.SH', '603035.SH', '002479.SZ', '002870.SZ', '600361.SH', '002237.SZ', '002478.SZ', '301149.SZ', '002988.SZ', '605338.SH', '002540.SZ', '000612.SZ', '000923.SZ', '300873.SZ', '603162.SH', '600987.SH', '300893.SZ', '002088.SZ', '603170.SH', '600282.SH', '605050.SH', '002674.SZ', '603167.SH', '600459.SH', '000012.SZ', '601599.SH', '603319.SH', '002688.SZ', '301175.SZ', '002971.SZ', '002937.SZ', '600888.SH', '000819.SZ', '600595.SH', '600125.SH', '001203.SZ', '603950.SH', '600784.SH', '601022.SH', '301215.SZ', '600295.SH', '600301.SH', '600819.SH', '000026.SZ', '300918.SZ', '603300.SH', '002448.SZ', '601609.SH', '603886.SH', '002641.SZ', '000529.SZ', '301116.SZ', '301219.SZ', '000655.SZ', '002392.SZ', '600834.SH', '000762.SZ', '601686.SH', '603876.SH', '002824.SZ', '002556.SZ', '002443.SZ', '002283.SZ', '600035.SH', '001215.SZ', '003038.SZ', '002666.SZ', '600419.SH', '000962.SZ', '002154.SZ', '001311.SZ', '002627.SZ', '603535.SH', '002832.SZ', '002293.SZ', '600796.SH', '002192.SZ', '000862.SZ', '603324.SH', '000755.SZ', '603768.SH']"
2025-01-13,2025-01-10,2025-01-20,0.059746496623773765,100,0.52,500,"['605088.SH', '300893.SZ', '603170.SH', '003000.SZ', '603209.SH', '300973.SZ', '000819.SZ', '001215.SZ', '301149.SZ', '603162.SH', '300680.SZ', '300908.SZ', '601599.SH', '603324.SH', '300855.SZ', '603319.SH', '300446.SZ', '600796.SH', '300863.SZ', '603057.SH', '301278.SZ', '300507.SZ', '603105.SH', '603085.SH', '001258.SZ', '002824.SZ', '300918.SZ', '001311.SZ', '603166.SH', '300978.SZ', '002355.SZ', '300337.SZ', '603619.SH', '301219.SZ', '605089.SH', '603069.SH', '603239.SH', '001337.SZ', '002766.SZ', '300873.SZ', '603889.SH', '300538.SZ', '002978.SZ', '601969.SH', '002378.SZ', '601020.SH', '002870.SZ', '603110.SH', '002043.SZ', '603132.SH', '001319.SZ', '301266.SZ', '603689.SH', '601022.SH', '002075.SZ', '301030.SZ', '603300.SH', '603995.SH', '300840.SZ', '300773.SZ', '600301.SH', '300969.SZ', '603318.SH', '603759.SH', '603886.SH', '605133.SH', '300191.SZ', '300858.SZ', '300618.SZ', '605376.SH', '001203.SZ', '603950.SH', '605319.SH', '300798.SZ', '600318.SH', '600419.SH', '600531.SH', '002889.SZ', '600338.SH', '002088.SZ', '002852.SZ', '300681.SZ', '001338.SZ', '301175.SZ', '000962.SZ', '002404.SZ', '301116.SZ', '002423.SZ', '301215.SZ', '300811.SZ', '002479.SZ', '002971.SZ', '600361.SH', '600834.SH', '000688.SZ', '002670.SZ', '600961.SH', '002182.SZ', '002237.SZ', '002613.SZ']"
2025-01-20,2025-01-17,2025-01-27,-0.004853111790622967,100,0.44,500,"['601599.SH', '605088.SH', '003000.SZ', '301160.SZ', '300893.SZ', '300863.SZ', '002590.SZ', '002824.SZ', '603170.SH', '603105.SH', '000819.SZ', '001205.SZ', '002986.SZ', '603057.SH', '603319.SH', '300577.SZ', '002870.SZ', '000707.SZ', '300801.SZ', '001258.SZ', '600101.SH', '603162.SH', '603995.SH', '300978.SZ', '002996.SZ', '300507.SZ', '600182.SH', '603085.SH', '605133.SH', '600531.SH', '300855.SZ', '301116.SZ', '300908.SZ', '603107.SH', '001208.SZ', '603300.SH', '002043.SZ', '603889.SH', '603950.SH', '301121.SZ', '300446.SZ', '603619.SH', '601121.SH', '300680.SZ', '300881.SZ', '001376.SZ', '603558.SH', '600361.SH', '300230.SZ', '601083.SH', '600769.SH', '600796.SH', '002961.SZ', '002481.SZ', '002237.SZ', '301323.SZ', '600301.SH', '300690.SZ', '300918.SZ', '600961.SH', '300811.SZ', '600982.SH', '603689.SH', '300407.SZ', '300835.SZ', '300873.SZ', '300425.SZ', '301305.SZ', '002088.SZ', '600834.SH', '300681.SZ', '301219.SZ', '300905.SZ', '002978.SZ', '002479.SZ', '600819.SH', '002662.SZ', '603324.SH', '688716.SH', '002075.SZ', '301175.SZ', '301215.SZ', '001311.SZ', '301550.SZ', '300774.SZ', '605338.SH', '002971.SZ', '603876.SH', '300473.SZ', '002345.SZ', '002378.SZ', '603093.SH', '301345.SZ', '002716.SZ', '605319.SH', '300138.SZ', '601022.SH', '002988.SZ', '300337.SZ', '300840.SZ']"
2025-01-27,2025-01-24,2025-02-05,-0.00567911969,100,0.35,500,"['603105.SH', '000707.SZ', '003000.SZ', '605088.SH', '300873.SZ', '002479.SZ', '300230.SZ', '603057.SH', '603558.SH', '603162.SH', '601083.SH', '301305.SZ', '002986.SZ', '603889.SH', '001205.SZ', '603170.SH', '603995.SH', '601599.SH', '603619.SH', '300908.SZ', '301345.SZ', '300801.SZ', '002662.SZ', '603689.SH', '600101.SH', '603158.SH', '002345.SZ', '002870.SZ', '601121.SH', '300893.SZ', '002590.SZ', '600531.SH', '605133.SH', '002996.SZ', '001258.SZ', '002083.SZ', '001311.SZ', '000819.SZ', '603300.SH', '001217.SZ', '002824.SZ', '002043.SZ', '001338.SZ', '600182.SH', '002540.SZ', '300978.SZ', '002088.SZ', '300507.SZ', '600796.SH', '301323.SZ', '600742.SH', '300855.SZ', '600469.SH', '300774.SZ', '002978.SZ', '002746.SZ', '002478.SZ', '600987.SH', '002448.SZ', '300577.SZ', '600961.SH', '601022.SH', '301322.SZ', '002991.SZ', '301160.SZ', '600368.SH', '603035.SH', '002328.SZ', '002832.SZ', '300863.SZ', '600361.SH', '002988.SZ', '000672.SZ', '300881.SZ', '002154.SZ', '600595.SH', '301219.SZ', '600982.SH', '002237.SZ', '001203.SZ', '002783.SZ', '603167.SH', '600819.SH', '603107.SH', '600784.SH', '000026.SZ', '002404.SZ', '603128.SH', '603365.SH', '300446.SZ', '603876.SH', '002627.SZ', '000655.SZ', '603535.SH', '301109.SZ', '300690.SZ', '002664.SZ', '301116.SZ', '002392.SZ', '000551.SZ']"
2025-02-05,2025-01-27,2025-02-10,0.04888046125366311,100,0.27,500,"['000707.SZ', '603105.SH', '605088.SH', '002986.SZ', '603324.SH', '000819.SZ', '300801.SZ', '001205.SZ', '300881.SZ', '300893.SZ', '300873.SZ', '603162.SH', '001258.SZ', '002590.SZ', '600796.SH', '300507.SZ', '601599.SH', '605133.SH', '301323.SZ', '003000.SZ', '300908.SZ', '300230.SZ', '301345.SZ', '300918.SZ', '603889.SH', '301160.SZ', '001217.SZ', '300863.SZ', '603158.SH', '603558.SH', '603170.SH', '001311.SZ', '301305.SZ', '603057.SH', '002716.SZ', '300690.SZ', '002746.SZ', '002824.SZ', '601121.SH', '603107.SH', '603319.SH', '300978.SZ', '300577.SZ', '603223.SH', '002662.SZ', '002479.SZ', '000962.SZ', '603995.SH', '601083.SH', '002870.SZ', '301219.SZ', '003038.SZ', '603619.SH', '600101.SH', '002355.SZ', '300774.SZ', '002996.SZ', '002978.SZ', '603689.SH', '300855.SZ', '300446.SZ', '603535.SH', '603950.SH', '002154.SZ', '688716.SH', '000672.SZ', '301121.SZ', '301215.SZ', '301030.SZ', '000762.SZ', '600469.SH', '000935.SZ', '301322.SZ', '002083.SZ', '002182.SZ', '002988.SZ', '605158.SH', '603365.SH', '600361.SH', '002540.SZ', '688523.SH', '601133.SH', '603035.SH', '601022.SH', '603713.SH', '002832.SZ', '002448.SZ', '002392.SZ', '600106.SH', '002043.SZ', '603300.SH', '600523.SH', '002971.SZ', '002627.SZ', '600668.SH', '002345.SZ', '301175.SZ', '002192.SZ', '002664.SZ', '301266.SZ']"
2025-02-10,2025-02-07,2025-02-17,0.009625465725425927,100,0.41,500,"['688716.SH', '300690.SZ', '002510.SZ', '002355.SZ', '000962.SZ', '002716.SZ', '603057.SH', '301121.SZ', '600106.SH', '300505.SZ', '300507.SZ', '300522.SZ', '000935.SZ', '300189.SZ', '002746.SZ', '300681.SZ', '002590.SZ', '300881.SZ', '603153.SH', '300969.SZ', '605088.SH', '601599.SH', '603038.SH', '600796.SH', '000880.SZ', '300547.SZ', '300618.SZ', '603158.SH', '603324.SH', '301116.SZ', '301215.SZ', '300230.SZ', '600255.SH', '002553.SZ', '002218.SZ', '603105.SH', '001258.SZ', '300863.SZ', '300835.SZ', '300973.SZ', '000969.SZ', '301175.SZ', '000672.SZ', '600279.SH', '300774.SZ', '300446.SZ', '000762.SZ', '600668.SH', '601133.SH', '301345.SZ', '002708.SZ', '300127.SZ', '300673.SZ', '000819.SZ', '301160.SZ', '001205.SZ', '300473.SZ', '001217.SZ', '301266.SZ', '300577.SZ', '300893.SZ', '000707.SZ', '300375.SZ', '603085.SH', '600361.SH', '300811.SZ', '301550.SZ', '002043.SZ', '300801.SZ', '003000.SZ', '002479.SZ', '601083.SH', '603995.SH', '300337.SZ', '000795.SZ', '603319.SH', '301219.SZ', '002627.SZ', '000096.SZ', '300680.SZ', '603178.SH', '300978.SZ', '002651.SZ', '300840.SZ', '002192.SZ', '603107.SH', '300589.SZ', '002392.SZ', '301109.SZ', '002986.SZ', '603686.SH', '300855.SZ', '605158.SH', '301120.SZ', '000700.SZ', '601121.SH', '603162.SH', '001208.SZ', '605376.SH', '603170.SH']"
2025-02-17,2025-02-14,2025-02-24,0.027903564172056826,100,0.69,500,"['301217.SZ', '600604.SH', '600106.SH', '688147.SH', '000935.SZ', '603256.SH', '600279.SH', '002716.SZ', '000688.SZ', '688716.SH', '002746.SZ', '600830.SH', '000011.SZ', '001270.SZ', '688102.SH', '603324.SH', '003038.SZ', '600927.SH', '600668.SH', '688552.SH', '300737.SZ', '603178.SH', '002224.SZ', '002182.SZ', '688295.SH', '002590.SZ', '300589.SZ', '002694.SZ', '000672.SZ', '300619.SZ', '688523.SH', '603153.SH', '688133.SH', '000657.SZ', '301306.SZ', '300507.SZ', '001269.SZ', '002453.SZ', '300345.SZ', '000762.SZ', '600638.SH', '300191.SZ', '002355.SZ', '001313.SZ', '300825.SZ', '688429.SH', '300690.SZ', '301517.SZ', '603223.SH', '688084.SH', '688376.SH', '603668.SH', '301266.SZ', '603069.SH', '600740.SH', '000096.SZ', '301030.SZ', '605158.SH', '000713.SZ', '601028.SH', '300189.SZ', '002297.SZ', '002986.SZ', '301150.SZ', '002641.SZ', '600841.SH', '300423.SZ', '601133.SH', '688533.SH', '000819.SZ', '002933.SZ', '600796.SH', '300055.SZ', '603686.SH', '300696.SZ', '300918.SZ', '603038.SH', '600259.SH', '300618.SZ', '002428.SZ', '002427.SZ', '002192.SZ', '301215.SZ', '001311.SZ', '301152.SZ', '600318.SH', '600490.SH', '002627.SZ', '300447.SZ', '600523.SH', '600339.SH', '600053.SH', '600725.SH', '002547.SZ', '300328.SZ', '603132.SH', '301179.SZ', '600620.SH', '002829.SZ', '600800.SH']"
2025-02-24,2025-02-21,2025-03-03,-0.01213253864247953,100,0.57,500,"['002182.SZ', '300918.SZ', '603200.SH', '688102.SH', '001270.SZ', '688523.SH', '605133.SH', '603132.SH', '603300.SH', '688552.SH', '301030.SZ', '300893.SZ', '002973.SZ', '300863.SZ', '001311.SZ', '603686.SH', '605088.SH', '000819.SZ', '601133.SH', '301517.SZ', '600120.SH', '300446.SZ', '301160.SZ', '301306.SZ', '600126.SH', '002971.SZ', '002458.SZ', '002824.SZ', '301565.SZ', '600830.SH', '688376.SH', '300835.SZ', '603324.SH', '300258.SZ', '603162.SH', '300191.SZ', '002986.SZ', '003038.SZ', '002590.SZ', '688295.SH', '600283.SH', '688429.SH', '300507.SZ', '603069.SH', '300189.SZ', '301141.SZ', '688716.SH', '000762.SZ', '000532.SZ', '300337.SZ', '601028.SH', '603085.SH', '002978.SZ', '603223.SH', '605319.SH', '002613.SZ', '002716.SZ', '301266.SZ', '301345.SZ', '601969.SH', '001313.SZ', '000880.SZ', '002889.SZ', '301217.SZ', '002481.SZ', '605158.SH', '601069.SH', '300801.SZ', '002870.SZ', '002378.SZ', '000603.SZ', '301179.SZ', '600338.SH', '300881.SZ', '300973.SZ', '000657.SZ', '000962.SZ', '605128.SH', '600796.SH', '300811.SZ', '000707.SZ', '688533.SH', '603191.SH', '002428.SZ', '601599.SH', '603153.SH', '601020.SH', '603535.SH', '300997.SZ', '300328.SZ', '600255.SH', '001205.SZ', '000567.SZ', '003000.SZ', '300825.SZ', '300773.SZ', '000716.SZ', '603107.SH', '002553.SZ', '600595.SH']"
2025-03-03,2025-02-28,2025-03-10,0.03132534324696849,100,0.7,500,"['301526.SZ', '603223.SH', '002240.SZ', '603069.SH', '605228.SH', '000819.SZ', '002182.SZ', '605399.SH', '605006.SH', '000657.SZ', '301215.SZ', '603877.SH', '002971.SZ', '688281.SH', '001201.SZ', '301217.SZ', '600965.SH', '603107.SH', '002171.SZ', '300891.SZ', '301216.SZ', '600259.SH', '601022.SH', '600305.SH', '002840.SZ', '002694.SZ', '000762.SZ', '002785.SZ', '002515.SZ', '601279.SH', '600796.SH', '001270.SZ', '600195.SH', '300893.SZ', '002986.SZ', '600805.SH', '603162.SH', '301500.SZ', '600178.SH', '002016.SZ', '600399.SH', '300973.SZ', '001269.SZ', '002458.SZ', '002110.SZ', '300191.SZ', '000713.SZ', '002791.SZ', '000761.SZ', '601969.SH', '600199.SH', '002221.SZ', '300825.SZ', '000059.SZ', '002645.SZ', '600643.SH', '688523.SH', '688133.SH', '300858.SZ', '301116.SZ', '688102.SH', '600361.SH', '600808.SH', '601121.SH', '300055.SZ', '300997.SZ', '688295.SH', '000825.SZ', '603191.SH', '000703.SZ', '601069.SH', '002537.SZ', '603711.SH', '000758.SZ', '001217.SZ', '002237.SZ', '600626.SH', '600127.SH', '002408.SZ', '600800.SH', '301177.SZ', '002166.SZ', '002190.SZ', '002726.SZ', '688552.SH', '603978.SH', '300791.SZ', '301345.SZ', '600293.SH', '600429.SH', '600748.SH', '300863.SZ', '600338.SH', '300345.SZ', '601609.SH', '002646.SZ', '300589.SZ', '605388.SH', '002302.SZ', '688429.SH']"
2025-03-10,2025-03-07,2025-03-17,0.02363885055730792,100,0.62,500,"['603324.SH', '605133.SH', '300973.SZ', '002182.SZ', '000819.SZ', '300893.SZ', '003038.SZ', '601133.SH', '300918.SZ', '301030.SZ', '002986.SZ', '300801.SZ', '301266.SZ', '300997.SZ', '001270.SZ', '603162.SH', '688533.SH', '002971.SZ', '605158.SH', '301345.SZ', '603085.SH', '300191.SZ', '002973.SZ', '002481.SZ', '688429.SH', '300863.SZ', '002785.SZ', '001205.SZ', '603107.SH', '605088.SH', '300522.SZ', '603535.SH', '300891.SZ', '688523.SH', '300791.SZ', '603069.SH', '002988.SZ', '000707.SZ', '300258.SZ', '603132.SH', '600830.SH', '603223.SH', '300978.SZ', '603158.SH', '300835.SZ', '300737.SZ', '300811.SZ', '300908.SZ', '300969.SZ', '002171.SZ', '001258.SZ', '301306.SZ', '301160.SZ', '301141.SZ', '300507.SZ', '603170.SH', '001376.SZ', '603713.SH', '605128.SH', '300589.SZ', '300719.SZ', '600399.SH', '603701.SH', '002458.SZ', '003000.SZ', '688552.SH', '000762.SZ', '002016.SZ', '603191.SH', '300881.SZ', '300855.SZ', '002889.SZ', '600338.SH', '002937.SZ', '600796.SH', '600178.SH', '603105.SH', '300189.SZ', '002991.SZ', '000532.SZ', '601022.SH', '603995.SH', '601599.SH', '002978.SZ', '000962.SZ', '601969.SH', '300057.SZ', '600459.SH', '300618.SZ', '603978.SH', '605300.SH', '300858.SZ', '600361.SH', '688376.SH', '603889.SH', '002694.SZ', '002870.SZ', '001203.SZ', '300577.SZ', '301526.SZ']"
2025-03-17,2025-03-14,2025-03-24,-0.016189465739488706,100,0.49,500,"['002988.SZ', '003038.SZ', '002973.SZ', '603686.SH', '603713.SH', '603324.SH', '300801.SZ', '605133.SH', '603158.SH', '002986.SZ', '002870.SZ', '603995.SH', '601133.SH', '603399.SH', '301116.SZ', '000707.SZ', '001217.SZ', '603889.SH', '603535.SH', '002971.SZ', '301345.SZ', '601599.SH', '300973.SZ', '002182.SZ', '603085.SH', '301030.SZ', '603162.SH', '001205.SZ', '603619.SH', '603035.SH', '300893.SZ', '601609.SH', '603970.SH', '603558.SH', '000819.SZ', '300978.SZ', '600469.SH', '300873.SZ', '002889.SZ', '002556.SZ', '600531.SH', '603105.SH', '600459.SH', '002237.SZ', '300918.SZ', '300388.SZ', '600796.SH', '001311.SZ', '603128.SH', '300230.SZ', '301141.SZ', '000713.SZ', '002540.SZ', '002154.SZ', '600361.SH', '603365.SH', '001258.SZ', '603876.SH', '601677.SH', '300835.SZ', '603689.SH', '300218.SZ', '002171.SZ', '002083.SZ', '603132.SH', '002328.SZ', '002478.SZ', '600052.SH', '000546.SZ', '002043.SZ', '002392.SZ', '605158.SH', '600586.SH', '300908.SZ', '603217.SH', '000012.SZ', '002510.SZ', '300891.SZ', '002758.SZ', '001203.SZ', '603170.SH', '000906.SZ', '300791.SZ', '300969.SZ', '002978.SZ', '605128.SH', '301266.SZ', '600180.SH', '000762.SZ', '300522.SZ', '002201.SZ', '002192.SZ', '603107.SH', '002448.SZ', '002454.SZ', '301175.SZ', '301322.SZ', '605338.SH', '002996.SZ', '000923.SZ']"
2025-03-24,2025-03-21,2025-03-31,-0.010315650496808697,100,0.33,500,"['002870.SZ', '300801.SZ', '001217.SZ', '301116.SZ', '000707.SZ', '603995.SH', '002986.SZ', '603535.SH', '300973.SZ', '002971.SZ', '300388.SZ', '603889.SH', '002973.SZ', '600531.SH', '002182.SZ', '603158.SH', '603558.SH', '002666.SZ', '300230.SZ', '001205.SZ', '002996.SZ', '002961.SZ', '603713.SH', '002988.SZ', '000012.SZ', '603035.SH', '002662.SZ', '002481.SZ', '000819.SZ', '300893.SZ', '002237.SZ', '001203.SZ', '300791.SZ', '600987.SH', '002540.SZ', '002978.SZ', '603876.SH', '603619.SH', '601677.SH', '301305.SZ', '603170.SH', '003038.SZ', '600368.SH', '600459.SH', '605133.SH', '603162.SH', '600073.SH', '600469.SH', '002783.SZ', '000923.SZ', '300908.SZ', '003000.SZ', '301345.SZ', '603609.SH', '002392.SZ', '603093.SH', '601609.SH', '300218.SZ', '600586.SH', '000726.SZ', '300873.SZ', '002043.SZ', '601065.SH', '603128.SH', '600125.SH', '000968.SZ', '002154.SZ', '002404.SZ', '002328.SZ', '600796.SH', '002478.SZ', '000557.SZ', '603365.SH', '600888.SH', '001338.SZ', '301175.SZ', '605338.SH', '002930.SZ', '300863.SZ', '600361.SH', '000713.SZ', '002083.SZ', '000026.SZ', '603132.SH', '600035.SH', '601599.SH', '600583.SH', '002612.SZ', '603167.SH', '300138.SZ', '001311.SZ', '300119.SZ', '600805.SH', '603324.SH', '603085.SH', '603057.SH', '600282.SH', '603686.SH', '000517.SZ', '301322.SZ']"
2025-03-31,2025-03-28,2025-04-07,-0.08838411249228788,100,0.34,500,"['001205.SZ', '000707.SZ', '603558.SH', '603535.SH', '605128.SH', '300908.SZ', '603889.SH', '003000.SZ', '300218.SZ', '603619.SH', '002978.SZ', '605338.SH', '603162.SH', '300388.SZ', '002870.SZ', '002973.SZ', '603158.SH', '301305.SZ', '300893.SZ', '002986.SZ', '002083.SZ', '002662.SZ', '600182.SH', '002991.SZ', '603170.SH', '600368.SH', '300873.SZ', '002043.SZ', '301345.SZ', '601969.SH', '603697.SH', '603057.SH', '300801.SZ', '002971.SZ', '300791.SZ', '300973.SZ', '603365.SH', '603237.SH', '300863.SZ', '600987.SH', '603132.SH', '600283.SH', '001203.SZ', '601065.SH', '300577.SZ', '002937.SZ', '603995.SH', '002318.SZ', '000819.SZ', '001311.SZ', '603877.SH', '002404.SZ', '600469.SH', '600888.SH', '603713.SH', '601022.SH', '002478.SZ', '301116.SZ', '601083.SH', '000026.SZ', '001258.SZ', '002540.SZ', '002832.SZ', '600035.SH', '002345.SZ', '002088.SZ', '603035.SH', '000012.SZ', '600897.SH', '001376.SZ', '600531.SH', '603167.SH', '600583.SH', '002328.SZ', '603223.SH', '002154.SZ', '300855.SZ', '601860.SH', '000923.SZ', '601677.SH', '002988.SZ', '300811.SZ', '603239.SH', '600251.SH', '001338.SZ', '300835.SZ', '603093.SH', '000968.SZ', '300119.SZ', '605133.SH', '601599.SH', '605337.SH', '603587.SH', '000755.SZ', '600784.SH', '600282.SH', '601187.SH', '301371.SZ', '600909.SH', '000415.SZ']"
2025-04-07,2025-04-03,2025-04-14,0.08262899348922469,100,0.83,500,"['603101.SH', '600834.SH', '603237.SH', '002198.SZ', '002561.SZ', '600644.SH', '605188.SH', '603222.SH', '603998.SH', '002930.SZ', '600794.SH', '600238.SH', '002728.SZ', '600769.SH', '001376.SZ', '300908.SZ', '000068.SZ', '001896.SZ', '605266.SH', '000993.SZ', '000788.SZ', '301089.SZ', '600616.SH', '301188.SZ', '605368.SH', '603896.SH', '600725.SH', '601121.SH', '300453.SZ', '000802.SZ', '603669.SH', '603170.SH', '002644.SZ', '001338.SZ', '300314.SZ', '600283.SH', '000966.SZ', '601008.SH', '605388.SH', '603721.SH', '600661.SH', '300818.SZ', '603309.SH', '300902.SZ', '002991.SZ', '601128.SH', '301305.SZ', '688253.SH', '603535.SH', '600838.SH', '600121.SH', '600452.SH', '000048.SZ', '300942.SZ', '603057.SH', '600613.SH', '301038.SZ', '300653.SZ', '300795.SZ', '001201.SZ', '300172.SZ', '301281.SZ', '601619.SH', '603689.SH', '605006.SH', '600621.SH', '688799.SH', '003032.SZ', '600310.SH', '002793.SZ', '601089.SH', '688399.SH', '603619.SH', '605598.SH', '002356.SZ', '603117.SH', '000736.SZ', '002039.SZ', '001205.SZ', '000968.SZ', '600479.SH', '002918.SZ', '603105.SH', '603162.SH', '300497.SZ', '000755.SZ', '603520.SH', '600982.SH', '300435.SZ', '002082.SZ', '603387.SH', '600908.SH', '605167.SH', '603093.SH', '002807.SZ', '002088.SZ', '301370.SZ', '600505.SH', '002581.SZ', '001236.SZ']"
2025-04-14,2025-04-11,2025-04-21,0.03453558034386481,100,0.74,500,"['600463.SH', '603669.SH', '603117.SH', '002628.SZ', '600817.SH', '688073.SH', '600725.SH', '600834.SH', '000520.SZ', '000863.SZ', '300295.SZ', '301017.SZ', '000006.SZ', '688325.SH', '002457.SZ', '600838.SH', '600864.SH', '000551.SZ', '600724.SH', '600644.SH', '601375.SH', '600635.SH', '603256.SH', '000788.SZ', '000655.SZ', '600611.SH', '000068.SZ', '600622.SH', '300374.SZ', '600505.SH', '002225.SZ', '603126.SH', '300583.SZ', '000402.SZ', '600616.SH', '601999.SH', '603056.SH', '600621.SH', '000712.SZ', '300111.SZ', '600266.SH', '688353.SH', '300436.SZ', '002160.SZ', '000607.SZ', '600624.SH', '600613.SH', '000900.SZ', '600794.SH', '002082.SZ', '000096.SZ', '002793.SZ', '688046.SH', '000517.SZ', '002208.SZ', '688376.SH', '000639.SZ', '301060.SZ', '000905.SZ', '001896.SZ', '300204.SZ', '600650.SH', '002198.SZ', '002672.SZ', '002644.SZ', '600094.SH', '688399.SH', '002561.SZ', '600604.SH', '603093.SH', '600658.SH', '600163.SH', '002693.SZ', '600819.SH', '300639.SZ', '600053.SH', '601015.SH', '600548.SH', '600187.SH', '000802.SZ', '300056.SZ', '003001.SZ', '600800.SH', '000789.SZ', '600865.SH', '600853.SH', '600917.SH', '300006.SZ', '300326.SZ', '600769.SH', '301259.SZ', '603237.SH', '600279.SH', '601008.SH', '001236.SZ', '600280.SH', '601665.SH', '600792.SH', '002995.SZ', '603978.SH']"
2025-04-21,2025-04-18,2025-04-28,-0.019281291112631896,100,0.41,500,"['600834.SH', '300295.SZ', '002082.SZ', '600463.SH', '300111.SZ', '002225.SZ', '600613.SH', '603117.SH', '002628.SZ', '688325.SH', '300583.SZ', '600817.SH', '603669.SH', '688073.SH', '601999.SH', '000788.SZ', '000551.SZ', '300215.SZ', '600819.SH', '001896.SZ', '000068.SZ', '600792.SH', '000520.SZ', '603101.SH', '001338.SZ', '600624.SH', '000905.SZ', '002593.SZ', '300006.SZ', '300435.SZ', '000402.SZ', '002672.SZ', '002918.SZ', '002479.SZ', '603697.SH', '000863.SZ', '600725.SH', '603038.SH', '300152.SZ', '600853.SH', '002198.SZ', '300425.SZ', '300326.SZ', '000900.SZ', '000006.SZ', '000639.SZ', '600864.SH', '301038.SZ', '600838.SH', '300572.SZ', '300135.SZ', '601375.SH', '600668.SH', '600829.SH', '603601.SH', '603126.SH', '301017.SZ', '000517.SZ', '002658.SZ', '003001.SZ', '001236.SZ', '300359.SZ', '002995.SZ', '600962.SH', '300436.SZ', '002457.SZ', '000096.SZ', '603093.SH', '600616.SH', '000931.SZ', '301326.SZ', '000059.SZ', '300835.SZ', '002644.SZ', '000655.SZ', '300942.SZ', '300867.SZ', '600121.SH', '002462.SZ', '603222.SH', '000532.SZ', '301086.SZ', '688391.SH', '300172.SZ', '301060.SZ', '600526.SH', '002961.SZ', '601015.SH', '300653.SZ', '603978.SH', '300374.SZ', '600800.SH', '603676.SH', '000607.SZ', '600650.SH', '688176.SH', '600611.SH', '002613.SZ', '002950.SZ', '688371.SH']"
2025-04-28,2025-04-25,2025-05-06,0.04613148093254569,100,0.61,500,"['600965.SH', '002593.SZ', '000789.SZ', '002918.SZ', '300425.SZ', '600758.SH', '301408.SZ', '002824.SZ', '301323.SZ', '600819.SH', '002658.SZ', '300835.SZ', '301123.SZ', '600604.SH', '300215.SZ', '301281.SZ', '000935.SZ', '300795.SZ', '600526.SH', '600121.SH', '300094.SZ', '300583.SZ', '603052.SH', '603999.SH', '001205.SZ', '000402.SZ', '000905.SZ', '301080.SZ', '301251.SZ', '002187.SZ', '688325.SH', '600962.SH', '603978.SH', '600796.SH', '301141.SZ', '001236.SZ', '002791.SZ', '301017.SZ', '601999.SH', '600624.SH', '300152.SZ', '000900.SZ', '300902.SZ', '002995.SZ', '300191.SZ', '000539.SZ', '002672.SZ', '600853.SH', '600792.SH', '300055.SZ', '600834.SH', '301266.SZ', '600800.SH', '600463.SH', '600200.SH', '300314.SZ', '001896.SZ', '600403.SH', '301110.SZ', '000712.SZ', '600658.SH', '605266.SH', '300057.SZ', '605006.SH', '600817.SH', '002218.SZ', '301038.SZ', '601778.SH', '600613.SH', '300881.SZ', '600638.SH', '002628.SZ', '600279.SH', '601908.SH', '301526.SZ', '002961.SZ', '002613.SZ', '300326.SZ', '002082.SZ', '002135.SZ', '300439.SZ', '002645.SZ', '002015.SZ', '301333.SZ', '001267.SZ', '600643.SH', '002173.SZ', '301500.SZ', '002110.SZ', '002356.SZ', '002160.SZ', '001288.SZ', '300021.SZ', '603995.SH', '301565.SZ', '300873.SZ', '001201.SZ', '603038.SH', '603686.SH', '000551.SZ']"
2025-05-06,2025-04-30,2025-05-12,0.016284744929669085,100,0.53,500,"['002824.SZ', '002593.SZ', '301116.SZ', '000819.SZ', '603038.SH', '301251.SZ', '300835.SZ', '301281.SZ', '301038.SZ', '603721.SH', '600800.SH', '002995.SZ', '600965.SH', '600310.SH', '688108.SH', '000068.SZ', '603978.SH', '300374.SZ', '601015.SH', '600403.SH', '000802.SZ', '300191.SZ', '600624.SH', '300295.SZ', '603052.SH', '002672.SZ', '301179.SZ', '300326.SZ', '600463.SH', '300942.SZ', '300436.SZ', '300583.SZ', '301370.SZ', '003038.SZ', '301326.SZ', '002173.SZ', '002613.SZ', '301123.SZ', '600121.SH', '688443.SH', '301060.SZ', '002016.SZ', '300057.SZ', '300887.SZ', '000421.SZ', '002918.SZ', '001205.SZ', '300902.SZ', '600622.SH', '002658.SZ', '603056.SH', '600792.SH', '300425.SZ', '688238.SH', '301500.SZ', '301141.SZ', '301128.SZ', '000931.SZ', '300094.SZ', '603206.SH', '002641.SZ', '301323.SZ', '002567.SZ', '002218.SZ', '002160.SZ', '600962.SH', '603200.SH', '688496.SH', '600238.SH', '688353.SH', '000607.SZ', '300111.SZ', '603069.SH', '603999.SH', '300805.SZ', '301311.SZ', '300654.SZ', '301017.SZ', '001258.SZ', '300445.SZ', '600796.SH', '300056.SZ', '600658.SH', '000532.SZ', '688371.SH', '002878.SZ', '300055.SZ', '600200.SH', '301127.SZ', '603222.SH', '300795.SZ', '002628.SZ', '600650.SH', '300381.SZ', '300426.SZ', '301025.SZ', '002082.SZ', '301266.SZ', '002457.SZ', '688376.SH']"
2025-05-12,2025-05-09,2025-05-19,0.010995926697735366,100,0.43,500,"['301251.SZ', '301128.SZ', '300381.SZ', '301326.SZ', '301281.SZ', '301086.SZ', '000532.SZ', '600830.SH', '002824.SZ', '688429.SH', '300314.SZ', '002628.SZ', '301110.SZ', '300191.SZ', '301266.SZ', '688073.SH', '300881.SZ', '301160.SZ', '301333.SZ', '688489.SH', '301116.SZ', '300374.SZ', '300873.SZ', '688376.SH', '600769.SH', '300892.SZ', '002593.SZ', '003001.SZ', '600979.SH', '600463.SH', '300436.SZ', '600318.SH', '603038.SH', '300583.SZ', '002995.SZ', '300942.SZ', '301230.SZ', '600624.SH', '600838.SH', '600622.SH', '603686.SH', '301060.SZ', '688371.SH', '001258.SZ', '002173.SZ', '300969.SZ', '688443.SH', '301188.SZ', '300835.SZ', '603200.SH', '600965.SH', '300189.SZ', '688581.SH', '600650.SH', '300210.SZ', '600187.SH', '000068.SZ', '600310.SH', '300055.SZ', '300094.SZ', '002645.SZ', '301127.SZ', '688353.SH', '300425.SZ', '002016.SZ', '301141.SZ', '600280.SH', '300135.SZ', '301259.SZ', '603324.SH', '300592.SZ', '688108.SH', '600865.SH', '300318.SZ', '600796.SH', '688238.SH', '301239.SZ', '605006.SH', '301038.SZ', '300439.SZ', '300902.SZ', '300111.SZ', '301017.SZ', '300056.SZ', '301500.SZ', '002082.SZ', '000421.SZ', '300006.SZ', '002480.SZ', '600121.SH', '600962.SH', '002613.SZ', '002225.SZ', '300445.SZ', '603101.SH', '301109.SZ', '301089.SZ', '002160.SZ', '600611.SH', '301123.SZ']"
2025-05-19,2025-05-16,2025-05-26,-0.012456206165044104,100,0.59,500,"['300425.SZ', '603222.SH', '605006.SH', '600052.SH', '002641.SZ', '600310.SH', '000068.SZ', '001258.SZ', '300497.SZ', '300639.SZ', '600280.SH', '688353.SH', '600865.SH', '300006.SZ', '300056.SZ', '300381.SZ', '002932.SZ', '603237.SH', '688337.SH', '600792.SH', '301370.SZ', '001201.SZ', '600217.SH', '002627.SZ', '300942.SZ', '603719.SH', '300055.SZ', '688247.SH', '603069.SH', '300583.SZ', '600622.SH', '002918.SZ', '301096.SZ', '301281.SZ', '002480.SZ', '601778.SH', '301123.SZ', '600965.SH', '301038.SZ', '688603.SH', '002694.SZ', '002201.SZ', '002218.SZ', '300295.SZ', '002672.SZ', '000713.SZ', '688489.SH', '600838.SH', '301116.SZ', '002016.SZ', '000421.SZ', '600425.SH', '002082.SZ', '300374.SZ', '002457.SZ', '688799.SH', '000401.SZ', '000802.SZ', '002628.SZ', '300892.SZ', '688376.SH', '600738.SH', '000539.SZ', '600643.SH', '600800.SH', '300818.SZ', '603038.SH', '002961.SZ', '600449.SH', '600403.SH', '001338.SZ', '600395.SH', '300981.SZ', '000862.SZ', '300191.SZ', '000514.SZ', '600748.SH', '301025.SZ', '002307.SZ', '300358.SZ', '000966.SZ', '300111.SZ', '000723.SZ', '300172.SZ', '000931.SZ', '601015.SH', '688073.SH', '603126.SH', '601121.SH', '000601.SZ', '688238.SH', '300436.SZ', '300439.SZ', '301086.SZ', '002593.SZ', '603999.SH', '603324.SH', '301307.SZ', '300873.SZ', '000036.SZ']"
2025-05-26,2025-05-23,2025-06-03,0.035482710566951375,100,0.62,500,"['002264.SZ', '300314.SZ', '300445.SZ', '002973.SZ', '300873.SZ', '301305.SZ', '300172.SZ', '688376.SH', '300453.SZ', '603309.SH', '603535.SH', '300942.SZ', '688337.SH', '000068.SZ', '002201.SZ', '002615.SZ', '002961.SZ', '603324.SH', '688603.SH', '688581.SH', '001338.SZ', '603601.SH', '300818.SZ', '688253.SH', '300654.SZ', '688247.SH', '002694.SZ', '300560.SZ', '002878.SZ', '603896.SH', '300295.SZ', '301141.SZ', '300881.SZ', '688799.SH', '000931.SZ', '300056.SZ', '301370.SZ', '300138.SZ', '301262.SZ', '300653.SZ', '301239.SZ', '603105.SH', '000514.SZ', '300636.SZ', '603387.SH', '002198.SZ', '300425.SZ', '002479.SZ', '603170.SH', '600351.SH', '688687.SH', '301025.SZ', '603038.SH', '603222.SH', '300055.SZ', '301266.SZ', '600794.SH', '688391.SH', '688073.SH', '688489.SH', '301251.SZ', '300191.SZ', '002950.SZ', '600965.SH', '300497.SZ', '600052.SH', '300050.SZ', '300565.SZ', '605006.SH', '600865.SH', '300206.SZ', '001896.SZ', '603689.SH', '001205.SZ', '000899.SZ', '300664.SZ', '688108.SH', '301315.SZ', '000788.SZ', '300110.SZ', '688371.SH', '002930.SZ', '603718.SH', '300439.SZ', '301086.SZ', '001376.SZ', '002627.SZ', '603069.SH', '688351.SH', '300982.SZ', '603162.SH', '300374.SZ', '603075.SH', '301110.SZ', '603566.SH', '600251.SH', '000968.SZ', '301303.SZ', '300902.SZ', '600638.SH']"
2025-06-03,2025-05-30,2025-06-09,0.021169553544667766,100,0.64,500,"['000514.SZ', '002198.SZ', '000788.SZ', '300172.SZ', '002561.SZ', '600965.SH', '002644.SZ', '002728.SZ', '688247.SH', '000755.SZ', '600865.SH', '300664.SZ', '600838.SH', '600638.SH', '600351.SH', '600758.SH', '300435.SZ', '603387.SH', '600293.SH', '603167.SH', '605338.SH', '600897.SH', '603718.SH', '600724.SH', '002785.SZ', '603601.SH', '002694.SZ', '600668.SH', '603098.SH', '601188.SH', '600962.SH', '002950.SZ', '688526.SH', '002818.SZ', '300111.SZ', '300105.SZ', '603309.SH', '002645.SZ', '688376.SH', '600368.SH', '688253.SH', '688073.SH', '002088.SZ', '603170.SH', '600052.SH', '603669.SH', '301305.SZ', '603117.SH', '600251.SH', '000068.SZ', '300869.SZ', '300110.SZ', '002034.SZ', '603535.SH', '605598.SH', '600463.SH', '002082.SZ', '605368.SH', '688399.SH', '603357.SH', '600479.SH', '000968.SZ', '601199.SH', '002479.SZ', '600725.SH', '002627.SZ', '600187.SH', '300445.SZ', '600201.SH', '600613.SH', '600035.SH', '600163.SH', '601619.SH', '603566.SH', '000789.SZ', '600106.SH', '600121.SH', '000779.SZ', '603053.SH', '300653.SZ', '300774.SZ', '000935.SZ', '002458.SZ', '300425.SZ', '000544.SZ', '000089.SZ', '600033.SH', '688581.SH', '605006.SH', '600604.SH', '600125.SH', '000019.SZ', '600020.SH', '002062.SZ', '603018.SH', '300194.SZ', '300942.SZ', '002267.SZ', '300318.SZ', '300583.SZ']"
2025-06-09,2025-06-06,2025-06-16,-0.009599603532531392,100,0.69,500,"['600463.SH', '603815.SH', '300056.SZ', '000514.SZ', '002694.SZ', '000151.SZ', '600865.SH', '600838.SH', '301089.SZ', '300589.SZ', '300902.SZ', '002561.SZ', '000520.SZ', '600725.SH', '301038.SZ', '603126.SH', '000788.SZ', '600616.SH', '300105.SZ', '603117.SH', '603669.SH', '002581.SZ', '603222.SH', '688687.SH', '601188.SH', '301030.SZ', '300654.SZ', '300942.SZ', '000779.SZ', '300774.SZ', '300426.SZ', '301333.SZ', '300719.SZ', '001236.SZ', '000068.SZ', '300135.SZ', '300424.SZ', '002839.SZ', '001205.SZ', '301025.SZ', '300006.SZ', '300664.SZ', '300396.SZ', '000993.SZ', '603998.SH', '300434.SZ', '603999.SH', '300565.SZ', '600280.SH', '301060.SZ', '601999.SH', '301311.SZ', '301558.SZ', '002933.SZ', '603324.SH', '600187.SH', '002728.SZ', '600817.SH', '688253.SH', '000011.SZ', '301509.SZ', '688247.SH', '688391.SH', '300881.SZ', '300583.SZ', '600638.SH', '300867.SZ', '300712.SZ', '000544.SZ', '600505.SH', '600052.SH', '300040.SZ', '603237.SH', '300497.SZ', '301517.SZ', '300111.SZ', '600908.SH', '600053.SH', '300110.SZ', '603105.SH', '600293.SH', '603052.SH', '000863.SZ', '300436.SZ', '001322.SZ', '600283.SH', '300172.SZ', '688496.SH', '688337.SH', '300737.SZ', '600479.SH', '002225.SZ', '002116.SZ', '600853.SH', '601133.SH', '600758.SH', '300560.SZ', '002457.SZ', '002829.SZ', '001376.SZ']"
2025-06-16,2025-06-13,2025-06-23,-0.022158132118671812,100,0.51,500,"['000514.SZ', '300105.SZ', '300434.SZ', '600638.SH', '300664.SZ', '600463.SH', '603535.SH', '000544.SZ', '300774.SZ', '301030.SZ', '300982.SZ', '000788.SZ', '688253.SH', '300210.SZ', '301089.SZ', '688247.SH', '300712.SZ', '301195.SZ', '002694.SZ', '688391.SH', '300396.SZ', '600758.SH', '300902.SZ', '300110.SZ', '301305.SZ', '002561.SZ', '000779.SZ', '603520.SH', '603998.SH', '600616.SH', '300111.SZ', '300056.SZ', '605337.SH', '301333.SZ', '600613.SH', '600293.SH', '603324.SH', '300636.SZ', '002215.SZ', '301281.SZ', '600106.SH', '603309.SH', '601188.SH', '300497.SZ', '603566.SH', '000862.SZ', '600738.SH', '603222.SH', '002973.SZ', '002644.SZ', '001205.SZ', '000655.SZ', '600052.SH', '601619.SH', '603387.SH', '300942.SZ', '300653.SZ', '300006.SZ', '301086.SZ', '002728.SZ', '600251.SH', '600351.SH', '000068.SZ', '603105.SH', '605338.SH', '000567.SZ', '600368.SH', '600035.SH', '688581.SH', '600874.SH', '300869.SZ', '300426.SZ', '002015.SZ', '000531.SZ', '301060.SZ', '688108.SH', '603815.SH', '002314.SZ', '600668.SH', '300384.SZ', '300881.SZ', '603896.SH', '000639.SZ', '002930.SZ', '301230.SZ', '002356.SZ', '688337.SH', '300908.SZ', '300140.SZ', '301509.SZ', '600725.SH', '000690.SZ', '300435.SZ', '300314.SZ', '600020.SH', '002034.SZ', '603669.SH', '300673.SZ', '301025.SZ', '300737.SZ']"
2025-06-23,2025-06-20,2025-06-30,0.04681344218012321,100,0.61,500,"['688337.SH', '300719.SZ', '300497.SZ', '000514.SZ', '300942.SZ', '301123.SZ', '688489.SH', '300860.SZ', '688581.SH', '300795.SZ', '603222.SH', '300654.SZ', '300425.SZ', '002694.SZ', '300359.SZ', '300881.SZ', '300424.SZ', '301038.SZ', '688108.SH', '300006.SZ', '600052.SH', '688247.SH', '001205.SZ', '300873.SZ', '300902.SZ', '300056.SZ', '600621.SH', '300025.SZ', '300318.SZ', '603324.SH', '301086.SZ', '605006.SH', '301030.SZ', '688376.SH', '688202.SH', '301239.SZ', '300111.SZ', '603711.SH', '300636.SZ', '301025.SZ', '688253.SH', '688152.SH', '688523.SH', '603978.SH', '300833.SZ', '300664.SZ', '301096.SZ', '300215.SZ', '002356.SZ', '301517.SZ', '300818.SZ', '688084.SH', '301305.SZ', '002829.SZ', '300982.SZ', '688496.SH', '688238.SH', '001258.SZ', '603535.SH', '300667.SZ', '688603.SH', '300071.SZ', '300583.SZ', '002201.SZ', '000791.SZ', '301306.SZ', '000068.SZ', '300295.SZ', '301060.SZ', '300560.SZ', '002824.SZ', '301281.SZ', '000899.SZ', '301370.SZ', '600638.SH', '688371.SH', '301296.SZ', '002995.SZ', '300381.SZ', '300210.SZ', '688443.SH', '300565.SZ', '300314.SZ', '603393.SH', '600217.SH', '301408.SZ', '603105.SH', '603038.SH', '000544.SZ', '688391.SH', '300040.SZ', '600865.SH', '301195.SZ', '603101.SH', '002264.SZ', '301230.SZ', '600368.SH', '002581.SZ', '300892.SZ', '300050.SZ']"
2025-06-30,2025-06-27,2025-07-07,0.009712054180072904,100,0.49,500,"['300712.SZ', '301025.SZ', '001236.SZ', '300040.SZ', '002201.SZ', '300025.SZ', '600830.SH', '688108.SH', '300654.SZ', '301086.SZ', '688202.SH', '301030.SZ', '300560.SZ', '300210.SZ', '688429.SH', '603324.SH', '300781.SZ', '688496.SH', '300795.SZ', '300667.SZ', '603093.SH', '300318.SZ', '688376.SH', '301096.SZ', '002995.SZ', '002581.SZ', '603535.SH', '600661.SH', '300942.SZ', '300774.SZ', '600621.SH', '603999.SH', '301558.SZ', '300381.SZ', '301123.SZ', '300565.SZ', '300860.SZ', '300158.SZ', '688391.SH', '688152.SH', '301060.SZ', '300314.SZ', '600053.SH', '300105.SZ', '000567.SZ', '688337.SH', '002613.SZ', '688687.SH', '688443.SH', '301251.SZ', '301038.SZ', '300006.SZ', '002694.SZ', '601188.SH', '300902.SZ', '301089.SZ', '300396.SZ', '300445.SZ', '300805.SZ', '002933.SZ', '002356.SZ', '300791.SZ', '603153.SH', '688073.SH', '603669.SH', '301230.SZ', '000779.SZ', '300374.SZ', '601999.SH', '300426.SZ', '688238.SH', '300737.SZ', '600463.SH', '300135.SZ', '603357.SH', '300636.SZ', '600101.SH', '301333.SZ', '301509.SZ', '301207.SZ', '000011.SZ', '603711.SH', '300056.SZ', '688176.SH', '300497.SZ', '603815.SH', '300439.SZ', '000686.SZ', '301508.SZ', '688603.SH', '605006.SH', '603038.SH', '001258.SZ', '603222.SH', '603069.SH', '000993.SZ', '600199.SH', '300384.SZ', '603105.SH', '688581.SH']"
2025-07-07,2025-07-04,2025-07-14,0.03144683606394175,100,0.92,500,"['600638.SH', '000514.SZ', '600758.SH', '300332.SZ', '002029.SZ', '601188.SH', '600675.SH', '002561.SZ', '000726.SZ', '300867.SZ', '300550.SZ', '603610.SH', '000417.SZ', '300291.SZ', '600336.SH', '300996.SZ', '000779.SZ', '000507.SZ', '301305.SZ', '603103.SH', '002083.SZ', '000862.SZ', '300873.SZ', '600035.SH', '002478.SZ', '000850.SZ', '002771.SZ', '600064.SH', '600604.SH', '600463.SH', '002479.SZ', '601113.SH', '603230.SH', '301030.SZ', '000600.SZ', '600279.SH', '603600.SH', '300425.SZ', '300659.SZ', '002140.SZ', '300608.SZ', '600491.SH', '600368.SH', '603324.SH', '300982.SZ', '000906.SZ', '603535.SH', '600510.SH', '000690.SZ', '300426.SZ', '001205.SZ', '300830.SZ', '600280.SH', '002631.SZ', '002154.SZ', '000531.SZ', '002303.SZ', '002187.SZ', '603889.SH', '603689.SH', '601512.SH', '002375.SZ', '002344.SZ', '600121.SH', '002314.SZ', '300673.SZ', '000404.SZ', '000546.SZ', '688602.SH', '300785.SZ', '600865.SH', '300055.SZ', '600261.SH', '603313.SH', '600814.SH', '002593.SZ', '300071.SZ', '605377.SH', '002244.SZ', '601619.SH', '002081.SZ', '603101.SH', '000928.SZ', '002208.SZ', '000900.SZ', '002869.SZ', '601083.SH', '600088.SH', '603558.SH', '603018.SH', '603357.SH', '601886.SH', '300892.SZ', '600052.SH', '603687.SH', '000601.SZ', '600736.SH', '002627.SZ', '600738.SH', '600327.SH']"
2025-07-14,2025-07-11,2025-07-21,0.013084358573956331,100,0.58,500,"['601908.SH', '002631.SZ', '002561.SZ', '300550.SZ', '300291.SZ', '600604.SH', '002918.SZ', '600658.SH', '300425.SZ', '300659.SZ', '002869.SZ', '600336.SH', '300608.SZ', '002694.SZ', '000850.SZ', '300027.SZ', '600094.SH', '600121.SH', '002771.SZ', '000546.SZ', '000620.SZ', '002238.SZ', '002941.SZ', '600748.SH', '600675.SH', '600279.SH', '300135.SZ', '300785.SZ', '603103.SH', '300332.SZ', '300494.SZ', '600088.SH', '688207.SH', '603324.SH', '000863.SZ', '603610.SH', '002163.SZ', '300712.SZ', '002187.SZ', '600773.SH', '002067.SZ', '301030.SZ', '003016.SZ', '002889.SZ', '300105.SZ', '301391.SZ', '003012.SZ', '300426.SZ', '603466.SH', '603237.SH', '601188.SH', '001322.SZ', '300448.SZ', '600037.SH', '300365.SZ', '600758.SH', '300673.SZ', '600052.SH', '688609.SH', '301558.SZ', '600280.SH', '600463.SH', '000011.SZ', '600792.SH', '301062.SZ', '002614.SZ', '300691.SZ', '300892.SZ', '600510.SH', '600628.SH', '300774.SZ', '603098.SH', '300055.SZ', '300040.SZ', '300867.SZ', '603687.SH', '600738.SH', '002930.SZ', '300552.SZ', '603126.SH', '601949.SH', '600630.SH', '300982.SZ', '300894.SZ', '300559.SZ', '600657.SH', '002627.SZ', '301025.SZ', '002291.SZ', '000036.SZ', '600053.SH', '603598.SH', '000417.SZ', '603018.SH', '300288.SZ', '000517.SZ', '000862.SZ', '601226.SH', '600649.SH', '002599.SZ']"
2025-07-21,2025-07-18,2025-07-28,0.01196536829799201,100,0.51,500,"['600658.SH', '600336.SH', '300608.SZ', '002561.SZ', '000850.SZ', '600463.SH', '300673.SZ', '301172.SZ', '600622.SH', '002631.SZ', '300105.SZ', '002918.SZ', '688207.SH', '603324.SH', '002187.SZ', '300659.SZ', '300712.SZ', '300426.SZ', '301011.SZ', '600433.SH', '002291.SZ', '300275.SZ', '600641.SH', '603610.SH', '601999.SH', '300365.SZ', '300135.SZ', '300805.SZ', '002067.SZ', '300494.SZ', '003016.SZ', '600853.SH', '300917.SZ', '688602.SH', '600865.SH', '600604.SH', '688152.SH', '600293.SH', '600121.SH', '600510.SH', '002614.SZ', '002400.SZ', '300040.SZ', '000812.SZ', '301062.SZ', '601515.SH', '600657.SH', '300552.SZ', '603660.SH', '300551.SZ', '600439.SH', '600748.SH', '002208.SZ', '300550.SZ', '000546.SZ', '601226.SH', '600838.SH', '300892.SZ', '002593.SZ', '301110.SZ', '000863.SZ', '002771.SZ', '301315.SZ', '301391.SZ', '300288.SZ', '600279.SH', '600180.SH', '300284.SZ', '001236.SZ', '603237.SH', '000802.SZ', '000417.SZ', '603863.SH', '600708.SH', '301085.SZ', '300785.SZ', '000090.SZ', '002919.SZ', '300217.SZ', '300792.SZ', '000665.SZ', '300941.SZ', '301025.SZ', '600628.SH', '002110.SZ', '603999.SH', '601599.SH', '301058.SZ', '600053.SH', '600794.SH', '603801.SH', '688562.SH', '301038.SZ', '300295.SZ', '001322.SZ', '300982.SZ', '600383.SH', '002375.SZ', '603815.SH', '601789.SH']"
2025-07-28,2025-07-25,2025-08-04,0.0010157377876139596,100,0.35,500,"['301172.SZ', '600641.SH', '300712.SZ', '603324.SH', '300275.SZ', '002918.SZ', '301062.SZ', '300805.SZ', '301085.SZ', '002919.SZ', '300366.SZ', '300552.SZ', '001322.SZ', '301391.SZ', '688207.SH', '601999.SH', '301011.SZ', '300559.SZ', '601226.SH', '300105.SZ', '002869.SZ', '600399.SH', '002356.SZ', '600433.SH', '688152.SH', '002694.SZ', '301025.SZ', '600463.SH', '600630.SH', '688562.SH', '300659.SZ', '300608.SZ', '002561.SZ', '002631.SZ', '601515.SH', '603138.SH', '002291.SZ', '300894.SZ', '300551.SZ', '300217.SZ', '300917.SZ', '600053.SH', '300982.SZ', '300774.SZ', '300592.SZ', '000802.SZ', '300448.SZ', '003016.SZ', '603610.SH', '688609.SH', '603801.SH', '688489.SH', '301058.SZ', '600725.SH', '600293.SH', '601599.SH', '300365.SZ', '002678.SZ', '300892.SZ', '600748.SH', '603999.SH', '300673.SZ', '300550.SZ', '002400.SZ', '300288.SZ', '600834.SH', '002677.SZ', '301381.SZ', '603863.SH', '600658.SH', '600556.SH', '603153.SH', '688225.SH', '600640.SH', '001330.SZ', '300494.SZ', '003028.SZ', '603660.SH', '600336.SH', '300788.SZ', '002995.SZ', '300284.SZ', '600996.SH', '300291.SZ', '300426.SZ', '000850.SZ', '301558.SZ', '000620.SZ', '002218.SZ', '000863.SZ', '300295.SZ', '301315.SZ', '300272.SZ', '603848.SH', '600246.SH', '300135.SZ', '600622.SH', '300792.SZ', '002614.SZ', '600865.SH']"
2025-08-04,2025-08-01,2025-08-11,0.024527124483334,100,0.48,500,"['688207.SH', '301172.SZ', '300448.SZ', '002694.SZ', '002474.SZ', '300892.SZ', '301391.SZ', '300894.SZ', '300673.SZ', '002771.SZ', '300272.SZ', '688152.SH', '300135.SZ', '300291.SZ', '300295.SZ', '300105.SZ', '300608.SZ', '300550.SZ', '688609.SH', '300365.SZ', '000520.SZ', '300982.SZ', '300691.SZ', '003028.SZ', '301315.SZ', '300559.SZ', '688489.SH', '300712.SZ', '600838.SH', '002593.SZ', '300659.SZ', '300040.SZ', '002356.SZ', '300425.SZ', '002561.SZ', '002095.SZ', '301011.SZ', '600053.SH', '600088.SH', '002575.SZ', '600630.SH', '301062.SZ', '002615.SZ', '300043.SZ', '300299.SZ', '600318.SH', '002177.SZ', '600463.SH', '600834.SH', '603535.SH', '300288.SZ', '603429.SH', '000514.SZ', '600725.SH', '301195.SZ', '600293.SH', '600738.SH', '600638.SH', '300494.SZ', '300941.SZ', '301208.SZ', '300881.SZ', '002599.SZ', '300552.SZ', '301025.SZ', '603324.SH', '002908.SZ', '601999.SH', '603660.SH', '300275.SZ', '000812.SZ', '603258.SH', '002238.SZ', '300785.SZ', '002631.SZ', '600336.SH', '300551.SZ', '603466.SH', '002995.SZ', '300426.SZ', '600794.SH', '600505.SH', '000532.SZ', '000886.SZ', '603101.SH', '301339.SZ', '301085.SZ', '002990.SZ', '600052.SH', '603069.SH', '603533.SH', '301110.SZ', '601599.SH', '603999.SH', '603058.SH', '688562.SH', '002989.SZ', '601113.SH', '000607.SZ', '002174.SZ']"
2025-08-11,2025-08-08,2025-08-18,0.010762642520843912,100,0.51,500,"['002615.SZ', '688602.SH', '003028.SZ', '300055.SZ', '300881.SZ', '301160.SZ', '605167.SH', '301296.SZ', '603499.SH', '688609.SH', '300729.SZ', '688376.SH', '300691.SZ', '002835.SZ', '002986.SZ', '300673.SZ', '300272.SZ', '301062.SZ', '600830.SH', '000812.SZ', '301011.SZ', '301172.SZ', '300892.SZ', '600738.SH', '300275.SZ', '002613.SZ', '300577.SZ', '688562.SH', '603101.SH', '002103.SZ', '002735.SZ', '601022.SH', '002067.SZ', '301318.SZ', '001376.SZ', '688207.SH', '603162.SH', '000886.SZ', '300592.SZ', '688489.SH', '301109.SZ', '301110.SZ', '301195.SZ', '301332.SZ', '600986.SH', '601113.SH', '603324.SH', '603069.SH', '002846.SZ', '000899.SZ', '300425.SZ', '002177.SZ', '002474.SZ', '603138.SH', '600790.SH', '002593.SZ', '600643.SH', '600838.SH', '300182.SZ', '001267.SZ', '002803.SZ', '601083.SH', '300365.SZ', '600769.SH', '300712.SZ', '000532.SZ', '600318.SH', '603058.SH', '001205.SZ', '300982.SZ', '301391.SZ', '301025.SZ', '301315.SZ', '603535.SH', '603600.SH', '600796.SH', '600526.SH', '301500.SZ', '601599.SH', '600463.SH', '300805.SZ', '603105.SH', '300873.SZ', '001258.SZ', '300277.SZ', '301085.SZ', '300403.SZ', '300040.SZ', '603393.SH', '000791.SZ', '300559.SZ', '300299.SZ', '300043.SZ', '603610.SH', '688152.SH', '300622.SZ', '002694.SZ', '301381.SZ', '002095.SZ', '300996.SZ']"
2025-08-18,2025-08-15,2025-08-25,0.029207821412510864,100,0.47,500,"['300191.SZ', '301162.SZ', '300031.SZ', '300182.SZ', '601022.SH', '600986.SH', '301109.SZ', '301160.SZ', '301339.SZ', '601083.SH', '002615.SZ', '301110.SZ', '003028.SZ', '300881.SZ', '603393.SH', '000899.SZ', '688376.SH', '300113.SZ', '001267.SZ', '002735.SZ', '301558.SZ', '002617.SZ', '002803.SZ', '301175.SZ', '300781.SZ', '300917.SZ', '301500.SZ', '000791.SZ', '605167.SH', '688609.SH', '600643.SH', '002605.SZ', '002292.SZ', '300133.SZ', '002103.SZ', '688602.SH', '301330.SZ', '300577.SZ', '603535.SH', '603499.SH', '300061.SZ', '603162.SH', '002990.SZ', '300773.SZ', '301381.SZ', '600120.SH', '300403.SZ', '002846.SZ', '000628.SZ', '001376.SZ', '000681.SZ', '002356.SZ', '688562.SH', '300941.SZ', '301171.SZ', '301058.SZ', '603610.SH', '600864.SH', '002400.SZ', '000676.SZ', '603300.SH', '300729.SZ', '301085.SZ', '600830.SH', '600906.SH', '600641.SH', '300622.SZ', '000567.SZ', '000935.SZ', '300055.SZ', '300492.SZ', '301208.SZ', '301296.SZ', '600106.SH', '603153.SH', '301011.SZ', '603075.SH', '301262.SZ', '601096.SH', '300040.SZ', '601121.SH', '300792.SZ', '600621.SH', '001258.SZ', '002986.SZ', '601133.SH', '300805.SZ', '300691.SZ', '002878.SZ', '000532.SZ', '301025.SZ', '603069.SH', '600738.SH', '301062.SZ', '002973.SZ', '000563.SZ', '301315.SZ', '603101.SH', '300284.SZ', '300873.SZ']"
2025-08-25,2025-08-22,2025-09-01,-0.015150231281739228,100,0.37,500,"['301162.SZ', '600986.SH', '300881.SZ', '300133.SZ', '688562.SH', '300182.SZ', '300691.SZ', '002735.SZ', '002615.SZ', '002400.SZ', '300917.SZ', '601022.SH', '605167.SH', '002356.SZ', '688609.SH', '300031.SZ', '301160.SZ', '300785.SZ', '301339.SZ', '600641.SH', '003005.SZ', '301058.SZ', '600830.SH', '688602.SH', '000886.SZ', '300403.SZ', '300805.SZ', '301500.SZ', '600927.SH', '301110.SZ', '001267.SZ', '300315.SZ', '300299.SZ', '600399.SH', '301296.SZ', '603101.SH', '300577.SZ', '002103.SZ', '002846.SZ', '301025.SZ', '300712.SZ', '301330.SZ', '301381.SZ', '603153.SH', '301011.SZ', '002067.SZ', '301109.SZ', '300448.SZ', '603162.SH', '603533.SH', '300941.SZ', '603499.SH', '601226.SH', '603069.SH', '600621.SH', '603393.SH', '003028.SZ', '603610.SH', '300659.SZ', '300043.SZ', '600769.SH', '300729.SZ', '300055.SZ', '002292.SZ', '300550.SZ', '601595.SH', '300892.SZ', '600088.SH', '300592.SZ', '002990.SZ', '300291.SZ', '301062.SZ', '600643.SH', '300533.SZ', '002238.SZ', '300284.SZ', '002986.SZ', '300781.SZ', '301208.SZ', '300654.SZ', '300773.SZ', '300479.SZ', '300277.SZ', '000791.SZ', '603103.SH', '301085.SZ', '300365.SZ', '002803.SZ', '002869.SZ', '301318.SZ', '601599.SH', '600246.SH', '603801.SH', '688376.SH', '002835.SZ', '001376.SZ', '002605.SZ', '600649.SH', '600318.SH', '603093.SH']"
2025-09-01,2025-08-29,2025-09-08,-0.010701518196827818,100,0.38,500,"['600986.SH', '301160.SZ', '300191.SZ', '002400.SZ', '600641.SH', '300113.SZ', '002990.SZ', '600336.SH', '603103.SH', '002103.SZ', '300055.SZ', '301011.SZ', '688562.SH', '300403.SZ', '300917.SZ', '603499.SH', '600604.SH', '300133.SZ', '000029.SZ', '300031.SZ', '002803.SZ', '300996.SZ', '300494.SZ', '002117.SZ', '002605.SZ', '600769.SH', '605167.SH', '002615.SZ', '300773.SZ', '300805.SZ', '601595.SH', '000935.SZ', '300608.SZ', '300061.SZ', '603153.SH', '600399.SH', '002356.SZ', '301058.SZ', '300622.SZ', '600825.SH', '601226.SH', '300291.SZ', '300182.SZ', '600556.SH', '300941.SZ', '300659.SZ', '603300.SH', '300550.SZ', '600927.SH', '002986.SZ', '600433.SH', '300781.SZ', '300881.SZ', '001322.SZ', '301500.SZ', '002067.SZ', '002908.SZ', '601022.SH', '300284.SZ', '002292.SZ', '600830.SH', '000681.SZ', '300315.SZ', '002617.SZ', '605011.SH', '603162.SH', '600640.SH', '003005.SZ', '600644.SH', '605598.SH', '002095.SZ', '000761.SZ', '002889.SZ', '002238.SZ', '301085.SZ', '300785.SZ', '301296.SZ', '603533.SH', '688609.SH', '000676.SZ', '002672.SZ', '688602.SH', '301110.SZ', '300691.SZ', '603069.SH', '000886.SZ', '600310.SH', '001267.SZ', '300277.SZ', '002846.SZ', '601096.SH', '300712.SZ', '600748.SH', '002181.SZ', '301558.SZ', '001376.SZ', '600650.SH', '002291.SZ', '301171.SZ', '000607.SZ']"
2025-09-08,2025-09-05,2025-09-15,-0.0010685023709025277,100,0.61,500,"['300492.SZ', '300592.SZ', '301381.SZ', '301062.SZ', '603162.SH', '300881.SZ', '301500.SZ', '001376.SZ', '300729.SZ', '601022.SH', '300182.SZ', '000761.SZ', '002919.SZ', '601096.SH', '002961.SZ', '688609.SH', '605011.SH', '301558.SZ', '600643.SH', '300917.SZ', '001896.SZ', '301160.SZ', '301376.SZ', '002356.SZ', '603057.SH', '600903.SH', '601121.SH', '600834.SH', '603598.SH', '000415.SZ', '301011.SZ', '605598.SH', '600310.SH', '300622.SZ', '000966.SZ', '002803.SZ', '605167.SH', '002930.SZ', '000546.SZ', '002986.SZ', '002615.SZ', '600966.SH', '603610.SH', '600452.SH', '000567.SZ', '001338.SZ', '000899.SZ', '000539.SZ', '301262.SZ', '603300.SH', '603075.SH', '300781.SZ', '603499.SH', '300577.SZ', '001236.SZ', '300272.SZ', '300374.SZ', '300055.SZ', '600101.SH', '300040.SZ', '603713.SH', '002911.SZ', '600996.SH', '002889.SZ', '002075.SZ', '301058.SZ', '301332.SZ', '600622.SH', '301315.SZ', '002835.SZ', '603393.SH', '000521.SZ', '603929.SH', '600769.SH', '300061.SZ', '300792.SZ', '300031.SZ', '600505.SH', '000402.SZ', '601083.SH', '000712.SZ', '001258.SZ', '301110.SZ', '301030.SZ', '300788.SZ', '002489.SZ', '300691.SZ', '000791.SZ', '600986.SH', '002672.SZ', '002752.SZ', '300773.SZ', '002291.SZ', '002694.SZ', '600185.SH', '300996.SZ', '301109.SZ', '600308.SH', '300113.SZ', '002053.SZ']"
2025-09-15,2025-09-12,2025-09-22,-0.014332292260118505,100,0.46,500,"['002803.SZ', '603598.SH', '300592.SZ', '300113.SZ', '301160.SZ', '603499.SH', '301296.SZ', '301011.SZ', '600769.SH', '000761.SZ', '300031.SZ', '300622.SZ', '301381.SZ', '002889.SZ', '002075.SZ', '603713.SH', '000415.SZ', '002986.SZ', '688602.SH', '603929.SH', '002103.SZ', '300781.SZ', '301110.SZ', '301109.SZ', '300182.SZ', '300729.SZ', '000546.SZ', '600966.SH', '301376.SZ', '000791.SZ', '605167.SH', '002990.SZ', '300691.SZ', '300133.SZ', '002615.SZ', '002835.SZ', '300043.SZ', '001258.SZ', '600748.SH', '603995.SH', '600310.SH', '300577.SZ', '300533.SZ', '300788.SZ', '600782.SH', '002541.SZ', '000676.SZ', '002605.SZ', '605011.SH', '301085.SZ', '600279.SH', '301330.SZ', '301262.SZ', '002110.SZ', '688609.SH', '603128.SH', '300770.SZ', '688562.SH', '603300.SH', '600986.SH', '600621.SH', '600792.SH', '000402.SZ', '300996.SZ', '300403.SZ', '301339.SZ', '600308.SH', '688246.SH', '000935.SZ', '603103.SH', '002301.SZ', '600643.SH', '300275.SZ', '000665.SZ', '000532.SZ', '000539.SZ', '002218.SZ', '000521.SZ', '603466.SH', '300773.SZ', '603098.SH', '002919.SZ', '605168.SH', '000886.SZ', '300272.SZ', '003028.SZ', '600708.SH', '300160.SZ', '301318.SZ', '600383.SH', '603569.SH', '000905.SZ', '000966.SZ', '600399.SH', '300917.SZ', '300055.SZ', '603888.SH', '301172.SZ', '001896.SZ', '600834.SH']"
2025-09-22,2025-09-19,2025-09-29,-0.0010280753983312595,100,0.38,500,"['301011.SZ', '002986.SZ', '605167.SH', '300182.SZ', '002615.SZ', '301296.SZ', '002605.SZ', '003028.SZ', '300873.SZ', '301109.SZ', '688602.SH', '600986.SH', '300592.SZ', '301339.SZ', '001258.SZ', '002613.SZ', '600643.SH', '300113.SZ', '300031.SZ', '002835.SZ', '301172.SZ', '003035.SZ', '300996.SZ', '000791.SZ', '600834.SH', '000899.SZ', '300160.SZ', '000676.SZ', '603162.SH', '603499.SH', '000156.SZ', '301085.SZ', '300577.SZ', '688562.SH', '002990.SZ', '300284.SZ', '300788.SZ', '002889.SZ', '600611.SH', '600790.SH', '300729.SZ', '603713.SH', '300055.SZ', '301318.SZ', '301110.SZ', '301175.SZ', '603098.SH', '603801.SH', '600782.SH', '300774.SZ', '301025.SZ', '002803.SZ', '688609.SH', '603995.SH', '603888.SH', '601900.SH', '600556.SH', '600399.SH', '301160.SZ', '603393.SH', '301270.SZ', '600979.SH', '600830.SH', '603153.SH', '000923.SZ', '601226.SH', '605577.SH', '002103.SZ', '300275.SZ', '600433.SH', '002541.SZ', '300384.SZ', '301332.SZ', '603128.SH', '002110.SZ', '300691.SZ', '002919.SZ', '002075.SZ', '002016.SZ', '300781.SZ', '000966.SZ', '603105.SH', '002973.SZ', '300982.SZ', '603598.SH', '300063.SZ', '600278.SH', '002135.SZ', '605011.SH', '601599.SH', '600308.SH', '002053.SZ', '300770.SZ', '603300.SH', '600769.SH', '600641.SH', '301262.SZ', '000557.SZ', '600383.SH', '600477.SH']"
2025-09-29,2025-09-26,2025-10-09,0.025575385412031037,100,0.97,500,"['301029.SZ', '300143.SZ', '688548.SH', '300373.SZ', '300735.SZ', '300507.SZ', '002655.SZ', '603290.SH', '002036.SZ', '000925.SZ', '002312.SZ', '300623.SZ', '002615.SZ', '000410.SZ', '001337.SZ', '688150.SH', '002960.SZ', '688568.SH', '002922.SZ', '300444.SZ', '002106.SZ', '300183.SZ', '688352.SH', '300229.SZ', '300067.SZ', '300182.SZ', '603005.SH', '688409.SH', '300136.SZ', '002334.SZ', '300319.SZ', '002138.SZ', '300976.SZ', '300677.SZ', '603298.SH', '002456.SZ', '600435.SH', '003035.SZ', '300058.SZ', '603920.SH', '002139.SZ', '002284.SZ', '002056.SZ', '300098.SZ', '000155.SZ', '000555.SZ', '300451.SZ', '603236.SH', '688153.SH', '301215.SZ', '300441.SZ', '688717.SH', '300708.SZ', '600552.SH', '000009.SZ', '300393.SZ', '688033.SH', '688556.SH', '300088.SZ', '300634.SZ', '300762.SZ', '002125.SZ', '688475.SH', '300256.SZ', '603027.SH', '002430.SZ', '688549.SH', '600618.SH', '002262.SZ', '300310.SZ', '300179.SZ', '600361.SH', '002073.SZ', '002108.SZ', '000727.SZ', '688276.SH', '688512.SH', '300320.SZ', '603466.SH', '603507.SH', '000829.SZ', '300115.SZ', '300298.SZ', '688575.SH', '688403.SH', '300083.SZ', '300154.SZ', '688097.SH', '300219.SZ', '300825.SZ', '600100.SH', '688100.SH', '688371.SH', '300595.SZ', '002533.SZ', '300341.SZ', '688653.SH', '688252.SH', '000859.SZ', '688588.SH']"
2025-10-09,2025-09-30,2025-10-13,-0.014768532386598929,100,0.4,500,"['002960.SZ', '000925.SZ', '002139.SZ', '600361.SH', '002312.SZ', '002036.SZ', '000727.SZ', '002533.SZ', '000009.SZ', '688548.SH', '000555.SZ', '002106.SZ', '300058.SZ', '300373.SZ', '688568.SH', '301029.SZ', '688333.SH', '002334.SZ', '300143.SZ', '300319.SZ', '300232.SZ', '603290.SH', '000410.SZ', '688097.SH', '002655.SZ', '002456.SZ', '300975.SZ', '600552.SH', '600389.SH', '600667.SH', '600458.SH', '603005.SH', '603236.SH', '300677.SZ', '002615.SZ', '688002.SH', '002922.SZ', '000829.SZ', '300507.SZ', '688208.SH', '688556.SH', '600435.SH', '000948.SZ', '002284.SZ', '002108.SZ', '600662.SH', '688409.SH', '300358.SZ', '000034.SZ', '600100.SH', '300762.SZ', '300088.SZ', '688362.SH', '002008.SZ', '688779.SH', '300136.SZ', '002430.SZ', '300976.SZ', '600713.SH', '002203.SZ', '002747.SZ', '600782.SH', '000949.SZ', '002368.SZ', '300229.SZ', '688352.SH', '002056.SZ', '300219.SZ', '600998.SH', '300303.SZ', '300083.SZ', '000998.SZ', '300623.SZ', '300602.SZ', '600916.SH', '300183.SZ', '688586.SH', '002138.SZ', '601609.SH', '300182.SZ', '688153.SH', '300048.SZ', '688512.SH', '000922.SZ', '688150.SH', '000969.SZ', '688371.SH', '000859.SZ', '603099.SH', '002556.SZ', '601608.SH', '000049.SZ', '600339.SH', '000950.SZ', '688252.SH', '300451.SZ', '002135.SZ', '300708.SZ', '002025.SZ', '688561.SH']"
2025-10-13,2025-10-10,2025-10-20,-0.009303271809982057,100,0.91,500,"['600740.SH', '000886.SZ', '002110.SZ', '600435.SH', '600399.SH', '600331.SH', '000420.SZ', '600100.SH', '600278.SH', '688568.SH', '002683.SZ', '600058.SH', '300058.SZ', '600395.SH', '600782.SH', '000723.SZ', '688281.SH', '002405.SZ', '000878.SZ', '600748.SH', '000422.SZ', '000552.SZ', '600037.SH', '603225.SH', '603000.SH', '603533.SH', '002400.SZ', '600155.SH', '603128.SH', '603995.SH', '002738.SZ', '600123.SH', '600850.SH', '600057.SH', '000829.SZ', '600675.SH', '300229.SZ', '000791.SZ', '600409.SH', '002183.SZ', '600977.SH', '002302.SZ', '002389.SZ', '600808.SH', '000905.SZ', '600641.SH', '000034.SZ', '002091.SZ', '600927.SH', '600623.SH', '600787.SH', '000401.SZ', '603613.SH', '301216.SZ', '600810.SH', '603505.SH', '002244.SZ', '000737.SZ', '000156.SZ', '600500.SH', '600704.SH', '002320.SZ', '600710.SH', '002468.SZ', '300592.SZ', '600827.SH', '600328.SH', '002120.SZ', '603069.SH', '600648.SH', '600348.SH', '600848.SH', '600596.SH', '688295.SH', '601666.SH', '600640.SH', '001914.SZ', '000825.SZ', '600383.SH', '002563.SZ', '000967.SZ', '002911.SZ', '600639.SH', '000906.SZ', '600180.SH', '600773.SH', '600141.SH', '600971.SH', '600997.SH', '600116.SH', '600121.SH', '000761.SZ', '000035.SZ', '600323.SH', '600621.SH', '601969.SH', '601222.SH', '603236.SH', '601139.SH', '002407.SZ']"
2025-10-20,2025-10-17,2025-10-27,0.014745156487007624,100,0.61,500,"['002110.SZ', '600782.SH', '600675.SH', '600694.SH', '600435.SH', '600649.SH', '002244.SZ', '600037.SH', '600704.SH', '600740.SH', '600057.SH', '600064.SH', '002091.SZ', '600327.SH', '000501.SZ', '000886.SZ', '002258.SZ', '601512.SH', '000401.SZ', '600717.SH', '600623.SH', '600279.SH', '600621.SH', '603995.SH', '600997.SH', '601339.SH', '600928.SH', '600710.SH', '600278.SH', '000778.SZ', '600323.SH', '688568.SH', '600808.SH', '600801.SH', '002344.SZ', '600035.SH', '600787.SH', '002233.SZ', '600693.SH', '603889.SH', '600395.SH', '002911.SZ', '600810.SH', '600755.SH', '000685.SZ', '600269.SH', '000905.SZ', '001914.SZ', '002419.SZ', '600639.SH', '600180.SH', '600020.SH', '600280.SH', '603128.SH', '600507.SH', '603588.SH', '000417.SZ', '002010.SZ', '002029.SZ', '600033.SH', '600814.SH', '000029.SZ', '000990.SZ', '002948.SZ', '600790.SH', '600058.SH', '000791.SZ', '600273.SH', '601187.SH', '000878.SZ', '600100.SH', '002839.SZ', '600098.SH', '600628.SH', '002807.SZ', '600125.SH', '600008.SH', '600348.SH', '601928.SH', '601200.SH', '002392.SZ', '600827.SH', '002683.SZ', '600461.SH', '600017.SH', '600282.SH', '600021.SH', '601811.SH', '600548.SH', '601333.SH', '688578.SH', '600729.SH', '600575.SH', '600792.SH', '000825.SZ', '600758.SH', '600757.SH', '000967.SZ', '600578.SH', '601963.SH']"
2025-10-27,2025-10-24,2025-11-03,0.0013680287801409118,100,0.43,500,"['002561.SZ', '600675.SH', '603000.SH', '600037.SH', '603889.SH', '000906.SZ', '603612.SH', '603588.SH', '603995.SH', '603103.SH', '002803.SZ', '002244.SZ', '000029.SZ', '002419.SZ', '600392.SH', '600704.SH', '000878.SZ', '600435.SH', '002010.SZ', '002110.SZ', '600694.SH', '002250.SZ', '600273.SH', '000501.SZ', '688568.SH', '600058.SH', '601928.SH', '002911.SZ', '600125.SH', '600180.SH', '600685.SH', '000737.SZ', '300454.SZ', '600755.SH', '600057.SH', '001914.SZ', '002739.SZ', '600997.SH', '002233.SZ', '002091.SZ', '600064.SH', '600987.SH', '600916.SH', '600121.SH', '600710.SH', '002258.SZ', '601366.SH', '601619.SH', '600395.SH', '600729.SH', '301216.SZ', '600389.SH', '600035.SH', '601098.SH', '601188.SH', '000683.SZ', '600323.SH', '301381.SZ', '600838.SH', '002174.SZ', '601921.SH', '600757.SH', '603227.SH', '000825.SZ', '600814.SH', '600278.SH', '600143.SH', '688578.SH', '601339.SH', '600328.SH', '601333.SH', '600020.SH', '605090.SH', '000417.SZ', '601200.SH', '002697.SZ', '600782.SH', '600623.SH', '601811.SH', '600546.SH', '300058.SZ', '600098.SH', '600373.SH', '000685.SZ', '000886.SZ', '600717.SH', '600507.SH', '600348.SH', '600827.SH', '000690.SZ', '600628.SH', '601827.SH', '600509.SH', '002400.SZ', '002120.SZ', '000960.SZ', '601101.SH', '601222.SH', '603055.SH', '002029.SZ']"
2025-11-03,2025-10-31,2025-11-10,0.026976908605774348,100,0.72,500,"['600792.SH', '600810.SH', '002405.SZ', '600748.SH', '000886.SZ', '000759.SZ', '600546.SH', '603569.SH', '600121.SH', '600435.SH', '600037.SH', '000723.SZ', '600758.SH', '002561.SZ', '000501.SZ', '000401.SZ', '600675.SH', '600773.SH', '600403.SH', '600383.SH', '600996.SH', '002110.SZ', '603533.SH', '601519.SH', '600395.SH', '600740.SH', '300072.SZ', '600808.SH', '002419.SZ', '601015.SH', '000620.SZ', '600621.SH', '000520.SZ', '000761.SZ', '600649.SH', '600185.SH', '002187.SZ', '600604.SH', '601828.SH', '600657.SH', '300755.SZ', '600725.SH', '600977.SH', '000402.SZ', '301216.SZ', '600500.SH', '603056.SH', '600596.SH', '600180.SH', '300592.SZ', '688568.SH', '000990.SZ', '600782.SH', '600399.SH', '600929.SH', '600997.SH', '000417.SZ', '000420.SZ', '000825.SZ', '600623.SH', '000029.SZ', '601008.SH', '600848.SH', '002344.SZ', '600058.SH', '600971.SH', '600655.SH', '300085.SZ', '600708.SH', '000937.SZ', '002911.SZ', '002302.SZ', '000151.SZ', '002926.SZ', '601606.SH', '600409.SH', '600755.SH', '000553.SZ', '600693.SH', '002174.SZ', '002670.SZ', '002042.SZ', '002258.SZ', '600325.SH', '601666.SH', '000415.SZ', '300364.SZ', '600828.SH', '603708.SH', '600266.SH', '002075.SZ', '000778.SZ', '605090.SH', '600787.SH', '601101.SH', '603123.SH', '600859.SH', '002183.SZ', '000737.SZ', '000785.SZ']"
2025-11-10,2025-11-07,2025-11-17,0.02434344822874227,100,0.37,500,"['600792.SH', '601366.SH', '002419.SZ', '603708.SH', '603056.SH', '300592.SZ', '000829.SZ', '600810.SH', '600758.SH', '000723.SZ', '000401.SZ', '000759.SZ', '002042.SZ', '002930.SZ', '002110.SZ', '002075.SZ', '600185.SH', '600773.SH', '000151.SZ', '000761.SZ', '600500.SH', '000553.SZ', '603069.SH', '300755.SZ', '301090.SZ', '600403.SH', '601678.SH', '600180.SH', '002416.SZ', '600546.SH', '600782.SH', '601908.SH', '002183.SZ', '000966.SZ', '600057.SH', '600586.SH', '000825.SZ', '600395.SH', '603533.SH', '600399.SH', '600748.SH', '600808.SH', '601015.SH', '002120.SZ', '000990.SZ', '600996.SH', '600278.SH', '600787.SH', '002187.SZ', '603877.SH', '000539.SZ', '600725.SH', '002053.SZ', '600266.SH', '002405.SZ', '000415.SZ', '600623.SH', '600649.SH', '000501.SZ', '600058.SH', '600755.SH', '000012.SZ', '603569.SH', '600327.SH', '000402.SZ', '601101.SH', '600409.SH', '600508.SH', '600657.SH', '000620.SZ', '600997.SH', '600017.SH', '600325.SH', '600971.SH', '600279.SH', '601778.SH', '000875.SZ', '600575.SH', '600655.SH', '600710.SH', '601828.SH', '000543.SZ', '603033.SH', '600929.SH', '603123.SH', '002083.SZ', '600032.SH', '600611.SH', '600916.SH', '603225.SH', '600828.SH', '000785.SZ', '600037.SH', '600121.SH', '600827.SH', '000537.SZ', '601139.SH', '600368.SH', '600859.SH', '600035.SH']"
2025-11-17,2025-11-14,2025-11-24,-0.08327490281740396,100,0.18,500,"['600792.SH', '600758.SH', '000761.SZ', '000723.SZ', '600500.SH', '603056.SH', '601015.SH', '000415.SZ', '600810.SH', '600748.SH', '002930.SZ', '002419.SZ', '000759.SZ', '000402.SZ', '000553.SZ', '600279.SH', '600185.SH', '000401.SZ', '600708.SH', '600657.SH', '002110.SZ', '601828.SH', '600586.SH', '600403.SH', '600395.SH', '600996.SH', '600782.SH', '600399.SH', '600808.SH', '601678.SH', '600180.SH', '002042.SZ', '603877.SH', '600655.SH', '000990.SZ', '000966.SZ', '600383.SH', '000539.SZ', '603069.SH', '000552.SZ', '300755.SZ', '000520.SZ', '000501.SZ', '600971.SH', '002053.SZ', '301090.SZ', '600623.SH', '000151.SZ', '600123.SH', '600325.SH', '000829.SZ', '002187.SZ', '603708.SH', '600649.SH', '600773.SH', '600828.SH', '603123.SH', '603533.SH', '000825.SZ', '000012.SZ', '600997.SH', '600508.SH', '601908.SH', '002302.SZ', '002183.SZ', '002344.SZ', '600755.SH', '600328.SH', '600725.SH', '600790.SH', '600929.SH', '002120.SZ', '603225.SH', '601666.SH', '600409.SH', '600057.SH', '600058.SH', '002405.SZ', '600266.SH', '600278.SH', '002075.SZ', '000900.SZ', '600017.SH', '601008.SH', '600827.SH', '600740.SH', '000537.SZ', '601778.SH', '600859.SH', '000620.SZ', '603033.SH', '600787.SH', '000905.SZ', '600032.SH', '000937.SZ', '601101.SH', '300070.SZ', '001213.SZ', '600628.SH', '000875.SZ']"
2025-11-24,2025-11-21,2025-12-01,0.019660784934710417,100,0.97,500,"['688235.SH', '688002.SH', '688192.SH', '600368.SH', '600546.SH', '600757.SH', '601519.SH', '603365.SH', '000886.SZ', '603587.SH', '688295.SH', '603693.SH', '002807.SZ', '600725.SH', '603167.SH', '002839.SZ', '603535.SH', '600848.SH', '601019.SH', '600461.SH', '600064.SH', '603889.SH', '001914.SZ', '600435.SH', '601188.SH', '603569.SH', '601900.SH', '601339.SH', '600897.SH', '000598.SZ', '000672.SZ', '688027.SH', '600928.SH', '688568.SH', '601975.SH', '300085.SZ', '601187.SH', '300641.SZ', '603613.SH', '601827.SH', '601801.SH', '600388.SH', '601098.SH', '601811.SH', '000755.SZ', '601665.SH', '688281.SH', '002244.SZ', '601928.SH', '600020.SH', '600060.SH', '688065.SH', '000685.SZ', '600987.SH', '000690.SZ', '002508.SZ', '600295.SH', '601128.SH', '600908.SH', '601528.SH', '603055.SH', '601326.SH', '601512.SH', '600650.SH', '002832.SZ', '603688.SH', '601008.SH', '600764.SH', '603323.SH', '600246.SH', '600578.SH', '600269.SH', '600035.SH', '600273.SH', '002293.SZ', '601000.SH', '600602.SH', '002461.SZ', '603128.SH', '000088.SZ', '002025.SZ', '600863.SH', '603156.SH', '600773.SH', '601156.SH', '601997.SH', '000902.SZ', '601107.SH', '000791.SZ', '600821.SH', '600909.SH', '000029.SZ', '603565.SH', '600483.SH', '688180.SH', '002563.SZ', '000719.SZ', '603588.SH', '002697.SZ', '002895.SZ']"
2025-12-01,2025-11-28,2025-12-08,-0.003082010487823641,100,0.64,500,"['603708.SH', '600792.SH', '601366.SH', '688235.SH', '600368.SH', '002042.SZ', '600738.SH', '002416.SZ', '002419.SZ', '000543.SZ', '300592.SZ', '603167.SH', '605090.SH', '000830.SZ', '600266.SH', '600428.SH', '600725.SH', '000520.SZ', '600163.SH', '600546.SH', '603995.SH', '600578.SH', '000966.SZ', '600035.SH', '603055.SH', '600098.SH', '000791.SZ', '605599.SH', '000755.SZ', '688295.SH', '600057.SH', '600956.SH', '002053.SZ', '603069.SH', '002928.SZ', '601128.SH', '002926.SZ', '000828.SZ', '600814.SH', '600325.SH', '600863.SH', '603056.SH', '002015.SZ', '000900.SZ', '603393.SH', '600327.SH', '000537.SZ', '601665.SH', '600810.SH', '000818.SZ', '002293.SZ', '600773.SH', '600909.SH', '600838.SH', '603323.SH', '600908.SH', '000539.SZ', '601619.SH', '002930.SZ', '600757.SH', '601918.SH', '600012.SH', '603505.SH', '603225.SH', '600821.SH', '603587.SH', '000875.SZ', '600987.SH', '601156.SH', '601860.SH', '601528.SH', '600729.SH', '000429.SZ', '603101.SH', '600060.SH', '600131.SH', '000723.SZ', '600282.SH', '000598.SZ', '600032.SH', '601997.SH', '601519.SH', '301381.SZ', '002003.SZ', '601963.SH', '600486.SH', '603533.SH', '000886.SZ', '002948.SZ', '688002.SH', '600020.SH', '600897.SH', '601101.SH', '601827.SH', '002430.SZ', '600461.SH', '601139.SH', '002832.SZ', '600017.SH', '002468.SZ']"
2025-12-08,2025-12-05,2025-12-15,-0.008745641626824839,100,0.64,500,"['000960.SZ', '600808.SH', '002155.SZ', '605599.SH', '600612.SH', '000034.SZ', '600710.SH', '600057.SH', '002416.SZ', '002091.SZ', '002110.SZ', '600060.SH', '603708.SH', '000878.SZ', '002429.SZ', '603613.SH', '002624.SZ', '002738.SZ', '002697.SZ', '002183.SZ', '600787.SH', '000886.SZ', '600916.SH', '600546.SH', '603225.SH', '600058.SH', '603128.SH', '601156.SH', '600792.SH', '600278.SH', '000830.SZ', '600143.SH', '002911.SZ', '600729.SH', '600757.SH', '002419.SZ', '688002.SH', '600755.SH', '600325.SH', '002345.SZ', '000543.SZ', '600621.SH', '300918.SZ', '600282.SH', '002170.SZ', '603167.SH', '600098.SH', '002083.SZ', '002120.SZ', '000825.SZ', '601678.SH', '600704.SH', '300058.SZ', '605090.SH', '600575.SH', '603663.SH', '300592.SZ', '002768.SZ', '002468.SZ', '601339.SH', '603444.SH', '002043.SZ', '002478.SZ', '000026.SZ', '000759.SZ', '600125.SH', '600368.SH', '603056.SH', '600810.SH', '600987.SH', '600578.SH', '603979.SH', '002318.SZ', '000539.SZ', '000905.SZ', '688300.SH', '603236.SH', '603889.SH', '600295.SH', '000902.SZ', '300596.SZ', '603612.SH', '601333.SH', '600428.SH', '601519.SH', '600126.SH', '603587.SH', '600694.SH', '600814.SH', '601366.SH', '000785.SZ', '002324.SZ', '600486.SH', '001914.SZ', '002293.SZ', '600623.SH', '000829.SZ', '002244.SZ', '601636.SH', '600764.SH']"
2025-12-15,2025-12-12,2025-12-22,0.01518813486827892,100,0.68,500,"['300596.SZ', '000791.SZ', '002803.SZ', '002155.SZ', '002324.SZ', '600323.SH', '688002.SH', '601156.SH', '605599.SH', '601022.SH', '000960.SZ', '600428.SH', '603713.SH', '603613.SH', '002683.SZ', '002170.SZ', '603236.SH', '000935.SZ', '002065.SZ', '603979.SH', '000422.SZ', '002320.SZ', '002738.SZ', '002429.SZ', '603444.SH', '002895.SZ', '600012.SH', '002624.SZ', '603355.SH', '000902.SZ', '600486.SH', '600909.SH', '603345.SH', '000685.SZ', '603486.SH', '688300.SH', '600757.SH', '000997.SZ', '688295.SH', '600331.SH', '600410.SH', '002315.SZ', '605589.SH', '600635.SH', '000426.SZ', '603379.SH', '600141.SH', '600612.SH', '605090.SH', '002043.SZ', '002508.SZ', '600578.SH', '600546.SH', '300770.SZ', '000733.SZ', '000429.SZ', '603087.SH', '300496.SZ', '000657.SZ', '600064.SH', '000543.SZ', '300017.SZ', '600388.SH', '002226.SZ', '002545.SZ', '600143.SH', '600273.SH', '688578.SH', '002318.SZ', '601619.SH', '600392.SH', '600863.SH', '002497.SZ', '600562.SH', '600435.SH', '603565.SH', '300002.SZ', '000893.SZ', '600060.SH', '002832.SZ', '300113.SZ', '601975.SH', '600801.SH', '603650.SH', '600098.SH', '002392.SZ', '688208.SH', '002739.SZ', '301035.SZ', '600368.SH', '605020.SH', '000598.SZ', '002096.SZ', '000683.SZ', '601019.SH', '600120.SH', '002461.SZ', '002768.SZ', '601107.SH', '000676.SZ']"
2025-12-22,2025-12-19,2025-12-29,0.009555735800863153,100,0.39,500,"['605599.SH', '002155.SZ', '600612.SH', '002416.SZ', '601156.SH', '000960.SZ', '600428.SH', '000830.SZ', '603613.SH', '600060.SH', '600057.SH', '300596.SZ', '002429.SZ', '002170.SZ', '000543.SZ', '002911.SZ', '600125.SH', '600578.SH', '002803.SZ', '600808.SH', '002091.SZ', '601022.SH', '002043.SZ', '002293.SZ', '600787.SH', '000902.SZ', '600098.SH', '600486.SH', '000034.SZ', '600987.SH', '603889.SH', '603979.SH', '002468.SZ', '300770.SZ', '601678.SH', '600710.SH', '600916.SH', '600863.SH', '600575.SH', '603713.SH', '603871.SH', '000791.SZ', '600282.SH', '605090.SH', '002324.SZ', '000825.SZ', '601619.SH', '600273.SH', '601975.SH', '600897.SH', '301035.SZ', '002226.SZ', '603444.SH', '601333.SH', '603345.SH', '002624.SZ', '002096.SZ', '002120.SZ', '603565.SH', '000878.SZ', '000422.SZ', '000683.SZ', '600163.SH', '002867.SZ', '000429.SZ', '600004.SH', '600141.SH', '688208.SH', '603612.SH', '300002.SZ', '601339.SH', '002895.SZ', '000672.SZ', '002508.SZ', '605020.SH', '600757.SH', '600033.SH', '603486.SH', '603355.SH', '600143.SH', '002318.SZ', '002768.SZ', '601139.SH', '000997.SZ', '601827.SH', '000935.SZ', '600546.SH', '600012.SH', '002545.SZ', '600801.SH', '002461.SZ', '688300.SH', '000719.SZ', '000755.SZ', '600507.SH', '601326.SH', '300017.SZ', '300487.SZ', '600323.SH', '301381.SZ']"
