date,signal_date,next_date,return,num_stocks,turnover,pre_candidate_pool_size,selected_codes
2020-02-17,2020-02-14,2020-02-24,0.08786362749477364,50,0.0,,"['300673.SZ', '300777.SZ', '300768.SZ', '603138.SH', '300775.SZ', '300766.SZ', '002891.SZ', '300691.SZ', '300561.SZ', '300609.SZ', '300687.SZ', '603103.SH', '300424.SZ', '300627.SZ', '300726.SZ', '603013.SH', '300738.SZ', '603185.SH', '300288.SZ', '300252.SZ', '300776.SZ', '300708.SZ', '603218.SH', '603496.SH', '300773.SZ', '300739.SZ', '002937.SZ', '300788.SZ', '603327.SH', '300047.SZ', '300634.SZ', '300386.SZ', '603297.SH', '002197.SZ', '002474.SZ', '603595.SH', '603676.SH', '300101.SZ', '002913.SZ', '002897.SZ', '300365.SZ', '603773.SH', '300765.SZ', '300215.SZ', '603896.SH', '002137.SZ', '300723.SZ', '002920.SZ', '002567.SZ', '603516.SH']"
2020-02-24,2020-02-21,2020-03-02,-0.0617476635022847,50,0.44,,"['300777.SZ', '300775.SZ', '300766.SZ', '002935.SZ', '300768.SZ', '300627.SZ', '603103.SH', '300424.SZ', '300691.SZ', '601606.SH', '300687.SZ', '300561.SZ', '603185.SH', '300609.SZ', '000561.SZ', '300065.SZ', '300252.SZ', '300546.SZ', '300738.SZ', '300673.SZ', '300788.SZ', '300776.SZ', '300288.SZ', '300494.SZ', '600184.SH', '300367.SZ', '002331.SZ', '002937.SZ', '002897.SZ', '300785.SZ', '300739.SZ', '000697.SZ', '603327.SH', '300035.SZ', '300047.SZ', '002929.SZ', '603121.SH', '600990.SH', '002891.SZ', '603602.SH', '603679.SH', '600855.SH', '002895.SZ', '002474.SZ', '300368.SZ', '603595.SH', '002141.SZ', '300365.SZ', '603179.SH', '300101.SZ']"
2020-03-02,2020-02-28,2020-03-09,0.0066724747873280355,50,0.8,,"['300424.SZ', '603185.SH', '600184.SH', '300609.SZ', '603618.SH', '603179.SH', '002300.SZ', '600207.SH', '002331.SZ', '600537.SH', '300673.SZ', '300047.SZ', '300368.SZ', '600765.SH', '002592.SZ', '300525.SZ', '002389.SZ', '002891.SZ', '603225.SH', '300568.SZ', '300178.SZ', '002845.SZ', '000599.SZ', '600973.SH', '603603.SH', '002741.SZ', '603612.SH', '300625.SZ', '002548.SZ', '002707.SZ', '002068.SZ', '300751.SZ', '002421.SZ', '300094.SZ', '603733.SH', '002851.SZ', '603220.SH', '002015.SZ', '002876.SZ', '300657.SZ', '600151.SH', '002782.SZ', '300770.SZ', '300422.SZ', '600686.SH', '002370.SZ', '002734.SZ', '002462.SZ', '002562.SZ', '603660.SH']"
2020-03-09,2020-03-06,2020-03-16,-0.05522070111205522,50,0.66,,"['300673.SZ', '300776.SZ', '002852.SZ', '300766.SZ', '300065.SZ', '603185.SH', '000561.SZ', '300011.SZ', '002891.SZ', '300788.SZ', '603179.SH', '300609.SZ', '300423.SZ', '603297.SH', '000576.SZ', '002090.SZ', '600207.SH', '002300.SZ', '300738.SZ', '600184.SH', '002592.SZ', '603333.SH', '002331.SZ', '601890.SH', '603618.SH', '300094.SZ', '002937.SZ', '002548.SZ', '002679.SZ', '600855.SH', '002346.SZ', '600268.SH', '000599.SZ', '600468.SH', '603823.SH', '300178.SZ', '600537.SH', '002322.SZ', '002845.SZ', '000682.SZ', '000529.SZ', '603915.SH', '603528.SH', '002951.SZ', '300365.SZ', '300662.SZ', '300435.SZ', '002661.SZ', '603181.SH', '600108.SH']"
2020-03-16,2020-03-13,2020-03-23,-0.03228148580219231,50,0.76,,"['300673.SZ', '600467.SH', '300189.SZ', '000687.SZ', '002679.SZ', '300094.SZ', '600800.SH', '300364.SZ', '002141.SZ', '000561.SZ', '300011.SZ', '600855.SH', '002121.SZ', '002331.SZ', '600990.SH', '600207.SH', '603603.SH', '000045.SZ', '000697.SZ', '600268.SH', '300176.SZ', '000599.SZ', '600227.SH', '300199.SZ', '002346.SZ', '002590.SZ', '000893.SZ', '600880.SH', '600468.SH', '002284.SZ', '002068.SZ', '600199.SH', '000615.SZ', '300219.SZ', '600283.SH', '000762.SZ', '300149.SZ', '600818.SH', '000545.SZ', '600151.SH', '600601.SH', '603777.SH', '603063.SH', '600936.SH', '601929.SH', '002646.SZ', '600888.SH', '300332.SZ', '002378.SZ', '002476.SZ']"
2020-03-23,2020-03-20,2020-03-30,0.027000365101342388,50,0.86,,"['300424.SZ', '300673.SZ', '000561.SZ', '601890.SH', '000576.SZ', '002852.SZ', '002331.SZ', '002232.SZ', '603896.SH', '002708.SZ', '002679.SZ', '300255.SZ', '002951.SZ', '002548.SZ', '300740.SZ', '002443.SZ', '002412.SZ', '300440.SZ', '002750.SZ', '002644.SZ', '300143.SZ', '600975.SH', '600818.SH', '002094.SZ', '600387.SH', '300414.SZ', '300067.SZ', '300198.SZ', '600345.SH', '002567.SZ', '002840.SZ', '300332.SZ', '300261.SZ', '600620.SH', '300174.SZ', '002769.SZ', '002476.SZ', '002634.SZ', '300125.SZ', '300201.SZ', '002542.SZ', '603318.SH', '600310.SH', '603648.SH', '000558.SZ', '000584.SZ', '603900.SH', '002564.SZ', '600279.SH', '002305.SZ']"
2020-03-30,2020-03-27,2020-04-07,0.042269046461159955,50,0.86,,"['002892.SZ', '603586.SH', '002852.SZ', '002270.SZ', '603333.SH', '002895.SZ', '300138.SZ', '002300.SZ', '002900.SZ', '300723.SZ', '300642.SZ', '300215.SZ', '300291.SZ', '300255.SZ', '600613.SH', '002322.SZ', '000788.SZ', '300662.SZ', '000529.SZ', '002443.SZ', '002412.SZ', '300440.SZ', '002699.SZ', '603823.SH', '002644.SZ', '002661.SZ', '300559.SZ', '603181.SH', '603987.SH', '002706.SZ', '600211.SH', '603277.SH', '603956.SH', '603127.SH', '300039.SZ', '600054.SH', '603108.SH', '002749.SZ', '600530.SH', '603306.SH', '603606.SH', '300067.SZ', '600965.SH', '603916.SH', '600593.SH', '002732.SZ', '300725.SZ', '002088.SZ', '600055.SH', '300233.SZ']"
2020-04-07,2020-04-03,2020-04-13,0.008430342900082339,50,0.76,,"['603711.SH', '600530.SH', '002732.SZ', '603043.SH', '002907.SZ', '603886.SH', '002937.SZ', '002900.SZ', '300583.SZ', '603896.SH', '002840.SZ', '002755.SZ', '002880.SZ', '300723.SZ', '002901.SZ', '603919.SH', '300642.SZ', '300439.SZ', '300788.SZ', '300639.SZ', '600197.SH', '300653.SZ', '002847.SZ', '002644.SZ', '002726.SZ', '300149.SZ', '000788.SZ', '002412.SZ', '300737.SZ', '603987.SH', '000848.SZ', '300381.SZ', '002043.SZ', '300633.SZ', '000045.SZ', '603127.SH', '000915.SZ', '300298.SZ', '002891.SZ', '600771.SH', '300685.SZ', '300401.SZ', '002020.SZ', '002859.SZ', '600557.SH', '300233.SZ', '300725.SZ', '300735.SZ', '603727.SH', '002022.SZ']"
2020-04-13,2020-04-10,2020-04-20,0.02639018309395689,50,0.56,,"['002937.SZ', '600530.SH', '002732.SZ', '002582.SZ', '603297.SH', '603043.SH', '002840.SZ', '603886.SH', '002907.SZ', '300583.SZ', '002900.SZ', '002880.SZ', '603919.SH', '603896.SH', '300439.SZ', '600819.SH', '600197.SH', '600613.SH', '000848.SZ', '002462.SZ', '300100.SZ', '000788.SZ', '600713.SH', '002219.SZ', '603096.SH', '002644.SZ', '002043.SZ', '300381.SZ', '300039.SZ', '002892.SZ', '600211.SH', '002891.SZ', '600090.SH', '300481.SZ', '300473.SZ', '002589.SZ', '600750.SH', '002782.SZ', '002852.SZ', '002737.SZ', '002022.SZ', '300138.SZ', '600557.SH', '603586.SH', '002801.SZ', '603788.SH', '603277.SH', '603027.SH', '603214.SH', '603728.SH']"
2020-04-20,2020-04-17,2020-04-27,-0.02465476120826184,50,0.72,,"['603103.SH', '603711.SH', '002881.SZ', '300708.SZ', '002937.SZ', '002732.SZ', '603327.SH', '603043.SH', '002907.SZ', '603297.SH', '002900.SZ', '603896.SH', '002840.SZ', '002861.SZ', '002955.SZ', '300642.SZ', '002880.SZ', '300632.SZ', '603919.SH', '300785.SZ', '300686.SZ', '603595.SH', '002901.SZ', '603773.SH', '600197.SH', '002947.SZ', '300653.SZ', '002845.SZ', '603348.SH', '300702.SZ', '002869.SZ', '002847.SZ', '300673.SZ', '300639.SZ', '300604.SZ', '603987.SH', '300381.SZ', '002876.SZ', '000045.SZ', '002043.SZ', '300737.SZ', '300657.SZ', '600326.SH', '002288.SZ', '002020.SZ', '002892.SZ', '002741.SZ', '002596.SZ', '000931.SZ', '300497.SZ']"
2020-04-27,2020-04-24,2020-05-06,0.005534014155483429,50,0.7,,"['603711.SH', '603043.SH', '603886.SH', '002840.SZ', '603297.SH', '002141.SZ', '603773.SH', '603896.SH', '002370.SZ', '300171.SZ', '603595.SH', '603919.SH', '300006.SZ', '300255.SZ', '600300.SH', '300642.SZ', '300199.SZ', '002570.SZ', '002845.SZ', '600479.SH', '002462.SZ', '002219.SZ', '002412.SZ', '600713.SH', '600227.SH', '000788.SZ', '300198.SZ', '000950.SZ', '002726.SZ', '300149.SZ', '600876.SH', '002876.SZ', '300673.SZ', '300291.SZ', '002288.SZ', '603619.SH', '600851.SH', '002741.SZ', '600771.SH', '300128.SZ', '603108.SH', '002163.SZ', '000915.SZ', '000597.SZ', '300143.SZ', '002699.SZ', '000931.SZ', '600129.SH', '000615.SZ', '002782.SZ']"
2020-05-06,2020-04-30,2020-05-11,0.019506658660017513,50,0.84,,"['603711.SH', '300708.SZ', '002937.SZ', '603327.SH', '002840.SZ', '002955.SZ', '603297.SH', '300545.SZ', '603595.SH', '002570.SZ', '002913.SZ', '002845.SZ', '300043.SZ', '603133.SH', '603348.SH', '002907.SZ', '300481.SZ', '300438.SZ', '300331.SZ', '300735.SZ', '300673.SZ', '603078.SH', '300016.SZ', '002139.SZ', '300653.SZ', '002222.SZ', '300429.SZ', '002579.SZ', '300149.SZ', '300666.SZ', '000012.SZ', '300672.SZ', '002055.SZ', '603687.SH', '603626.SH', '600305.SH', '600936.SH', '600597.SH', '300497.SZ', '300401.SZ', '000710.SZ', '603848.SH', '300322.SZ', '300053.SZ', '603733.SH', '603185.SH', '300232.SZ', '002951.SZ', '002449.SZ', '600789.SH']"
2020-05-11,2020-05-08,2020-05-18,-0.0009327343478230188,50,0.46,,"['300708.SZ', '002937.SZ', '300788.SZ', '300739.SZ', '300389.SZ', '300785.SZ', '603297.SH', '300686.SZ', '300632.SZ', '002137.SZ', '300783.SZ', '603595.SH', '300545.SZ', '002913.SZ', '002840.SZ', '002845.SZ', '300043.SZ', '002876.SZ', '603348.SH', '300198.SZ', '002847.SZ', '600552.SH', '300481.SZ', '300673.SZ', '300438.SZ', '300735.SZ', '300723.SZ', '002139.SZ', '603730.SH', '300331.SZ', '002782.SZ', '603078.SH', '002095.SZ', '300679.SZ', '002222.SZ', '002755.SZ', '002579.SZ', '603533.SH', '300429.SZ', '300016.SZ', '603626.SH', '000012.SZ', '300653.SZ', '300666.SZ', '603197.SH', '603687.SH', '002055.SZ', '300428.SZ', '002238.SZ', '603387.SH']"
2020-05-18,2020-05-15,2020-05-25,-0.02574426149227457,50,0.58,,"['300708.SZ', '603327.SH', '002937.SZ', '300739.SZ', '603103.SH', '002955.SZ', '603297.SH', '603773.SH', '300545.SZ', '603595.SH', '002913.SZ', '002732.SZ', '002947.SZ', '603043.SH', '300788.SZ', '600197.SH', '300785.SZ', '603133.SH', '603619.SH', '600059.SH', '300673.SZ', '000532.SZ', '300493.SZ', '300723.SZ', '300481.SZ', '600702.SH', '600288.SH', '002703.SZ', '603590.SH', '002755.SZ', '300331.SZ', '002222.SZ', '300016.SZ', '002847.SZ', '002891.SZ', '603896.SH', '603078.SH', '300653.SZ', '002579.SZ', '600707.SH', '603848.SH', '002238.SZ', '300149.SZ', '603733.SH', '600136.SH', '603727.SH', '300672.SZ', '002161.SZ', '002951.SZ', '300219.SZ']"
2020-05-25,2020-05-22,2020-06-01,0.06920803885228086,50,0.34,,"['300708.SZ', '603327.SH', '300739.SZ', '002937.SZ', '002955.SZ', '603297.SH', '300545.SZ', '002913.SZ', '603773.SH', '603595.SH', '002947.SZ', '603121.SH', '300785.SZ', '002876.SZ', '002732.SZ', '603133.SH', '603043.SH', '603777.SH', '002892.SZ', '300723.SZ', '300481.SZ', '002840.SZ', '002703.SZ', '300016.SZ', '300331.SZ', '002579.SZ', '600197.SH', '002222.SZ', '603896.SH', '603978.SH', '002119.SZ', '300149.SZ', '603185.SH', '603078.SH', '002951.SZ', '300673.SZ', '603626.SH', '600136.SH', '300687.SZ', '300396.SZ', '603661.SH', '300401.SZ', '300219.SZ', '603727.SH', '300672.SZ', '600702.SH', '603267.SH', '300561.SZ', '603956.SH', '000915.SZ']"
2020-06-01,2020-05-29,2020-06-08,0.013974930733183254,50,0.56,,"['300739.SZ', '300708.SZ', '002937.SZ', '300632.SZ', '002861.SZ', '603297.SH', '603773.SH', '002947.SZ', '002587.SZ', '603103.SH', '603327.SH', '603348.SH', '002955.SZ', '603121.SH', '002732.SZ', '300102.SZ', '603043.SH', '300128.SZ', '002288.SZ', '002650.SZ', '002646.SZ', '603619.SH', '002876.SZ', '002741.SZ', '300583.SZ', '603133.SH', '000532.SZ', '002703.SZ', '002892.SZ', '300493.SZ', '000615.SZ', '300077.SZ', '300061.SZ', '600197.SH', '300740.SZ', '300331.SZ', '000150.SZ', '002579.SZ', '002464.SZ', '600288.SH', '603978.SH', '002119.SZ', '600707.SH', '002161.SZ', '300666.SZ', '002951.SZ', '600702.SH', '300198.SZ', '300064.SZ', '300204.SZ']"
2020-06-08,2020-06-05,2020-06-15,0.004754010662844219,50,0.48,,"['300708.SZ', '300739.SZ', '002937.SZ', '002861.SZ', '300632.SZ', '603297.SH', '603773.SH', '002732.SZ', '002587.SZ', '002947.SZ', '300343.SZ', '300583.SZ', '000150.SZ', '300467.SZ', '300102.SZ', '300128.SZ', '002288.SZ', '603619.SH', '603133.SH', '002148.SZ', '002189.SZ', '300052.SZ', '300061.SZ', '300077.SZ', '002892.SZ', '300493.SZ', '002464.SZ', '300657.SZ', '300679.SZ', '300364.SZ', '002139.SZ', '300043.SZ', '002045.SZ', '300149.SZ', '300323.SZ', '600425.SH', '603999.SH', '000615.SZ', '002579.SZ', '300401.SZ', '300198.SZ', '600715.SH', '603106.SH', '000996.SZ', '002369.SZ', '300299.SZ', '002101.SZ', '300336.SZ', '300278.SZ', '600707.SH']"
2020-06-15,2020-06-12,2020-06-22,0.012618182562884772,50,0.78,,"['600199.SH', '002732.SZ', '300632.SZ', '002646.SZ', '603676.SH', '002464.SZ', '002907.SZ', '300583.SZ', '002370.SZ', '600613.SH', '603619.SH', '600715.SH', '300642.SZ', '300436.SZ', '002741.SZ', '002166.SZ', '002892.SZ', '000532.SZ', '600425.SH', '002412.SZ', '600136.SH', '600200.SH', '000150.SZ', '600326.SH', '000607.SZ', '600702.SH', '002472.SZ', '002550.SZ', '300006.SZ', '000766.SZ', '002644.SZ', '603687.SH', '002101.SZ', '000546.SZ', '300273.SZ', '300131.SZ', '603915.SH', '000615.SZ', '000518.SZ', '000599.SZ', '300204.SZ', '002284.SZ', '300516.SZ', '600081.SH', '300171.SZ', '300064.SZ', '601595.SH', '002510.SZ', '300267.SZ', '002366.SZ']"
2020-06-22,2020-06-19,2020-06-29,0.00044439178077243735,50,0.9,,"['300739.SZ', '300389.SZ', '002861.SZ', '002913.SZ', '603297.SH', '002724.SZ', '300545.SZ', '603013.SH', '603595.SH', '603327.SH', '603348.SH', '002288.SZ', '002741.SZ', '300493.SZ', '603619.SH', '002582.SZ', '300735.SZ', '002840.SZ', '300481.SZ', '603676.SH', '603730.SH', '002139.SZ', '002515.SZ', '300765.SZ', '002892.SZ', '300788.SZ', '002570.SZ', '002579.SZ', '002880.SZ', '603896.SH', '002369.SZ', '603626.SH', '603387.SH', '300273.SZ', '603367.SH', '300232.SZ', '600285.SH', '002222.SZ', '300219.SZ', '603586.SH', '603978.SH', '603267.SH', '300401.SZ', '300191.SZ', '002020.SZ', '300322.SZ', '002636.SZ', '300396.SZ', '600933.SH', '600073.SH']"
2020-06-29,2020-06-24,2020-07-06,0.05439654925343617,50,0.54,,"['002937.SZ', '002861.SZ', '603297.SH', '603773.SH', '300632.SZ', '002587.SZ', '300765.SZ', '002755.SZ', '603327.SH', '603676.SH', '002880.SZ', '002732.SZ', '300273.SZ', '300016.SZ', '002288.SZ', '603896.SH', '603133.SH', '002741.SZ', '002876.SZ', '603387.SH', '300206.SZ', '300702.SZ', '300735.SZ', '300401.SZ', '300788.SZ', '603730.SH', '300147.SZ', '300679.SZ', '002892.SZ', '002139.SZ', '300497.SZ', '002570.SZ', '300481.SZ', '300396.SZ', '300604.SZ', '300639.SZ', '002369.SZ', '000915.SZ', '002579.SZ', '300331.SZ', '300406.SZ', '603305.SH', '603538.SH', '000607.SZ', '300149.SZ', '300573.SZ', '603919.SH', '000710.SZ', '603626.SH', '300653.SZ']"
2020-07-06,2020-07-03,2020-07-13,0.09297867231009847,50,1.0,,"['002664.SZ', '300159.SZ', '600765.SH', '600072.SH', '600764.SH', '600562.SH', '600316.SH', '603712.SH', '000738.SZ', '600967.SH', '002619.SZ', '000012.SZ', '000935.SZ', '603876.SH', '600888.SH', '603997.SH', '002234.SZ', '002080.SZ', '002746.SZ', '600456.SH', '000584.SZ', '600742.SH', '603279.SH', '002639.SZ', '002567.SZ', '603169.SH', '300691.SZ', '601058.SH', '002543.SZ', '002097.SZ', '001696.SZ', '603613.SH', '600603.SH', '002340.SZ', '600901.SH', '601717.SH', '600382.SH', '603609.SH', '000800.SZ', '600638.SH', '600114.SH', '300366.SZ', '300423.SZ', '002441.SZ', '600783.SH', '002016.SZ', '600643.SH', '002459.SZ', '000922.SZ', '600737.SH']"
2020-07-13,2020-07-10,2020-07-20,-0.021322397011926873,50,0.66,,"['601606.SH', '000576.SZ', '000561.SZ', '300775.SZ', '300159.SZ', '600765.SH', '300034.SZ', '600764.SH', '600562.SH', '600435.SH', '600316.SH', '002025.SZ', '000738.SZ', '600967.SH', '002619.SZ', '000935.SZ', '603876.SH', '002182.SZ', '002590.SZ', '601069.SH', '000612.SZ', '002234.SZ', '000933.SZ', '603687.SH', '600259.SH', '000758.SZ', '600975.SH', '600330.SH', '600456.SH', '603318.SH', '603279.SH', '002567.SZ', '300345.SZ', '002237.SZ', '002639.SZ', '600392.SH', '300208.SZ', '002621.SZ', '002707.SZ', '000913.SZ', '300783.SZ', '603169.SH', '600318.SH', '603058.SH', '002124.SZ', '002261.SZ', '601038.SH', '300771.SZ', '002340.SZ', '000878.SZ']"
2020-07-20,2020-07-17,2020-07-27,-0.01499683581838721,50,0.72,,"['300424.SZ', '002664.SZ', '002933.SZ', '002151.SZ', '002025.SZ', '002088.SZ', '300196.SZ', '002619.SZ', '600967.SH', '600668.SH', '600685.SH', '603978.SH', '000935.SZ', '000789.SZ', '600888.SH', '601677.SH', '002233.SZ', '002182.SZ', '002516.SZ', '000713.SZ', '002852.SZ', '603363.SH', '603687.SH', '603063.SH', '002234.SZ', '000612.SZ', '603848.SH', '002746.SZ', '600626.SH', '002651.SZ', '000758.SZ', '300258.SZ', '300483.SZ', '603680.SH', '600338.SH', '002377.SZ', '603279.SH', '603661.SH', '600975.SH', '002283.SZ', '002833.SZ', '002567.SZ', '300208.SZ', '002458.SZ', '000807.SZ', '002519.SZ', '600300.SH', '603058.SH', '603579.SH', '603012.SH']"
2020-07-27,2020-07-24,2020-08-03,0.06477381581456793,50,0.62,,"['000561.SZ', '000697.SZ', '002088.SZ', '300198.SZ', '002302.SZ', '000751.SZ', '000657.SZ', '300094.SZ', '002233.SZ', '600531.SH', '300473.SZ', '300417.SZ', '603363.SH', '002852.SZ', '603277.SH', '002746.SZ', '603687.SH', '600626.SH', '603848.SH', '000666.SZ', '603711.SH', '300258.SZ', '300483.SZ', '601069.SH', '600975.SH', '000930.SZ', '002377.SZ', '600711.SH', '600335.SH', '603279.SH', '603300.SH', '600338.SH', '603214.SH', '002330.SZ', '002011.SZ', '603886.SH', '002567.SZ', '600593.SH', '002732.SZ', '002621.SZ', '002520.SZ', '002458.SZ', '000626.SZ', '603789.SH', '002283.SZ', '002895.SZ', '600300.SH', '002833.SZ', '002900.SZ', '002840.SZ']"
2020-08-03,2020-07-31,2020-08-10,0.025689582425460745,50,0.46,,"['300424.SZ', '300065.SZ', '000697.SZ', '600391.SH', '300777.SZ', '000738.SZ', '300196.SZ', '002392.SZ', '300198.SZ', '600685.SH', '600862.SH', '002302.SZ', '002378.SZ', '000657.SZ', '300673.SZ', '300417.SZ', '002182.SZ', '300094.SZ', '002852.SZ', '002746.SZ', '600251.SH', '603586.SH', '603848.SH', '300410.SZ', '603915.SH', '600626.SH', '000639.SZ', '300359.SZ', '000930.SZ', '002651.SZ', '600338.SH', '300258.SZ', '002155.SZ', '002377.SZ', '603306.SH', '603214.SH', '600335.SH', '603300.SH', '002330.SZ', '300193.SZ', '002567.SZ', '002732.SZ', '002458.SZ', '603661.SH', '002011.SZ', '002520.SZ', '002900.SZ', '603687.SH', '002840.SZ', '603789.SH']"
2020-08-10,2020-08-07,2020-08-17,0.016025506008762805,50,0.7,,"['300696.SZ', '300762.SZ', '300424.SZ', '300065.SZ', '002664.SZ', '300775.SZ', '002190.SZ', '300034.SZ', '300777.SZ', '002025.SZ', '300599.SZ', '300715.SZ', '300196.SZ', '300198.SZ', '600802.SH', '600668.SH', '000012.SZ', '603876.SH', '000789.SZ', '000657.SZ', '603776.SH', '002182.SZ', '603668.SH', '300673.SZ', '300328.SZ', '603277.SH', '002233.SZ', '300428.SZ', '600933.SH', '603662.SH', '603363.SH', '603336.SH', '002234.SZ', '601137.SH', '300580.SZ', '603992.SH', '603166.SH', '002746.SZ', '600626.SH', '300483.SZ', '603700.SH', '002884.SZ', '300258.SZ', '300193.SZ', '603214.SH', '600338.SH', '002967.SZ', '603306.SH', '600711.SH', '603566.SH']"
2020-08-17,2020-08-14,2020-08-24,-0.0011828225549520698,50,0.46,,"['000561.SZ', '600184.SH', '300627.SZ', '002664.SZ', '300775.SZ', '600764.SH', '300599.SZ', '002392.SZ', '300196.SZ', '300715.SZ', '600668.SH', '600685.SH', '300127.SZ', '600961.SH', '000657.SZ', '603776.SH', '300673.SZ', '603668.SH', '002590.SZ', '002233.SZ', '300667.SZ', '603662.SH', '603336.SH', '300175.SZ', '600933.SH', '603363.SH', '002234.SZ', '300580.SZ', '300511.SZ', '603166.SH', '300483.SZ', '002746.SZ', '600626.SH', '600338.SH', '603093.SH', '600459.SH', '603530.SH', '002532.SZ', '300258.SZ', '002967.SZ', '600711.SH', '002884.SZ', '002171.SZ', '002059.SZ', '300800.SZ', '300193.SZ', '600975.SH', '002377.SZ', '000584.SZ', '300691.SZ']"
2020-08-24,2020-08-21,2020-08-31,-0.0075957399082577015,50,0.66,,"['002664.SZ', '002225.SZ', '600802.SH', '600449.SH', '600961.SH', '000789.SZ', '600888.SH', '603277.SH', '601677.SH', '002233.SZ', '603668.SH', '603662.SH', '600933.SH', '603776.SH', '300757.SZ', '601137.SH', '600327.SH', '603788.SH', '300483.SZ', '002746.SZ', '002951.SZ', '600626.SH', '000672.SZ', '002548.SZ', '300580.SZ', '600338.SH', '603166.SH', '300193.SZ', '603214.SH', '002967.SZ', '603700.SH', '300258.SZ', '002377.SZ', '300007.SZ', '603687.SH', '600419.SH', '002567.SZ', '300415.SZ', '601579.SH', '002732.SZ', '600818.SH', '002438.SZ', '000526.SZ', '600592.SH', '002264.SZ', '002080.SZ', '002962.SZ', '300562.SZ', '603859.SH', '600742.SH']"
2020-08-31,2020-08-28,2020-09-07,0.0018803723023713005,50,0.82,,"['600184.SH', '002619.SZ', '002392.SZ', '600724.SH', '002738.SZ', '603277.SH', '002406.SZ', '603912.SH', '603662.SH', '002516.SZ', '300351.SZ', '603315.SH', '603776.SH', '000821.SZ', '603788.SH', '300480.SZ', '603166.SH', '300580.SZ', '002334.SZ', '002282.SZ', '603969.SH', '603306.SH', '002819.SZ', '600818.SH', '000584.SZ', '300753.SZ', '603058.SH', '603063.SH', '002801.SZ', '300193.SZ', '300259.SZ', '002937.SZ', '300462.SZ', '600382.SH', '600738.SH', '603203.SH', '002519.SZ', '300107.SZ', '002438.SZ', '300011.SZ', '000848.SZ', '002478.SZ', '600620.SH', '603012.SH', '002451.SZ', '300731.SZ', '600533.SH', '600261.SH', '002111.SZ', '000965.SZ']"
2020-09-07,2020-09-04,2020-09-14,-0.016360425307969873,50,0.42,,"['002619.SZ', '002392.SZ', '600724.SH', '002578.SZ', '002738.SZ', '000935.SZ', '600679.SH', '002540.SZ', '002406.SZ', '000996.SZ', '002590.SZ', '002516.SZ', '603315.SH', '000821.SZ', '603166.SH', '002334.SZ', '600965.SH', '603788.SH', '300580.SZ', '002282.SZ', '603969.SH', '002759.SZ', '600818.SH', '603063.SH', '603058.SH', '603886.SH', '300193.SZ', '002801.SZ', '300660.SZ', '600603.SH', '002264.SZ', '002519.SZ', '603203.SH', '300462.SZ', '600382.SH', '002543.SZ', '600738.SH', '300262.SZ', '300107.SZ', '600901.SH', '002478.SZ', '600807.SH', '000811.SZ', '002451.SZ', '603611.SH', '600261.SH', '600620.SH', '603111.SH', '002443.SZ', '300066.SZ']"
2020-09-14,2020-09-11,2020-09-21,0.023360074768307544,50,0.42,,"['002933.SZ', '300196.SZ', '002225.SZ', '002392.SZ', '600668.SH', '600724.SH', '600449.SH', '002578.SZ', '002738.SZ', '000935.SZ', '002540.SZ', '600888.SH', '002406.SZ', '601677.SH', '603277.SH', '002516.SZ', '603662.SH', '002234.SZ', '603788.SH', '603166.SH', '002746.SZ', '300580.SZ', '603315.SH', '600965.SH', '603214.SH', '600251.SH', '603306.SH', '603610.SH', '002282.SZ', '002423.SZ', '603063.SH', '603058.SH', '603969.SH', '603886.SH', '300193.SZ', '002264.SZ', '002801.SZ', '600322.SH', '603203.SH', '603823.SH', '002519.SZ', '002757.SZ', '600603.SH', '000056.SZ', '600382.SH', '300660.SZ', '603810.SH', '002543.SZ', '600738.SH', '002478.SZ']"
2020-09-21,2020-09-18,2020-09-28,-0.06319230850484794,50,0.72,,"['300159.SZ', '600562.SH', '600802.SH', '603856.SH', '600668.SH', '600326.SH', '002641.SZ', '600449.SH', '688002.SH', '002738.SZ', '000935.SZ', '002057.SZ', '002540.SZ', '600720.SH', '000789.SZ', '600366.SH', '601677.SH', '603668.SH', '688001.SH', '002406.SZ', '603363.SH', '002234.SZ', '603662.SH', '002548.SZ', '002746.SZ', '300097.SZ', '002532.SZ', '000933.SZ', '600975.SH', '000401.SZ', '600330.SH', '300420.SZ', '000639.SZ', '002483.SZ', '002423.SZ', '603687.SH', '688015.SH', '002567.SZ', '603058.SH', '300007.SZ', '600419.SH', '300173.SZ', '603203.SH', '600501.SH', '600742.SH', '600807.SH', '002515.SZ', '002884.SZ', '002519.SZ', '002582.SZ']"
2020-09-28,2020-09-25,2020-10-09,0.04761762879076585,50,0.98,,"['300054.SZ', '000591.SZ', '000531.SZ', '600908.SH', '000881.SZ', '600823.SH', '002838.SZ', '002283.SZ', '300031.SZ', '600834.SH', '600477.SH', '601222.SH', '300390.SZ', '600070.SH', '601038.SH', '601882.SH', '001696.SZ', '601208.SH', '600770.SH', '300244.SZ', '002884.SZ', '600285.SH', '300206.SZ', '002097.SZ', '600527.SH', '000690.SZ', '603466.SH', '600993.SH', '603385.SH', '600510.SH', '300246.SZ', '002232.SZ', '002407.SZ', '601001.SH', '300019.SZ', '600761.SH', '603587.SH', '000875.SZ', '000655.SZ', '002588.SZ', '002382.SZ', '600794.SH', '000791.SZ', '600063.SH', '000686.SZ', '603299.SH', '600621.SH', '000540.SZ', '002489.SZ', '002392.SZ']"
2020-10-09,2020-09-30,2020-10-12,0.04301996900000002,50,0.66,,"['603128.SH', '300339.SZ', '300054.SZ', '300200.SZ', '300435.SZ', '300237.SZ', '300578.SZ', '300291.SZ', '300181.SZ', '000088.SZ', '002315.SZ', '300758.SZ', '002747.SZ', '000037.SZ', '600770.SH', '002930.SZ', '002838.SZ', '002884.SZ', '300303.SZ', '300448.SZ', '300046.SZ', '002232.SZ', '002407.SZ', '300019.SZ', '000690.SZ', '300244.SZ', '603299.SH', '603587.SH', '600993.SH', '300687.SZ', '300598.SZ', '002588.SZ', '300480.SZ', '000099.SZ', '603727.SH', '300414.SZ', '002489.SZ', '600063.SH', '000529.SZ', '300016.SZ', '300230.SZ', '600794.SH', '600351.SH', '002670.SZ', '002832.SZ', '300436.SZ', '600621.SH', '002582.SZ', '600419.SH', '300667.SZ']"
2020-10-12,2020-10-09,2020-10-19,-0.007626003096685518,50,0.92,,"['600679.SH', '002406.SZ', '603788.SH', '603166.SH', '002578.SZ', '002738.SZ', '002540.SZ', '603013.SH', '600742.SH', '002801.SZ', '300660.SZ', '002533.SZ', '601677.SH', '002441.SZ', '300423.SZ', '000922.SZ', '300360.SZ', '002270.SZ', '601058.SH', '600207.SH', '000612.SZ', '601126.SH', '600971.SH', '300658.SZ', '601163.SH', '600419.SH', '600403.SH', '002732.SZ', '002840.SZ', '002929.SZ', '603551.SH', '002085.SZ', '603810.SH', '601311.SH', '002582.SZ', '600517.SH', '603867.SH', '603305.SH', '002381.SZ', '002443.SZ', '002476.SZ', '300214.SZ', '603020.SH', '603977.SH', '002749.SZ', '000655.SZ', '603299.SH', '300530.SZ', '300019.SZ', '002318.SZ']"
2020-10-19,2020-10-16,2020-10-26,-0.014393014886032339,50,0.34,,"['603166.SH', '002578.SZ', '002406.SZ', '002540.SZ', '603788.SH', '300580.SZ', '600508.SH', '002283.SZ', '002801.SZ', '600971.SH', '300660.SZ', '603013.SH', '002533.SZ', '002452.SZ', '002441.SZ', '600403.SH', '601677.SH', '603113.SH', '000922.SZ', '002270.SZ', '300658.SZ', '600577.SH', '002534.SZ', '600419.SH', '002732.SZ', '002840.SZ', '603238.SH', '002582.SZ', '603810.SH', '603867.SH', '600073.SH', '300575.SZ', '002381.SZ', '000655.SZ', '603977.SH', '002443.SZ', '603020.SH', '300214.SZ', '002749.SZ', '603299.SH', '300530.SZ', '002538.SZ', '002318.SZ', '002588.SZ', '300174.SZ', '002734.SZ', '300019.SZ', '000951.SZ', '002395.SZ', '000717.SZ']"
2020-10-26,2020-10-23,2020-11-02,-0.015887256586029873,50,0.5,,"['002101.SZ', '002406.SZ', '603788.SH', '603166.SH', '603013.SH', '300660.SZ', '000751.SZ', '600742.SH', '002182.SZ', '600508.SH', '002533.SZ', '002441.SZ', '600971.SH', '300360.SZ', '600403.SH', '002270.SZ', '000922.SZ', '600997.SH', '600973.SH', '601677.SH', '601001.SH', '601058.SH', '600577.SH', '600348.SH', '000933.SZ', '600475.SH', '002534.SZ', '002128.SZ', '002434.SZ', '603810.SH', '601666.SH', '002330.SZ', '600869.SH', '002478.SZ', '002732.SZ', '002237.SZ', '601311.SH', '300731.SZ', '000655.SZ', '002443.SZ', '000807.SZ', '002476.SZ', '002203.SZ', '600073.SH', '002381.SZ', '300214.SZ', '603020.SH', '600581.SH', '002538.SZ', '002588.SZ']"
2020-11-02,2020-10-30,2020-11-09,0.0664154259994325,50,0.86,,"['002284.SZ', '002101.SZ', '603197.SH', '600523.SH', '002662.SZ', '300772.SZ', '600742.SH', '002090.SZ', '002300.SZ', '300265.SZ', '300769.SZ', '600537.SH', '300341.SZ', '601015.SH', '688388.SH', '002330.SZ', '002732.SZ', '000933.SZ', '002840.SZ', '600419.SH', '300740.SZ', '600711.SH', '603305.SH', '300568.SZ', '603703.SH', '600073.SH', '300424.SZ', '300758.SZ', '300586.SZ', '000807.SZ', '300793.SZ', '300706.SZ', '002011.SZ', '002224.SZ', '603938.SH', '002913.SZ', '002970.SZ', '002386.SZ', '300019.SZ', '300632.SZ', '002655.SZ', '002318.SZ', '300686.SZ', '601168.SH', '603739.SH', '300620.SZ', '002876.SZ', '603043.SH', '002104.SZ', '603919.SH']"
2020-11-09,2020-11-06,2020-11-16,0.01100385038288447,50,0.62,,"['002101.SZ', '603348.SH', '603197.SH', '300258.SZ', '603390.SH', '300432.SZ', '600742.SH', '002452.SZ', '002048.SZ', '002441.SZ', '002182.SZ', '300489.SZ', '601020.SH', '000550.SZ', '300360.SZ', '300769.SZ', '300328.SZ', '601058.SH', '603185.SH', '300341.SZ', '688388.SH', '603630.SH', '603489.SH', '600459.SH', '600577.SH', '000933.SZ', '002171.SZ', '300740.SZ', '002946.SZ', '603305.SH', '600419.SH', '600711.SH', '603886.SH', '002840.SZ', '002276.SZ', '300618.SZ', '603083.SH', '603113.SH', '000060.SZ', '000807.SZ', '300793.SZ', '300758.SZ', '300545.SZ', '002866.SZ', '600073.SH', '300706.SZ', '600581.SH', '002913.SZ', '000951.SZ', '603938.SH']"
2020-11-16,2020-11-13,2020-11-23,0.04504154298393017,50,0.6,,"['002101.SZ', '000957.SZ', '600626.SH', '002284.SZ', '002472.SZ', '600933.SH', '603121.SH', '603197.SH', '603390.SH', '603003.SH', '603876.SH', '600961.SH', '300258.SZ', '002082.SZ', '600742.SH', '002378.SZ', '601020.SH', '002090.SZ', '002309.SZ', '002182.SZ', '601127.SH', '600537.SH', '300328.SZ', '300215.SZ', '300341.SZ', '601015.SH', '603489.SH', '603630.SH', '300769.SZ', '300224.SZ', '688388.SH', '002428.SZ', '002155.SZ', '603113.SH', '600403.SH', '300731.SZ', '002276.SZ', '000933.SZ', '600711.SH', '600844.SH', '002330.SZ', '600419.SH', '601666.SH', '002840.SZ', '603777.SH', '600569.SH', '002170.SZ', '600581.SH', '300575.SZ', '002237.SZ']"
2020-11-23,2020-11-20,2020-11-30,-0.02143165405141969,50,0.58,,"['600626.SH', '600327.SH', '002472.SZ', '002101.SZ', '600676.SH', '000957.SZ', '603997.SH', '600523.SH', '002662.SZ', '600480.SH', '600335.SH', '600742.SH', '002309.SZ', '002300.SZ', '002160.SZ', '600268.SH', '002048.SZ', '600537.SH', '603876.SH', '603003.SH', '600961.SH', '002378.SZ', '000550.SZ', '300769.SZ', '002182.SZ', '601020.SH', '600490.SH', '002906.SZ', '000969.SZ', '300568.SZ', '600869.SH', '601127.SH', '600758.SH', '002335.SZ', '002330.SZ', '002732.SZ', '600844.SH', '603777.SH', '601101.SH', '300224.SZ', '002011.SZ', '000758.SZ', '002170.SZ', '002570.SZ', '300081.SZ', '601015.SH', '002668.SZ', '603366.SH', '300424.SZ', '000887.SZ']"
2020-11-30,2020-11-27,2020-12-07,0.01388318562377066,50,0.66,,"['002090.SZ', '002300.SZ', '600537.SH', '603776.SH', '603390.SH', '002101.SZ', '603876.SH', '300769.SZ', '603003.SH', '601020.SH', '600523.SH', '002662.SZ', '600742.SH', '600335.SH', '601137.SH', '300118.SZ', '600589.SH', '002048.SZ', '603366.SH', '300081.SZ', '002391.SZ', '002732.SZ', '600711.SH', '002840.SZ', '000525.SZ', '600295.SH', '300545.SZ', '600230.SH', '603133.SH', '000973.SZ', '601101.SH', '300620.SZ', '601615.SH', '600073.SH', '601015.SH', '603083.SH', '002369.SZ', '000045.SZ', '000960.SZ', '601918.SH', '603595.SH', '603738.SH', '002897.SZ', '002045.SZ', '600782.SH', '600458.SH', '300331.SZ', '000937.SZ', '000807.SZ', '603693.SH']"
2020-12-07,2020-12-04,2020-12-14,-0.02159848525570033,50,0.7,,"['002366.SZ', '002082.SZ', '002160.SZ', '603003.SH', '002090.SZ', '300127.SZ', '002309.SZ', '600537.SH', '300409.SZ', '300328.SZ', '300215.SZ', '688006.SH', '002428.SZ', '300224.SZ', '002101.SZ', '688388.SH', '000615.SZ', '000957.SZ', '000700.SZ', '300769.SZ', '603997.SH', '600676.SH', '300258.SZ', '600711.SH', '002237.SZ', '300568.SZ', '300107.SZ', '002011.SZ', '300739.SZ', '300798.SZ', '603938.SH', '002115.SZ', '300545.SZ', '600933.SH', '603083.SH', '601212.SH', '002341.SZ', '603327.SH', '000807.SZ', '300620.SZ', '600230.SH', '002897.SZ', '603133.SH', '600691.SH', '000887.SZ', '600073.SH', '002125.SZ', '601615.SH', '002951.SZ', '000878.SZ']"
2020-12-14,2020-12-11,2020-12-21,0.02078304300523713,50,0.82,,"['300617.SZ', '002309.SZ', '002328.SZ', '300443.SZ', '603982.SH', '300776.SZ', '688006.SH', '603239.SH', '603185.SH', '603358.SH', '603596.SH', '300763.SZ', '603997.SH', '603238.SH', '300432.SZ', '600758.SH', '603697.SH', '603489.SH', '002956.SZ', '688388.SH', '300586.SZ', '603606.SH', '002851.SZ', '300758.SZ', '002706.SZ', '601965.SH', '002749.SZ', '300545.SZ', '002970.SZ', '603938.SH', '002341.SZ', '603327.SH', '601615.SH', '002695.SZ', '300783.SZ', '300751.SZ', '300686.SZ', '002677.SZ', '002847.SZ', '603360.SH', '603129.SH', '300627.SZ', '603053.SH', '603218.SH', '300753.SZ', '300487.SZ', '300566.SZ', '300073.SZ', '002216.SZ', '300767.SZ']"
2020-12-21,2020-12-18,2020-12-28,-0.018151876914285405,50,0.78,,"['002328.SZ', '002101.SZ', '600626.SH', '000957.SZ', '600676.SH', '600480.SH', '300258.SZ', '600335.SH', '002309.SZ', '600537.SH', '603596.SH', '002048.SZ', '600742.SH', '002126.SZ', '688006.SH', '002518.SZ', '603997.SH', '603728.SH', '603003.SH', '300427.SZ', '603876.SH', '600961.SH', '000913.SZ', '002335.SZ', '002160.SZ', '600312.SH', '002540.SZ', '601311.SH', '000969.SZ', '000887.SZ', '600933.SH', '300568.SZ', '601965.SH', '603489.SH', '300224.SZ', '002851.SZ', '000758.SZ', '600459.SH', '002155.SZ', '000970.SZ', '002011.SZ', '000400.SZ', '002237.SZ', '603730.SH', '600691.SH', '002588.SZ', '002677.SZ', '002206.SZ', '603327.SH', '601615.SH']"
2020-12-28,2020-12-25,2021-01-04,0.027920491247238798,50,0.54,,"['300772.SZ', '300617.SZ', '002309.SZ', '601020.SH', '000969.SZ', '603728.SH', '000957.SZ', '002218.SZ', '300776.SZ', '688006.SH', '603358.SH', '002284.SZ', '600676.SH', '002518.SZ', '603997.SH', '000970.SZ', '300224.SZ', '600523.SH', '002335.SZ', '603306.SH', '000758.SZ', '600609.SH', '600312.SH', '000426.SZ', '601311.SH', '688388.SH', '002237.SZ', '600151.SH', '300568.SZ', '002126.SZ', '000913.SZ', '002610.SZ', '603489.SH', '600392.SH', '000933.SZ', '002732.SZ', '000887.SZ', '688005.SH', '002170.SZ', '002570.SZ', '601965.SH', '000060.SZ', '600300.SH', '002677.SZ', '000960.SZ', '000400.SZ', '600073.SH', '300081.SZ', '000615.SZ', '002538.SZ']"
2021-01-04,2020-12-31,2021-01-11,-0.011278830625214835,50,0.98,,"['000012.SZ', '600876.SH', '000626.SZ', '600428.SH', '002497.SZ', '600460.SH', '601908.SH', '600710.SH', '601598.SH', '000829.SZ', '002643.SZ', '002970.SZ', '600682.SH', '600765.SH', '603128.SH', '603225.SH', '601233.SH', '600509.SH', '000830.SZ', '002091.SZ', '600641.SH', '000016.SZ', '603198.SH', '000921.SZ', '300726.SZ', '002967.SZ', '300747.SZ', '600827.SH', '000652.SZ', '600037.SH', '600552.SH', '300054.SZ', '000928.SZ', '000923.SZ', '600409.SH', '600499.SH', '002756.SZ', '300598.SZ', '000821.SZ', '600884.SH', '603666.SH', '300001.SZ', '002335.SZ', '000049.SZ', '300034.SZ', '300083.SZ', '601375.SH', '603298.SH', '300009.SZ', '002791.SZ']"
2021-01-11,2021-01-08,2021-01-18,0.05830499308289484,50,0.96,,"['300651.SZ', '300575.SZ', '002206.SZ', '600691.SH', '603650.SH', '002918.SZ', '002549.SZ', '601968.SH', '002318.SZ', '300196.SZ', '300487.SZ', '600876.SH', '002803.SZ', '603033.SH', '002756.SZ', '002082.SZ', '600389.SH', '002755.SZ', '300757.SZ', '002326.SZ', '002641.SZ', '300767.SZ', '603208.SH', '300737.SZ', '002973.SZ', '603688.SH', '002810.SZ', '603429.SH', '603181.SH', '603056.SH', '603505.SH', '600378.SH', '300723.SZ', '300616.SZ', '603010.SH', '603700.SH', '603327.SH', '603916.SH', '603239.SH', '002793.SZ', '603313.SH', '300815.SZ', '000657.SZ', '002701.SZ', '600335.SH', '600141.SH', '603915.SH', '002324.SZ', '300082.SZ', '002831.SZ']"
2021-01-18,2021-01-15,2021-01-25,-0.011048422281004548,50,0.76,,"['603992.SH', '002951.SZ', '603661.SH', '603326.SH', '603013.SH', '300651.SZ', '300599.SZ', '002381.SZ', '603600.SH', '300575.SZ', '603977.SH', '002749.SZ', '300758.SZ', '603938.SH', '002224.SZ', '603848.SH', '002228.SZ', '002014.SZ', '002669.SZ', '603180.SH', '002632.SZ', '600802.SH', '002015.SZ', '603360.SH', '002243.SZ', '300198.SZ', '002549.SZ', '603823.SH', '002522.SZ', '600210.SH', '600876.SH', '002616.SZ', '603033.SH', '002318.SZ', '600075.SH', '603587.SH', '002140.SZ', '002918.SZ', '002768.SZ', '002755.SZ', '002937.SZ', '002973.SZ', '300658.SZ', '002110.SZ', '300487.SZ', '600507.SH', '002108.SZ', '002326.SZ', '002039.SZ', '002803.SZ']"
2021-01-25,2021-01-22,2021-02-01,-0.022300459992670094,50,0.72,,"['603992.SH', '300651.SZ', '603733.SH', '300599.SZ', '300575.SZ', '603938.SH', '600532.SH', '002669.SZ', '002549.SZ', '300198.SZ', '603650.SH', '002918.SZ', '300019.SZ', '601968.SH', '603033.SH', '002539.SZ', '002940.SZ', '002803.SZ', '002318.SZ', '603505.SH', '002254.SZ', '300658.SZ', '600458.SH', '603727.SH', '601208.SH', '300562.SZ', '002973.SZ', '300737.SZ', '603208.SH', '300767.SZ', '002532.SZ', '000923.SZ', '300453.SZ', '603238.SH', '300132.SZ', '002756.SZ', '002930.SZ', '603239.SH', '603181.SH', '603601.SH', '002810.SZ', '300669.SZ', '002838.SZ', '603666.SH', '603313.SH', '002182.SZ', '603811.SH', '300258.SZ', '300439.SZ', '300740.SZ']"
2021-02-01,2021-01-29,2021-02-08,-0.009023836943296504,50,0.62,,"['603992.SH', '300651.SZ', '688357.SH', '603600.SH', '688300.SH', '300599.SZ', '300575.SZ', '603848.SH', '002224.SZ', '300758.SZ', '002014.SZ', '300522.SZ', '688026.SH', '300729.SZ', '300806.SZ', '600802.SH', '603180.SH', '300121.SZ', '002206.SZ', '603330.SH', '300019.SZ', '300718.SZ', '601968.SH', '002940.SZ', '002918.SZ', '300041.SZ', '603033.SH', '002318.SZ', '002616.SZ', '002755.SZ', '603727.SH', '600389.SH', '002641.SZ', '002539.SZ', '300562.SZ', '002803.SZ', '603801.SH', '002973.SZ', '603505.SH', '000923.SZ', '002254.SZ', '300695.SZ', '300403.SZ', '603319.SH', '603700.SH', '603809.SH', '300246.SZ', '300767.SZ', '300790.SZ', '300723.SZ']"
2021-02-08,2021-02-05,2021-02-18,0.04060312440599232,50,0.62,,"['603992.SH', '002951.SZ', '603995.SH', '600117.SH', '600569.SH', '603326.SH', '603600.SH', '300522.SZ', '603977.SH', '603818.SH', '300198.SZ', '300729.SZ', '600744.SH', '688026.SH', '002228.SZ', '002014.SZ', '600165.SH', '603848.SH', '002752.SZ', '002386.SZ', '002616.SZ', '300121.SZ', '603689.SH', '002755.SZ', '300174.SZ', '002973.SZ', '600626.SH', '600579.SH', '601968.SH', '603727.SH', '002968.SZ', '300562.SZ', '600617.SH', '600780.SH', '002758.SZ', '603033.SH', '600618.SH', '002918.SZ', '600810.SH', '603081.SH', '300695.SZ', '000905.SZ', '000620.SZ', '603238.SH', '603505.SH', '002907.SZ', '300723.SZ', '600676.SH', '000825.SZ', '002166.SZ']"
2021-02-18,2021-02-10,2021-02-22,0.0651649114801672,50,0.62,,"['002951.SZ', '600117.SH', '300530.SZ', '300586.SZ', '600569.SH', '002170.SZ', '603655.SH', '603326.SH', '300198.SZ', '002246.SZ', '300057.SZ', '300587.SZ', '002549.SZ', '600744.SH', '600961.SH', '600165.SH', '002082.SZ', '600331.SH', '002206.SZ', '600626.SH', '000711.SZ', '002397.SZ', '600579.SH', '600239.SH', '601020.SH', '002973.SZ', '000620.SZ', '002386.SZ', '603619.SH', '002454.SZ', '603689.SH', '002101.SZ', '300121.SZ', '603238.SH', '600617.SH', '000797.SZ', '600780.SH', '002284.SZ', '600458.SH', '000905.SZ', '600081.SH', '002329.SZ', '600810.SH', '600708.SH', '603569.SH', '600686.SH', '000665.SZ', '603035.SH', '000521.SZ', '600758.SH']"
2021-02-22,2021-02-19,2021-03-01,0.009417902264940154,50,0.48,,"['600117.SH', '002969.SZ', '300530.SZ', '300107.SZ', '600581.SH', '603390.SH', '600569.SH', '002170.SZ', '600956.SH', '300057.SZ', '603326.SH', '300198.SZ', '002082.SZ', '000525.SZ', '600819.SH', '300587.SZ', '603876.SH', '603818.SH', '002246.SZ', '600328.SH', '600744.SH', '600165.SH', '600961.SH', '600239.SH', '002109.SZ', '002397.SZ', '600982.SH', '000620.SZ', '600626.SH', '601968.SH', '000926.SZ', '600579.SH', '000040.SZ', '002386.SZ', '603619.SH', '002101.SZ', '000797.SZ', '600136.SH', '603727.SH', '002454.SZ', '601789.SH', '600593.SH', '000863.SZ', '300043.SZ', '600960.SH', '603689.SH', '002329.SZ', '600736.SH', '002155.SZ', '002284.SZ']"
2021-03-01,2021-02-26,2021-03-08,0.019377074427024382,50,0.78,,"['603687.SH', '002478.SZ', '603013.SH', '002443.SZ', '603867.SH', '002666.SZ', '603326.SH', '000779.SZ', '603693.SH', '600744.SH', '600982.SH', '002381.SZ', '603385.SH', '600802.SH', '603977.SH', '002225.SZ', '000525.SZ', '002228.SZ', '300587.SZ', '600995.SH', '002246.SZ', '603689.SH', '600638.SH', '000421.SZ', '600668.SH', '000055.SZ', '002538.SZ', '000926.SZ', '002889.SZ', '002016.SZ', '600780.SH', '000546.SZ', '000407.SZ', '601968.SH', '600469.SH', '000966.SZ', '002406.SZ', '000863.SZ', '600622.SH', '601677.SH', '603630.SH', '000717.SZ', '002489.SZ', '002039.SZ', '300625.SZ', '002637.SZ', '002140.SZ', '600067.SH', '002101.SZ', '603357.SH']"
2021-03-08,2021-03-05,2021-03-15,0.008985743589690658,50,0.48,,"['600135.SH', '002478.SZ', '603013.SH', '002303.SZ', '002666.SZ', '300230.SZ', '002067.SZ', '300214.SZ', '002224.SZ', '300109.SZ', '002225.SZ', '600982.SH', '600819.SH', '300057.SZ', '002391.SZ', '002228.SZ', '000525.SZ', '300495.SZ', '002246.SZ', '000973.SZ', '000421.SZ', '600995.SH', '601330.SH', '600668.SH', '002328.SZ', '603689.SH', '002538.SZ', '002540.SZ', '600638.SH', '002889.SZ', '000546.SZ', '600328.SH', '000407.SZ', '002717.SZ', '000926.SZ', '603980.SH', '002016.SZ', '600780.SH', '000797.SZ', '600469.SH', '000717.SZ', '600308.SH', '000863.SZ', '002062.SZ', '600622.SH', '603727.SH', '600210.SH', '002039.SZ', '002101.SZ', '002822.SZ']"
2021-03-15,2021-03-12,2021-03-22,0.015700205905653297,50,0.42,,"['603610.SH', '002478.SZ', '603013.SH', '600117.SH', '300230.SZ', '002067.SZ', '300214.SZ', '002170.SZ', '603385.SH', '002225.SZ', '002391.SZ', '600819.SH', '600581.SH', '002392.SZ', '000525.SZ', '600569.SH', '002246.SZ', '000973.SZ', '002397.SZ', '300495.SZ', '002538.SZ', '300057.SZ', '002082.SZ', '600668.SH', '002328.SZ', '000421.SZ', '002588.SZ', '000546.SZ', '000407.SZ', '603980.SH', '600328.SH', '603689.SH', '002386.SZ', '688101.SH', '603876.SH', '600961.SH', '600308.SH', '600626.SH', '002489.SZ', '600469.SH', '603458.SH', '000717.SZ', '002822.SZ', '000949.SZ', '600210.SH', '601789.SH', '000905.SZ', '002540.SZ', '600326.SH', '002062.SZ']"
2021-03-22,2021-03-19,2021-03-29,-0.016684217680221568,50,0.48,,"['002478.SZ', '603256.SH', '603610.SH', '300599.SZ', '002443.SZ', '600929.SH', '300530.SZ', '603390.SH', '603995.SH', '300230.SZ', '002067.SZ', '300214.SZ', '600802.SH', '603385.SH', '002224.SZ', '600819.SH', '603693.SH', '002225.SZ', '300806.SZ', '002228.SZ', '600982.SH', '002391.SZ', '002392.SZ', '002014.SZ', '600581.SH', '600165.SH', '603689.SH', '600668.SH', '000421.SZ', '002397.SZ', '002015.SZ', '002538.SZ', '000407.SZ', '000546.SZ', '002734.SZ', '603299.SH', '300057.SZ', '600995.SH', '002616.SZ', '600469.SH', '600328.SH', '600308.SH', '002386.SZ', '600780.SH', '002377.SZ', '000717.SZ', '600210.SH', '600326.SH', '002101.SZ', '002206.SZ']"
2021-03-29,2021-03-26,2021-04-06,0.004772740979003316,50,0.78,,"['603992.SH', '002951.SZ', '300651.SZ', '300599.SZ', '002978.SZ', '603867.SH', '300214.SZ', '300067.SZ', '300575.SZ', '002443.SZ', '002562.SZ', '000779.SZ', '603733.SH', '002224.SZ', '002381.SZ', '002391.SZ', '605118.SH', '603977.SH', '300196.SZ', '002014.SZ', '603360.SH', '600731.SH', '603848.SH', '002215.SZ', '002398.SZ', '603299.SH', '603956.SH', '002734.SZ', '600668.SH', '300821.SZ', '002940.SZ', '300536.SZ', '300041.SZ', '002768.SZ', '603530.SH', '300741.SZ', '603110.SH', '002088.SZ', '600433.SH', '300765.SZ', '603033.SH', '300127.SZ', '002406.SZ', '600995.SH', '002057.SZ', '002206.SZ', '300856.SZ', '002605.SZ', '002109.SZ', '601515.SH']"
2021-04-06,2021-04-02,2021-04-12,0.006044887316208778,50,0.96,,"['600758.SH', '601011.SH', '600121.SH', '601015.SH', '002978.SZ', '600479.SH', '600976.SH', '300642.SZ', '600117.SH', '600713.SH', '603896.SH', '603297.SH', '600569.SH', '300841.SZ', '002980.SZ', '600532.SH', '300617.SZ', '300701.SZ', '002801.SZ', '600993.SH', '300690.SZ', '300855.SZ', '000950.SZ', '601609.SH', '300443.SZ', '002782.SZ', '600207.SH', '603786.SH', '600626.SH', '000059.SZ', '600178.SH', '000599.SZ', '000962.SZ', '300127.SZ', '603970.SH', '600081.SH', '002987.SZ', '600327.SH', '002249.SZ', '000848.SZ', '603303.SH', '300727.SZ', '300298.SZ', '000751.SZ', '300221.SZ', '002783.SZ', '002149.SZ', '300390.SZ', '600686.SH', '002738.SZ']"
2021-04-12,2021-04-09,2021-04-19,0.032589875967924564,50,0.78,,"['600758.SH', '600121.SH', '603439.SH', '002758.SZ', '000411.SZ', '600117.SH', '300204.SZ', '600200.SH', '300436.SZ', '002107.SZ', '300857.SZ', '603530.SH', '002397.SZ', '603212.SH', '603896.SH', '600532.SH', '600488.SH', '002980.SZ', '603619.SH', '000597.SZ', '002547.SZ', '300406.SZ', '300573.SZ', '002991.SZ', '600203.SH', '600129.SH', '002309.SZ', '300855.SZ', '000521.SZ', '002674.SZ', '300516.SZ', '002732.SZ', '002345.SZ', '600288.SH', '600207.SH', '603068.SH', '603777.SH', '002011.SZ', '603876.SH', '600973.SH', '002590.SZ', '002082.SZ', '300829.SZ', '000059.SZ', '603786.SH', '300143.SZ', '600478.SH', '600679.SH', '603970.SH', '002646.SZ']"
2021-04-19,2021-04-16,2021-04-26,-0.018936446420931893,50,0.72,,"['600758.SH', '002750.SZ', '603676.SH', '300683.SZ', '300204.SZ', '002550.SZ', '603619.SH', '002547.SZ', '300011.SZ', '603386.SH', '600203.SH', '002309.SZ', '002674.SZ', '300510.SZ', '300829.SZ', '603068.SH', '603777.SH', '603366.SH', '600751.SH', '603085.SH', '002623.SZ', '002167.SZ', '300399.SZ', '002011.SZ', '600679.SH', '002170.SZ', '002668.SZ', '000962.SZ', '002590.SZ', '300143.SZ', '600626.SH', '300392.SZ', '002783.SZ', '300672.SZ', '600331.SH', '600844.SH', '600081.SH', '002343.SZ', '603138.SH', '002510.SZ', '002577.SZ', '300448.SZ', '600136.SH', '002279.SZ', '603496.SH', '002905.SZ', '603239.SH', '002095.SZ', '600676.SH', '600291.SH']"
2021-04-26,2021-04-23,2021-05-06,0.00787479991236986,50,0.88,,"['002758.SZ', '300562.SZ', '300723.SZ', '002166.SZ', '300436.SZ', '000518.SZ', '603811.SH', '300857.SZ', '300642.SZ', '603530.SH', '300793.SZ', '603212.SH', '002980.SZ', '300006.SZ', '600488.SH', '603896.SH', '002547.SZ', '603619.SH', '300396.SZ', '300191.SZ', '688020.SH', '300772.SZ', '300653.SZ', '600532.SH', '000534.SZ', '300406.SZ', '603669.SH', '300841.SZ', '300577.SZ', '300032.SZ', '603755.SH', '688368.SH', '300573.SZ', '300846.SZ', '603229.SH', '600751.SH', '600645.SH', '300516.SZ', '600207.SH', '300639.SZ', '603068.SH', '688029.SH', '300855.SZ', '002011.SZ', '603777.SH', '300633.SZ', '600478.SH', '688202.SH', '300798.SZ', '300769.SZ']"
2021-05-06,2021-04-30,2021-05-10,0.0050714549357325864,50,0.82,,"['601011.SH', '000937.SZ', '002478.SZ', '603590.SH', '002393.SZ', '002462.SZ', '002166.SZ', '600479.SH', '600117.SH', '002550.SZ', '000788.SZ', '600351.SH', '603013.SH', '002589.SZ', '300642.SZ', '600488.SH', '300006.SZ', '002547.SZ', '600851.SH', '603619.SH', '603727.SH', '300396.SZ', '002882.SZ', '002317.SZ', '000597.SZ', '600569.SH', '300406.SZ', '600055.SH', '002404.SZ', '000566.SZ', '600203.SH', '000532.SZ', '000955.SZ', '300184.SZ', '002880.SZ', '002270.SZ', '000850.SZ', '002424.SZ', '002329.SZ', '002674.SZ', '600126.SH', '002300.SZ', '002075.SZ', '600129.SH', '002029.SZ', '603618.SH', '600645.SH', '600268.SH', '600771.SH', '600468.SH']"
2021-05-10,2021-05-07,2021-05-17,-0.005728515867468518,50,0.54,,"['600758.SH', '601101.SH', '601011.SH', '000937.SZ', '600348.SH', '002393.SZ', '002462.SZ', '000919.SZ', '000518.SZ', '002589.SZ', '002397.SZ', '600488.SH', '002478.SZ', '000597.SZ', '002547.SZ', '600587.SH', '603619.SH', '000566.SZ', '603727.SH', '600117.SH', '002404.SZ', '600203.SH', '000726.SZ', '600129.SH', '300184.SZ', '000850.SZ', '002309.SZ', '000078.SZ', '600569.SH', '002329.SZ', '603366.SH', '002029.SZ', '603618.SH', '300510.SZ', '600288.SH', '002328.SZ', '600987.SH', '000813.SZ', '603886.SH', '600616.SH', '002582.SZ', '600469.SH', '600478.SH', '600673.SH', '000778.SZ', '002004.SZ', '600336.SH', '002590.SZ', '600126.SH', '002170.SZ']"
2021-05-17,2021-05-14,2021-05-24,-0.004547068853460516,50,0.66,,"['000937.SZ', '603590.SH', '002393.SZ', '002432.SZ', '002462.SZ', '600829.SH', '002907.SZ', '002550.SZ', '600479.SH', '000756.SZ', '002793.SZ', '688389.SH', '002107.SZ', '300381.SZ', '603551.SH', '002589.SZ', '600488.SH', '300396.SZ', '600851.SH', '603367.SH', '002478.SZ', '600557.SH', '002882.SZ', '300406.SZ', '603669.SH', '603619.SH', '000597.SZ', '002956.SZ', '603727.SH', '600055.SH', '002801.SZ', '002880.SZ', '002424.SZ', '002275.SZ', '000726.SZ', '002270.SZ', '600129.SH', '603839.SH', '600587.SH', '603618.SH', '688321.SH', '600288.SH', '603886.SH', '600468.SH', '000078.SZ', '002327.SZ', '002029.SZ', '002038.SZ', '688029.SH', '600252.SH']"
2021-05-24,2021-05-21,2021-05-31,0.02810675425918336,50,0.82,,"['603590.SH', '000518.SZ', '688389.SH', '000931.SZ', '300396.SZ', '300406.SZ', '000597.SZ', '002547.SZ', '000566.SZ', '603619.SH', '688166.SH', '600117.SH', '000850.SZ', '603366.SH', '688321.SH', '600288.SH', '688029.SH', '300633.SZ', '300533.SZ', '688018.SH', '600679.SH', '600550.SH', '600429.SH', '002695.SZ', '600525.SH', '002167.SZ', '688007.SH', '000957.SZ', '002341.SZ', '002343.SZ', '002510.SZ', '300392.SZ', '600312.SH', '000541.SZ', '688039.SH', '300096.SZ', '603093.SH', '002512.SZ', '002279.SZ', '600812.SH', '688001.SH', '002933.SZ', '002168.SZ', '002042.SZ', '002387.SZ', '002577.SZ', '600676.SH', '688369.SH', '600686.SH', '300297.SZ']"
2021-05-31,2021-05-28,2021-06-07,0.0009137404687756545,50,0.84,,"['300485.SZ', '300181.SZ', '688198.SH', '300199.SZ', '688389.SH', '300647.SZ', '300642.SZ', '688278.SH', '300006.SZ', '300204.SZ', '603669.SH', '300493.SZ', '000566.SZ', '002724.SZ', '002161.SZ', '300149.SZ', '300331.SZ', '300032.SZ', '601969.SH', '688021.SH', '601011.SH', '688037.SH', '688166.SH', '002741.SZ', '300507.SZ', '300046.SZ', '002782.SZ', '002404.SZ', '600468.SH', '688321.SH', '300215.SZ', '300510.SZ', '600288.SH', '002038.SZ', '300393.SZ', '600771.SH', '300566.SZ', '688266.SH', '300776.SZ', '688366.SH', '600129.SH', '600478.SH', '600645.SH', '603068.SH', '600679.SH', '300612.SZ', '300633.SZ', '600360.SH', '300155.SZ', '688018.SH']"
2021-06-07,2021-06-04,2021-06-15,0.015040386771467178,50,0.86,,"['300765.SZ', '300246.SZ', '300030.SZ', '603079.SH', '300314.SZ', '603676.SH', '002907.SZ', '603327.SH', '002947.SZ', '002980.SZ', '300545.SZ', '002107.SZ', '300039.SZ', '300647.SZ', '002866.SZ', '300466.SZ', '688268.SH', '002881.SZ', '300690.SZ', '300241.SZ', '002702.SZ', '300286.SZ', '688010.SH', '300011.SZ', '300206.SZ', '300684.SZ', '300403.SZ', '300493.SZ', '603697.SH', '300265.SZ', '300227.SZ', '300423.SZ', '300701.SZ', '603380.SH', '300360.SZ', '300375.SZ', '688123.SH', '300129.SZ', '688278.SH', '300128.SZ', '688181.SH', '300331.SZ', '300032.SZ', '688021.SH', '300427.SZ', '002515.SZ', '688037.SH', '300341.SZ', '603890.SH', '300160.SZ']"
2021-06-15,2021-06-11,2021-06-21,0.03311045080750824,50,0.72,,"['300562.SZ', '300246.SZ', '300787.SZ', '300683.SZ', '688138.SH', '300436.SZ', '300545.SZ', '300842.SZ', '000518.SZ', '300016.SZ', '002866.SZ', '300439.SZ', '300444.SZ', '300625.SZ', '300241.SZ', '300110.SZ', '300693.SZ', '300701.SZ', '603380.SH', '300227.SZ', '002702.SZ', '300006.SZ', '002189.SZ', '603976.SH', '300217.SZ', '300709.SZ', '000045.SZ', '300791.SZ', '603665.SH', '300265.SZ', '688181.SH', '300739.SZ', '300032.SZ', '300460.SZ', '603626.SH', '300149.SZ', '000534.SZ', '002045.SZ', '603186.SH', '603890.SH', '300160.SZ', '603738.SH', '300341.SZ', '600537.SH', '688196.SH', '002635.SZ', '300538.SZ', '603936.SH', '603229.SH', '300657.SZ']"
2021-06-21,2021-06-18,2021-06-28,0.03475567108130925,50,0.44,,"['300562.SZ', '300246.SZ', '002750.SZ', '300485.SZ', '000518.SZ', '300016.SZ', '300497.SZ', '300545.SZ', '000931.SZ', '300110.SZ', '300686.SZ', '002866.SZ', '300444.SZ', '300625.SZ', '300006.SZ', '300241.SZ', '300227.SZ', '300149.SZ', '300493.SZ', '603002.SH', '300217.SZ', '300265.SZ', '300709.SZ', '300701.SZ', '688181.SH', '300577.SZ', '300739.SZ', '300128.SZ', '603626.SH', '300460.SZ', '603229.SH', '603078.SH', '300341.SZ', '300160.SZ', '002045.SZ', '603366.SH', '002623.SZ', '002782.SZ', '603738.SH', '300409.SZ', '300657.SZ', '300538.SZ', '300799.SZ', '300449.SZ', '300489.SZ', '002276.SZ', '688058.SH', '002335.SZ', '300337.SZ', '688089.SH']"
2021-06-28,2021-06-25,2021-07-05,-0.00872788998185357,50,0.62,,"['300636.SZ', '300485.SZ', '002923.SZ', '300723.SZ', '300181.SZ', '300016.SZ', '300822.SZ', '300787.SZ', '688138.SH', '002950.SZ', '300453.SZ', '002980.SZ', '300545.SZ', '300194.SZ', '300686.SZ', '300439.SZ', '002866.SZ', '300625.SZ', '300497.SZ', '300444.SZ', '300241.SZ', '603755.SH', '300693.SZ', '603297.SH', '688020.SH', '300006.SZ', '300403.SZ', '300690.SZ', '300227.SZ', '603380.SH', '688181.SH', '000045.SZ', '603002.SH', '600419.SH', '300709.SZ', '300429.SZ', '000534.SZ', '300360.SZ', '300577.SZ', '300401.SZ', '603626.SH', '300701.SZ', '603477.SH', '300702.SZ', '300739.SZ', '300149.SZ', '300846.SZ', '002732.SZ', '300256.SZ', '300855.SZ']"
2021-07-05,2021-07-02,2021-07-12,0.05979624710333116,50,0.86,,"['300444.SZ', '300693.SZ', '300690.SZ', '300617.SZ', '300569.SZ', '300427.SZ', '300341.SZ', '600537.SH', '688011.SH', '603728.SH', '603212.SH', '300447.SZ', '300811.SZ', '002297.SZ', '300801.SZ', '300769.SZ', '002616.SZ', '300328.SZ', '300435.SZ', '300125.SZ', '002850.SZ', '002182.SZ', '300797.SZ', '300586.SZ', '300177.SZ', '300035.SZ', '300837.SZ', '300067.SZ', '300696.SZ', '002783.SZ', '300758.SZ', '300522.SZ', '002054.SZ', '688300.SH', '300224.SZ', '603360.SH', '300822.SZ', '600731.SH', '688357.SH', '002937.SZ', '688199.SH', '688025.SH', '603755.SH', '300648.SZ', '300787.SZ', '688026.SH', '688138.SH', '688157.SH', '603330.SH', '300718.SZ']"
2021-07-12,2021-07-09,2021-07-19,-0.0010821709896125231,50,0.42,,"['603995.SH', '300617.SZ', '300444.SZ', '300569.SZ', '600537.SH', '600207.SH', '688516.SH', '603728.SH', '603212.SH', '002169.SZ', '300593.SZ', '300337.SZ', '002057.SZ', '300065.SZ', '300435.SZ', '300125.SZ', '600228.SH', '300769.SZ', '300035.SZ', '600184.SH', '002182.SZ', '300837.SZ', '300177.SZ', '300067.SZ', '603185.SH', '300758.SZ', '603956.SH', '300522.SZ', '002706.SZ', '002054.SZ', '002850.SZ', '603067.SH', '688300.SH', '002973.SZ', '603360.SH', '002453.SZ', '600731.SH', '300224.SZ', '688357.SH', '300763.SZ', '603755.SH', '688025.SH', '688026.SH', '002961.SZ', '603330.SH', '300627.SZ', '603693.SH', '300718.SZ', '300787.SZ', '600746.SH']"
2021-07-19,2021-07-16,2021-07-26,0.02587239950170203,50,0.88,,"['603995.SH', '002978.SZ', '000922.SZ', '300617.SZ', '300660.SZ', '300443.SZ', '600590.SH', '600207.SH', '002218.SZ', '600569.SH', '600475.SH', '601126.SH', '603728.SH', '002346.SZ', '600792.SH', '002318.SZ', '002335.SZ', '002169.SZ', '000717.SZ', '000923.SZ', '000862.SZ', '600869.SH', '300435.SZ', '000407.SZ', '600508.SH', '600295.SH', '601101.SH', '600507.SH', '600617.SH', '600780.SH', '603606.SH', '600282.SH', '601311.SH', '600971.SH', '002015.SZ', '000761.SZ', '601388.SH', '000600.SZ', '002028.SZ', '600888.SH', '002531.SZ', '688196.SH', '000531.SZ', '600163.SH', '002479.SZ', '603053.SH', '600330.SH', '000612.SZ', '600123.SH', '300230.SZ']"
2021-07-26,2021-07-23,2021-08-02,0.0322016295310978,50,0.62,,"['688186.SH', '300423.SZ', '300660.SZ', '300427.SZ', '300772.SZ', '300569.SZ', '002309.SZ', '002121.SZ', '600590.SH', '002733.SZ', '601126.SH', '300477.SZ', '600569.SH', '002218.SZ', '002623.SZ', '688011.SH', '002169.SZ', '002335.SZ', '000717.SZ', '300068.SZ', '300337.SZ', '000862.SZ', '300393.SZ', '002249.SZ', '000751.SZ', '600869.SH', '300328.SZ', '300252.SZ', '600331.SH', '600531.SH', '000400.SZ', '600508.SH', '600617.SH', '000778.SZ', '600780.SH', '601101.SH', '002518.SZ', '601011.SH', '002182.SZ', '600282.SH', '002015.SZ', '300045.SZ', '600366.SH', '000600.SZ', '600126.SH', '603105.SH', '600888.SH', '000761.SZ', '300797.SZ', '002428.SZ']"
2021-08-02,2021-07-30,2021-08-09,0.0037072441819183187,50,0.7,,"['300820.SZ', '300772.SZ', '300444.SZ', '300842.SZ', '300690.SZ', '300360.SZ', '300660.SZ', '605222.SH', '600973.SH', '300693.SZ', '300129.SZ', '603995.SH', '300569.SZ', '002487.SZ', '002533.SZ', '300648.SZ', '300341.SZ', '603728.SH', '300443.SZ', '300222.SZ', '603212.SH', '002218.SZ', '002623.SZ', '600458.SH', '601126.SH', '600569.SH', '603063.SH', '300811.SZ', '300337.SZ', '002335.SZ', '600581.SH', '300447.SZ', '300127.SZ', '300438.SZ', '600869.SH', '000751.SZ', '002189.SZ', '300068.SZ', '601609.SH', '000049.SZ', '300328.SZ', '002297.SZ', '000962.SZ', '300435.SZ', '688006.SH', '600531.SH', '300252.SZ', '300855.SZ', '300801.SZ', '603681.SH']"
2021-08-09,2021-08-06,2021-08-16,0.04731407775931637,50,0.56,,"['300444.SZ', '605222.SH', '002441.SZ', '300690.SZ', '603995.SH', '002300.SZ', '300360.SZ', '600973.SH', '002533.SZ', '600590.SH', '600569.SH', '603728.SH', '603212.SH', '600458.SH', '603063.SH', '600581.SH', '002082.SZ', '000049.SZ', '600869.SH', '002616.SZ', '002189.SZ', '601609.SH', '300328.SZ', '300801.SZ', '600531.SH', '603681.SH', '300435.SZ', '000761.SZ', '002182.SZ', '603606.SH', '002479.SZ', '002666.SZ', '300230.SZ', '600580.SH', '300586.SZ', '300575.SZ', '300837.SZ', '603360.SH', '002110.SZ', '300067.SZ', '600577.SH', '601137.SH', '002973.SZ', '002850.SZ', '002155.SZ', '002734.SZ', '600731.SH', '603755.SH', '002054.SZ', '002361.SZ']"
2021-08-16,2021-08-13,2021-08-23,0.007397364583619599,50,0.72,,"['002441.SZ', '000922.SZ', '600569.SH', '002487.SZ', '300423.SZ', '002533.SZ', '600590.SH', '000923.SZ', '600475.SH', '000717.SZ', '600458.SH', '600982.SH', '000049.SZ', '002075.SZ', '000778.SZ', '000407.SZ', '600508.SH', '600507.SH', '600780.SH', '601101.SH', '600617.SH', '600869.SH', '601003.SH', '600282.SH', '600971.SH', '002479.SZ', '000761.SZ', '600126.SH', '000600.SZ', '300801.SZ', '000531.SZ', '603606.SH', '600163.SH', '000791.SZ', '600123.SH', '000400.SZ', '603053.SH', '002381.SZ', '002110.SZ', '000612.SZ', '002887.SZ', '002734.SZ', '002237.SZ', '000543.SZ', '600731.SH', '600681.SH', '002215.SZ', '600888.SH', '000937.SZ', '600985.SH']"
2021-08-23,2021-08-20,2021-08-30,0.04309268791472567,50,0.48,,"['002255.SZ', '300617.SZ', '300423.SZ', '300360.SZ', '002487.SZ', '002980.SZ', '600590.SH', '000923.SZ', '002346.SZ', '600475.SH', '000717.SZ', '002169.SZ', '000407.SZ', '002057.SZ', '600508.SH', '300125.SZ', '600780.SH', '601003.SH', '600971.SH', '000600.SZ', '601101.SH', '002479.SZ', '600163.SH', '002381.SZ', '002965.SZ', '300230.SZ', '000531.SZ', '300575.SZ', '300067.SZ', '603053.SH', '000612.SZ', '603330.SH', '000791.SZ', '603093.SH', '002887.SZ', '002956.SZ', '002734.SZ', '600731.SH', '600681.SH', '002215.SZ', '300121.SZ', '600888.SH', '600817.SH', '002531.SZ', '002768.SZ', '002961.SZ', '002588.SZ', '603067.SH', '600800.SH', '600997.SH']"
2021-08-30,2021-08-27,2021-09-06,0.052183797958266574,50,0.56,,"['600569.SH', '002441.SZ', '601218.SH', '002309.SZ', '000922.SZ', '300423.SZ', '000923.SZ', '002487.SZ', '000717.SZ', '600792.SH', '600590.SH', '600475.SH', '600982.SH', '002276.SZ', '000862.SZ', '600458.SH', '000407.SZ', '000778.SZ', '600780.SH', '002169.SZ', '002039.SZ', '600508.SH', '600531.SH', '601003.SH', '000049.SZ', '600617.SH', '000600.SZ', '600282.SH', '600971.SH', '000531.SZ', '000761.SZ', '600163.SH', '600869.SH', '601101.SH', '000791.SZ', '600126.SH', '300230.SZ', '600888.SH', '000612.SZ', '603093.SH', '002110.SZ', '000543.SZ', '002237.SZ', '600123.SH', '603227.SH', '001896.SZ', '600782.SH', '000758.SZ', '002768.SZ', '000400.SZ']"
2021-09-06,2021-09-03,2021-09-13,0.10430404255328334,50,0.46,,"['600569.SH', '300423.SZ', '002270.SZ', '300222.SZ', '000923.SZ', '600590.SH', '600475.SH', '600581.SH', '002346.SZ', '000717.SZ', '002169.SZ', '002075.SZ', '000862.SZ', '000778.SZ', '000407.SZ', '600508.SH', '600869.SH', '600507.SH', '002039.SZ', '601003.SH', '600971.SH', '600282.SH', '002479.SZ', '000600.SZ', '000531.SZ', '600126.SH', '002666.SZ', '601101.SH', '002887.SZ', '000761.SZ', '603093.SH', '600580.SH', '002110.SZ', '600681.SH', '000758.SZ', '600123.SH', '300109.SZ', '002768.SZ', '601918.SH', '000937.SZ', '600782.SH', '600997.SH', '002588.SZ', '600985.SH', '002267.SZ', '002068.SZ', '603393.SH', '002758.SZ', '000936.SZ', '002637.SZ']"
2021-09-13,2021-09-10,2021-09-22,0.0039795438230135274,50,0.4,,"['002478.SZ', '600569.SH', '002441.SZ', '300423.SZ', '601218.SH', '002533.SZ', '000922.SZ', '600590.SH', '600475.SH', '000923.SZ', '600458.SH', '600792.SH', '000049.SZ', '000717.SZ', '600581.SH', '600869.SH', '000778.SZ', '000407.SZ', '600508.SH', '600780.SH', '601003.SH', '600971.SH', '601311.SH', '002479.SZ', '600126.SH', '000601.SZ', '600531.SH', '000600.SZ', '600282.SH', '000531.SZ', '600580.SH', '000969.SZ', '000761.SZ', '002666.SZ', '600123.SH', '002015.SZ', '601101.SH', '000543.SZ', '600888.SH', '000791.SZ', '002110.SZ', '000758.SZ', '600509.SH', '600985.SH', '603299.SH', '002267.SZ', '002588.SZ', '600782.SH', '000767.SZ', '601918.SH']"
2021-09-22,2021-09-17,2021-09-27,-0.06855822288760988,50,0.58,,"['002478.SZ', '300360.SZ', '300423.SZ', '601218.SH', '600468.SH', '002270.SZ', '603556.SH', '000922.SZ', '300222.SZ', '600590.SH', '603728.SH', '002346.SZ', '000923.SZ', '600475.SH', '600792.SH', '600550.SH', '000049.SZ', '002616.SZ', '002082.SZ', '600982.SH', '000862.SZ', '002578.SZ', '600312.SH', '000407.SZ', '600508.SH', '000601.SZ', '000899.SZ', '000603.SZ', '000600.SZ', '002479.SZ', '000531.SZ', '600971.SH', '002381.SZ', '002666.SZ', '300483.SZ', '300230.SZ', '300575.SZ', '000761.SZ', '600580.SH', '603105.SH', '300332.SZ', '002039.SZ', '000426.SZ', '000543.SZ', '603020.SH', '000758.SZ', '601890.SH', '000400.SZ', '300121.SZ', '002215.SZ']"
2021-09-27,2021-09-24,2021-10-08,0.00854503720468516,50,1.0,,"['600673.SH', '300702.SZ', '603055.SH', '603992.SH', '002913.SZ', '600165.SH', '002320.SZ', '600658.SH', '600131.SH', '600864.SH', '603610.SH', '002481.SZ', '600636.SH', '300026.SZ', '002003.SZ', '002004.SZ', '002545.SZ', '603305.SH', '603039.SH', '002923.SZ', '002550.SZ', '000036.SZ', '000534.SZ', '000061.SZ', '002969.SZ', '600529.SH', '002557.SZ', '600429.SH', '603033.SH', '600851.SH', '002515.SZ', '600108.SH', '600201.SH', '601869.SH', '002034.SZ', '600483.SH', '002212.SZ', '000882.SZ', '600548.SH', '300401.SZ', '600965.SH', '300476.SZ', '603081.SH', '600076.SH', '603818.SH', '603619.SH', '601010.SH', '002099.SZ', '000099.SZ', '601949.SH']"
2021-10-08,2021-09-30,2021-10-11,0.002232758380000013,50,0.86,,"['603519.SH', '002732.SZ', '000788.SZ', '002557.SZ', '002003.SZ', '002550.SZ', '600965.SH', '002515.SZ', '300401.SZ', '002880.SZ', '002349.SZ', '300570.SZ', '600201.SH', '603387.SH', '002919.SZ', '002582.SZ', '002968.SZ', '002799.SZ', '002621.SZ', '300251.SZ', '603868.SH', '603676.SH', '600283.SH', '002792.SZ', '603869.SH', '600738.SH', '603669.SH', '601996.SH', '002730.SZ', '002432.SZ', '603377.SH', '300238.SZ', '002224.SZ', '002393.SZ', '000813.SZ', '000886.SZ', '600488.SH', '002901.SZ', '002238.SZ', '002735.SZ', '002991.SZ', '300683.SZ', '000557.SZ', '600936.SH', '603300.SH', '603896.SH', '002755.SZ', '002878.SZ', '603703.SH', '600716.SH']"
2021-10-11,2021-10-08,2021-10-18,-0.0001798026665935004,50,0.76,,"['603390.SH', '002703.SZ', '601500.SH', '603016.SH', '002121.SZ', '002488.SZ', '002137.SZ', '002951.SZ', '300651.SZ', '002937.SZ', '002082.SZ', '300686.SZ', '300632.SZ', '600831.SH', '603703.SH', '002033.SZ', '603803.SH', '002621.SZ', '002735.SZ', '600936.SH', '002059.SZ', '002792.SZ', '300516.SZ', '002238.SZ', '300125.SZ', '600880.SH', '002181.SZ', '601069.SH', '300600.SZ', '300570.SZ', '600996.SH', '002164.SZ', '603326.SH', '002104.SZ', '600636.SH', '601929.SH', '603377.SH', '002730.SZ', '002017.SZ', '002031.SZ', '002093.SZ', '002582.SZ', '603519.SH', '002279.SZ', '300199.SZ', '300552.SZ', '002432.SZ', '002197.SZ', '300273.SZ', '603516.SH']"
2021-10-18,2021-10-15,2021-10-25,-0.006584543907194436,50,0.7,,"['603390.SH', '000957.SZ', '601500.SH', '002309.SZ', '600537.SH', '300787.SZ', '688138.SH', '300545.SZ', '300651.SZ', '002962.SZ', '688020.SH', '601999.SH', '600136.SH', '002681.SZ', '000665.SZ', '603595.SH', '300125.SZ', '002033.SZ', '002735.SZ', '600831.SH', '300331.SZ', '002796.SZ', '002579.SZ', '600936.SH', '603803.SH', '600996.SH', '603326.SH', '000524.SZ', '300657.SZ', '002164.SZ', '300600.SZ', '300666.SZ', '688003.SH', '002967.SZ', '002730.SZ', '000561.SZ', '300227.SZ', '002913.SZ', '600337.SH', '000659.SZ', '002017.SZ', '000584.SZ', '002859.SZ', '002387.SZ', '600375.SH', '300616.SZ', '002991.SZ', '601968.SH', '002329.SZ', '603256.SH']"
2021-10-25,2021-10-22,2021-11-01,0.012500618625066313,50,0.7,,"['603390.SH', '002703.SZ', '600841.SH', '600523.SH', '601700.SH', '600537.SH', '600207.SH', '603728.SH', '600525.SH', '603212.SH', '600478.SH', '002851.SZ', '688006.SH', '000572.SZ', '002850.SZ', '002028.SZ', '603306.SH', '300763.SZ', '600933.SH', '300073.SZ', '603179.SH', '603992.SH', '688138.SH', '300787.SZ', '300651.SZ', '603305.SH', '002947.SZ', '002962.SZ', '688020.SH', '300566.SZ', '603129.SH', '002033.SZ', '002635.SZ', '300331.SZ', '300739.SZ', '300322.SZ', '600936.SH', '603595.SH', '002579.SZ', '300053.SZ', '688106.SH', '300602.SZ', '300837.SZ', '300232.SZ', '300328.SZ', '300657.SZ', '603956.SH', '603326.SH', '603068.SH', '300666.SZ']"
2021-11-01,2021-10-29,2021-11-08,0.030344394512615978,50,0.56,,"['603158.SH', '601500.SH', '000025.SZ', '300617.SZ', '601700.SH', '300825.SZ', '600537.SH', '600468.SH', '002733.SZ', '300776.SZ', '603212.SH', '002276.SZ', '600525.SH', '300068.SZ', '002851.SZ', '002706.SZ', '000572.SZ', '600228.SH', '002239.SZ', '600933.SH', '300785.SZ', '603992.SH', '300043.SZ', '300787.SZ', '603179.SH', '002947.SZ', '000665.SZ', '002955.SZ', '002082.SZ', '688020.SH', '300572.SZ', '300241.SZ', '603305.SH', '002681.SZ', '300331.SZ', '002033.SZ', '300328.SZ', '600936.SH', '300322.SZ', '603129.SH', '603380.SH', '002181.SZ', '603078.SH', '603595.SH', '600288.SH', '600996.SH', '002579.SZ', '300481.SZ', '688106.SH', '000037.SZ']"
2021-11-08,2021-11-05,2021-11-15,0.060273447870589046,50,0.68,,"['300816.SZ', '000957.SZ', '603786.SH', '002510.SZ', '603158.SH', '300680.SZ', '600537.SH', '300258.SZ', '002623.SZ', '002733.SZ', '603212.SH', '002664.SZ', '300222.SZ', '600525.SH', '300068.SZ', '300185.SZ', '300805.SZ', '300438.SZ', '600732.SH', '000572.SZ', '002506.SZ', '002126.SZ', '603348.SH', '300785.SZ', '688138.SH', '300793.SZ', '002239.SZ', '002947.SZ', '002869.SZ', '002168.SZ', '300545.SZ', '002161.SZ', '300043.SZ', '600651.SH', '300337.SZ', '002547.SZ', '300647.SZ', '300241.SZ', '603179.SH', '688020.SH', '002095.SZ', '300128.SZ', '002681.SZ', '300010.SZ', '300576.SZ', '300328.SZ', '300429.SZ', '002707.SZ', '300603.SZ', '600088.SH']"
2021-11-15,2021-11-12,2021-11-22,0.051563310771054846,50,0.48,,"['300816.SZ', '603530.SH', '603158.SH', '300680.SZ', '300617.SZ', '002733.SZ', '002623.SZ', '603809.SH', '300776.SZ', '600525.SH', '300258.SZ', '002276.SZ', '300805.SZ', '603197.SH', '300822.SZ', '300438.SZ', '688138.SH', '300533.SZ', '300787.SZ', '300793.SZ', '002947.SZ', '300545.SZ', '300701.SZ', '002161.SZ', '300337.SZ', '300684.SZ', '002239.SZ', '300647.SZ', '300241.SZ', '300857.SZ', '300127.SZ', '000795.SZ', '300128.SZ', '300043.SZ', '000037.SZ', '002681.SZ', '300328.SZ', '300576.SZ', '300429.SZ', '300566.SZ', '603078.SH', '600088.SH', '002055.SZ', '300322.SZ', '002095.SZ', '002428.SZ', '300460.SZ', '300481.SZ', '300046.SZ', '603595.SH']"
2021-11-22,2021-11-19,2021-11-29,0.028943146534604926,50,0.58,,"['300428.SZ', '300680.SZ', '603158.SH', '603166.SH', '600841.SH', '603809.SH', '300617.SZ', '300825.SZ', '300360.SZ', '300842.SZ', '603197.SH', '600207.SH', '300693.SZ', '300822.SZ', '002664.SZ', '002578.SZ', '300569.SZ', '688138.SH', '300697.SZ', '300787.SZ', '300776.SZ', '300793.SZ', '002824.SZ', '300409.SZ', '300127.SZ', '603348.SH', '300545.SZ', '300443.SZ', '300684.SZ', '300811.SZ', '300328.SZ', '300241.SZ', '300438.SZ', '300429.SZ', '300566.SZ', '603728.SH', '002881.SZ', '300035.SZ', '300739.SZ', '603212.SH', '603078.SH', '300322.SZ', '300855.SZ', '002149.SZ', '603186.SH', '300460.SZ', '300709.SZ', '300837.SZ', '603305.SH', '002119.SZ']"
2021-11-29,2021-11-26,2021-12-06,-0.024393234751518958,50,0.4,,"['300816.SZ', '300428.SZ', '300680.SZ', '603158.SH', '603166.SH', '603809.SH', '002284.SZ', '600523.SH', '300825.SZ', '300822.SZ', '002664.SZ', '688138.SH', '603197.SH', '002947.SZ', '002283.SZ', '002937.SZ', '002623.SZ', '300793.SZ', '300360.SZ', '603306.SH', '002733.SZ', '300701.SZ', '603348.SH', '688020.SH', '300617.SZ', '600933.SH', '300684.SZ', '600207.SH', '300647.SZ', '002218.SZ', '300477.SZ', '002824.SZ', '002276.SZ', '300693.SZ', '300842.SZ', '300429.SZ', '300811.SZ', '300241.SZ', '300328.SZ', '603002.SH', '300709.SZ', '603186.SH', '002579.SZ', '300776.SZ', '603078.SH', '300460.SZ', '300855.SZ', '002428.SZ', '300046.SZ', '603728.SH']"
2021-12-06,2021-12-03,2021-12-13,0.013880986576033719,50,0.76,,"['600081.SH', '300680.SZ', '600327.SH', '603166.SH', '603809.SH', '000903.SZ', '300428.SZ', '603013.SH', '000550.SZ', '002283.SZ', '603766.SH', '600006.SH', '002712.SZ', '000962.SZ', '000581.SZ', '000751.SZ', '600531.SH', '601999.SH', '600207.SH', '600590.SH', '002378.SZ', '600475.SH', '600525.SH', '000612.SZ', '603825.SH', '002441.SZ', '600458.SH', '002255.SZ', '002623.SZ', '002346.SZ', '002733.SZ', '002532.SZ', '300793.SZ', '002276.SZ', '002866.SZ', '000426.SZ', '600166.SH', '600577.SH', '600888.SH', '601388.SH', '002171.SZ', '601567.SH', '300647.SZ', '300280.SZ', '600459.SH', '000060.SZ', '000045.SZ', '600497.SH', '300241.SZ', '300215.SZ']"
2021-12-13,2021-12-10,2021-12-20,0.010594698122836279,50,0.82,,"['600469.SH', '600960.SH', '600327.SH', '300391.SZ', '600480.SH', '000550.SZ', '603016.SH', '600475.SH', '603988.SH', '603766.SH', '002712.SZ', '601999.SH', '000951.SZ', '600551.SH', '002434.SZ', '603825.SH', '600166.SH', '002033.SZ', '002059.SZ', '000045.SZ', '603386.SH', '002799.SZ', '002237.SZ', '600288.SH', '000917.SZ', '600076.SH', '002685.SZ', '002203.SZ', '002162.SZ', '002527.SZ', '000960.SZ', '002228.SZ', '000680.SZ', '000407.SZ', '600775.SH', '600780.SH', '600373.SH', '600894.SH', '603053.SH', '603680.SH', '600508.SH', '600792.SH', '000837.SZ', '000521.SZ', '600308.SH', '002267.SZ', '600758.SH', '603100.SH', '601011.SH', '600971.SH']"
2021-12-20,2021-12-17,2021-12-27,0.01758231261470513,50,0.74,,"['600469.SH', '002703.SZ', '000957.SZ', '600960.SH', '600686.SH', '002510.SZ', '002355.SZ', '000700.SZ', '300391.SZ', '002101.SZ', '600335.SH', '002343.SZ', '000526.SZ', '600136.SH', '000758.SZ', '002059.SZ', '002796.SZ', '603803.SH', '600880.SH', '300483.SZ', '000665.SZ', '002685.SZ', '600617.SH', '000040.SZ', '600579.SH', '600310.SH', '002031.SZ', '600780.SH', '000600.SZ', '600138.SH', '600792.SH', '600758.SH', '002342.SZ', '002039.SZ', '600076.SH', '600121.SH', '000543.SZ', '000917.SZ', '000680.SZ', '000791.SZ', '600495.SH', '000815.SZ', '000767.SZ', '000539.SZ', '600775.SH', '000521.SZ', '600375.SH', '000698.SZ', '002204.SZ', '603366.SH']"
2021-12-27,2021-12-24,2022-01-04,0.05102610632232949,50,0.8,,"['603787.SH', '600960.SH', '002355.SZ', '002510.SZ', '600686.SH', '000700.SZ', '002590.SZ', '601500.SH', '000903.SZ', '600525.SH', '000550.SZ', '600335.SH', '000572.SZ', '300068.SZ', '002085.SZ', '300785.SZ', '002951.SZ', '300043.SZ', '605108.SH', '002502.SZ', '000951.SZ', '002962.SZ', '002869.SZ', '300686.SZ', '600825.SH', '601595.SH', '600136.SH', '600651.SH', '600066.SH', '002161.SZ', '002547.SZ', '600996.SH', '002369.SZ', '002707.SZ', '002681.SZ', '300128.SZ', '600203.SH', '600699.SH', '600758.SH', '002735.SZ', '603803.SH', '002059.SZ', '601929.SH', '002716.SZ', '600054.SH', '000889.SZ', '002303.SZ', '002965.SZ', '002055.SZ', '000037.SZ']"
2022-01-04,2021-12-31,2022-01-10,0.0070923238438983715,50,0.92,,"['002491.SZ', '600267.SH', '002095.SZ', '002661.SZ', '000905.SZ', '603123.SH', '600180.SH', '002100.SZ', '600939.SH', '002322.SZ', '000850.SZ', '300686.SZ', '600805.SH', '603108.SH', '000931.SZ', '002515.SZ', '002548.SZ', '600117.SH', '603366.SH', '002431.SZ', '002055.SZ', '600658.SH', '601116.SH', '000055.SZ', '601008.SH', '600127.SH', '002965.SZ', '002697.SZ', '000531.SZ', '002783.SZ', '000505.SZ', '600125.SH', '002467.SZ', '002419.SZ', '002562.SZ', '000600.SZ', '600981.SH', '600738.SH', '002609.SZ', '002282.SZ', '601588.SH', '600897.SH', '000034.SZ', '600067.SH', '002308.SZ', '600361.SH', '300047.SZ', '000036.SZ', '002590.SZ', '002225.SZ']"
2022-01-10,2022-01-07,2022-01-17,-0.014520745154540413,50,0.92,,"['002761.SZ', '600133.SH', '002062.SZ', '002542.SZ', '600512.SH', '000498.SZ', '601789.SH', '600284.SH', '603458.SH', '600502.SH', '600939.SH', '002081.SZ', '600173.SH', '000926.SZ', '600170.SH', '600846.SH', '600603.SH', '600736.SH', '000863.SZ', '000006.SZ', '002208.SZ', '000011.SZ', '000036.SZ', '601512.SH', '000560.SZ', '600510.SH', '000019.SZ', '002661.SZ', '600266.SH', '600676.SH', '600094.SH', '000505.SZ', '600639.SH', '000090.SZ', '600823.SH', '000639.SZ', '600648.SH', '600325.SH', '000698.SZ', '300138.SZ', '603167.SH', '600376.SH', '600064.SH', '603569.SH', '000671.SZ', '002244.SZ', '600368.SH', '000402.SZ', '600569.SH', '600811.SH']"
2022-01-17,2022-01-14,2022-01-24,-0.04408662752930384,50,0.96,,"['300797.SZ', '002982.SZ', '688098.SH', '300673.SZ', '300542.SZ', '002331.SZ', '002688.SZ', '300302.SZ', '002661.SZ', '300541.SZ', '002912.SZ', '000713.SZ', '300551.SZ', '002308.SZ', '603167.SH', '300468.SZ', '300078.SZ', '603535.SH', '603069.SH', '002783.SZ', '300570.SZ', '600731.SH', '600136.SH', '600834.SH', '000037.SZ', '002616.SZ', '600725.SH', '002059.SZ', '002734.SZ', '300785.SZ', '300198.SZ', '603689.SH', '002735.SZ', '002596.SZ', '000407.SZ', '002502.SZ', '603538.SH', '002095.SZ', '688310.SH', '601368.SH', '000931.SZ', '002162.SZ', '600425.SH', '002965.SZ', '603180.SH', '600283.SH', '002435.SZ', '601595.SH', '002962.SZ', '300824.SZ']"
2022-01-24,2022-01-21,2022-02-07,-0.014176761984901363,50,0.8,,"['002761.SZ', '002542.SZ', '600512.SH', '601789.SH', '600284.SH', '600248.SH', '603359.SH', '601226.SH', '603959.SH', '000011.SZ', '000006.SZ', '000036.SZ', '600170.SH', '600503.SH', '601512.SH', '000090.SZ', '600510.SH', '600784.SH', '300538.SZ', '600108.SH', '300798.SZ', '002331.SZ', '600064.SH', '603970.SH', '603167.SH', '002308.SZ', '600135.SH', '600368.SH', '600834.SH', '600339.SH', '000507.SZ', '600731.SH', '300200.SZ', '600035.SH', '000545.SZ', '000037.SZ', '601598.SH', '600725.SH', '002215.SZ', '002734.SZ', '603980.SH', '002491.SZ', '000055.SZ', '000153.SZ', '603689.SH', '600644.SH', '002225.SZ', '600180.SH', '000936.SZ', '000407.SZ']"
2022-02-07,2022-01-28,2022-02-14,0.046400227857329675,50,0.74,,"['002761.SZ', '601789.SH', '603458.SH', '002822.SZ', '600133.SH', '600512.SH', '000065.SZ', '002060.SZ', '002061.SZ', '600284.SH', '601886.SH', '600248.SH', '600939.SH', '600502.SH', '600491.SH', '600820.SH', '002081.SZ', '600970.SH', '600173.SH', '601611.SH', '000011.SZ', '000006.SZ', '600170.SH', '600565.SH', '000517.SZ', '000560.SZ', '600510.SH', '000031.SZ', '000833.SZ', '600748.SH', '603727.SH', '002286.SZ', '000655.SZ', '000755.SZ', '605050.SH', '000671.SZ', '600064.SH', '600569.SH', '600784.SH', '000905.SZ', '600823.SH', '000059.SZ', '600339.SH', '300440.SZ', '600581.SH', '000652.SZ', '000099.SZ', '000961.SZ', '600368.SH', '000717.SZ']"
2022-02-14,2022-02-11,2022-02-21,0.06677975449495803,50,0.4,,"['002761.SZ', '002822.SZ', '600133.SH', '603458.SH', '002542.SZ', '002431.SZ', '601789.SH', '600512.SH', '000065.SZ', '603359.SH', '600284.SH', '000498.SZ', '600248.SH', '601886.SH', '600502.SH', '600491.SH', '002061.SZ', '600496.SH', '600939.SH', '600173.SH', '000863.SZ', '600846.SH', '600603.SH', '600067.SH', '600503.SH', '002081.SZ', '600736.SH', '000011.SZ', '600820.SH', '002208.SZ', '000036.SZ', '000006.SZ', '600565.SH', '000517.SZ', '601611.SH', '000560.SZ', '601512.SH', '000031.SZ', '600748.SH', '600170.SH', '600510.SH', '600784.SH', '000639.SZ', '600639.SH', '600266.SH', '000671.SZ', '600649.SH', '000090.SZ', '600569.SH', '600676.SH']"
2022-02-21,2022-02-18,2022-02-28,-0.037808071102807525,50,0.46,,"['605178.SH', '600133.SH', '603458.SH', '601789.SH', '600284.SH', '002062.SZ', '603359.SH', '000863.SZ', '000065.SZ', '601226.SH', '600248.SH', '000736.SZ', '002208.SZ', '601886.SH', '000011.SZ', '000498.SZ', '600502.SH', '000036.SZ', '000006.SZ', '600491.SH', '600565.SH', '000517.SZ', '600939.SH', '000031.SZ', '600748.SH', '002061.SZ', '000833.SZ', '000928.SZ', '600510.SH', '600784.SH', '600649.SH', '000059.SZ', '002286.SZ', '601611.SH', '600881.SH', '600170.SH', '600339.SH', '605050.SH', '002401.SZ', '002666.SZ', '002115.SZ', '605166.SH', '603970.SH', '002783.SZ', '600135.SH', '000905.SZ', '600581.SH', '600731.SH', '300571.SZ', '000545.SZ']"
2022-02-28,2022-02-25,2022-03-07,-0.015249043418135908,50,0.88,,"['002717.SZ', '000838.SZ', '002060.SZ', '300355.SZ', '000056.SZ', '000833.SZ', '603668.SH', '601068.SH', '002286.SZ', '600246.SH', '603217.SH', '603995.SH', '603948.SH', '002554.SZ', '605118.SH', '000652.SZ', '002986.SZ', '603970.SH', '605166.SH', '603681.SH', '605050.SH', '688078.SH', '605399.SH', '605199.SH', '605108.SH', '300264.SZ', '603192.SH', '300691.SZ', '002170.SZ', '300790.SZ', '000153.SZ', '300887.SZ', '300440.SZ', '603227.SH', '300571.SZ', '002096.SZ', '002177.SZ', '300806.SZ', '300872.SZ', '605369.SH', '300130.SZ', '688357.SH', '600106.SH', '603351.SH', '000731.SZ', '002433.SZ', '603115.SH', '002455.SZ', '600610.SH', '002756.SZ']"
2022-03-07,2022-03-04,2022-03-14,-0.03929637505005182,50,0.9,,"['600683.SH', '600173.SH', '000926.SZ', '603458.SH', '000863.SZ', '600622.SH', '600067.SH', '600133.SH', '002062.SZ', '002208.SZ', '600603.SH', '600846.SH', '000065.SZ', '601886.SH', '000498.SZ', '600736.SH', '000833.SZ', '002286.SZ', '600512.SH', '000505.SZ', '002060.SZ', '000036.SZ', '600284.SH', '601588.SH', '601512.SH', '600784.SH', '600248.SH', '000560.SZ', '600939.SH', '600676.SH', '600502.SH', '600491.SH', '600266.SH', '000671.SZ', '000698.SZ', '000652.SZ', '600064.SH', '600569.SH', '605050.SH', '600823.SH', '000090.SZ', '600325.SH', '600376.SH', '600820.SH', '000961.SZ', '600581.SH', '002146.SZ', '000717.SZ', '000905.SZ', '601611.SH']"
2022-03-14,2022-03-11,2022-03-21,0.02422851685500139,50,0.72,,"['000926.SZ', '600622.SH', '000863.SZ', '600603.SH', '600133.SH', '600736.SH', '002286.SZ', '601512.SH', '600094.SH', '600648.SH', '600639.SH', '000090.SZ', '603167.SH', '600325.SH', '000905.SZ', '002986.SZ', '600376.SH', '300858.SZ', '002627.SZ', '002244.SZ', '600368.SH', '000833.SZ', '000507.SZ', '600897.SH', '002224.SZ', '000656.SZ', '601003.SH', '000900.SZ', '688513.SH', '600731.SH', '000055.SZ', '600035.SH', '002391.SZ', '000532.SZ', '603689.SH', '600125.SH', '000652.SZ', '600644.SH', '603980.SH', '600269.SH', '000756.SZ', '002433.SZ', '603927.SH', '600318.SH', '000429.SZ', '600479.SH', '600617.SH', '300125.SZ', '600594.SH', '600979.SH']"
2022-03-21,2022-03-18,2022-03-28,0.00923798355470576,50,0.94,,"['600683.SH', '002431.SZ', '000558.SZ', '000667.SZ', '000918.SZ', '002772.SZ', '600067.SH', '002310.SZ', '600658.SH', '002548.SZ', '000038.SZ', '000713.SZ', '600070.SH', '600117.SH', '600805.SH', '300209.SZ', '300551.SZ', '600676.SH', '300297.SZ', '002783.SZ', '300208.SZ', '002512.SZ', '002124.SZ', '603803.SH', '603869.SH', '600844.SH', '600756.SH', '600881.SH', '002551.SZ', '300523.SZ', '000889.SZ', '300273.SZ', '002198.SZ', '002313.SZ', '600136.SH', '601008.SH', '002157.SZ', '002627.SZ', '002059.SZ', '002491.SZ', '600333.SH', '000851.SZ', '600200.SH', '000040.SZ', '000931.SZ', '600318.SH', '000796.SZ', '000566.SZ', '600617.SH', '002580.SZ']"
2022-03-28,2022-03-25,2022-04-06,0.05721836838359257,50,0.7,,"['600683.SH', '600638.SH', '002431.SZ', '000926.SZ', '600133.SH', '002772.SZ', '000863.SZ', '000667.SZ', '600658.SH', '002314.SZ', '002062.SZ', '600284.SH', '002286.SZ', '600622.SH', '601886.SH', '002310.SZ', '000036.SZ', '002941.SZ', '601588.SH', '603167.SH', '000905.SZ', '000560.SZ', '600094.SH', '600117.SH', '601008.SH', '000507.SZ', '600648.SH', '600897.SH', '000698.SZ', '603569.SH', '600376.SH', '600035.SH', '600569.SH', '603803.SH', '002783.SZ', '600538.SH', '603687.SH', '002224.SZ', '000900.SZ', '000037.SZ', '600805.SH', '000153.SZ', '600136.SH', '600070.SH', '002551.SZ', '000402.SZ', '300273.SZ', '600125.SH', '000652.SZ', '000055.SZ']"
2022-04-06,2022-04-01,2022-04-11,-0.02887564741512015,50,0.76,,"['300892.SZ', '600361.SH', '603458.SH', '600774.SH', '002277.SZ', '002062.SZ', '601116.SH', '002406.SZ', '002251.SZ', '603031.SH', '002448.SZ', '600512.SH', '002355.SZ', '000882.SZ', '002344.SZ', '600178.SH', '002590.SZ', '600960.SH', '600694.SH', '002510.SZ', '603776.SH', '600683.SH', '600603.SH', '000926.SZ', '002419.SZ', '002454.SZ', '000700.SZ', '600658.SH', '300391.SZ', '002314.SZ', '600622.SH', '002662.SZ', '000036.SZ', '000061.SZ', '300858.SZ', '600327.SH', '000560.SZ', '601512.SH', '601588.SH', '600742.SH', '600094.SH', '001914.SZ', '600223.SH', '002956.SZ', '002783.SZ', '603766.SH', '600648.SH', '600758.SH', '603988.SH', '600827.SH']"
2022-04-11,2022-04-08,2022-04-18,0.0036046309089939597,50,0.54,,"['603458.SH', '002469.SZ', '603109.SH', '002277.SZ', '002062.SZ', '603018.SH', '601366.SH', '000498.SZ', '002251.SZ', '002406.SZ', '600284.SH', '002697.SZ', '002328.SZ', '002344.SZ', '002448.SZ', '600694.SH', '600178.SH', '600081.SH', '600939.SH', '600683.SH', '002419.SZ', '000926.SZ', '000501.SZ', '600173.SH', '600981.SH', '600846.SH', '600603.SH', '600058.SH', '603035.SH', '600327.SH', '600970.SH', '601588.SH', '600622.SH', '601512.SH', '000560.SZ', '600729.SH', '300858.SZ', '000550.SZ', '600094.SH', '600742.SH', '603013.SH', '600223.SH', '600335.SH', '000090.SZ', '002048.SZ', '600639.SH', '600185.SH', '600170.SH', '600064.SH', '600648.SH']"
2022-04-18,2022-04-15,2022-04-25,-0.12006302613754608,50,0.42,,"['600774.SH', '600361.SH', '601366.SH', '002553.SZ', '600694.SH', '002062.SZ', '603458.SH', '600981.SH', '002419.SZ', '000926.SZ', '600683.SH', '600710.SH', '600173.SH', '002448.SZ', '600178.SH', '603708.SH', '600846.SH', '000501.SZ', '000700.SZ', '600058.SH', '000560.SZ', '601588.SH', '600939.SH', '600491.SH', '600729.SH', '002662.SZ', '300858.SZ', '600094.SH', '600327.SH', '000090.SZ', '600223.SH', '605183.SH', '000671.SZ', '601028.SH', '600742.SH', '600970.SH', '000550.SZ', '600648.SH', '603013.SH', '600007.SH', '600335.SH', '605050.SH', '000961.SZ', '000402.SZ', '600325.SH', '603766.SH', '002146.SZ', '600376.SH', '600531.SH', '603167.SH']"
2022-04-25,2022-04-22,2022-05-05,0.059478493427719055,50,0.6,,"['002469.SZ', '603458.SH', '300622.SZ', '002062.SZ', '603018.SH', '600284.SH', '002818.SZ', '603109.SH', '605136.SH', '600774.SH', '002553.SZ', '600694.SH', '002419.SZ', '600710.SH', '300695.SZ', '300858.SZ', '600683.SH', '600170.SH', '300847.SZ', '600846.SH', '605183.SH', '600658.SH', '600729.SH', '000785.SZ', '600327.SH', '600603.SH', '603970.SH', '601512.SH', '600742.SH', '601028.SH', '002801.SZ', '605006.SH', '002090.SZ', '600094.SH', '003000.SZ', '603507.SH', '603823.SH', '000048.SZ', '603167.SH', '600648.SH', '605338.SH', '000552.SZ', '603766.SH', '000090.SZ', '603535.SH', '600639.SH', '300341.SZ', '600971.SH', '600368.SH', '603408.SH']"
2022-05-05,2022-04-29,2022-05-09,-0.011299365949874825,50,0.88,,"['600248.SH', '600970.SH', '600981.SH', '002416.SZ', '000785.SZ', '601611.SH', '600729.SH', '600170.SH', '600609.SH', '000863.SZ', '601028.SH', '002996.SZ', '603013.SH', '688196.SH', '603358.SH', '600094.SH', '605183.SH', '002984.SZ', '002978.SZ', '002048.SZ', '603613.SH', '603730.SH', '600961.SH', '000751.SZ', '600006.SH', '600531.SH', '600415.SH', '600376.SH', '600746.SH', '000951.SZ', '600458.SH', '605050.SH', '002237.SZ', '000652.SZ', '600877.SH', '600610.SH', '002043.SZ', '002276.SZ', '002109.SZ', '003009.SZ', '000559.SZ', '601015.SH', '600395.SH', '002155.SZ', '002637.SZ', '600166.SH', '605007.SH', '000905.SZ', '300618.SZ', '002226.SZ']"
2022-05-09,2022-05-06,2022-05-16,0.030954109151119295,50,0.78,,"['600133.SH', '603081.SH', '002469.SZ', '603109.SH', '600841.SH', '601886.SH', '603018.SH', '601789.SH', '600248.SH', '600477.SH', '000065.SZ', '600496.SH', '600939.SH', '002135.SZ', '002061.SZ', '600970.SH', '600081.SH', '600218.SH', '002697.SZ', '002968.SZ', '600820.SH', '002761.SZ', '600981.SH', '000816.SZ', '600710.SH', '601611.SH', '600058.SH', '605222.SH', '600170.SH', '603708.SH', '002416.SZ', '600609.SH', '002996.SZ', '600480.SH', '601702.SH', '002090.SZ', '600729.SH', '002160.SZ', '600335.SH', '603358.SH', '002606.SZ', '605166.SH', '002578.SZ', '605183.SH', '002441.SZ', '300755.SZ', '002225.SZ', '002540.SZ', '300891.SZ', '605006.SH']"
2022-05-16,2022-05-13,2022-05-23,0.03821068373509263,50,0.66,,"['002822.SZ', '600133.SH', '601226.SH', '300892.SZ', '002307.SZ', '601886.SH', '601789.SH', '600477.SH', '000065.SZ', '603109.SH', '000498.SZ', '600939.SH', '002941.SZ', '600841.SH', '600981.SH', '603979.SH', '600821.SH', '600058.SH', '300880.SZ', '000816.SZ', '002761.SZ', '002879.SZ', '000903.SZ', '605222.SH', '601611.SH', '002892.SZ', '300599.SZ', '601500.SH', '300848.SZ', '600638.SH', '600170.SH', '002339.SZ', '000056.SZ', '300797.SZ', '002082.SZ', '002090.SZ', '600335.SH', '300265.SZ', '601609.SH', '002360.SZ', '600094.SH', '600622.SH', '000572.SZ', '603970.SH', '600331.SH', '002886.SZ', '000603.SZ', '603192.SH', '300898.SZ', '002537.SZ']"
2022-05-23,2022-05-20,2022-05-30,0.0013301841611620669,50,0.78,,"['600361.SH', '603031.SH', '600981.SH', '002140.SZ', '600710.SH', '600821.SH', '300863.SZ', '601226.SH', '600058.SH', '603123.SH', '603959.SH', '002135.SZ', '605222.SH', '600477.SH', '000829.SZ', '002892.SZ', '002536.SZ', '600939.SH', '300820.SZ', '300848.SZ', '603239.SH', '002545.SZ', '603115.SH', '002996.SZ', '300798.SZ', '300681.SZ', '600379.SH', '601702.SH', '300890.SZ', '603155.SH', '300391.SZ', '600218.SH', '002091.SZ', '300057.SZ', '688077.SH', '605166.SH', '300286.SZ', '002167.SZ', '300811.SZ', '300721.SZ', '002533.SZ', '002196.SZ', '601609.SH', '603970.SH', '000751.SZ', '603618.SH', '605399.SH', '600961.SH', '300337.SZ', '300305.SZ']"
2022-05-30,2022-05-27,2022-06-06,0.051600478159469214,50,0.7,,"['002469.SZ', '000861.SZ', '300536.SZ', '300384.SZ', '002375.SZ', '000065.SZ', '300100.SZ', '002510.SZ', '601116.SH', '603081.SH', '002419.SZ', '000928.SZ', '002454.SZ', '300391.SZ', '002135.SZ', '600710.SH', '000700.SZ', '600218.SH', '603959.SH', '002516.SZ', '600981.SH', '000829.SZ', '601886.SH', '002416.SZ', '002284.SZ', '300141.SZ', '600058.SH', '605222.SH', '600248.SH', '002101.SZ', '002061.SZ', '002488.SZ', '600491.SH', '002283.SZ', '300340.SZ', '600496.SH', '600939.SH', '002091.SZ', '600480.SH', '300423.SZ', '002452.SZ', '601068.SH', '002545.SZ', '002996.SZ', '600379.SH', '603197.SH', '603970.SH', '002441.SZ', '002783.SZ', '600335.SH']"
2022-06-06,2022-06-02,2022-06-13,0.008727579482916342,50,0.94,,"['300733.SZ', '600821.SH', '688551.SH', '300880.SZ', '300680.SZ', '300870.SZ', '300681.SZ', '300391.SZ', '002892.SZ', '603809.SH', '300797.SZ', '300848.SZ', '688155.SH', '300798.SZ', '002227.SZ', '603155.SH', '300835.SZ', '603959.SH', '300265.SZ', '603330.SH', '688089.SH', '002360.SZ', '688219.SH', '300890.SZ', '605008.SH', '300721.SZ', '688157.SH', '688077.SH', '300891.SZ', '002167.SZ', '300057.SZ', '002196.SZ', '300829.SZ', '300811.SZ', '002886.SZ', '300305.SZ', '300328.SZ', '688026.SH', '601068.SH', '000737.SZ', '600207.SH', '600537.SH', '688179.SH', '603979.SH', '300855.SZ', '600727.SH', '002170.SZ', '300575.SZ', '688357.SH', '300477.SZ']"
2022-06-13,2022-06-10,2022-06-20,0.027913922038479474,50,0.5,,"['603959.SH', '002892.SZ', '300680.SZ', '300820.SZ', '600821.SH', '605006.SH', '603155.SH', '601068.SH', '300801.SZ', '603948.SH', '688196.SH', '300721.SZ', '605008.SH', '605183.SH', '300057.SZ', '603979.SH', '300811.SZ', '603867.SH', '600207.SH', '300328.SZ', '002886.SZ', '002167.SZ', '688026.SH', '002824.SZ', '688199.SH', '603809.SH', '601918.SH', '300855.SZ', '300305.SZ', '603115.SH', '300196.SZ', '300443.SZ', '000737.SZ', '688357.SH', '300477.SZ', '600727.SH', '002091.SZ', '603360.SH', '002984.SZ', '600758.SH', '300575.SZ', '688077.SH', '688300.SH', '603212.SH', '300806.SZ', '300586.SZ', '002805.SZ', '603681.SH', '300224.SZ', '000859.SZ']"
2022-06-20,2022-06-17,2022-06-27,0.06086976726779667,50,0.6,,"['002431.SZ', '603982.SH', '002307.SZ', '601226.SH', '002280.SZ', '603786.SH', '600821.SH', '002127.SZ', '603979.SH', '002892.SZ', '300680.SZ', '300870.SZ', '300258.SZ', '002664.SZ', '002196.SZ', '300825.SZ', '300820.SZ', '002169.SZ', '603306.SH', '688089.SH', '688196.SH', '600537.SH', '002428.SZ', '600207.SH', '605008.SH', '002886.SZ', '603212.SH', '300811.SZ', '688026.SH', '688179.SH', '300443.SZ', '300855.SZ', '600933.SH', '688357.SH', '002824.SZ', '600877.SH', '603348.SH', '688300.SH', '688006.SH', '300806.SZ', '605376.SH', '002472.SZ', '002865.SZ', '002534.SZ', '002805.SZ', '600696.SH', '300224.SZ', '601137.SH', '300093.SZ', '000918.SZ']"
2022-06-27,2022-06-24,2022-07-04,0.005530941515046095,50,0.48,,"['605333.SH', '002280.SZ', '600821.SH', '300870.SZ', '300933.SZ', '002892.SZ', '002127.SZ', '603959.SH', '003021.SZ', '300978.SZ', '300648.SZ', '601226.SH', '300982.SZ', '688676.SH', '300391.SZ', '300680.SZ', '300890.SZ', '002431.SZ', '300848.SZ', '003038.SZ', '002733.SZ', '600537.SH', '688089.SH', '002167.SZ', '300811.SZ', '300258.SZ', '002196.SZ', '600207.SH', '300328.SZ', '603378.SH', '002623.SZ', '300829.SZ', '300825.SZ', '002149.SZ', '605008.SH', '300855.SZ', '002169.SZ', '002428.SZ', '002057.SZ', '688408.SH', '603306.SH', '002886.SZ', '002664.SZ', '300305.SZ', '603212.SH', '600727.SH', '002824.SZ', '688026.SH', '300910.SZ', '600877.SH']"
2022-07-04,2022-07-01,2022-07-11,-0.003552641815684685,50,0.88,,"['002196.SZ', '605333.SH', '600207.SH', '600537.SH', '600877.SH', '688006.SH', '000682.SZ', '603786.SH', '600550.SH', '600416.SH', '300589.SZ', '605186.SH', '002706.SZ', '300593.SZ', '300680.SZ', '300900.SZ', '600698.SH', '603489.SH', '688516.SH', '002498.SZ', '300853.SZ', '300035.SZ', '002297.SZ', '300457.SZ', '301029.SZ', '000697.SZ', '600151.SH', '300776.SZ', '002979.SZ', '300001.SZ', '300850.SZ', '688377.SH', '300911.SZ', '002028.SZ', '300681.SZ', '688135.SH', '688596.SH', '600391.SH', '603931.SH', '600990.SH', '300903.SZ', '300191.SZ', '301031.SZ', '002850.SZ', '300894.SZ', '600343.SH', '603218.SH', '000901.SZ', '688390.SH', '002667.SZ']"
2022-07-11,2022-07-08,2022-07-18,0.01872822826157304,50,0.74,,"['300870.SZ', '603577.SH', '002196.SZ', '605186.SH', '300733.SZ', '600207.SH', '300540.SZ', '600537.SH', '002957.SZ', '600877.SH', '600626.SH', '300853.SZ', '300252.SZ', '002870.SZ', '600822.SH', '600698.SH', '000698.SZ', '002819.SZ', '300903.SZ', '000697.SZ', '002723.SZ', '603912.SH', '603366.SH', '002342.SZ', '300342.SZ', '300304.SZ', '002480.SZ', '300191.SZ', '600391.SH', '688596.SH', '600990.SH', '603131.SH', '000925.SZ', '003038.SZ', '000903.SZ', '300986.SZ', '300091.SZ', '300322.SZ', '000532.SZ', '600375.SH', '002579.SZ', '002190.SZ', '000852.SZ', '600396.SH', '300536.SZ', '300032.SZ', '603703.SH', '300811.SZ', '300516.SZ', '000531.SZ']"
2022-07-18,2022-07-15,2022-07-25,0.017549584586031248,50,0.72,,"['300933.SZ', '002892.SZ', '300040.SZ', '300813.SZ', '300890.SZ', '600207.SH', '603662.SH', '300540.SZ', '300589.SZ', '688378.SH', '688510.SH', '002957.SZ', '300252.SZ', '688589.SH', '600822.SH', '300853.SZ', '688609.SH', '300903.SZ', '688025.SH', '688311.SH', '300793.SZ', '688586.SH', '603912.SH', '300391.SZ', '300857.SZ', '688596.SH', '300582.SZ', '300607.SZ', '300576.SZ', '002559.SZ', '600396.SH', '000532.SZ', '300480.SZ', '300566.SZ', '002664.SZ', '000925.SZ', '300322.SZ', '002119.SZ', '002334.SZ', '002288.SZ', '300848.SZ', '002579.SZ', '600331.SH', '603324.SH', '688508.SH', '603959.SH', '300198.SZ', '300847.SZ', '300657.SZ', '688580.SH']"
2022-07-25,2022-07-22,2022-08-01,0.07302173986784986,50,0.78,,"['003021.SZ', '002892.SZ', '605068.SH', '300040.SZ', '002196.SZ', '002977.SZ', '600207.SH', '603662.SH', '002733.SZ', '300733.SZ', '605186.SH', '688510.SH', '300900.SZ', '603931.SH', '300259.SZ', '300903.SZ', '300680.SZ', '688135.SH', '002979.SZ', '002297.SZ', '300951.SZ', '003026.SZ', '300191.SZ', '000700.SZ', '300441.SZ', '603809.SH', '300429.SZ', '002334.SZ', '300258.SZ', '688299.SH', '603859.SH', '300160.SZ', '002667.SZ', '002579.SZ', '002664.SZ', '600237.SH', '000532.SZ', '603901.SH', '605118.SH', '300848.SZ', '603890.SH', '002167.SZ', '002438.SZ', '688550.SH', '688106.SH', '603081.SH', '688003.SH', '600780.SH', '300328.SZ', '688089.SH']"
2022-08-01,2022-07-29,2022-08-08,-0.007533708560400388,50,0.7,,"['300870.SZ', '300853.SZ', '300820.SZ', '688560.SH', '003021.SZ', '688663.SH', '002892.SZ', '300648.SZ', '300040.SZ', '002452.SZ', '300890.SZ', '605068.SH', '002196.SZ', '605333.SH', '300953.SZ', '300813.SZ', '300693.SZ', '600207.SH', '002733.SZ', '300477.SZ', '300946.SZ', '603982.SH', '002805.SZ', '002977.SZ', '300733.SZ', '300443.SZ', '300540.SZ', '300978.SZ', '300589.SZ', '603112.SH', '002125.SZ', '300900.SZ', '300680.SZ', '300068.SZ', '300787.SZ', '300580.SZ', '002986.SZ', '300940.SZ', '688025.SH', '688589.SH', '300412.SZ', '688388.SH', '003043.SZ', '300850.SZ', '300982.SZ', '002979.SZ', '002297.SZ', '300191.SZ', '300903.SZ', '300802.SZ']"
2022-08-08,2022-08-05,2022-08-15,0.021943936921405272,50,0.66,,"['300870.SZ', '002892.SZ', '300863.SZ', '605068.SH', '002196.SZ', '605333.SH', '600207.SH', '300946.SZ', '603212.SH', '002805.SZ', '300875.SZ', '688339.SH', '300733.SZ', '605186.SH', '603662.SH', '002851.SZ', '300680.SZ', '688556.SH', '300900.SZ', '300035.SZ', '300911.SZ', '300259.SZ', '300787.SZ', '603728.SH', '688516.SH', '002986.SZ', '002819.SZ', '300304.SZ', '300850.SZ', '002979.SZ', '688388.SH', '688519.SH', '603809.SH', '603931.SH', '300191.SZ', '300099.SZ', '300684.SZ', '002993.SZ', '300951.SZ', '300258.SZ', '002664.SZ', '300568.SZ', '688596.SH', '003038.SZ', '300429.SZ', '688127.SH', '300151.SZ', '600396.SH', '002667.SZ', '300647.SZ']"
2022-08-15,2022-08-12,2022-08-22,0.005839086640849142,50,0.6,,"['300853.SZ', '300040.SZ', '300890.SZ', '002196.SZ', '601218.SH', '300733.SZ', '002805.SZ', '600207.SH', '300978.SZ', '603212.SH', '300540.SZ', '300272.SZ', '300680.SZ', '300409.SZ', '300900.SZ', '603112.SH', '002757.SZ', '002986.SZ', '002979.SZ', '300304.SZ', '688388.SH', '688135.SH', '300099.SZ', '300095.SZ', '688519.SH', '600590.SH', '603809.SH', '300191.SZ', '300975.SZ', '603969.SH', '003026.SZ', '300607.SZ', '300441.SZ', '300341.SZ', '300258.SZ', '003038.SZ', '603662.SH', '300429.SZ', '300160.SZ', '002483.SZ', '000737.SZ', '600237.SH', '002667.SZ', '000532.SZ', '600114.SH', '300739.SZ', '300811.SZ', '300435.SZ', '603901.SH', '603890.SH']"
2022-08-22,2022-08-19,2022-08-29,-0.027250677105062654,50,0.64,,"['300040.SZ', '002255.SZ', '002758.SZ', '002870.SZ', '002196.SZ', '300619.SZ', '002533.SZ', '600822.SH', '300286.SZ', '601218.SH', '000922.SZ', '603897.SH', '600973.SH', '300272.SZ', '002986.SZ', '603112.SH', '002757.SZ', '300488.SZ', '300349.SZ', '600869.SH', '000521.SZ', '300095.SZ', '688519.SH', '600590.SH', '603969.SH', '300975.SZ', '600742.SH', '002584.SZ', '002283.SZ', '300341.SZ', '300732.SZ', '603836.SH', '000852.SZ', '603619.SH', '600982.SH', '603667.SH', '002483.SZ', '603013.SH', '002479.SZ', '603703.SH', '600961.SH', '600523.SH', '300384.SZ', '300647.SZ', '600114.SH', '300435.SZ', '300739.SZ', '000751.SZ', '603303.SH', '603890.SH']"
2022-08-29,2022-08-26,2022-09-05,-0.007177861231705234,50,0.7,,"['002758.SZ', '002986.SZ', '603112.SH', '000700.SZ', '603969.SH', '000521.SZ', '600590.SH', '002662.SZ', '300732.SZ', '600742.SH', '000680.SZ', '603836.SH', '000779.SZ', '600336.SH', '002483.SZ', '600101.SH', '603035.SH', '002479.SZ', '600961.SH', '601038.SH', '603013.SH', '000751.SZ', '603619.SH', '600545.SH', '601528.SH', '002048.SZ', '601789.SH', '603648.SH', '600531.SH', '002039.SZ', '603948.SH', '000968.SZ', '603766.SH', '603967.SH', '002062.SZ', '600780.SH', '603018.SH', '605166.SH', '002307.SZ', '000791.SZ', '600368.SH', '601008.SH', '600248.SH', '002237.SZ', '600650.SH', '002443.SZ', '603970.SH', '000905.SZ', '002267.SZ', '002054.SZ']"
2022-09-05,2022-09-02,2022-09-13,0.01717910965245422,50,0.78,,"['603333.SH', '002758.SZ', '300490.SZ', '002989.SZ', '002870.SZ', '600268.SH', '002448.SZ', '002328.SZ', '000697.SZ', '000521.SZ', '002121.SZ', '000628.SZ', '600686.SH', '603111.SH', '002519.SZ', '300732.SZ', '600982.SH', '000700.SZ', '600853.SH', '000680.SZ', '600310.SH', '000779.SZ', '002647.SZ', '300080.SZ', '600545.SH', '600512.SH', '600133.SH', '603648.SH', '000601.SZ', '601789.SH', '601069.SH', '002062.SZ', '600117.SH', '600897.SH', '603359.SH', '603018.SH', '000767.SZ', '000911.SZ', '603856.SH', '000507.SZ', '600533.SH', '002204.SZ', '600035.SH', '000514.SZ', '000753.SZ', '000032.SZ', '600190.SH', '600638.SH', '600805.SH', '600668.SH']"
2022-09-13,2022-09-09,2022-09-19,-0.08024499879376151,50,0.76,,"['002758.SZ', '002870.SZ', '002441.SZ', '002533.SZ', '002328.SZ', '603897.SH', '600973.SH', '002121.SZ', '000521.SZ', '600742.SH', '600480.SH', '600619.SH', '301039.SZ', '600336.SH', '002483.SZ', '000779.SZ', '600982.SH', '600101.SH', '002116.SZ', '000528.SZ', '002048.SZ', '600310.SH', '601038.SH', '603357.SH', '600961.SH', '300032.SZ', '600133.SH', '601528.SH', '600617.SH', '000600.SZ', '600761.SH', '000601.SZ', '601789.SH', '603766.SH', '603800.SH', '002039.SZ', '603948.SH', '603967.SH', '002062.SZ', '600650.SH', '600780.SH', '601187.SH', '002140.SZ', '000905.SZ', '000951.SZ', '601008.SH', '605166.SH', '600368.SH', '000727.SZ', '002237.SZ']"
2022-09-19,2022-09-16,2022-09-26,-0.017284542697893632,50,0.86,,"['002980.SZ', '603949.SH', '603333.SH', '300837.SZ', '002882.SZ', '605336.SH', '300824.SZ', '300427.SZ', '300875.SZ', '603530.SH', '002270.SZ', '688682.SH', '605186.SH', '300660.SZ', '300649.SZ', '300833.SZ', '002328.SZ', '002121.SZ', '002766.SZ', '603166.SH', '300732.SZ', '002519.SZ', '002265.SZ', '300442.SZ', '002547.SZ', '000779.SZ', '600101.SH', '002978.SZ', '002884.SZ', '603357.SH', '300858.SZ', '688550.SH', '603035.SH', '000993.SZ', '000601.SZ', '300848.SZ', '002062.SZ', '603359.SH', '603648.SH', '603018.SH', '300125.SZ', '002959.SZ', '002729.SZ', '000722.SZ', '300873.SZ', '603078.SH', '605016.SH', '601069.SH', '603217.SH', '002666.SZ']"
2022-09-26,2022-09-23,2022-10-10,-0.02670135579272597,50,0.94,,"['002277.SZ', '000728.SZ', '002818.SZ', '000933.SZ', '002223.SZ', '300110.SZ', '002317.SZ', '603676.SH', '300149.SZ', '002735.SZ', '600750.SH', '003043.SZ', '601928.SH', '000756.SZ', '000631.SZ', '600101.SH', '000810.SZ', '600872.SH', '000975.SZ', '600035.SH', '002926.SZ', '000722.SZ', '300765.SZ', '300787.SZ', '600508.SH', '002606.SZ', '002083.SZ', '002993.SZ', '600395.SH', '603777.SH', '600367.SH', '688317.SH', '002345.SZ', '002275.SZ', '600403.SH', '300533.SZ', '600368.SH', '000913.SZ', '603665.SH', '002488.SZ', '300724.SZ', '300481.SZ', '603032.SH', '002116.SZ', '002966.SZ', '603227.SH', '000601.SZ', '002517.SZ', '002030.SZ', '600780.SH']"
2022-10-10,2022-09-30,2022-10-17,0.05044684821831362,50,0.6,,"['002277.SZ', '002818.SZ', '600750.SH', '300149.SZ', '603886.SH', '601928.SH', '000933.SZ', '000885.SZ', '600035.SH', '603759.SH', '603777.SH', '600794.SH', '002393.SZ', '300765.SZ', '600508.SH', '300533.SZ', '002768.SZ', '002697.SZ', '002737.SZ', '002345.SZ', '002398.SZ', '600908.SH', '600368.SH', '002083.SZ', '002488.SZ', '002966.SZ', '601001.SH', '002116.SZ', '000915.SZ', '600283.SH', '600657.SH', '600325.SH', '600780.SH', '603368.SH', '600403.SH', '300244.SZ', '600350.SH', '601811.SH', '603012.SH', '000912.SZ', '600987.SH', '600828.SH', '600419.SH', '600020.SH', '002479.SZ', '000601.SZ', '600638.SH', '000731.SZ', '000543.SZ', '001696.SZ']"
2022-10-17,2022-10-14,2022-10-24,-0.016682023469548522,50,0.98,,"['002968.SZ', '600173.SH', '002016.SZ', '002208.SZ', '000011.SZ', '300572.SZ', '002990.SZ', '603630.SH', '300541.SZ', '300531.SZ', '603611.SH', '002462.SZ', '603383.SH', '300255.SZ', '600713.SH', '603368.SH', '300997.SZ', '000950.SZ', '300310.SZ', '002735.SZ', '300933.SZ', '300622.SZ', '605196.SH', '300908.SZ', '300853.SZ', '001208.SZ', '605222.SH', '300571.SZ', '300504.SZ', '002315.SZ', '603577.SH', '603165.SH', '603220.SH', '300292.SZ', '603333.SH', '300590.SZ', '600865.SH', '603618.SH', '300729.SZ', '002117.SZ', '603180.SH', '300205.SZ', '002194.SZ', '603697.SH', '002300.SZ', '000070.SZ', '603429.SH', '002515.SZ', '002929.SZ', '600616.SH']"
2022-10-24,2022-10-21,2022-10-31,0.08089642980931769,50,0.9,,"['300962.SZ', '605098.SH', '603630.SH', '300895.SZ', '002990.SZ', '300941.SZ', '300288.SZ', '300448.SZ', '688318.SH', '688588.SH', '300740.SZ', '300541.SZ', '300996.SZ', '300078.SZ', '300465.SZ', '300365.SZ', '300366.SZ', '300520.SZ', '300020.SZ', '300531.SZ', '603859.SH', '300378.SZ', '300287.SZ', '300085.SZ', '300352.SZ', '300642.SZ', '300768.SZ', '002376.SZ', '603976.SH', '300468.SZ', '300439.SZ', '300663.SZ', '002649.SZ', '002421.SZ', '300579.SZ', '300079.SZ', '688277.SH', '600797.SH', '603222.SH', '600602.SH', '603383.SH', '300598.SZ', '300634.SZ', '603983.SH', '600131.SH', '300143.SZ', '300036.SZ', '002261.SZ', '688208.SH', '300451.SZ']"
2022-10-31,2022-10-28,2022-11-07,0.032618045911928364,50,0.5,,"['603630.SH', '605098.SH', '300651.SZ', '000029.SZ', '688365.SH', '002990.SZ', '300941.SZ', '300895.SZ', '002243.SZ', '600639.SH', '300288.SZ', '300448.SZ', '300551.SZ', '300386.SZ', '688588.SH', '000090.SZ', '300302.SZ', '002912.SZ', '300996.SZ', '002609.SZ', '300311.SZ', '600648.SH', '300078.SZ', '300872.SZ', '600571.SH', '600855.SH', '300465.SZ', '300365.SZ', '688030.SH', '300020.SZ', '603869.SH', '300455.SZ', '300378.SZ', '300287.SZ', '603508.SH', '300098.SZ', '300085.SZ', '002376.SZ', '300377.SZ', '300324.SZ', '002421.SZ', '300468.SZ', '002649.SZ', '603983.SH', '300642.SZ', '600222.SH', '300079.SZ', '600246.SH', '600797.SH', '300579.SZ']"
2022-11-07,2022-11-04,2022-11-14,-0.014281567590945156,50,0.9,,"['000011.SZ', '600639.SH', '000090.SZ', '600064.SH', '605007.SH', '300691.SZ', '002967.SZ', '300378.SZ', '688277.SH', '300085.SZ', '603611.SH', '688578.SH', '688166.SH', '300455.SZ', '300799.SZ', '603108.SH', '300348.SZ', '000503.SZ', '600055.SH', '300933.SZ', '300908.SZ', '603577.SH', '688330.SH', '002255.SZ', '300292.SZ', '688313.SH', '300890.SZ', '003021.SZ', '300617.SZ', '002452.SZ', '300842.SZ', '003040.SZ', '600468.SH', '600268.SH', '002752.SZ', '000922.SZ', '600105.SH', '603530.SH', '600525.SH', '002169.SZ', '688676.SH', '600458.SH', '002929.SZ', '688339.SH', '002017.SZ', '600189.SH', '002191.SZ', '603118.SH', '002975.SZ', '300902.SZ']"
2022-11-14,2022-11-11,2022-11-21,0.039553129073903674,50,0.98,,"['600533.SH', '000909.SZ', '600658.SH', '002016.SZ', '000042.SZ', '000036.SZ', '000631.SZ', '000029.SZ', '300386.SZ', '300541.SZ', '002178.SZ', '002912.SZ', '003029.SZ', '300872.SZ', '300479.SZ', '600571.SH', '600855.SH', '002376.SZ', '002657.SZ', '002551.SZ', '002528.SZ', '600222.SH', '300391.SZ', '603138.SH', '000710.SZ', '002462.SZ', '600624.SH', '002393.SZ', '000766.SZ', '600200.SH', '300110.SZ', '002644.SZ', '002435.SZ', '300379.SZ', '300158.SZ', '300603.SZ', '300571.SZ', '300292.SZ', '002561.SZ', '600693.SH', '600824.SH', '002187.SZ', '603333.SH', '600628.SH', '600361.SH', '002162.SZ', '601116.SH', '603031.SH', '002882.SZ', '600616.SH']"
2022-11-21,2022-11-18,2022-11-28,-0.028056425837720066,50,0.78,,"['000888.SZ', '300215.SZ', '002016.SZ', '600716.SH', '600658.SH', '300448.SZ', '000011.SZ', '000042.SZ', '688588.SH', '000036.SZ', '603630.SH', '601512.SH', '300078.SZ', '300020.SZ', '600604.SH', '300365.SZ', '002376.SZ', '600094.SH', '603508.SH', '000631.SZ', '000029.SZ', '688369.SH', '300016.SZ', '300485.SZ', '000090.SZ', '300377.SZ', '002082.SZ', '600639.SH', '300391.SZ', '300381.SZ', '002107.SZ', '688085.SH', '300683.SZ', '600602.SH', '300110.SZ', '600648.SH', '300326.SZ', '600007.SH', '002644.SZ', '000989.SZ', '603383.SH', '002581.SZ', '600624.SH', '603590.SH', '002038.SZ', '603222.SH', '000813.SZ', '002755.SZ', '002275.SZ', '002792.SZ']"
2022-11-28,2022-11-25,2022-12-05,0.049396074300208745,50,0.86,,"['002969.SZ', '300622.SZ', '603165.SH', '600693.SH', '600865.SH', '002818.SZ', '002303.SZ', '000417.SZ', '600824.SH', '300016.SZ', '002067.SZ', '300194.SZ', '300381.SZ', '603818.SH', '002940.SZ', '600624.SH', '002228.SZ', '603590.SH', '002393.SZ', '600814.SH', '300110.SZ', '601116.SH', '600488.SH', '600278.SH', '002277.SZ', '300326.SZ', '002117.SZ', '300255.SZ', '002251.SZ', '601366.SH', '600694.SH', '002435.SZ', '600789.SH', '603367.SH', '002344.SZ', '002697.SZ', '603368.SH', '002301.SZ', '600103.SH', '603697.SH', '000926.SZ', '600828.SH', '002419.SZ', '600308.SH', '002016.SZ', '600420.SH', '603708.SH', '002489.SZ', '600419.SH', '605368.SH']"
2022-12-05,2022-12-02,2022-12-12,-0.0015010381222795965,50,0.54,,"['603887.SH', '002376.SZ', '600693.SH', '603165.SH', '000417.SZ', '600824.SH', '300391.SZ', '603590.SH', '600829.SH', '002393.SZ', '002582.SZ', '600628.SH', '600408.SH', '002589.SZ', '002067.SZ', '000882.SZ', '601366.SH', '600278.SH', '603818.SH', '600814.SH', '600694.SH', '002228.SZ', '002277.SZ', '002251.SZ', '000659.SZ', '603333.SH', '600828.SH', '000078.SZ', '000910.SZ', '002419.SZ', '600420.SH', '603708.SH', '002301.SZ', '600308.SH', '000028.SZ', '600710.SH', '600973.SH', '002489.SZ', '600073.SH', '600729.SH', '600982.SH', '000926.SZ', '000488.SZ', '300280.SZ', '600758.SH', '600310.SH', '603836.SH', '002845.SZ', '300805.SZ', '002479.SZ']"
2022-12-12,2022-12-09,2022-12-19,-0.018988407209065136,50,0.62,,"['605098.SH', '605080.SH', '002376.SZ', '603610.SH', '603881.SH', '603630.SH', '603165.SH', '603590.SH', '002735.SZ', '002900.SZ', '002792.SZ', '300729.SZ', '002067.SZ', '002818.SZ', '000417.SZ', '600824.SH', '000659.SZ', '002228.SZ', '002117.SZ', '603180.SH', '600420.SH', '600361.SH', '600682.SH', '600628.SH', '000882.SZ', '002582.SZ', '000910.SZ', '600267.SH', '002038.SZ', '600694.SH', '601366.SH', '002755.SZ', '300040.SZ', '002251.SZ', '002020.SZ', '300870.SZ', '600308.SH', '601512.SH', '600867.SH', '600725.SH', '002882.SZ', '002346.SZ', '000403.SZ', '002489.SZ', '603708.SH', '002583.SZ', '601515.SH', '000501.SZ', '002616.SZ', '300837.SZ']"
2022-12-19,2022-12-16,2022-12-26,-0.024222375839504408,50,0.46,,"['300047.SZ', '603887.SH', '600756.SH', '688076.SH', '603590.SH', '000042.SZ', '600067.SH', '688606.SH', '688068.SH', '000560.SZ', '603881.SH', '002735.SZ', '688399.SH', '002382.SZ', '603165.SH', '000517.SZ', '600094.SH', '300729.SZ', '600682.SH', '002067.SZ', '600420.SH', '601512.SH', '000048.SZ', '600693.SH', '688202.SH', '000417.SZ', '603180.SH', '600267.SH', '002187.SZ', '000910.SZ', '300870.SZ', '601366.SH', '000882.SZ', '600694.SH', '300040.SZ', '600308.SH', '002196.SZ', '002251.SZ', '002489.SZ', '002882.SZ', '000402.SZ', '002616.SZ', '002419.SZ', '603708.SH', '601515.SH', '603886.SH', '000501.SZ', '300483.SZ', '300837.SZ', '600982.SH']"
2022-12-26,2022-12-23,2023-01-03,0.011357835114966413,50,0.92,,"['300651.SZ', '688365.SH', '002970.SZ', '300302.SZ', '300368.SZ', '688030.SH', '002798.SZ', '300238.SZ', '300132.SZ', '603976.SH', '300853.SZ', '300168.SZ', '000504.SZ', '300381.SZ', '300040.SZ', '002196.SZ', '000659.SZ', '600836.SH', '600337.SH', '002280.SZ', '002616.SZ', '300053.SZ', '002491.SZ', '300483.SZ', '600744.SH', '300752.SZ', '300317.SZ', '300805.SZ', '600396.SH', '300429.SZ', '300733.SZ', '300322.SZ', '002425.SZ', '001896.SZ', '300011.SZ', '603626.SH', '300228.SZ', '300032.SZ', '603703.SH', '600800.SH', '300102.SZ', '600375.SH', '000667.SZ', '000918.SZ', '002456.SZ', '002189.SZ', '000697.SZ', '600707.SH', '002647.SZ', '300198.SZ']"
2023-01-03,2022-12-30,2023-01-09,0.009108482046479054,50,0.96,,"['000722.SZ', '002446.SZ', '600095.SH', '603056.SH', '688123.SH', '002121.SZ', '603555.SH', '600557.SH', '002547.SZ', '300005.SZ', '000595.SZ', '002238.SZ', '002639.SZ', '603069.SH', '000697.SZ', '600996.SH', '002613.SZ', '300598.SZ', '002750.SZ', '002181.SZ', '600807.SH', '600818.SH', '600536.SH', '002735.SZ', '002530.SZ', '002389.SZ', '000516.SZ', '002746.SZ', '600353.SH', '000860.SZ', '002234.SZ', '000816.SZ', '002912.SZ', '002542.SZ', '000766.SZ', '600313.SH', '002104.SZ', '600685.SH', '603883.SH', '688221.SH', '002162.SZ', '603138.SH', '603777.SH', '600698.SH', '003029.SZ', '002033.SZ', '688177.SH', '002491.SZ', '002299.SZ', '300203.SZ']"
2023-01-09,2023-01-06,2023-01-16,0.009646252950891198,50,0.96,,"['300603.SZ', '300678.SZ', '300570.SZ', '300513.SZ', '300299.SZ', '688579.SH', '301236.SZ', '688100.SH', '688246.SH', '300532.SZ', '605333.SH', '603171.SH', '688697.SH', '002017.SZ', '300939.SZ', '002238.SZ', '001323.SZ', '001308.SZ', '301268.SZ', '605068.SH', '605060.SH', '605186.SH', '300620.SZ', '003031.SZ', '605116.SH', '002530.SZ', '002197.SZ', '603132.SH', '688232.SH', '605167.SH', '605128.SH', '603577.SH', '300314.SZ', '002519.SZ', '300684.SZ', '301193.SZ', '002777.SZ', '000628.SZ', '300488.SZ', '688085.SH', '300547.SZ', '300354.SZ', '001270.SZ', '002598.SZ', '300700.SZ', '300075.SZ', '002261.SZ', '002668.SZ', '603757.SH', '603811.SH']"
2023-01-16,2023-01-13,2023-01-30,0.041115504493537215,50,0.68,,"['300603.SZ', '002380.SZ', '688100.SH', '002605.SZ', '300205.SZ', '301236.SZ', '300248.SZ', '001308.SZ', '301268.SZ', '002017.SZ', '300939.SZ', '605060.SH', '688767.SH', '300342.SZ', '688075.SH', '605186.SH', '003031.SZ', '603611.SH', '688026.SH', '300791.SZ', '301193.SZ', '300259.SZ', '300684.SZ', '688606.SH', '688232.SH', '605338.SH', '300394.SZ', '002421.SZ', '002598.SZ', '300642.SZ', '002668.SZ', '300502.SZ', '603966.SH', '300580.SZ', '603757.SH', '603619.SH', '001203.SZ', '301217.SZ', '300229.SZ', '688317.SH', '603898.SH', '000159.SZ', '002955.SZ', '300674.SZ', '605368.SH', '002805.SZ', '601869.SH', '688399.SH', '002063.SZ', '688686.SH']"
2023-01-30,2023-01-20,2023-02-06,0.03448044337714547,50,0.76,,"['300570.SZ', '300513.SZ', '300590.SZ', '300504.SZ', '300678.SZ', '301048.SZ', '688551.SH', '300288.SZ', '300908.SZ', '688579.SH', '300559.SZ', '000607.SZ', '002017.SZ', '300248.SZ', '300550.SZ', '605186.SH', '300531.SZ', '300342.SZ', '603869.SH', '603577.SH', '300791.SZ', '300130.SZ', '002255.SZ', '688049.SH', '688330.SH', '605338.SH', '300259.SZ', '300632.SZ', '300684.SZ', '600776.SH', '002282.SZ', '300314.SZ', '300252.SZ', '300079.SZ', '000655.SZ', '603618.SH', '300099.SZ', '002598.SZ', '300410.SZ', '300502.SZ', '300488.SZ', '600379.SH', '300629.SZ', '300642.SZ', '300430.SZ', '300647.SZ', '300580.SZ', '300105.SZ', '000153.SZ', '300046.SZ']"
2023-02-06,2023-02-03,2023-02-13,0.02185684733206211,50,0.7,,"['300513.SZ', '688313.SH', '688258.SH', '300288.SZ', '300302.SZ', '300353.SZ', '688579.SH', '688551.SH', '300542.SZ', '600088.SH', '300205.SZ', '600105.SH', '300061.SZ', '300311.SZ', '688155.SH', '300078.SZ', '300645.SZ', '000607.SZ', '300248.SZ', '002017.SZ', '603232.SH', '002929.SZ', '300550.SZ', '000010.SZ', '300659.SZ', '300853.SZ', '300020.SZ', '603528.SH', '688589.SH', '300378.SZ', '300259.SZ', '600776.SH', '300663.SZ', '002255.SZ', '300342.SZ', '002622.SZ', '300472.SZ', '300085.SZ', '002232.SZ', '300314.SZ', '300632.SZ', '002452.SZ', '300447.SZ', '600797.SH', '300430.SZ', '603966.SH', '002350.SZ', '002631.SZ', '300506.SZ', '002544.SZ']"
2023-02-13,2023-02-10,2023-02-20,-0.012726637157043683,50,0.66,,"['300386.SZ', '301048.SZ', '300552.SZ', '603220.SH', '300302.SZ', '300061.SZ', '300691.SZ', '300940.SZ', '600088.SH', '300542.SZ', '688558.SH', '002977.SZ', '600831.SH', '300205.SZ', '300031.SZ', '688155.SH', '688246.SH', '688589.SH', '300365.SZ', '688136.SH', '300872.SZ', '300902.SZ', '300311.SZ', '605199.SH', '688519.SH', '300078.SZ', '000010.SZ', '300752.SZ', '300853.SZ', '603189.SH', '300632.SZ', '603990.SH', '300465.SZ', '002900.SZ', '002376.SZ', '300020.SZ', '688049.SH', '300378.SZ', '002584.SZ', '002622.SZ', '600756.SH', '300429.SZ', '300287.SZ', '301026.SZ', '300252.SZ', '300098.SZ', '300472.SZ', '002551.SZ', '002452.SZ', '002912.SZ']"
2023-02-20,2023-02-17,2023-02-27,-0.015604974844379338,50,0.92,,"['605577.SH', '603825.SH', '300788.SZ', '002115.SZ', '301048.SZ', '300504.SZ', '688558.SH', '600387.SH', '600757.SH', '688767.SH', '300686.SZ', '301166.SZ', '300040.SZ', '688606.SH', '002035.SZ', '002448.SZ', '002584.SZ', '603071.SH', '600619.SH', '002758.SZ', '000655.SZ', '002255.SZ', '600336.SH', '002452.SZ', '603002.SH', '600822.SH', '002082.SZ', '600203.SH', '600373.SH', '002543.SZ', '603618.SH', '300439.SZ', '600081.SH', '002533.SZ', '603898.SH', '603386.SH', '605050.SH', '300391.SZ', '601218.SH', '000159.SZ', '002469.SZ', '002322.SZ', '600218.SH', '603818.SH', '000666.SZ', '600829.SH', '603158.SH', '300193.SZ', '600327.SH', '000411.SZ']"
2023-02-27,2023-02-24,2023-03-06,0.02017540303924008,50,0.6,,"['605577.SH', '600229.SH', '601956.SH', '000529.SZ', '000719.SZ', '601686.SH', '300582.SZ', '600757.SH', '002478.SZ', '603071.SH', '605196.SH', '688181.SH', '002448.SZ', '601900.SH', '603002.SH', '002758.SZ', '000404.SZ', '601811.SH', '000655.SZ', '000153.SZ', '300040.SZ', '000521.SZ', '600822.SH', '002035.SZ', '605368.SH', '300439.SZ', '300259.SZ', '300739.SZ', '600081.SH', '600336.SH', '603768.SH', '300194.SZ', '601801.SH', '600758.SH', '603890.SH', '600829.SH', '600218.SH', '603618.SH', '300193.SZ', '603527.SH', '603898.SH', '002510.SZ', '000919.SZ', '601218.SH', '002533.SZ', '603787.SH', '300226.SZ', '300304.SZ', '002559.SZ', '300184.SZ']"
2023-03-06,2023-03-03,2023-03-13,-0.008952267433106008,50,0.86,,"['600228.SH', '300291.SZ', '600387.SH', '603232.SH', '600052.SH', '600088.SH', '002322.SZ', '300788.SZ', '300645.SZ', '600825.SH', '601595.SH', '601956.SH', '002376.SZ', '600229.SH', '600198.SH', '603869.SH', '603508.SH', '300686.SZ', '000666.SZ', '002448.SZ', '300853.SZ', '300259.SZ', '002282.SZ', '600822.SH', '002303.SZ', '603768.SH', '600203.SH', '603669.SH', '000159.SZ', '002393.SZ', '600336.SH', '002462.SZ', '600716.SH', '002650.SZ', '601002.SH', '300188.SZ', '601609.SH', '600327.SH', '600851.SH', '600616.SH', '600173.SH', '000407.SZ', '600638.SH', '603359.SH', '002570.SZ', '000059.SZ', '000931.SZ', '600495.SH', '300284.SZ', '600300.SH']"
2023-03-13,2023-03-10,2023-03-20,-0.01860884807517488,50,0.64,,"['600228.SH', '605577.SH', '002908.SZ', '300571.SZ', '603825.SH', '000010.SZ', '002306.SZ', '600088.SH', '600387.SH', '600198.SH', '300788.SZ', '300365.SZ', '301091.SZ', '002900.SZ', '000607.SZ', '300872.SZ', '300078.SZ', '603232.SH', '300645.SZ', '300659.SZ', '002376.SZ', '300853.SZ', '002735.SZ', '300465.SZ', '300391.SZ', '002584.SZ', '600571.SH', '300342.SZ', '002622.SZ', '000159.SZ', '600222.SH', '002400.SZ', '600836.SH', '600822.SH', '300085.SZ', '000411.SZ', '002587.SZ', '002912.SZ', '600203.SH', '000779.SZ', '603669.SH', '002117.SZ', '600624.SH', '600327.SH', '603359.SH', '002650.SZ', '300105.SZ', '600716.SH', '600629.SH', '002462.SZ']"
2023-03-20,2023-03-17,2023-03-27,0.05814470220154662,50,0.5,,"['603220.SH', '600088.SH', '003040.SZ', '300291.SZ', '300941.SZ', '603825.SH', '300788.SZ', '300386.SZ', '600105.SH', '000607.SZ', '300365.SZ', '600198.SH', '000010.SZ', '601595.SH', '600387.SH', '002322.SZ', '300078.SZ', '002977.SZ', '688609.SH', '600775.SH', '688661.SH', '300853.SZ', '300248.SZ', '600757.SH', '002376.SZ', '002900.SZ', '600986.SH', '300645.SZ', '300872.SZ', '300465.SZ', '300020.SZ', '002400.SZ', '300659.SZ', '002584.SZ', '300259.SZ', '600640.SH', '688699.SH', '300287.SZ', '300105.SZ', '300342.SZ', '600776.SH', '300098.SZ', '603466.SH', '002082.SZ', '300085.SZ', '600822.SH', '600571.SH', '300391.SZ', '600841.SH', '600836.SH']"
2023-03-27,2023-03-24,2023-04-03,0.017176007915054567,50,0.72,,"['300941.SZ', '300552.SZ', '002970.SZ', '300386.SZ', '002792.SZ', '300551.SZ', '002908.SZ', '688313.SH', '300691.SZ', '300504.SZ', '300542.SZ', '300302.SZ', '300590.SZ', '688201.SH', '300365.SZ', '300541.SZ', '300571.SZ', '300872.SZ', '301048.SZ', '002104.SZ', '603232.SH', '688558.SH', '603990.SH', '300183.SZ', '300205.SZ', '300548.SZ', '300078.SZ', '600105.SH', '002376.SZ', '300465.SZ', '300902.SZ', '600571.SH', '300053.SZ', '600198.SH', '301200.SZ', '605339.SH', '688588.SH', '603189.SH', '000010.SZ', '603825.SH', '688027.SH', '001323.SZ', '300061.SZ', '688095.SH', '688155.SH', '688678.SH', '000851.SZ', '300020.SZ', '688162.SH', '300287.SZ']"
2023-04-03,2023-03-31,2023-04-10,-0.016968151641026056,50,1.0,,"['300474.SZ', '300317.SZ', '688521.SH', '600771.SH', '600895.SH', '603738.SH', '688256.SH', '688158.SH', '600118.SH', '600095.SH', '000962.SZ', '002747.SZ', '002413.SZ', '300490.SZ', '600199.SH', '300236.SZ', '300634.SZ', '300045.SZ', '688192.SH', '002119.SZ', '002161.SZ', '600006.SH', '600201.SH', '600730.SH', '002651.SZ', '002350.SZ', '300603.SZ', '603859.SH', '300252.SZ', '603131.SH', '600072.SH', '600116.SH', '300331.SZ', '601519.SH', '688508.SH', '002117.SZ', '300645.SZ', '300319.SZ', '601179.SH', '301179.SZ', '300123.SZ', '300291.SZ', '002453.SZ', '300263.SZ', '000818.SZ', '600468.SH', '600410.SH', '000988.SZ', '688018.SH', '688321.SH']"
2023-04-10,2023-04-07,2023-04-17,0.026057100117436453,50,0.96,,"['600228.SH', '603258.SH', '300061.SZ', '688155.SH', '603466.SH', '000607.SZ', '300291.SZ', '603103.SH', '603533.SH', '300031.SZ', '300027.SZ', '601595.SH', '600640.SH', '300853.SZ', '002977.SZ', '003040.SZ', '000676.SZ', '300590.SZ', '300902.SZ', '002452.SZ', '300571.SZ', '301200.SZ', '300205.SZ', '300353.SZ', '688580.SH', '300617.SZ', '688788.SH', '000681.SZ', '002491.SZ', '300053.SZ', '300317.SZ', '300133.SZ', '600198.SH', '603888.SH', '002605.SZ', '300315.SZ', '301217.SZ', '600053.SH', '688626.SH', '600841.SH', '300134.SZ', '600556.SH', '688488.SH', '300447.SZ', '300809.SZ', '688027.SH', '688733.SH', '003039.SZ', '002174.SZ', '002123.SZ']"
2023-04-17,2023-04-14,2023-04-24,-0.002808446299642311,50,0.9,,"['605577.SH', '002306.SZ', '600956.SH', '000719.SZ', '000407.SZ', '000676.SZ', '000862.SZ', '000993.SZ', '600757.SH', '600986.SH', '601900.SH', '600982.SH', '603466.SH', '002448.SZ', '601811.SH', '600640.SH', '002758.SZ', '605090.SH', '002255.SZ', '600053.SH', '601801.SH', '600163.SH', '002961.SZ', '002039.SZ', '601218.SH', '600822.SH', '603967.SH', '002404.SZ', '600081.SH', '601019.SH', '688606.SH', '600373.SH', '603071.SH', '600218.SH', '600650.SH', '002478.SZ', '002267.SZ', '600927.SH', '600794.SH', '600327.SH', '000655.SZ', '002346.SZ', '002282.SZ', '600173.SH', '000026.SZ', '600198.SH', '300251.SZ', '600758.SH', '000726.SZ', '600268.SH']"
2023-04-24,2023-04-21,2023-05-04,0.080499969503123,50,0.46,,"['605011.SH', '605368.SH', '605577.SH', '002616.SZ', '600956.SH', '000407.SZ', '603689.SH', '600979.SH', '000529.SZ', '000993.SZ', '600982.SH', '000601.SZ', '000719.SZ', '600757.SH', '605090.SH', '002448.SZ', '605138.SH', '688075.SH', '600163.SH', '601811.SH', '002758.SZ', '002039.SZ', '002404.SZ', '000600.SZ', '600037.SH', '603071.SH', '601900.SH', '000156.SZ', '601801.SH', '002478.SZ', '600794.SH', '600927.SH', '603053.SH', '600368.SH', '000655.SZ', '000153.SZ', '002267.SZ', '002327.SZ', '603393.SH', '001213.SZ', '600903.SH', '002029.SZ', '601019.SH', '000026.SZ', '600758.SH', '600121.SH', '600373.SH', '002282.SZ', '000507.SZ', '002614.SZ']"
2023-05-04,2023-04-28,2023-05-08,0.00187299034654673,50,0.64,,"['600956.SH', '600318.SH', '000407.SZ', '600617.SH', '600979.SH', '002479.SZ', '000993.SZ', '605196.SH', '000040.SZ', '600229.SH', '000601.SZ', '300027.SZ', '688767.SH', '688075.SH', '002039.SZ', '002448.SZ', '600792.SH', '603093.SH', '600037.SH', '601218.SH', '600635.SH', '601801.SH', '300391.SZ', '002364.SZ', '002731.SZ', '600509.SH', '300006.SZ', '002478.SZ', '600368.SH', '600095.SH', '600903.SH', '600716.SH', '001213.SZ', '601019.SH', '600906.SH', '000507.SZ', '603727.SH', '600121.SH', '000726.SZ', '601528.SH', '600637.SH', '601456.SH', '600327.SH', '600613.SH', '000926.SZ', '300147.SZ', '002614.SZ', '601963.SH', '000759.SZ', '002383.SZ']"
2023-05-08,2023-05-05,2023-05-15,-0.001077705250570249,50,0.5,,"['605368.SH', '600956.SH', '600318.SH', '600101.SH', '000531.SZ', '300027.SZ', '600229.SH', '002039.SZ', '600163.SH', '000917.SZ', '002961.SZ', '603759.SH', '603093.SH', '002448.SZ', '600509.SH', '002551.SZ', '601528.SH', '600798.SH', '600635.SH', '600794.SH', '601801.SH', '002267.SZ', '600643.SH', '601963.SH', '300006.SZ', '002478.SZ', '600368.SH', '001213.SZ', '600373.SH', '000507.SZ', '600716.SH', '600533.SH', '600327.SH', '000726.SZ', '603693.SH', '600121.SH', '300147.SZ', '600637.SH', '000099.SZ', '002614.SZ', '600864.SH', '600758.SH', '603323.SH', '000926.SZ', '000919.SZ', '600526.SH', '600897.SH', '002327.SZ', '601619.SH', '603012.SH']"
2023-05-15,2023-05-12,2023-05-22,0.0036244759537504435,50,0.7,,"['300483.SZ', '688767.SH', '300911.SZ', '688075.SH', '600101.SH', '300813.SZ', '000755.SZ', '300081.SZ', '300391.SZ', '002448.SZ', '300890.SZ', '002551.SZ', '603768.SH', '300006.SZ', '600509.SH', '603727.SH', '600635.SH', '000504.SZ', '002267.SZ', '002282.SZ', '002940.SZ', '600368.SH', '002666.SZ', '300147.SZ', '600758.SH', '601963.SH', '002547.SZ', '600716.SH', '600693.SH', '300194.SZ', '603012.SH', '600864.SH', '000919.SZ', '002561.SZ', '688068.SH', '002527.SZ', '600824.SH', '002062.SZ', '002596.SZ', '603538.SH', '000875.SZ', '000055.SZ', '000417.SZ', '300318.SZ', '600035.SH', '603086.SH', '600283.SH', '601101.SH', '000923.SZ', '002393.SZ']"
2023-05-22,2023-05-19,2023-05-29,-0.01098210085182872,50,0.82,,"['688558.SH', '605368.SH', '300837.SZ', '300873.SZ', '002448.SZ', '300590.SZ', '002452.SZ', '003002.SZ', '300435.SZ', '300453.SZ', '000755.SZ', '601218.SH', '002606.SZ', '600822.SH', '300642.SZ', '300488.SZ', '300193.SZ', '300239.SZ', '300304.SZ', '603878.SH', '300439.SZ', '603758.SH', '300908.SZ', '002346.SZ', '000026.SZ', '600794.SH', '002940.SZ', '300099.SZ', '002267.SZ', '300384.SZ', '300258.SZ', '600368.SH', '002107.SZ', '603012.SH', '002469.SZ', '300400.SZ', '300194.SZ', '603131.SH', '002662.SZ', '002540.SZ', '300160.SZ', '002225.SZ', '603966.SH', '603811.SH', '601619.SH', '002559.SZ', '000055.SZ', '300430.SZ', '300196.SZ', '603086.SH']"
2023-05-29,2023-05-26,2023-06-05,0.021157782824154613,50,0.72,,"['688558.SH', '300837.SZ', '002892.SZ', '300577.SZ', '300603.SZ', '002801.SZ', '301026.SZ', '603170.SH', '000862.SZ', '300873.SZ', '002580.SZ', '300571.SZ', '688580.SH', '300590.SZ', '603324.SH', '300547.SZ', '605009.SH', '605060.SH', '002452.SZ', '603235.SH', '300504.SZ', '605167.SH', '001270.SZ', '300435.SZ', '002255.SZ', '002328.SZ', '002606.SZ', '003002.SZ', '300447.SZ', '002194.SZ', '300453.SZ', '688059.SH', '002104.SZ', '003006.SZ', '002829.SZ', '300299.SZ', '300488.SZ', '688468.SH', '603758.SH', '000607.SZ', '300908.SZ', '000737.SZ', '603105.SH', '300304.SZ', '002017.SZ', '003043.SZ', '002467.SZ', '688089.SH', '603011.SH', '603878.SH']"
2023-06-05,2023-06-02,2023-06-12,-0.00019682997835076543,50,0.7,,"['300978.SZ', '605368.SH', '002996.SZ', '002397.SZ', '300863.SZ', '300577.SZ', '600101.SH', '000862.SZ', '002792.SZ', '002452.SZ', '300547.SZ', '300435.SZ', '605009.SH', '300571.SZ', '300423.SZ', '002404.SZ', '605577.SH', '000755.SZ', '688313.SH', '002115.SZ', '002606.SZ', '600469.SH', '301175.SZ', '002328.SZ', '002194.SZ', '002903.SZ', '603628.SH', '300403.SZ', '603787.SH', '300447.SZ', '002441.SZ', '600825.SH', '603105.SH', '300506.SZ', '600794.SH', '002478.SZ', '688468.SH', '002598.SZ', '600758.SH', '002467.SZ', '600152.SH', '600229.SH', '603878.SH', '002491.SZ', '600368.SH', '603118.SH', '002267.SZ', '000026.SZ', '300439.SZ', '300252.SZ']"
2023-06-12,2023-06-09,2023-06-19,0.007711726529867042,50,0.78,,"['605068.SH', '002996.SZ', '605208.SH', '605196.SH', '002397.SZ', '600101.SH', '600617.SH', '300577.SZ', '603689.SH', '603967.SH', '300423.SZ', '603071.SH', '002551.SZ', '600228.SH', '002328.SZ', '603787.SH', '600533.SH', '600794.SH', '603727.SH', '300506.SZ', '600635.SH', '600327.SH', '600368.SH', '600961.SH', '000159.SZ', '300147.SZ', '000926.SZ', '002267.SZ', '002029.SZ', '000759.SZ', '600864.SH', '300968.SZ', '300801.SZ', '002662.SZ', '000962.SZ', '002314.SZ', '002225.SZ', '002527.SZ', '600693.SH', '002462.SZ', '603103.SH', '002982.SZ', '002596.SZ', '002783.SZ', '000055.SZ', '600180.SH', '600742.SH', '000404.SZ', '002839.SZ', '603565.SH']"
2023-06-19,2023-06-16,2023-06-26,-0.052986971978961656,50,0.92,,"['003040.SZ', '002115.SZ', '300978.SZ', '300183.SZ', '600228.SH', '605208.SH', '300205.SZ', '300423.SZ', '300941.SZ', '300863.SZ', '300105.SZ', '300902.SZ', '300785.SZ', '000892.SZ', '002017.SZ', '603421.SH', '002882.SZ', '688697.SH', '002467.SZ', '600644.SH', '002255.SZ', '300990.SZ', '688600.SH', '002350.SZ', '002093.SZ', '300386.SZ', '600825.SH', '300968.SZ', '603628.SH', '300053.SZ', '300925.SZ', '002364.SZ', '002903.SZ', '000600.SZ', '002980.SZ', '300472.SZ', '300691.SZ', '300740.SZ', '600152.SH', '003021.SZ', '300541.SZ', '300291.SZ', '003029.SZ', '001308.SZ', '002469.SZ', '002379.SZ', '002181.SZ', '603232.SH', '300027.SZ', '300222.SZ']"
2023-06-26,2023-06-21,2023-07-03,0.0437878372524691,50,0.74,,"['002580.SZ', '001258.SZ', '300863.SZ', '300105.SZ', '301026.SZ', '605199.SH', '002882.SZ', '688697.SH', '605009.SH', '300990.SZ', '301166.SZ', '605060.SH', '300981.SZ', '300513.SZ', '002634.SZ', '688600.SH', '688112.SH', '003002.SZ', '688670.SH', '300733.SZ', '002980.SZ', '603170.SH', '603527.SH', '600152.SH', '002115.SZ', '003039.SZ', '003006.SZ', '688468.SH', '003021.SZ', '002090.SZ', '003020.SZ', '600207.SH', '603507.SH', '603982.SH', '002583.SZ', '688315.SH', '002300.SZ', '002480.SZ', '002017.SZ', '605089.SH', '300354.SZ', '001203.SZ', '300740.SZ', '002342.SZ', '002297.SZ', '000159.SZ', '000600.SZ', '300848.SZ', '300129.SZ', '603113.SH']"
2023-07-03,2023-06-30,2023-07-10,-0.007361341273458504,50,0.9,,"['600419.SH', '000950.SZ', '000028.SZ', '600686.SH', '002852.SZ', '000922.SZ', '600469.SH', '300226.SZ', '600787.SH', '002870.SZ', '002301.SZ', '601003.SH', '000543.SZ', '688600.SH', '002469.SZ', '603618.SH', '003020.SZ', '600629.SH', '300430.SZ', '600713.SH', '300815.SZ', '603590.SH', '000751.SZ', '603878.SH', '603126.SH', '600998.SH', '600531.SH', '600058.SH', '301026.SZ', '002333.SZ', '600280.SH', '002758.SZ', '002137.SZ', '002580.SZ', '603869.SH', '002110.SZ', '002037.SZ', '600973.SH', '002661.SZ', '600354.SH', '002761.SZ', '002512.SZ', '601789.SH', '603103.SH', '603527.SH', '603757.SH', '000539.SZ', '002622.SZ', '603020.SH', '000040.SZ']"
2023-07-10,2023-07-07,2023-07-17,0.005202342354088964,50,0.86,,"['601003.SH', '300733.SZ', '600126.SH', '002328.SZ', '600785.SH', '600469.SH', '603787.SH', '002870.SZ', '002799.SZ', '002067.SZ', '000417.SZ', '000812.SZ', '603610.SH', '002752.SZ', '603180.SH', '002301.SZ', '300918.SZ', '002014.SZ', '600308.SH', '688228.SH', '603003.SH', '000159.SZ', '002634.SZ', '603887.SH', '300614.SZ', '300047.SZ', '002083.SZ', '002512.SZ', '600853.SH', '002042.SZ', '000829.SZ', '000551.SZ', '300388.SZ', '002852.SZ', '002889.SZ', '300226.SZ', '001205.SZ', '603113.SH', '603209.SH', '300805.SZ', '000034.SZ', '300063.SZ', '603825.SH', '301149.SZ', '002905.SZ', '300891.SZ', '000905.SZ', '300801.SZ', '600831.SH', '300829.SZ']"
2023-07-17,2023-07-14,2023-07-24,-0.01148174776612273,50,0.7,,"['300733.SZ', '301188.SZ', '002328.SZ', '002510.SZ', '002799.SZ', '603109.SH', '002870.SZ', '000812.SZ', '603058.SH', '603165.SH', '002752.SZ', '003016.SZ', '300448.SZ', '000700.SZ', '002301.SZ', '002322.SZ', '603003.SH', '603035.SH', '300872.SZ', '002404.SZ', '688588.SH', '000409.SZ', '603518.SH', '002083.SZ', '300531.SZ', '600756.SH', '603808.SH', '000551.SZ', '002421.SZ', '002540.SZ', '603686.SH', '603508.SH', '300873.SZ', '002889.SZ', '001205.SZ', '002772.SZ', '300908.SZ', '301258.SZ', '300063.SZ', '603096.SH', '003000.SZ', '301201.SZ', '300891.SZ', '002900.SZ', '002666.SZ', '600831.SH', '688338.SH', '300310.SZ', '000607.SZ', '300513.SZ']"
2023-07-24,2023-07-21,2023-07-31,0.04324919824930937,50,0.78,,"['600569.SH', '600581.SH', '600679.SH', '601003.SH', '002110.SZ', '600782.SH', '002870.SZ', '600081.SH', '600126.SH', '000761.SZ', '000868.SZ', '301188.SZ', '600375.SH', '000825.SZ', '600327.SH', '002799.SZ', '002067.SZ', '600742.SH', '603610.SH', '000910.SZ', '002752.SZ', '688228.SH', '600433.SH', '600278.SH', '002301.SZ', '603003.SH', '600308.SH', '603887.SH', '300047.SZ', '600335.SH', '603518.SH', '000850.SZ', '000488.SZ', '000159.SZ', '002083.SZ', '002988.SZ', '000829.SZ', '002047.SZ', '600853.SH', '000751.SZ', '002042.SZ', '300226.SZ', '000551.SZ', '300266.SZ', '000911.SZ', '300805.SZ', '300063.SZ', '300908.SZ', '000034.SZ', '000639.SZ']"
2023-07-31,2023-07-28,2023-08-07,-0.00882817025553824,50,0.54,,"['002208.SZ', '002314.SZ', '000042.SZ', '000886.SZ', '002285.SZ', '600569.SH', '600604.SH', '600094.SH', '600581.SH', '600376.SH', '002075.SZ', '600185.SH', '000402.SZ', '000031.SZ', '600126.SH', '000761.SZ', '600679.SH', '600182.SH', '002969.SZ', '000959.SZ', '600386.SH', '000825.SZ', '600081.SH', '000627.SZ', '002187.SZ', '002067.SZ', '600327.SH', '000910.SZ', '002752.SZ', '600337.SH', '600433.SH', '600742.SH', '603313.SH', '603003.SH', '002298.SZ', '000488.SZ', '600966.SH', '002083.SZ', '000159.SZ', '000850.SZ', '002376.SZ', '300324.SZ', '600853.SH', '000829.SZ', '002047.SZ', '603359.SH', '000751.SZ', '002042.SZ', '002672.SZ', '300673.SZ']"
2023-08-07,2023-08-04,2023-08-14,-0.01153399003268777,50,0.44,,"['000886.SZ', '002314.SZ', '000042.SZ', '000797.SZ', '002285.SZ', '600604.SH', '000560.SZ', '600094.SH', '000029.SZ', '600569.SH', '600581.SH', '600376.SH', '600185.SH', '000402.SZ', '000031.SZ', '002110.SZ', '600782.SH', '000761.SZ', '600126.SH', '600679.SH', '600182.SH', '600386.SH', '002969.SZ', '002813.SZ', '300616.SZ', '000959.SZ', '000825.SZ', '002547.SZ', '600686.SH', '600327.SH', '002162.SZ', '300830.SZ', '002374.SZ', '000910.SZ', '600742.SH', '300542.SZ', '600337.SH', '600433.SH', '603232.SH', '300311.SZ', '300996.SZ', '000627.SZ', '600278.SH', '603313.SH', '300659.SZ', '300249.SZ', '002298.SZ', '603887.SH', '300248.SZ', '300078.SZ']"
2023-08-14,2023-08-11,2023-08-21,-0.033831604700712635,50,0.48,,"['002314.SZ', '000886.SZ', '000797.SZ', '002285.SZ', '600736.SH', '600604.SH', '600340.SH', '000736.SZ', '600376.SH', '000402.SZ', '600386.SH', '002969.SZ', '002265.SZ', '002813.SZ', '300616.SZ', '002547.SZ', '000627.SZ', '002670.SZ', '003029.SZ', '600686.SH', '002162.SZ', '002561.SZ', '300830.SZ', '002374.SZ', '000910.SZ', '600337.SH', '002251.SZ', '300311.SZ', '300249.SZ', '603232.SH', '300996.SZ', '002298.SZ', '300248.SZ', '603887.SH', '000815.SZ', '301091.SZ', '300479.SZ', '000488.SZ', '600966.SH', '002609.SZ', '002047.SZ', '002657.SZ', '002530.SZ', '603665.SH', '600855.SH', '002717.SZ', '689009.SH', '002672.SZ', '601566.SH', '300271.SZ']"
2023-08-21,2023-08-18,2023-08-28,0.006750974830686422,50,0.84,,"['000965.SZ', '000797.SZ', '000011.SZ', '600736.SH', '000006.SZ', '000736.SZ', '301110.SZ', '600649.SH', '301185.SZ', '000666.SZ', '002162.SZ', '301136.SZ', '002762.SZ', '002590.SZ', '688590.SH', '002561.SZ', '603887.SH', '002251.SZ', '601599.SH', '300302.SZ', '002717.SZ', '000506.SZ', '603196.SH', '600629.SH', '600133.SH', '301025.SZ', '603918.SH', '600283.SH', '300987.SZ', '000158.SZ', '688418.SH', '300625.SZ', '002343.SZ', '300612.SZ', '600928.SH', '300148.SZ', '002902.SZ', '002864.SZ', '603322.SH', '603999.SH', '002900.SZ', '601999.SH', '688687.SH', '300513.SZ', '600345.SH', '300404.SZ', '600825.SH', '000802.SZ', '600088.SH', '300342.SZ']"
2023-08-28,2023-08-25,2023-09-04,0.020838757771455746,50,0.96,,"['000863.SZ', '002208.SZ', '000926.SZ', '002285.SZ', '000042.SZ', '000560.SZ', '600094.SH', '000402.SZ', '600266.SH', '000686.SZ', '002961.SZ', '000750.SZ', '603093.SH', '002244.SZ', '600182.SH', '601162.SH', '002187.SZ', '002264.SZ', '600337.SH', '002561.SZ', '000910.SZ', '002547.SZ', '003016.SZ', '002277.SZ', '600694.SH', '000488.SZ', '603518.SH', '002376.SZ', '600814.SH', '600853.SH', '000850.SZ', '603359.SH', '600828.SH', '000501.SZ', '600121.SH', '600846.SH', '001338.SZ', '600283.SH', '601828.SH', '600827.SH', '301235.SZ', '002627.SZ', '000639.SZ', '301166.SZ', '600279.SH', '601860.SH', '601008.SH', '300981.SZ', '600190.SH', '603825.SH']"
2023-09-04,2023-09-01,2023-09-11,0.009039577994402524,50,0.96,,"['002478.SZ', '300994.SZ', '300978.SZ', '600386.SH', '600469.SH', '002448.SZ', '301188.SZ', '603109.SH', '002870.SZ', '002328.SZ', '603809.SH', '300507.SZ', '603758.SH', '002965.SZ', '301046.SZ', '300304.SZ', '002662.SZ', '000532.SZ', '300982.SZ', '000409.SZ', '300697.SZ', '000913.SZ', '301026.SZ', '000700.SZ', '002284.SZ', '300532.SZ', '002634.SZ', '603035.SH', '300614.SZ', '002577.SZ', '603518.SH', '300835.SZ', '300047.SZ', '301039.SZ', '000026.SZ', '002167.SZ', '001338.SZ', '002345.SZ', '603399.SH', '300631.SZ', '002540.SZ', '000962.SZ', '002852.SZ', '600354.SH', '002772.SZ', '301191.SZ', '301102.SZ', '301257.SZ', '002860.SZ', '688722.SH']"
2023-09-11,2023-09-08,2023-09-18,-0.013662156233908223,50,0.6,,"['000655.SZ', '601279.SH', '300994.SZ', '300978.SZ', '688667.SH', '605133.SH', '002735.SZ', '300681.SZ', '600386.SH', '002448.SZ', '688060.SH', '603109.SH', '002328.SZ', '603085.SH', '002870.SZ', '603809.SH', '000812.SZ', '688201.SH', '002162.SZ', '301046.SZ', '603758.SH', '002766.SZ', '300507.SZ', '002965.SZ', '002970.SZ', '301215.SZ', '002662.SZ', '300344.SZ', '002664.SZ', '300614.SZ', '300258.SZ', '603189.SH', '688207.SH', '603990.SH', '002284.SZ', '603035.SH', '300835.SZ', '003038.SZ', '300520.SZ', '300631.SZ', '300337.SZ', '300328.SZ', '002167.SZ', '605376.SH', '001228.SZ', '601020.SH', '001205.SZ', '000503.SZ', '301102.SZ', '002868.SZ']"
2023-09-18,2023-09-15,2023-09-25,-0.016639165976271998,50,0.7,,"['600382.SH', '000655.SZ', '603878.SH', '002478.SZ', '603995.SH', '000517.SZ', '000090.SZ', '300994.SZ', '601969.SH', '300978.SZ', '605007.SH', '301110.SZ', '603787.SH', '600295.SH', '300681.SZ', '002969.SZ', '600386.SH', '002448.SZ', '002870.SZ', '600469.SH', '002328.SZ', '600643.SH', '600785.SH', '603058.SH', '605377.SH', '603758.SH', '301215.SZ', '000812.SZ', '002162.SZ', '000417.SZ', '300729.SZ', '002662.SZ', '301248.SZ', '002752.SZ', '600742.SH', '601968.SH', '600308.SH', '002489.SZ', '600694.SH', '603035.SH', '600817.SH', '300835.SZ', '603518.SH', '603003.SH', '002083.SZ', '000026.SZ', '002416.SZ', '002062.SZ', '301116.SZ', '001338.SZ']"
2023-09-25,2023-09-22,2023-10-09,0.0011181327572224965,50,0.9,,"['605196.SH', '605555.SH', '002918.SZ', '688135.SH', '003026.SZ', '600618.SH', '002833.SZ', '605167.SH', '601918.SH', '300193.SZ', '601666.SH', '002543.SZ', '002695.SZ', '300349.SZ', '600251.SH', '000707.SZ', '600874.SH', '603360.SH', '301047.SZ', '000902.SZ', '002971.SZ', '300397.SZ', '603393.SH', '000529.SZ', '600461.SH', '603931.SH', '605016.SH', '002662.SZ', '300796.SZ', '002258.SZ', '002795.SZ', '002978.SZ', '002162.SZ', '688106.SH', '600826.SH', '600509.SH', '000090.SZ', '300439.SZ', '300453.SZ', '300835.SZ', '300815.SZ', '688181.SH', '300852.SZ', '600546.SH', '600325.SH', '002391.SZ', '600368.SH', '600777.SH', '600017.SH', '600643.SH']"
2023-10-09,2023-09-28,2023-10-16,-0.014046478068188907,50,0.7,,"['603938.SH', '603299.SH', '002943.SZ', '603191.SH', '605555.SH', '002977.SZ', '600123.SH', '003026.SZ', '002565.SZ', '300193.SZ', '300575.SZ', '601666.SH', '601918.SH', '300447.SZ', '600251.SH', '002543.SZ', '601677.SH', '601001.SH', '688733.SH', '000707.SZ', '300911.SZ', '002162.SZ', '002968.SZ', '603360.SH', '000672.SZ', '603380.SH', '000812.SZ', '002026.SZ', '301201.SZ', '300227.SZ', '002662.SZ', '002258.SZ', '301011.SZ', '000915.SZ', '000822.SZ', '300439.SZ', '688087.SH', '000731.SZ', '688179.SH', '300239.SZ', '301258.SZ', '688181.SH', '002448.SZ', '600586.SH', '300815.SZ', '603697.SH', '600367.SH', '300441.SZ', '688308.SH', '000993.SZ']"
2023-10-16,2023-10-13,2023-10-23,-0.06652289990576113,50,0.96,,"['301189.SZ', '301086.SZ', '301123.SZ', '300752.SZ', '688519.SH', '300903.SZ', '688662.SH', '003026.SZ', '688079.SH', '688699.SH', '603002.SH', '688550.SH', '688135.SH', '300852.SZ', '688299.SH', '688181.SH', '300739.SZ', '603626.SH', '300429.SZ', '688020.SH', '688766.SH', '688595.SH', '002815.SZ', '688127.SH', '000823.SZ', '002635.SZ', '688138.SH', '002055.SZ', '300671.SZ', '688798.SH', '688262.SH', '603328.SH', '300657.SZ', '002106.SZ', '300655.SZ', '002745.SZ', '301308.SZ', '300679.SZ', '688106.SH', '300458.SZ', '300115.SZ', '002643.SZ', '002273.SZ', '600707.SH', '603160.SH', '300043.SZ', '002238.SZ', '600640.SH', '000718.SZ', '000090.SZ']"
2023-10-23,2023-10-20,2023-10-30,0.07090805110844262,50,0.82,,"['301189.SZ', '688181.SH', '603626.SH', '603890.SH', '002741.SZ', '000823.SZ', '300115.SZ', '600707.SH', '000926.SZ', '600037.SH', '300043.SZ', '002314.SZ', '000797.SZ', '600959.SH', '000560.SZ', '002208.SZ', '000718.SZ', '600094.SH', '000090.SZ', '600185.SH', '600266.SH', '000031.SZ', '002244.SZ', '600774.SH', '688687.SH', '000504.SZ', '300147.SZ', '300006.SZ', '000919.SZ', '300311.SZ', '002298.SZ', '300149.SZ', '002393.SZ', '300318.SZ', '603803.SH', '603322.SH', '600420.SH', '688235.SH', '600535.SH', '603093.SH', '600643.SH', '600101.SH', '600979.SH', '000040.SZ', '600052.SH', '000507.SZ', '600509.SH', '600864.SH', '000686.SZ', '600635.SH']"
2023-10-30,2023-10-27,2023-11-06,0.03251436933867478,50,0.9,,"['688230.SH', '301189.SZ', '301086.SZ', '688045.SH', '301123.SZ', '688079.SH', '003026.SZ', '688662.SH', '688699.SH', '688519.SH', '688049.SH', '002137.SZ', '688135.SH', '300582.SZ', '300752.SZ', '300903.SZ', '688183.SH', '688150.SH', '300656.SZ', '688010.SH', '688299.SH', '688181.SH', '002655.SZ', '301051.SZ', '002947.SZ', '002741.SZ', '600237.SH', '603386.SH', '603068.SH', '688209.SH', '688127.SH', '688233.SH', '603626.SH', '688020.SH', '603633.SH', '688601.SH', '688766.SH', '002579.SZ', '603703.SH', '603890.SH', '688595.SH', '603825.SH', '300739.SZ', '300128.SZ', '603186.SH', '300077.SZ', '688262.SH', '600831.SH', '002425.SZ', '603595.SH']"
2023-11-06,2023-11-03,2023-11-13,0.021183031325657978,50,0.58,,"['688045.SH', '301123.SZ', '688079.SH', '688699.SH', '688519.SH', '300752.SZ', '300582.SZ', '300656.SZ', '688010.SH', '688183.SH', '688173.SH', '603626.SH', '603068.SH', '688020.SH', '688233.SH', '688595.SH', '600071.SH', '688322.SH', '600360.SH', '002161.SZ', '300671.SZ', '002876.SZ', '002655.SZ', '002741.SZ', '300128.SZ', '600228.SH', '603825.SH', '300612.SZ', '300077.SZ', '002636.SZ', '002425.SZ', '000802.SZ', '002217.SZ', '002036.SZ', '300027.SZ', '600936.SH', '000665.SZ', '002387.SZ', '000056.SZ', '000558.SZ', '300353.SZ', '300571.SZ', '300205.SZ', '300565.SZ', '600198.SH', '300436.SZ', '300006.SZ', '000710.SZ', '300147.SZ', '603881.SH']"
2023-11-13,2023-11-10,2023-11-20,0.03555778486206811,50,0.74,,"['002137.SZ', '002869.SZ', '002388.SZ', '002922.SZ', '002655.SZ', '300582.SZ', '300331.SZ', '300787.SZ', '300322.SZ', '300128.SZ', '300706.SZ', '301123.SZ', '688079.SH', '300976.SZ', '301183.SZ', '002436.SZ', '688010.SH', '603626.SH', '600203.SH', '000607.SZ', '600228.SH', '603738.SH', '688595.SH', '300043.SZ', '300612.SZ', '300027.SZ', '002115.SZ', '002194.SZ', '688313.SH', '603803.SH', '300353.SZ', '688418.SH', '002902.SZ', '603636.SH', '002792.SZ', '300565.SZ', '300310.SZ', '300188.SZ', '688158.SH', '603206.SH', '300085.SZ', '300098.SZ', '603528.SH', '603138.SH', '300598.SZ', '301095.SZ', '688365.SH', '300369.SZ', '688369.SH', '300663.SZ']"
2023-11-20,2023-11-17,2023-11-27,-0.024902624253880096,50,0.66,,"['600228.SH', '002137.SZ', '300612.SZ', '300752.SZ', '300787.SZ', '300582.SZ', '600825.SH', '000607.SZ', '002388.SZ', '002587.SZ', '688045.SH', '300120.SZ', '300566.SZ', '300046.SZ', '688662.SH', '002655.SZ', '002876.SZ', '300493.SZ', '300331.SZ', '300128.SZ', '002741.SZ', '300516.SZ', '300077.SZ', '300671.SZ', '002079.SZ', '688010.SH', '300456.SZ', '688595.SH', '603078.SH', '688270.SH', '600353.SH', '000558.SZ', '300571.SZ', '300292.SZ', '300205.SZ', '300183.SZ', '300353.SZ', '300513.SZ', '300560.SZ', '300310.SZ', '300565.SZ', '600198.SH', '688302.SH', '688313.SH', '301201.SZ', '688176.SH', '002900.SZ', '688277.SH', '603803.SH', '300497.SZ']"
2023-11-27,2023-11-24,2023-12-04,0.01157154278103616,50,0.74,,"['688045.SH', '300582.SZ', '002388.SZ', '002587.SZ', '300709.SZ', '002141.SZ', '603068.SH', '002845.SZ', '688010.SH', '600203.SH', '603890.SH', '688766.SH', '688595.SH', '300102.SZ', '688368.SH', '688110.SH', '000558.SZ', '002285.SZ', '300404.SZ', '002657.SZ', '688302.SH', '688221.SH', '300683.SZ', '002642.SZ', '300149.SZ', '688176.SH', '300603.SZ', '002750.SZ', '688369.SH', '002279.SZ', '603516.SH', '300578.SZ', '300078.SZ', '300287.SZ', '300204.SZ', '688192.SH', '603803.SH', '688313.SH', '688039.SH', '600200.SH', '002793.SZ', '002474.SZ', '300565.SZ', '002908.SZ', '300324.SZ', '601999.SH', '603189.SH', '300846.SZ', '000813.SZ', '300612.SZ']"
2023-12-04,2023-12-01,2023-12-11,-0.002781126970601315,50,0.92,,"['605277.SH', '300951.SZ', '688550.SH', '688049.SH', '002288.SZ', '603002.SH', '002141.SZ', '688010.SH', '603890.SH', '002161.SZ', '002253.SZ', '000517.SZ', '300311.SZ', '300546.SZ', '603611.SH', '002376.SZ', '688060.SH', '603122.SH', '688670.SH', '600774.SH', '688338.SH', '688197.SH', '300439.SZ', '002788.SZ', '002198.SZ', '002462.SZ', '600829.SH', '603368.SH', '000892.SZ', '603825.SH', '002332.SZ', '603999.SH', '601999.SH', '000028.SZ', '600998.SH', '600386.SH', '002328.SZ', '603109.SH', '002478.SZ', '600469.SH', '002448.SZ', '301039.SZ', '600742.SH', '000550.SZ', '603766.SH', '600295.SH', '002479.SZ', '601666.SH', '603318.SH', '002039.SZ']"
2023-12-11,2023-12-08,2023-12-18,-0.01789723937350464,50,0.78,,"['688230.SH', '688049.SH', '688010.SH', '603068.SH', '600651.SH', '603890.SH', '603703.SH', '002288.SZ', '300102.SZ', '688550.SH', '002161.SZ', '002992.SZ', '688368.SH', '002745.SZ', '000727.SZ', '688055.SH', '600707.SH', '002314.SZ', '000926.SZ', '000042.SZ', '000863.SZ', '000797.SZ', '000560.SZ', '000517.SZ', '000718.SZ', '000006.SZ', '600603.SH', '000090.SZ', '002376.SZ', '002609.SZ', '300324.SZ', '300287.SZ', '300348.SZ', '300078.SZ', '000503.SZ', '002065.SZ', '600185.SH', '688588.SH', '688228.SH', '300368.SZ', '300579.SZ', '603508.SH', '603887.SH', '300550.SZ', '603825.SH', '603999.SH', '600756.SH', '300546.SZ', '600446.SH', '603236.SH']"
2023-12-18,2023-12-15,2023-12-25,-0.040556984022059706,50,0.76,,"['600288.SH', '000926.SZ', '000042.SZ', '002314.SZ', '603096.SH', '000863.SZ', '000797.SZ', '002285.SZ', '300426.SZ', '002208.SZ', '000560.SZ', '600094.SH', '000718.SZ', '000517.SZ', '603825.SH', '000090.SZ', '600266.SH', '300368.SZ', '600185.SH', '601512.SH', '002244.SZ', '600774.SH', '688670.SH', '600613.SH', '600594.SH', '600829.SH', '002788.SZ', '002462.SZ', '300439.SZ', '002589.SZ', '600479.SH', '600789.SH', '600488.SH', '600382.SH', '002004.SZ', '603093.SH', '002448.SZ', '600581.SH', '600375.SH', '600469.SH', '600081.SH', '600420.SH', '600998.SH', '600742.SH', '600686.SH', '600295.SH', '600782.SH', '000959.SZ', '000778.SZ', '002616.SZ']"
2023-12-25,2023-12-22,2024-01-02,0.02925480737620879,50,0.78,,"['605277.SH', '603386.SH', '300852.SZ', '603611.SH', '002106.SZ', '002130.SZ', '000517.SZ', '000048.SZ', '600094.SH', '000090.SZ', '002788.SZ', '002462.SZ', '300439.SZ', '601089.SH', '002393.SZ', '002940.SZ', '600829.SH', '600479.SH', '600351.SH', '603368.SH', '603367.SH', '605368.SH', '600101.SH', '603689.SH', '000028.SZ', '002479.SZ', '600182.SH', '002448.SZ', '300994.SZ', '600822.SH', '600469.SH', '002870.SZ', '605090.SH', '600742.SH', '300435.SZ', '002662.SZ', '600480.SH', '603109.SH', '002283.SZ', '301039.SZ', '600509.SH', '002048.SZ', '600546.SH', '000589.SZ', '600335.SH', '002085.SZ', '000700.SZ', '000550.SZ', '600508.SH', '601001.SH']"
2024-01-02,2023-12-29,2024-01-08,-0.022272437902496015,50,0.86,,"['003000.SZ', '000829.SZ', '601789.SH', '603689.SH', '603219.SH', '603013.SH', '000550.SZ', '600180.SH', '300729.SZ', '000680.SZ', '603386.SH', '603619.SH', '605090.SH', '002870.SZ', '601028.SH', '601968.SH', '002083.SZ', '002940.SZ', '603708.SH', '300441.SZ', '601666.SH', '600971.SH', '300908.SZ', '000404.SZ', '000700.SZ', '603886.SH', '600368.SH', '002062.SZ', '002170.SZ', '002973.SZ', '600612.SH', '601107.SH', '603809.SH', '002588.SZ', '300388.SZ', '002140.SZ', '300160.SZ', '600526.SH', '300622.SZ', '603360.SH', '600507.SH', '601137.SH', '002091.SZ', '601101.SH', '002060.SZ', '301149.SZ', '000612.SZ', '603303.SH', '002697.SZ', '002043.SZ']"
2024-01-08,2024-01-05,2024-01-15,0.012477946486981558,50,0.9,,"['603093.SH', '002443.SZ', '002616.SZ', '002478.SZ', '605158.SH', '603408.SH', '000655.SZ', '002627.SZ', '605196.SH', '000880.SZ', '603878.SH', '000517.SZ', '603689.SH', '301149.SZ', '300625.SZ', '002479.SZ', '002196.SZ', '603167.SH', '002398.SZ', '300575.SZ', '600982.SH', '002860.SZ', '300453.SZ', '300272.SZ', '002452.SZ', '002264.SZ', '002969.SZ', '000507.SZ', '603759.SH', '000055.SZ', '600531.SH', '605066.SH', '300435.SZ', '600693.SH', '002225.SZ', '600796.SH', '000612.SZ', '603071.SH', '002471.SZ', '300908.SZ', '300239.SZ', '000905.SZ', '002852.SZ', '300439.SZ', '600368.SH', '600681.SH', '002790.SZ', '002392.SZ', '600784.SH', '603050.SH']"
2024-01-15,2024-01-12,2024-01-22,-0.09551571696445446,50,0.22,,"['300697.SZ', '603093.SH', '000755.SZ', '605158.SH', '002616.SZ', '002208.SZ', '603408.SH', '000880.SZ', '002443.SZ', '605196.SH', '002478.SZ', '603878.SH', '605337.SH', '000655.SZ', '000517.SZ', '600961.SH', '603689.SH', '300625.SZ', '002479.SZ', '002196.SZ', '603167.SH', '600982.SH', '002398.SZ', '300575.SZ', '600531.SH', '300272.SZ', '002860.SZ', '002452.SZ', '300453.SZ', '002264.SZ', '000507.SZ', '600368.SH', '000612.SZ', '603071.SH', '300435.SZ', '605066.SH', '000055.SZ', '002225.SZ', '603759.SH', '002790.SZ', '002471.SZ', '000905.SZ', '603995.SH', '600796.SH', '002116.SZ', '601113.SH', '603136.SH', '000090.SZ', '002818.SZ', '603050.SH']"
2024-01-22,2024-01-19,2024-01-29,0.0592719890252787,50,0.62,,"['600173.SH', '300697.SZ', '605158.SH', '000517.SZ', '002443.SZ', '002540.SZ', '002478.SZ', '603689.SH', '603878.SH', '002264.SZ', '000567.SZ', '603167.SH', '600982.SH', '603071.SH', '002255.SZ', '300532.SZ', '300435.SZ', '600368.SH', '002469.SZ', '605066.SH', '300272.SZ', '002225.SZ', '600784.SH', '002471.SZ', '002694.SZ', '000055.SZ', '600681.SH', '600639.SH', '000968.SZ', '002392.SZ', '002062.SZ', '000417.SZ', '301358.SZ', '300206.SZ', '300121.SZ', '002818.SZ', '002448.SZ', '000048.SZ', '603697.SH', '600731.SH', '002404.SZ', '603357.SH', '300193.SZ', '000707.SZ', '600035.SH', '600327.SH', '603088.SH', '603519.SH', '603619.SH', '603018.SH']"
2024-01-29,2024-01-26,2024-02-05,-0.18558390259789334,50,0.52,,"['600173.SH', '600927.SH', '605158.SH', '002443.SZ', '002478.SZ', '000011.SZ', '603878.SH', '000655.SZ', '002616.SZ', '601921.SH', '002264.SZ', '002560.SZ', '000517.SZ', '600510.SH', '600798.SH', '301219.SZ', '603689.SH', '002441.SZ', '600611.SH', '002479.SZ', '002469.SZ', '603995.SH', '300485.SZ', '000612.SZ', '600531.SH', '600979.SH', '000993.SZ', '000507.SZ', '002471.SZ', '000906.SZ', '002225.SZ', '603071.SH', '300435.SZ', '000055.SZ', '301087.SZ', '301358.SZ', '600368.SH', '600784.SH', '000631.SZ', '600982.SH', '002694.SZ', '300439.SZ', '000968.SZ', '002392.SZ', '300206.SZ', '601187.SH', '600163.SH', '002788.SZ', '603697.SH', '000417.SZ']"
2024-02-05,2024-02-02,2024-02-19,0.14020997505789012,50,0.76,,"['688190.SH', '603878.SH', '002478.SZ', '600611.SH', '001213.SZ', '601921.SH', '301219.SZ', '000905.SZ', '605368.SH', '000567.SZ', '603995.SH', '000718.SZ', '000935.SZ', '000517.SZ', '000968.SZ', '603876.SH', '600982.SH', '002918.SZ', '688778.SH', '600163.SH', '000417.SZ', '600327.SH', '603071.SH', '601686.SH', '002818.SZ', '000707.SZ', '600035.SH', '603357.SH', '000600.SZ', '002991.SZ', '002768.SZ', '600681.SH', '600888.SH', '002237.SZ', '603713.SH', '301216.SZ', '000758.SZ', '600259.SH', '300332.SZ', '000885.SZ', '600814.SH', '002367.SZ', '600125.SH', '002039.SZ', '000923.SZ', '000731.SZ', '600507.SH', '000404.SZ', '000657.SZ', '601137.SH']"
2024-02-19,2024-02-08,2024-02-26,0.0808133537663266,50,0.86,,"['605158.SH', '002889.SZ', '002988.SZ', '301330.SZ', '002264.SZ', '002443.SZ', '002953.SZ', '301339.SZ', '002540.SZ', '002478.SZ', '601921.SH', '605066.SH', '300504.SZ', '600611.SH', '603689.SH', '002546.SZ', '002358.SZ', '601188.SH', '601086.SH', '300384.SZ', '002441.SZ', '301061.SZ', '000779.SZ', '301103.SZ', '300773.SZ', '002469.SZ', '603258.SH', '301238.SZ', '600229.SH', '688799.SH', '300882.SZ', '600173.SH', '000905.SZ', '300231.SZ', '600368.SH', '605050.SH', '000055.SZ', '300592.SZ', '688432.SH', '600784.SH', '300435.SZ', '002392.SZ', '300200.SZ', '603071.SH', '300439.SZ', '603569.SH', '002990.SZ', '600327.SH', '000968.SZ', '600180.SH']"
2024-02-26,2024-02-23,2024-03-04,0.003996015152268195,50,0.78,,"['603206.SH', '603162.SH', '603353.SH', '300933.SZ', '000892.SZ', '300805.SZ', '001319.SZ', '605158.SH', '605289.SH', '688667.SH', '000626.SZ', '002953.SZ', '300853.SZ', '301286.SZ', '000751.SZ', '300978.SZ', '002878.SZ', '002264.SZ', '300860.SZ', '002900.SZ', '605011.SH', '002988.SZ', '688551.SH', '300448.SZ', '688315.SH', '600644.SH', '603999.SH', '301221.SZ', '300928.SZ', '301061.SZ', '600173.SH', '600052.SH', '000096.SZ', '600927.SH', '601999.SH', '605066.SH', '688336.SH', '300426.SZ', '300968.SZ', '002187.SZ', '300043.SZ', '002441.SZ', '300375.SZ', '688799.SH', '300902.SZ', '000558.SZ', '300552.SZ', '002546.SZ', '002469.SZ', '688170.SH']"
2024-03-04,2024-03-01,2024-03-11,0.022894652789391484,50,0.74,,"['300135.SZ', '603206.SH', '688182.SH', '300697.SZ', '603162.SH', '605289.SH', '601022.SH', '301376.SZ', '688152.SH', '002167.SZ', '301021.SZ', '300328.SZ', '001319.SZ', '688489.SH', '300853.SZ', '301291.SZ', '301102.SZ', '000892.SZ', '300978.SZ', '301246.SZ', '688143.SH', '002540.SZ', '300448.SZ', '000962.SZ', '300969.SZ', '301116.SZ', '002878.SZ', '001217.SZ', '300805.SZ', '688306.SH', '301221.SZ', '300140.SZ', '301091.SZ', '688392.SH', '300071.SZ', '688147.SH', '002306.SZ', '600301.SH', '688170.SH', '300344.SZ', '300299.SZ', '688097.SH', '300447.SZ', '688028.SH', '603999.SH', '601086.SH', '002852.SZ', '002970.SZ', '300550.SZ', '603897.SH']"
2024-03-11,2024-03-08,2024-03-18,0.06031227854934016,50,0.82,,"['603162.SH', '601022.SH', '301046.SZ', '605598.SH', '600318.SH', '000532.SZ', '301381.SZ', '301376.SZ', '603132.SH', '601279.SH', '605289.SH', '301208.SZ', '301312.SZ', '688533.SH', '301058.SZ', '301325.SZ', '301246.SZ', '605167.SH', '301180.SZ', '605365.SH', '002889.SZ', '605133.SH', '301102.SZ', '301122.SZ', '301262.SZ', '301211.SZ', '301168.SZ', '605158.SH', '603213.SH', '002835.SZ', '605319.SH', '001203.SZ', '301017.SZ', '300990.SZ', '002478.SZ', '300969.SZ', '003043.SZ', '000737.SZ', '300905.SZ', '003038.SZ', '301085.SZ', '688260.SH', '301257.SZ', '300538.SZ', '001311.SZ', '301221.SZ', '002540.SZ', '300491.SZ', '301311.SZ', '002988.SZ']"
2024-03-18,2024-03-15,2024-03-25,-0.012075829737883362,50,0.56,,"['301136.SZ', '301102.SZ', '301046.SZ', '605598.SH', '301349.SZ', '301159.SZ', '301338.SZ', '688201.SH', '301266.SZ', '301169.SZ', '301048.SZ', '301208.SZ', '688533.SH', '301246.SZ', '002995.SZ', '301021.SZ', '301180.SZ', '301139.SZ', '605167.SH', '300863.SZ', '301122.SZ', '300461.SZ', '605133.SH', '301168.SZ', '603353.SH', '688323.SH', '003038.SZ', '301099.SZ', '300990.SZ', '300561.SZ', '603213.SH', '003043.SZ', '300830.SZ', '301073.SZ', '301085.SZ', '300905.SZ', '301123.SZ', '301311.SZ', '605319.SH', '300337.SZ', '301282.SZ', '300538.SZ', '300063.SZ', '300921.SZ', '301221.SZ', '300654.SZ', '300275.SZ', '301013.SZ', '300491.SZ', '002877.SZ']"
2024-03-25,2024-03-22,2024-04-01,0.023450303039592644,50,0.78,,"['301136.SZ', '301349.SZ', '301120.SZ', '002578.SZ', '301128.SZ', '301266.SZ', '300125.SZ', '301021.SZ', '002443.SZ', '000880.SZ', '301201.SZ', '002835.SZ', '300905.SZ', '301330.SZ', '301282.SZ', '300538.SZ', '300561.SZ', '002613.SZ', '300830.SZ', '002398.SZ', '300616.SZ', '002380.SZ', '300491.SZ', '002852.SZ', '300016.SZ', '300941.SZ', '002877.SZ', '001338.SZ', '002969.SZ', '300560.SZ', '603803.SH', '300365.SZ', '003032.SZ', '002795.SZ', '002788.SZ', '300344.SZ', '002783.SZ', '002137.SZ', '600819.SH', '002799.SZ', '300790.SZ', '300081.SZ', '002765.SZ', '002115.SZ', '002462.SZ', '603015.SH', '603315.SH', '300100.SZ', '002870.SZ', '300047.SZ']"
2024-04-01,2024-03-29,2024-04-08,-0.029989228963176417,50,0.9,,"['002416.SZ', '002614.SZ', '600742.SH', '001338.SZ', '000829.SZ', '002733.SZ', '000957.SZ', '002483.SZ', '000823.SZ', '600218.SH', '002969.SZ', '000812.SZ', '600973.SH', '601968.SH', '002758.SZ', '301180.SZ', '001208.SZ', '301328.SZ', '000878.SZ', '605167.SH', '002877.SZ', '600686.SH', '300911.SZ', '300047.SZ', '000949.SZ', '600230.SH', '603995.SH', '002641.SZ', '603808.SH', '300566.SZ', '603633.SH', '000850.SZ', '000905.SZ', '603507.SH', '300681.SZ', '603162.SH', '002788.SZ', '002301.SZ', '603390.SH', '603131.SH', '002575.SZ', '600336.SH', '601956.SH', '300095.SZ', '603727.SH', '002923.SZ', '603158.SH', '605158.SH', '301086.SZ', '002632.SZ']"
2024-04-08,2024-04-03,2024-04-15,-0.03661707303116193,50,0.84,,"['600796.SH', '002616.SZ', '002658.SZ', '301086.SZ', '301168.SZ', '001208.SZ', '002479.SZ', '603759.SH', '001283.SZ', '600643.SH', '300976.SZ', '600979.SH', '603689.SH', '603209.SH', '605365.SH', '002953.SZ', '605133.SH', '001298.SZ', '301122.SZ', '605158.SH', '300863.SZ', '603213.SH', '301111.SZ', '300664.SZ', '301166.SZ', '300873.SZ', '301211.SZ', '300787.SZ', '300625.SZ', '002560.SZ', '300878.SZ', '001311.SZ', '002627.SZ', '300911.SZ', '300575.SZ', '600798.SH', '605196.SH', '002469.SZ', '601956.SH', '002864.SZ', '603507.SH', '002614.SZ', '301201.SZ', '603223.SH', '300815.SZ', '603071.SH', '000905.SZ', '603237.SH', '000899.SZ', '688181.SH']"
2024-04-15,2024-04-12,2024-04-22,-0.003307853081944574,50,0.48,,"['002658.SZ', '600643.SH', '301175.SZ', '301086.SZ', '605167.SH', '603759.SH', '001283.SZ', '000531.SZ', '605368.SH', '605158.SH', '300664.SZ', '002479.SZ', '600979.SH', '605365.SH', '603689.SH', '603105.SH', '603213.SH', '600283.SH', '603057.SH', '001311.SZ', '603209.SH', '300286.SZ', '605196.SH', '300625.SZ', '301149.SZ', '300873.SZ', '002469.SZ', '300575.SZ', '300815.SZ', '300855.SZ', '600798.SH', '002614.SZ', '300355.SZ', '603170.SH', '002300.SZ', '002034.SZ', '002039.SZ', '605090.SH', '000905.SZ', '002783.SZ', '603237.SH', '301093.SZ', '603808.SH', '000899.SZ', '603071.SH', '002224.SZ', '600279.SH', '002733.SZ', '600780.SH', '300918.SZ']"
2024-04-22,2024-04-19,2024-04-29,0.04556713234549333,50,0.78,,"['002977.SZ', '002651.SZ', '600796.SH', '603132.SH', '001208.SZ', '300726.SZ', '002658.SZ', '300722.SZ', '002953.SZ', '002519.SZ', '605158.SH', '000068.SZ', '600526.SH', '301046.SZ', '603686.SH', '003038.SZ', '301050.SZ', '300787.SZ', '300880.SZ', '300664.SZ', '600979.SH', '605066.SH', '300286.SZ', '605167.SH', '603507.SH', '000935.SZ', '600032.SH', '002255.SZ', '603300.SH', '002540.SZ', '001269.SZ', '300446.SZ', '603162.SH', '001308.SZ', '601199.SH', '605123.SH', '002554.SZ', '000567.SZ', '300882.SZ', '600817.SH', '603057.SH', '301017.SZ', '300815.SZ', '300873.SZ', '000755.SZ', '002860.SZ', '300625.SZ', '301090.SZ', '301149.SZ', '300852.SZ']"
2024-04-29,2024-04-26,2024-05-06,0.004078402447548906,50,0.7,,"['002829.SZ', '002933.SZ', '002651.SZ', '300933.SZ', '002824.SZ', '688102.SH', '300726.SZ', '002658.SZ', '002616.SZ', '300631.SZ', '600391.SH', '300317.SZ', '600526.SH', '300173.SZ', '600032.SH', '601218.SH', '603686.SH', '300831.SZ', '688190.SH', '300537.SZ', '003009.SZ', '002471.SZ', '000880.SZ', '000558.SZ', '605196.SH', '001308.SZ', '300286.SZ', '002255.SZ', '603507.SH', '001269.SZ', '002554.SZ', '300909.SZ', '002759.SZ', '605319.SH', '605123.SH', '301155.SZ', '600130.SH', '301017.SZ', '002149.SZ', '000935.SZ', '002623.SZ', '688173.SH', '603628.SH', '688601.SH', '600537.SH', '002845.SZ', '000982.SZ', '002614.SZ', '603633.SH', '601956.SH']"
2024-05-06,2024-04-30,2024-05-13,-0.010457684134082048,50,0.76,,"['002977.SZ', '002651.SZ', '688376.SH', '002297.SZ', '301168.SZ', '300697.SZ', '002578.SZ', '301086.SZ', '301123.SZ', '002616.SZ', '002953.SZ', '605158.SH', '605368.SH', '600526.SH', '300752.SZ', '300831.SZ', '300537.SZ', '603689.SH', '002988.SZ', '300140.SZ', '600864.SH', '300632.SZ', '605066.SH', '300173.SZ', '002338.SZ', '605319.SH', '301111.SZ', '300880.SZ', '605365.SH', '300909.SZ', '300873.SZ', '600130.SH', '605196.SH', '002441.SZ', '300545.SZ', '002364.SZ', '301149.SZ', '300625.SZ', '002666.SZ', '002358.SZ', '300375.SZ', '000415.SZ', '300852.SZ', '300286.SZ', '002469.SZ', '002845.SZ', '300389.SZ', '301262.SZ', '603380.SH', '300403.SZ']"
2024-05-13,2024-05-10,2024-05-20,0.015638178299745488,50,0.72,,"['002651.SZ', '300629.SZ', '301278.SZ', '600052.SH', '605368.SH', '301086.SZ', '000601.SZ', '603689.SH', '301175.SZ', '300435.SZ', '002519.SZ', '688737.SH', '300632.SZ', '300173.SZ', '603213.SH', '002580.SZ', '301050.SZ', '002267.SZ', '601199.SH', '002358.SZ', '688236.SH', '601890.SH', '000755.SZ', '300384.SZ', '600864.SH', '300978.SZ', '300773.SZ', '002860.SZ', '688601.SH', '603209.SH', '301069.SZ', '300873.SZ', '688589.SH', '600163.SH', '002469.SZ', '002864.SZ', '300286.SZ', '603300.SH', '603053.SH', '300852.SZ', '603693.SH', '603897.SH', '603507.SH', '603170.SH', '300389.SZ', '603535.SH', '000567.SZ', '002034.SZ', '688155.SH', '603380.SH']"
2024-05-20,2024-05-17,2024-05-27,-0.026729745727101926,50,0.68,,"['000576.SZ', '002616.SZ', '002651.SZ', '301278.SZ', '000532.SZ', '600052.SH', '002160.SZ', '002383.SZ', '000601.SZ', '688137.SH', '003043.SZ', '603315.SH', '688247.SH', '300878.SZ', '300752.SZ', '300873.SZ', '688073.SH', '688737.SH', '000558.SZ', '603057.SH', '688275.SH', '000755.SZ', '301257.SZ', '300773.SZ', '301050.SZ', '603219.SH', '600864.SH', '301060.SZ', '002551.SZ', '688252.SH', '002364.SZ', '601606.SH', '002358.SZ', '300575.SZ', '002452.SZ', '300404.SZ', '601375.SH', '002869.SZ', '002469.SZ', '000686.SZ', '300286.SZ', '300203.SZ', '603170.SH', '688601.SH', '603519.SH', '301333.SZ', '002582.SZ', '688589.SH', '300016.SZ', '688348.SH']"
2024-05-27,2024-05-24,2024-06-03,-0.025570824563753782,50,0.74,,"['002383.SZ', '688281.SH', '001236.SZ', '600184.SH', '300631.SZ', '000532.SZ', '002824.SZ', '688148.SH', '002196.SZ', '301122.SZ', '600716.SH', '605133.SH', '000558.SZ', '301211.SZ', '000042.SZ', '688247.SH', '601368.SH', '688275.SH', '603209.SH', '601606.SH', '300863.SZ', '603359.SH', '300831.SZ', '300582.SZ', '000965.SZ', '000514.SZ', '688210.SH', '301201.SZ', '002805.SZ', '300575.SZ', '000601.SZ', '600864.SH', '301102.SZ', '002582.SZ', '300752.SZ', '300767.SZ', '300404.SZ', '002864.SZ', '300203.SZ', '688181.SH', '300996.SZ', '300745.SZ', '300314.SZ', '603697.SH', '300860.SZ', '000415.SZ', '301155.SZ', '601008.SH', '300855.SZ', '301270.SZ']"
2024-06-03,2024-05-31,2024-06-11,-0.03350516674874691,50,0.76,,"['688053.SH', '300589.SZ', '688636.SH', '301168.SZ', '688281.SH', '688061.SH', '003038.SZ', '688510.SH', '688371.SH', '002578.SZ', '002953.SZ', '002824.SZ', '002196.SZ', '301127.SZ', '001319.SZ', '300976.SZ', '300491.SZ', '301366.SZ', '300787.SZ', '301046.SZ', '301183.SZ', '605133.SH', '001283.SZ', '603686.SH', '603213.SH', '301122.SZ', '001217.SZ', '300890.SZ', '300051.SZ', '300191.SZ', '600212.SH', '601022.SH', '300831.SZ', '300752.SZ', '300863.SZ', '688182.SH', '000558.SZ', '300706.SZ', '301139.SZ', '301149.SZ', '603209.SH', '002983.SZ', '688049.SH', '300777.SZ', '688181.SH', '300767.SZ', '300978.SZ', '002900.SZ', '688269.SH', '002866.SZ']"
2024-06-11,2024-06-07,2024-06-17,-0.0030380491934613963,50,0.82,,"['688281.SH', '688510.SH', '002519.SZ', '301127.SZ', '301175.SZ', '300617.SZ', '300140.SZ', '605123.SH', '688439.SH', '002540.SZ', '001308.SZ', '605133.SH', '603209.SH', '601199.SH', '300446.SZ', '000962.SZ', '300873.SZ', '603213.SH', '300815.SZ', '300863.SZ', '603057.SH', '001311.SZ', '603535.SH', '301155.SZ', '301219.SZ', '301149.SZ', '603300.SH', '300777.SZ', '000567.SZ', '002034.SZ', '603507.SH', '000819.SZ', '300618.SZ', '300820.SZ', '300855.SZ', '603170.SH', '603678.SH', '688401.SH', '300938.SZ', '600874.SH', '300034.SZ', '300858.SZ', '000563.SZ', '605555.SH', '000885.SZ', '688002.SH', '300811.SZ', '601619.SH', '688150.SH', '300453.SZ']"
2024-06-17,2024-06-14,2024-06-24,-0.07095286683907706,50,0.76,,"['300447.SZ', '301278.SZ', '688376.SH', '301168.SZ', '300629.SZ', '002446.SZ', '002578.SZ', '300491.SZ', '002824.SZ', '301046.SZ', '002519.SZ', '301127.SZ', '301325.SZ', '688551.SH', '001269.SZ', '605133.SH', '605598.SH', '300127.SZ', '688391.SH', '003043.SZ', '001217.SZ', '603324.SH', '688102.SH', '301122.SZ', '603213.SH', '002338.SZ', '688182.SH', '300863.SZ', '688439.SH', '001311.SZ', '002983.SZ', '002860.SZ', '001215.SZ', '002866.SZ', '300101.SZ', '300978.SZ', '301069.SZ', '301155.SZ', '688181.SH', '002900.SZ', '300286.SZ', '000962.SZ', '300909.SZ', '300815.SZ', '603170.SH', '301201.SZ', '603396.SH', '300545.SZ', '603105.SH', '603507.SH']"
2024-06-24,2024-06-21,2024-07-01,0.023814020705090106,50,0.62,,"['688287.SH', '688376.SH', '301046.SZ', '002578.SZ', '301175.SZ', '603759.SH', '002824.SZ', '301127.SZ', '300491.SZ', '301122.SZ', '605133.SH', '001269.SZ', '001308.SZ', '603213.SH', '688137.SH', '300664.SZ', '688551.SH', '002137.SZ', '300940.SZ', '002860.SZ', '603191.SH', '001215.SZ', '002580.SZ', '301149.SZ', '603105.SH', '603209.SH', '688391.SH', '300873.SZ', '600212.SH', '301201.SZ', '300978.SZ', '301102.SZ', '300815.SZ', '301330.SZ', '301093.SZ', '301195.SZ', '000779.SZ', '002864.SZ', '601199.SH', '300443.SZ', '688606.SH', '002224.SZ', '300569.SZ', '601008.SH', '605068.SH', '603811.SH', '688181.SH', '300797.SZ', '601619.SH', '688179.SH']"
2024-07-01,2024-06-28,2024-07-08,-0.03184100169607874,50,0.94,,"['600682.SH', '000785.SZ', '600368.SH', '600420.SH', '601199.SH', '300194.SZ', '002565.SZ', '002489.SZ', '000990.SZ', '002688.SZ', '002083.SZ', '600017.SH', '000833.SZ', '600269.SH', '600668.SH', '301039.SZ', '600859.SH', '000822.SZ', '300664.SZ', '300745.SZ', '002392.SZ', '605133.SH', '000731.SZ', '002662.SZ', '603012.SH', '000875.SZ', '600021.SH', '300381.SZ', '002423.SZ', '600694.SH', '600814.SH', '000589.SZ', '600308.SH', '600717.SH', '002478.SZ', '600064.SH', '301296.SZ', '000501.SZ', '002187.SZ', '000919.SZ', '603165.SH', '000718.SZ', '002745.SZ', '300121.SZ', '000690.SZ', '000581.SZ', '002950.SZ', '600020.SH', '600929.SH', '300115.SZ']"
2024-07-08,2024-07-05,2024-07-15,0.03345752256807218,50,0.98,,"['600173.SH', '000718.SZ', '600604.SH', '002196.SZ', '002546.SZ', '601218.SH', '000880.SZ', '688737.SH', '600228.SH', '002364.SZ', '002255.SZ', '002358.SZ', '300733.SZ', '000570.SZ', '603390.SH', '688137.SH', '002328.SZ', '603701.SH', '002551.SZ', '002448.SZ', '600679.SH', '000599.SZ', '002406.SZ', '002297.SZ', '603166.SH', '002383.SZ', '300249.SZ', '002425.SZ', '300608.SZ', '300550.SZ', '600624.SH', '603758.SH', '300248.SZ', '605136.SH', '300582.SZ', '002454.SZ', '603999.SH', '688391.SH', '002137.SZ', '300831.SZ', '300016.SZ', '300632.SZ', '300752.SZ', '300583.SZ', '601999.SH', '600130.SH', '002107.SZ', '688068.SH', '000045.SZ', '600081.SH']"
2024-07-15,2024-07-12,2024-07-22,-0.013434446394938113,50,0.94,,"['000042.SZ', '600643.SH', '301278.SZ', '600603.SH', '301179.SZ', '000517.SZ', '300773.SZ', '300140.SZ', '300617.SZ', '600537.SH', '600064.SH', '002441.SZ', '601512.SH', '603897.SH', '605133.SH', '001311.SZ', '301291.SZ', '002423.SZ', '301208.SZ', '300409.SZ', '301330.SZ', '002328.SZ', '002448.SZ', '300447.SZ', '300696.SZ', '300680.SZ', '603166.SH', '301191.SZ', '301339.SZ', '301122.SZ', '300258.SZ', '605018.SH', '002283.SZ', '600738.SH', '002277.SZ', '002264.SZ', '300434.SZ', '002662.SZ', '000417.SZ', '300439.SZ', '301180.SZ', '603035.SH', '601089.SH', '002446.SZ', '300381.SZ', '301087.SZ', '002950.SZ', '002245.SZ', '002462.SZ', '301086.SZ']"
2024-07-22,2024-07-19,2024-07-29,0.0016875115442606847,50,0.9,,"['301179.SZ', '301120.SZ', '300423.SZ', '301208.SZ', '688292.SH', '300250.SZ', '300941.SZ', '300344.SZ', '300448.SZ', '301238.SZ', '002977.SZ', '300921.SZ', '300287.SZ', '300447.SZ', '300542.SZ', '003029.SZ', '300696.SZ', '300465.SZ', '301191.SZ', '002425.SZ', '002900.SZ', '603528.SH', '301328.SZ', '301230.SZ', '300085.SZ', '301123.SZ', '301165.SZ', '301183.SZ', '301282.SZ', '301366.SZ', '300075.SZ', '300404.SZ', '300578.SZ', '600130.SH', '002902.SZ', '002792.SZ', '300052.SZ', '300016.SZ', '003021.SZ', '000710.SZ', '002962.SZ', '002173.SZ', '002354.SZ', '002167.SZ', '300133.SZ', '002292.SZ', '300315.SZ', '688110.SH', '300459.SZ', '301312.SZ']"
2024-07-29,2024-07-26,2024-08-05,0.017093763175514164,50,0.94,,"['000838.SZ', '600638.SH', '600173.SH', '600658.SH', '600510.SH', '000718.SZ', '002961.SZ', '000886.SZ', '000036.SZ', '300423.SZ', '000631.SZ', '600603.SH', '688560.SH', '000517.SZ', '600639.SH', '002560.SZ', '300173.SZ', '600064.SH', '601512.SH', '688737.SH', '002441.SZ', '002358.SZ', '002255.SZ', '002090.SZ', '002244.SZ', '000576.SZ', '603861.SH', '002364.SZ', '688137.SH', '301166.SZ', '300878.SZ', '000892.SZ', '301060.SZ', '002551.SZ', '002900.SZ', '000570.SZ', '002905.SZ', '600218.SH', '002406.SZ', '300365.SZ', '002926.SZ', '002423.SZ', '000833.SZ', '002425.SZ', '600390.SH', '300583.SZ', '600784.SH', '000958.SZ', '000753.SZ', '603999.SH']"
2024-08-05,2024-08-02,2024-08-12,0.006710221596370969,50,0.62,,"['000838.SZ', '600716.SH', '000514.SZ', '600173.SH', '600638.SH', '000965.SZ', '002208.SZ', '600510.SH', '000718.SZ', '000863.SZ', '000011.SZ', '000036.SZ', '000886.SZ', '600748.SH', '002961.SZ', '000006.SZ', '301349.SZ', '000631.SZ', '600927.SH', '000048.SZ', '300423.SZ', '600657.SH', '600649.SH', '600185.SH', '301327.SZ', '688680.SH', '002546.SZ', '002560.SZ', '300173.SZ', '300093.SZ', '688663.SH', '301302.SZ', '600848.SH', '601218.SH', '002358.SZ', '002090.SZ', '688509.SH', '002623.SZ', '688667.SH', '000576.SZ', '002364.SZ', '601375.SH', '000570.SZ', '301391.SZ', '000816.SZ', '688232.SH', '688137.SH', '301166.SZ', '688246.SH', '688073.SH']"
2024-08-12,2024-08-09,2024-08-19,0.014379398626382737,50,0.6,,"['600716.SH', '000514.SZ', '000965.SZ', '600318.SH', '002208.SZ', '000863.SZ', '000982.SZ', '000036.SZ', '600748.SH', '301349.SZ', '300853.SZ', '301120.SZ', '600657.SH', '301150.SZ', '002610.SZ', '301152.SZ', '688275.SH', '001319.SZ', '301221.SZ', '002546.SZ', '301302.SZ', '688509.SH', '002805.SZ', '002339.SZ', '300093.SZ', '688667.SH', '601218.SH', '300510.SZ', '688707.SH', '002759.SZ', '300830.SZ', '688369.SH', '002933.SZ', '002364.SZ', '300518.SZ', '002169.SZ', '688207.SH', '000570.SZ', '688246.SH', '000816.SZ', '688137.SH', '300222.SZ', '600960.SH', '300080.SZ', '603887.SH', '002912.SZ', '002551.SZ', '002425.SZ', '688660.SH', '301093.SZ']"
2024-08-19,2024-08-16,2024-08-26,-0.0288377393461259,50,0.6,,"['600716.SH', '000042.SZ', '600638.SH', '000514.SZ', '000965.SZ', '002647.SZ', '301349.SZ', '000718.SZ', '002961.SZ', '000863.SZ', '000036.SZ', '300853.SZ', '000631.SZ', '600649.SH', '688737.SH', '002546.SZ', '002805.SZ', '688667.SH', '688663.SH', '601218.SH', '688509.SH', '002358.SZ', '688137.SH', '002623.SZ', '603861.SH', '601375.SH', '600626.SH', '000570.SZ', '002551.SZ', '002364.SZ', '000816.SZ', '002328.SZ', '002524.SZ', '301093.SZ', '688246.SH', '002448.SZ', '600590.SH', '300222.SZ', '688391.SH', '000753.SZ', '002298.SZ', '600390.SH', '002547.SZ', '300582.SZ', '002187.SZ', '600770.SH', '300513.SZ', '688173.SH', '002107.SZ', '300409.SZ']"
2024-08-26,2024-08-23,2024-09-02,0.011383004457010999,50,0.72,,"['000838.SZ', '603093.SH', '002196.SZ', '000517.SZ', '002560.SZ', '300933.SZ', '002471.SZ', '605066.SH', '600537.SH', '688737.SH', '002441.SZ', '002358.SZ', '603618.SH', '603861.SH', '603897.SH', '300222.SZ', '600626.SH', '000570.SZ', '002328.SZ', '600218.SH', '002551.SZ', '002355.SZ', '002524.SZ', '603758.SH', '600822.SH', '002870.SZ', '002905.SZ', '002187.SZ', '600973.SH', '600590.SH', '002298.SZ', '002107.SZ', '600693.SH', '600469.SH', '300582.SZ', '301017.SZ', '600268.SH', '600594.SH', '000151.SZ', '600280.SH', '002845.SZ', '603386.SH', '600222.SH', '600203.SH', '002055.SZ', '600327.SH', '000823.SZ', '002788.SZ', '002758.SZ', '300226.SZ']"
2024-09-02,2024-08-30,2024-09-09,0.01026785031842279,50,0.58,,"['002961.SZ', '002196.SZ', '002471.SZ', '688663.SH', '605066.SH', '000517.SZ', '601218.SH', '600537.SH', '002255.SZ', '002441.SZ', '002358.SZ', '688737.SH', '603897.SH', '600626.SH', '002328.SZ', '301166.SZ', '600218.SH', '002551.SZ', '002448.SZ', '002524.SZ', '603758.SH', '002187.SZ', '300409.SZ', '605136.SH', '603811.SH', '601086.SH', '002107.SZ', '002454.SZ', '605018.SH', '300583.SZ', '600081.SH', '002940.SZ', '300582.SZ', '600784.SH', '688589.SH', '002082.SZ', '002662.SZ', '605266.SH', '002283.SZ', '600327.SH', '603987.SH', '002803.SZ', '002788.SZ', '688317.SH', '000823.SZ', '002329.SZ', '000411.SZ', '600829.SH', '002462.SZ', '000417.SZ']"
2024-09-09,2024-09-06,2024-09-18,-0.022305307620572173,50,0.94,,"['000056.SZ', '000838.SZ', '002647.SZ', '000006.SZ', '600185.SH', '301120.SZ', '300853.SZ', '300423.SZ', '301159.SZ', '300648.SZ', '301152.SZ', '688509.SH', '002196.SZ', '688680.SH', '300477.SZ', '688499.SH', '300173.SZ', '002471.SZ', '002339.SZ', '300093.SZ', '300311.SZ', '301302.SZ', '002977.SZ', '688280.SH', '600537.SH', '002995.SZ', '688207.SH', '603982.SH', '603032.SH', '300551.SZ', '300696.SZ', '300921.SZ', '300344.SZ', '000892.SZ', '002553.SZ', '301111.SZ', '300448.SZ', '300365.SZ', '300078.SZ', '300785.SZ', '002905.SZ', '002298.SZ', '688670.SH', '002178.SZ', '603660.SH', '688373.SH', '603887.SH', '300533.SZ', '300288.SZ', '000599.SZ']"
2024-09-18,2024-09-13,2024-09-23,0.04939887773940042,50,0.58,,"['000514.SZ', '002647.SZ', '600658.SH', '000863.SZ', '600748.SH', '002961.SZ', '600604.SH', '000006.SZ', '300853.SZ', '600185.SH', '301150.SZ', '300648.SZ', '600675.SH', '688499.SH', '688509.SH', '300093.SZ', '002471.SZ', '002546.SZ', '002339.SZ', '600537.SH', '002759.SZ', '003005.SZ', '688707.SH', '002805.SZ', '300311.SZ', '603982.SH', '300745.SZ', '688207.SH', '002995.SZ', '300659.SZ', '688339.SH', '600960.SH', '300850.SZ', '000816.SZ', '300365.SZ', '300078.SZ', '603660.SH', '002298.SZ', '300249.SZ', '300222.SZ', '300533.SZ', '002178.SZ', '300608.SZ', '603990.SH', '300518.SZ', '603906.SH', '002813.SZ', '002912.SZ', '300542.SZ', '300248.SZ']"
2024-09-23,2024-09-20,2024-09-30,0.2989810219924351,50,0.4,,"['000056.SZ', '000838.SZ', '000042.SZ', '002647.SZ', '000863.SZ', '000036.SZ', '600658.SH', '600604.SH', '000006.SZ', '301150.SZ', '600185.SH', '301152.SZ', '300648.SZ', '688680.SH', '002196.SZ', '688499.SH', '300477.SZ', '002560.SZ', '300093.SZ', '300173.SZ', '600675.SH', '688509.SH', '002471.SZ', '002546.SZ', '002339.SZ', '600537.SH', '600152.SH', '688280.SH', '002805.SZ', '688707.SH', '603982.SH', '300745.SZ', '688339.SH', '301302.SZ', '002995.SZ', '688207.SH', '000701.SZ', '600960.SH', '002905.SZ', '300078.SZ', '688670.SH', '300222.SZ', '002355.SZ', '688373.SH', '603106.SH', '300249.SZ', '300080.SZ', '603660.SH', '603906.SH', '603990.SH']"
2024-09-30,2024-09-27,2024-10-08,0.10781236599999999,50,1.0,,"['600435.SH', '600326.SH', '002488.SZ', '300346.SZ', '002317.SZ', '300850.SZ', '600611.SH', '601015.SH', '300147.SZ', '002819.SZ', '601011.SH', '002698.SZ', '300123.SZ', '300072.SZ', '600032.SH', '300079.SZ', '002037.SZ', '603108.SH', '300006.SZ', '300639.SZ', '300821.SZ', '300293.SZ', '002624.SZ', '002099.SZ', '300443.SZ', '002527.SZ', '300458.SZ', '002405.SZ', '300887.SZ', '300726.SZ', '300027.SZ', '300244.SZ', '002589.SZ', '000636.SZ', '300073.SZ', '002741.SZ', '002487.SZ', '002163.SZ', '002373.SZ', '002928.SZ', '002277.SZ', '600106.SH', '300769.SZ', '603386.SH', '002717.SZ', '600691.SH', '603127.SH', '300081.SZ', '002151.SZ', '300379.SZ']"
2024-10-08,2024-09-30,2024-10-14,-0.1026026742140783,50,0.72,,"['300382.SZ', '688131.SH', '300346.SZ', '600435.SH', '688202.SH', '300260.SZ', '301078.SZ', '300072.SZ', '300604.SZ', '002819.SZ', '002488.SZ', '300850.SZ', '300079.SZ', '300123.SZ', '300225.SZ', '300767.SZ', '300726.SZ', '300821.SZ', '300006.SZ', '688091.SH', '688270.SH', '300672.SZ', '688326.SH', '002698.SZ', '600559.SH', '300341.SZ', '300598.SZ', '300113.SZ', '301165.SZ', '300487.SZ', '688001.SH', '688252.SH', '301021.SZ', '300887.SZ', '300278.SZ', '300458.SZ', '300820.SZ', '300363.SZ', '002229.SZ', '002389.SZ', '301177.SZ', '300348.SZ', '688179.SH', '688023.SH', '300917.SZ', '300393.SZ', '688173.SH', '300613.SZ', '300339.SZ', '688002.SH']"
2024-10-14,2024-10-11,2024-10-21,0.06862066657339203,50,0.98,,"['600053.SH', '688182.SH', '300921.SZ', '688376.SH', '301102.SZ', '301159.SZ', '301136.SZ', '301349.SZ', '301338.SZ', '301266.SZ', '301312.SZ', '301117.SZ', '300513.SZ', '301179.SZ', '001319.SZ', '688292.SH', '300560.SZ', '002995.SZ', '301128.SZ', '688205.SH', '688152.SH', '300990.SZ', '688159.SH', '301086.SZ', '000880.SZ', '688489.SH', '301369.SZ', '003005.SZ', '002889.SZ', '300461.SZ', '301123.SZ', '600228.SH', '301165.SZ', '001208.SZ', '301311.SZ', '300317.SZ', '301099.SZ', '301282.SZ', '301085.SZ', '002902.SZ', '301217.SZ', '600621.SH', '002878.SZ', '300504.SZ', '688147.SH', '301221.SZ', '300830.SZ', '300712.SZ', '300812.SZ', '688207.SH']"
2024-10-21,2024-10-18,2024-10-28,0.028802076152588705,50,0.56,,"['603206.SH', '688182.SH', '300921.SZ', '688376.SH', '301266.SZ', '605289.SH', '301180.SZ', '301117.SZ', '300990.SZ', '301128.SZ', '300461.SZ', '001269.SZ', '688244.SH', '001208.SZ', '301046.SZ', '688152.SH', '301391.SZ', '603191.SH', '003005.SZ', '301282.SZ', '301127.SZ', '301165.SZ', '301099.SZ', '688489.SH', '688147.SH', '603324.SH', '002889.SZ', '300317.SZ', '300978.SZ', '002670.SZ', '688371.SH', '688205.SH', '688246.SH', '600345.SH', '300902.SZ', '600228.SH', '301162.SZ', '300830.SZ', '688210.SH', '301013.SZ', '002792.SZ', '300250.SZ', '300619.SZ', '301030.SZ', '300712.SZ', '002104.SZ', '300081.SZ', '301339.SZ', '300582.SZ', '688102.SH']"
2024-10-28,2024-10-25,2024-11-04,-0.02641897167368154,50,0.82,,"['301159.SZ', '301218.SZ', '301312.SZ', '000056.SZ', '688509.SH', '300513.SZ', '301150.SZ', '688292.SH', '301311.SZ', '300560.SZ', '688489.SH', '002795.SZ', '301217.SZ', '300700.SZ', '300518.SZ', '002234.SZ', '688147.SH', '002480.SZ', '688170.SH', '301123.SZ', '002717.SZ', '000068.SZ', '300648.SZ', '603982.SH', '301165.SZ', '300533.SZ', '688369.SH', '688280.SH', '300528.SZ', '002670.SZ', '688499.SH', '688337.SH', '300745.SZ', '300830.SZ', '002553.SZ', '300477.SZ', '688371.SH', '688207.SH', '002184.SZ', '300250.SZ', '300712.SZ', '300071.SZ', '300941.SZ', '301169.SZ', '002339.SZ', '603956.SH', '688496.SH', '300490.SZ', '300299.SZ', '300081.SZ']"
2024-11-04,2024-11-01,2024-11-11,0.1516834157548366,50,0.62,,"['002647.SZ', '600620.SH', '300921.SZ', '688376.SH', '000712.SZ', '300853.SZ', '688112.SH', '301150.SZ', '600770.SH', '300423.SZ', '301046.SZ', '688147.SH', '300518.SZ', '300648.SZ', '688152.SH', '688489.SH', '300317.SZ', '603803.SH', '688499.SH', '002480.SZ', '000068.SZ', '003005.SZ', '688416.SH', '688292.SH', '300345.SZ', '688306.SH', '300477.SZ', '300504.SZ', '688320.SH', '688369.SH', '002339.SZ', '300712.SZ', '300250.SZ', '300173.SZ', '688371.SH', '300490.SZ', '002218.SZ', '300533.SZ', '688337.SH', '600280.SH', '002640.SZ', '688207.SH', '300809.SZ', '002792.SZ', '688680.SH', '300582.SZ', '002689.SZ', '301268.SZ', '603196.SH', '603032.SH']"
2024-11-11,2024-11-08,2024-11-18,-0.10073893232208996,50,0.48,,"['600053.SH', '600620.SH', '603206.SH', '000712.SZ', '688376.SH', '688112.SH', '600770.SH', '300461.SZ', '001269.SZ', '300518.SZ', '688147.SH', '688489.SH', '000068.SZ', '301369.SZ', '300902.SZ', '301152.SZ', '300317.SZ', '000892.SZ', '003005.SZ', '688499.SH', '000558.SZ', '688337.SH', '002339.SZ', '688306.SH', '300712.SZ', '688210.SH', '300250.SZ', '600725.SH', '300025.SZ', '688680.SH', '600345.SH', '300533.SZ', '300490.SZ', '688320.SH', '002640.SZ', '000011.SZ', '300785.SZ', '688207.SH', '300809.SZ', '300812.SZ', '603032.SH', '688246.SH', '301268.SZ', '300940.SZ', '300213.SZ', '600658.SH', '688201.SH', '300480.SZ', '000925.SZ', '300093.SZ']"
2024-11-18,2024-11-15,2024-11-25,0.05033026313133085,50,0.86,,"['002647.SZ', '600053.SH', '600927.SH', '000753.SZ', '600805.SH', '688376.SH', '603206.SH', '301136.SZ', '300317.SZ', '600682.SH', '001313.SZ', '002480.SZ', '301150.SZ', '600716.SH', '600683.SH', '603191.SH', '300513.SZ', '600173.SH', '001208.SZ', '603126.SH', '603278.SH', '000068.SZ', '002160.SZ', '002234.SZ', '301217.SZ', '600638.SH', '002640.SZ', '001201.SZ', '688186.SH', '000055.SZ', '002645.SZ', '002582.SZ', '000151.SZ', '002314.SZ', '600792.SH', '603982.SH', '000546.SZ', '603803.SH', '002560.SZ', '000965.SZ', '000558.SZ', '603956.SH', '300345.SZ', '000779.SZ', '300057.SZ', '603378.SH', '601011.SH', '300619.SZ', '000751.SZ', '002344.SZ']"
2024-11-25,2024-11-22,2024-12-02,0.055112458839497516,50,0.8,,"['301120.SZ', '300853.SZ', '300518.SZ', '688170.SH', '688244.SH', '002795.SZ', '002578.SZ', '300317.SZ', '300513.SZ', '002234.SZ', '000068.SZ', '688509.SH', '688280.SH', '300560.SZ', '300095.SZ', '603982.SH', '300528.SZ', '688416.SH', '300648.SZ', '603803.SH', '603378.SH', '300533.SZ', '301391.SZ', '002560.SZ', '301302.SZ', '300619.SZ', '300625.SZ', '603956.SH', '000570.SZ', '300504.SZ', '603123.SH', '300767.SZ', '688680.SH', '002977.SZ', '688323.SH', '002813.SZ', '600293.SH', '603421.SH', '000665.SZ', '002686.SZ', '600706.SH', '002471.SZ', '300830.SZ', '002330.SZ', '002554.SZ', '002339.SZ', '301166.SZ', '688369.SH', '000713.SZ', '002163.SZ']"
2024-12-02,2024-11-29,2024-12-09,0.005085719336303885,50,0.66,,"['603206.SH', '301338.SZ', '300786.SZ', '301120.SZ', '301136.SZ', '688244.SH', '300461.SZ', '300853.SZ', '300631.SZ', '301191.SZ', '300518.SZ', '300172.SZ', '301369.SZ', '688143.SH', '301282.SZ', '688489.SH', '002795.SZ', '688416.SH', '301221.SZ', '300280.SZ', '688391.SH', '301391.SZ', '688260.SH', '300648.SZ', '000068.SZ', '300560.SZ', '300423.SZ', '688152.SH', '301013.SZ', '301152.SZ', '300375.SZ', '688210.SH', '300733.SZ', '300787.SZ', '300528.SZ', '300317.SZ', '300250.SZ', '002694.SZ', '300812.SZ', '300619.SZ', '300538.SZ', '300654.SZ', '688369.SH', '688496.SH', '603378.SH', '300477.SZ', '002977.SZ', '688207.SH', '002908.SZ', '688680.SH']"
2024-12-09,2024-12-06,2024-12-16,0.021616463503795952,50,0.6,,"['002647.SZ', '301349.SZ', '301120.SZ', '603318.SH', '300518.SZ', '300631.SZ', '301159.SZ', '000010.SZ', '000911.SZ', '300280.SZ', '301123.SZ', '002877.SZ', '600173.SH', '300513.SZ', '002578.SZ', '002905.SZ', '688244.SH', '688416.SH', '300560.SZ', '002795.SZ', '300491.SZ', '002975.SZ', '603359.SH', '300423.SZ', '688260.SH', '688280.SH', '603803.SH', '688509.SH', '301013.SZ', '300538.SZ', '300648.SZ', '300375.SZ', '000068.SZ', '603665.SH', '300095.SZ', '300533.SZ', '000546.SZ', '300504.SZ', '603378.SH', '300733.SZ', '301391.SZ', '300426.SZ', '002902.SZ', '002977.SZ', '688152.SH', '603421.SH', '688148.SH', '300299.SZ', '002184.SZ', '300767.SZ']"
2024-12-16,2024-12-13,2024-12-23,-0.0867874539518953,50,0.64,,"['002647.SZ', '000010.SZ', '603318.SH', '002758.SZ', '603359.SH', '000626.SZ', '002578.SZ', '600798.SH', '000880.SZ', '001338.SZ', '000652.SZ', '000056.SZ', '002795.SZ', '002852.SZ', '600792.SH', '000911.SZ', '000838.SZ', '002877.SZ', '002443.SZ', '300095.SZ', '002398.SZ', '605136.SH', '000042.SZ', '000686.SZ', '603665.SH', '300375.SZ', '000546.SZ', '603353.SH', '002218.SZ', '002905.SZ', '605188.SH', '603378.SH', '002666.SZ', '600617.SH', '002184.SZ', '688680.SH', '603808.SH', '300138.SZ', '600228.SH', '002582.SZ', '603803.SH', '002813.SZ', '300767.SZ', '002441.SZ', '603278.SH', '600327.SH', '688292.SH', '000863.SZ', '300477.SZ', '300533.SZ']"
2024-12-23,2024-12-20,2024-12-30,0.02502639397143394,50,0.98,,"['600796.SH', '301338.SZ', '301278.SZ', '603162.SH', '301128.SZ', '301116.SZ', '603209.SH', '301266.SZ', '300873.SZ', '001311.SZ', '603315.SH', '002479.SZ', '300969.SZ', '002824.SZ', '603105.SH', '300092.SZ', '300606.SZ', '301221.SZ', '301208.SZ', '301195.SZ', '301325.SZ', '605167.SH', '000935.SZ', '688292.SH', '605186.SH', '300538.SZ', '300890.SZ', '300990.SZ', '301149.SZ', '300787.SZ', '603929.SH', '002039.SZ', '002729.SZ', '002953.SZ', '300654.SZ', '301330.SZ', '002746.SZ', '300547.SZ', '001283.SZ', '603757.SH', '002580.SZ', '600310.SH', '300752.SZ', '600106.SH', '300698.SZ', '002255.SZ', '301073.SZ', '301162.SZ', '002792.SZ', '300272.SZ']"
2024-12-30,2024-12-27,2025-01-06,-0.08335867754188085,50,0.68,,"['002961.SZ', '603162.SH', '301128.SZ', '300873.SZ', '603209.SH', '301175.SZ', '603300.SH', '603167.SH', '001311.SZ', '300092.SZ', '300773.SZ', '002479.SZ', '002824.SZ', '605167.SH', '000551.SZ', '603757.SH', '603105.SH', '600301.SH', '601113.SH', '002140.SZ', '300833.SZ', '300488.SZ', '300893.SZ', '301127.SZ', '300286.SZ', '603929.SH', '002255.SZ', '002540.SZ', '300592.SZ', '301149.SZ', '300228.SZ', '600729.SH', '300815.SZ', '600368.SH', '603713.SH', '600961.SH', '003043.SZ', '002833.SZ', '603158.SH', '002882.SZ', '002757.SZ', '300680.SZ', '300272.SZ', '300547.SZ', '300855.SZ', '300880.SZ', '002345.SZ', '002150.SZ', '605088.SH', '300505.SZ']"
2025-01-06,2025-01-03,2025-01-13,-0.007447505737713036,50,0.72,,"['002478.SZ', '603995.SH', '000923.SZ', '001203.SZ', '600295.SH', '000819.SZ', '603619.SH', '600819.SH', '600282.SH', '600301.SH', '002988.SZ', '601022.SH', '002540.SZ', '603162.SH', '300873.SZ', '603209.SH', '600961.SH', '600361.SH', '002674.SZ', '603167.SH', '600531.SH', '002088.SZ', '000026.SZ', '000612.SZ', '605050.SH', '002870.SZ', '601599.SH', '002978.SZ', '002083.SZ', '002688.SZ', '300893.SZ', '002237.SZ', '603889.SH', '600888.SH', '603158.SH', '600459.SH', '002479.SZ', '002043.SZ', '600595.SH', '603170.SH', '301149.SZ', '301175.SZ', '603105.SH', '603689.SH', '603319.SH', '600125.SH', '600784.SH', '605088.SH', '603166.SH', '301215.SZ']"
2025-01-13,2025-01-10,2025-01-20,0.06290930385808298,50,0.76,,"['000819.SZ', '603619.SH', '002824.SZ', '001311.SZ', '300978.SZ', '603162.SH', '300855.SZ', '600796.SH', '603209.SH', '603057.SH', '603085.SH', '300337.SZ', '300893.SZ', '605088.SH', '301149.SZ', '300918.SZ', '002355.SZ', '601599.SH', '300680.SZ', '603170.SH', '301278.SZ', '001258.SZ', '001215.SZ', '603319.SH', '300507.SZ', '603324.SH', '603166.SH', '603105.SH', '300446.SZ', '688269.SH', '300905.SZ', '002481.SZ', '000707.SZ', '300908.SZ', '003000.SZ', '300863.SZ', '300917.SZ', '300973.SZ', '002590.SZ', '605337.SH', '601918.SH', '688510.SH', '300815.SZ', '002991.SZ', '002455.SZ', '001208.SZ', '300272.SZ', '600310.SH', '001217.SZ', '301127.SZ']"
2025-01-20,2025-01-17,2025-01-27,-0.008833070485707951,50,0.54,,"['300881.SZ', '301160.SZ', '601121.SH', '603995.SH', '603300.SH', '000819.SZ', '002986.SZ', '002996.SZ', '002824.SZ', '301116.SZ', '603619.SH', '300978.SZ', '603162.SH', '001205.SZ', '600182.SH', '002870.SZ', '300855.SZ', '603057.SH', '300577.SZ', '603107.SH', '300893.SZ', '601599.SH', '600531.SH', '603558.SH', '603085.SH', '001376.SZ', '001258.SZ', '300801.SZ', '300680.SZ', '603889.SH', '603170.SH', '605088.SH', '605133.SH', '603105.SH', '300507.SZ', '002043.SZ', '301121.SZ', '300446.SZ', '603319.SH', '600101.SH', '000707.SZ', '300908.SZ', '003028.SZ', '600575.SH', '605399.SH', '003000.SZ', '300727.SZ', '000677.SZ', '300863.SZ', '002590.SZ']"
2025-01-27,2025-01-24,2025-02-05,-0.0036279647800000103,50,0.5,,"['301160.SZ', '601121.SH', '002478.SZ', '603995.SH', '603300.SH', '002986.SZ', '000819.SZ', '002996.SZ', '301323.SZ', '002824.SZ', '603619.SH', '001311.SZ', '301345.SZ', '300978.SZ', '601083.SH', '601022.SH', '301322.SZ', '603162.SH', '001205.SZ', '002540.SZ', '300873.SZ', '002988.SZ', '001338.SZ', '600182.SH', '300774.SZ', '600796.SH', '603057.SH', '600961.SH', '300855.SZ', '600361.SH', '002448.SZ', '300577.SZ', '002870.SZ', '002088.SZ', '002328.SZ', '603558.SH', '600531.SH', '601599.SH', '301305.SZ', '300893.SZ', '001258.SZ', '002345.SZ', '002083.SZ', '603170.SH', '603889.SH', '000672.SZ', '002978.SZ', '300801.SZ', '603158.SH', '600469.SH']"
2025-02-05,2025-01-27,2025-02-10,0.04203297810034232,50,0.48,,"['601121.SH', '301160.SZ', '300881.SZ', '603995.SH', '002986.SZ', '000819.SZ', '603223.SH', '301323.SZ', '001311.SZ', '002824.SZ', '301345.SZ', '300978.SZ', '601083.SH', '603162.SH', '001205.SZ', '603057.SH', '300873.SZ', '600796.SH', '300577.SZ', '300918.SZ', '000962.SZ', '603107.SH', '300893.SZ', '301305.SZ', '601599.SH', '002716.SZ', '001258.SZ', '603558.SH', '603170.SH', '300801.SZ', '603158.SH', '603889.SH', '002746.SZ', '605133.SH', '002479.SZ', '605088.SH', '603105.SH', '300230.SZ', '603324.SH', '300507.SZ', '003028.SZ', '300908.SZ', '003000.SZ', '603319.SH', '002590.SZ', '000707.SZ', '300272.SZ', '300690.SZ', '001217.SZ', '002662.SZ']"
2025-02-10,2025-02-07,2025-02-17,0.02881098853190459,50,0.68,,"['300881.SZ', '000935.SZ', '300969.SZ', '603038.SH', '000880.SZ', '002553.SZ', '603057.SH', '600796.SH', '603158.SH', '002355.SZ', '600255.SH', '300189.SZ', '301215.SZ', '000962.SZ', '605088.SH', '601599.SH', '300547.SZ', '002716.SZ', '002746.SZ', '300507.SZ', '300681.SZ', '603324.SH', '002510.SZ', '300618.SZ', '002590.SZ', '301121.SZ', '301116.SZ', '603105.SH', '300690.SZ', '002218.SZ', '003028.SZ', '600106.SH', '300230.SZ', '688716.SH', '603153.SH', '301127.SZ', '000688.SZ', '300522.SZ', '600217.SH', '600979.SH', '300505.SZ', '002953.SZ', '002995.SZ', '300890.SZ', '300629.SZ', '300727.SZ', '300203.SZ', '002570.SZ', '300787.SZ', '000716.SZ']"
2025-02-17,2025-02-14,2025-02-24,0.027571022360581107,50,0.74,,"['600830.SH', '688552.SH', '688523.SH', '000935.SZ', '002694.SZ', '301306.SZ', '600668.SH', '003038.SZ', '300737.SZ', '688102.SH', '600927.SH', '603178.SH', '300589.SZ', '000672.SZ', '001270.SZ', '002716.SZ', '603256.SH', '002746.SZ', '002182.SZ', '300507.SZ', '002590.SZ', '000011.SZ', '000657.SZ', '688281.SH', '001269.SZ', '688716.SH', '603324.SH', '688295.SH', '600279.SH', '000688.SZ', '600604.SH', '301217.SZ', '603153.SH', '600595.SH', '300397.SZ', '300619.SZ', '688147.SH', '002214.SZ', '600106.SH', '000561.SZ', '688133.SH', '002383.SZ', '002224.SZ', '688311.SH', '688371.SH', '600648.SH', '300203.SZ', '600217.SH', '300848.SZ', '300787.SZ']"
2025-02-24,2025-02-21,2025-03-03,-0.017683075524624125,50,0.76,,"['301160.SZ', '600830.SH', '001311.SZ', '300191.SZ', '000819.SZ', '688552.SH', '002986.SZ', '688523.SH', '603132.SH', '301306.SZ', '002824.SZ', '003038.SZ', '600126.SH', '300835.SZ', '301517.SZ', '688102.SH', '300893.SZ', '603300.SH', '603162.SH', '605133.SH', '001270.SZ', '688376.SH', '600120.SH', '301565.SZ', '300446.SZ', '300863.SZ', '002182.SZ', '605088.SH', '002590.SZ', '002973.SZ', '601133.SH', '300258.SZ', '300918.SZ', '688612.SH', '301030.SZ', '300680.SZ', '603324.SH', '688281.SH', '300926.SZ', '603119.SH', '688543.SH', '688295.SH', '002458.SZ', '002703.SZ', '002971.SZ', '603686.SH', '300547.SZ', '300900.SZ', '603200.SH', '002664.SZ']"
2025-03-03,2025-02-28,2025-03-10,0.03680015280442491,50,0.78,,"['603223.SH', '601121.SH', '002110.SZ', '000819.SZ', '300055.SZ', '002986.SZ', '300191.SZ', '000059.SZ', '000761.SZ', '600399.SH', '002694.SZ', '002791.SZ', '605006.SH', '601969.SH', '600643.SH', '000825.SZ', '301526.SZ', '002221.SZ', '688102.SH', '002785.SZ', '600808.SH', '688523.SH', '000703.SZ', '600361.SH', '601022.SH', '603107.SH', '001201.SZ', '600796.SH', '301500.SZ', '603162.SH', '300893.SZ', '601069.SH', '605228.SH', '300858.SZ', '301215.SZ', '300973.SZ', '002182.SZ', '600965.SH', '600259.SH', '300891.SZ', '000713.SZ', '001270.SZ', '002840.SZ', '002515.SZ', '002971.SZ', '688295.SH', '300997.SZ', '000762.SZ', '301216.SZ', '000657.SZ']"
2025-03-10,2025-03-07,2025-03-17,0.03375757520696293,50,0.68,,"['002986.SZ', '300191.SZ', '000819.SZ', '301160.SZ', '600830.SH', '603223.SH', '600399.SH', '301345.SZ', '300969.SZ', '301141.SZ', '300978.SZ', '300737.SZ', '300835.SZ', '003038.SZ', '002785.SZ', '301306.SZ', '688523.SH', '603170.SH', '605158.SH', '603107.SH', '300893.SZ', '002988.SZ', '603701.SH', '300908.SZ', '300589.SZ', '001205.SZ', '603085.SH', '603162.SH', '605128.SH', '603158.SH', '300801.SZ', '002973.SZ', '002182.SZ', '603535.SH', '001270.SZ', '300973.SZ', '688533.SH', '300719.SZ', '605133.SH', '300863.SZ', '601133.SH', '300791.SZ', '001376.SZ', '300891.SZ', '300811.SZ', '603069.SH', '300507.SZ', '001258.SZ', '300997.SZ', '002971.SZ']"
2025-03-17,2025-03-14,2025-03-24,-0.021477816281803695,50,0.6,,"['002478.SZ', '603995.SH', '001203.SZ', '301141.SZ', '002986.SZ', '603619.SH', '000819.SZ', '300835.SZ', '002392.SZ', '003038.SZ', '605158.SH', '300969.SZ', '301345.SZ', '001311.SZ', '603399.SH', '300978.SZ', '603162.SH', '002540.SZ', '600796.SH', '002988.SZ', '001205.SZ', '603558.SH', '300873.SZ', '603365.SH', '002889.SZ', '600361.SH', '601599.SH', '603535.SH', '600531.SH', '002973.SZ', '002328.SZ', '002083.SZ', '603876.SH', '300893.SZ', '601133.SH', '603170.SH', '000906.SZ', '002870.SZ', '603889.SH', '300801.SZ', '002043.SZ', '300908.SZ', '601609.SH', '600586.SH', '000546.SZ', '603085.SH', '002237.SZ', '600469.SH', '301030.SZ', '002154.SZ']"
2025-03-24,2025-03-21,2025-03-31,-0.017230340100287445,50,0.34,,"['002478.SZ', '603995.SH', '000923.SZ', '001203.SZ', '002961.SZ', '002986.SZ', '603093.SH', '603619.SH', '002392.SZ', '002996.SZ', '000968.SZ', '003038.SZ', '603162.SH', '000819.SZ', '301345.SZ', '001205.SZ', '603170.SH', '001311.SZ', '600796.SH', '603167.SH', '002540.SZ', '603535.SH', '001338.SZ', '301305.SZ', '002988.SZ', '300873.SZ', '000726.SZ', '002404.SZ', '002930.SZ', '002973.SZ', '600361.SH', '603558.SH', '000026.SZ', '603365.SH', '600531.SH', '300138.SZ', '603876.SH', '002612.SZ', '300908.SZ', '003000.SZ', '301175.SZ', '601599.SH', '600586.SH', '002043.SZ', '002978.SZ', '002328.SZ', '300893.SZ', '601609.SH', '603889.SH', '300801.SZ']"
2025-03-31,2025-03-28,2025-04-07,-0.09351945702024328,50,0.38,,"['002478.SZ', '000923.SZ', '603995.SH', '001203.SZ', '002986.SZ', '000819.SZ', '603223.SH', '603619.SH', '601969.SH', '002318.SZ', '603057.SH', '601083.SH', '601022.SH', '603162.SH', '603170.SH', '301345.SZ', '001205.SZ', '002540.SZ', '603237.SH', '002088.SZ', '001311.SZ', '300855.SZ', '301305.SZ', '002404.SZ', '300873.SZ', '603167.SH', '300577.SZ', '603558.SH', '600531.SH', '603365.SH', '603535.SH', '002973.SZ', '600182.SH', '002991.SZ', '300908.SZ', '000026.SZ', '003000.SZ', '603889.SH', '002978.SZ', '002043.SZ', '603697.SH', '002083.SZ', '600888.SH', '600897.SH', '605338.SH', '300893.SZ', '002328.SZ', '300973.SZ', '600583.SH', '300801.SZ']"
2025-04-07,2025-04-03,2025-04-14,0.09437453720521011,50,0.88,,"['600834.SH', '600794.SH', '002930.SZ', '601008.SH', '001376.SZ', '600725.SH', '600644.SH', '000993.SZ', '601121.SH', '000068.SZ', '001896.SZ', '300314.SZ', '605368.SH', '600769.SH', '301089.SZ', '603170.SH', '300453.SZ', '600283.SH', '603237.SH', '605266.SH', '002728.SZ', '600238.SH', '603101.SH', '001338.SZ', '603669.SH', '002561.SZ', '000802.SZ', '603222.SH', '002198.SZ', '605188.SH', '300858.SZ', '000788.SZ', '600616.SH', '300908.SZ', '000966.SZ', '605388.SH', '603896.SH', '002404.SZ', '601366.SH', '300138.SZ', '002644.SZ', '003000.SZ', '301188.SZ', '300427.SZ', '002971.SZ', '603998.SH', '600630.SH', '002983.SZ', '600182.SH', '603199.SH']"
2025-04-14,2025-04-11,2025-04-21,0.029479025211553586,50,0.86,,"['000520.SZ', '603117.SH', '600834.SH', '600644.SH', '600611.SH', '600505.SH', '600725.SH', '600463.SH', '603056.SH', '000068.SZ', '000863.SZ', '603126.SH', '688073.SH', '600622.SH', '300374.SZ', '000655.SZ', '000551.SZ', '300295.SZ', '600635.SH', '002628.SZ', '002457.SZ', '301017.SZ', '002225.SZ', '000712.SZ', '603669.SH', '600724.SH', '600817.SH', '601999.SH', '600838.SH', '600864.SH', '000788.SZ', '000402.SZ', '300111.SZ', '000006.SZ', '688353.SH', '601375.SH', '300583.SZ', '001267.SZ', '600266.SH', '002095.SZ', '002989.SZ', '600621.SH', '000151.SZ', '688325.SH', '002542.SZ', '603256.SH', '002302.SZ', '600507.SH', '601366.SH', '688553.SH']"
2025-04-21,2025-04-18,2025-04-28,-0.009613471365688544,50,0.62,,"['600834.SH', '603117.SH', '600792.SH', '600463.SH', '001896.SZ', '688073.SH', '000068.SZ', '600613.SH', '600819.SH', '000551.SZ', '603669.SH', '300295.SZ', '002082.SZ', '002225.SZ', '000788.SZ', '600817.SH', '002628.SZ', '601999.SH', '688325.SH', '300111.SZ', '300583.SZ', '300215.SZ', '600383.SH', '600730.SH', '002542.SZ', '000151.SZ', '300105.SZ', '002404.SZ', '601366.SH', '000421.SZ', '300582.SZ', '300808.SZ', '003016.SZ', '300241.SZ', '003026.SZ', '603016.SH', '603656.SH', '600078.SH', '300272.SZ', '688312.SH', '300460.SZ', '300669.SZ', '002637.SZ', '603386.SH', '603823.SH', '603095.SH', '600386.SH', '601002.SH', '600822.SH', '603701.SH']"
2025-04-28,2025-04-25,2025-05-06,0.039518625339949265,50,0.9,,"['001205.SZ', '000905.SZ', '600758.SH', '600121.SH', '600796.SH', '002658.SZ', '001236.SZ', '301408.SZ', '300425.SZ', '600526.SH', '301281.SZ', '600819.SH', '301141.SZ', '000789.SZ', '002593.SZ', '301323.SZ', '603052.SH', '603978.SH', '002791.SZ', '300835.SZ', '002824.SZ', '600604.SH', '603999.SH', '600962.SH', '301121.SZ', '301251.SZ', '300094.SZ', '300583.SZ', '301123.SZ', '600965.SH', '002918.SZ', '000402.SZ', '688325.SH', '301327.SZ', '002187.SZ', '002846.SZ', '300215.SZ', '600266.SH', '301080.SZ', '301296.SZ', '000935.SZ', '300795.SZ', '301489.SZ', '000401.SZ', '001208.SZ', '002100.SZ', '000421.SZ', '000716.SZ', '002823.SZ', '688275.SH']"
2025-05-06,2025-04-30,2025-05-12,0.02966382720875702,50,0.7,,"['600800.SH', '300191.SZ', '601015.SH', '600310.SH', '600403.SH', '000819.SZ', '300374.SZ', '000068.SZ', '301281.SZ', '301116.SZ', '600965.SH', '002995.SZ', '603038.SH', '301251.SZ', '300835.SZ', '603721.SH', '603978.SH', '002824.SZ', '688429.SH', '301152.SZ', '002593.SZ', '000802.SZ', '301121.SZ', '301086.SZ', '301038.SZ', '688108.SH', '301489.SZ', '300667.SZ', '301296.SZ', '300407.SZ', '600624.SH', '002846.SZ', '300801.SZ', '300706.SZ', '300460.SZ', '001208.SZ', '300215.SZ', '688325.SH', '002953.SZ', '300903.SZ', '600255.SH', '688033.SH', '300891.SZ', '300565.SZ', '688275.SH', '300831.SZ', '002805.SZ', '300808.SZ', '002975.SZ', '688717.SH']"
2025-05-12,2025-05-09,2025-05-19,-0.003164981035114434,50,0.7,,"['300314.SZ', '600830.SH', '000532.SZ', '301281.SZ', '301128.SZ', '301326.SZ', '301251.SZ', '002824.SZ', '301086.SZ', '688429.SH', '300381.SZ', '301489.SZ', '301121.SZ', '300697.SZ', '688603.SH', '002628.SZ', '301315.SZ', '300706.SZ', '300868.SZ', '301296.SZ', '300295.SZ', '300460.SZ', '002846.SZ', '300622.SZ', '300537.SZ', '300407.SZ', '300805.SZ', '301036.SZ', '300903.SZ', '300154.SZ', '003043.SZ', '002735.SZ', '300632.SZ', '301383.SZ', '002878.SZ', '300891.SZ', '301306.SZ', '300582.SZ', '600255.SH', '300654.SZ', '688620.SH', '300230.SZ', '300179.SZ', '001267.SZ', '300484.SZ', '300752.SZ', '688312.SH', '003005.SZ', '688478.SH', '002148.SZ']"
2025-05-19,2025-05-16,2025-05-26,-0.013178307227003288,50,0.94,,"['001258.SZ', '600052.SH', '300055.SZ', '600792.SH', '002627.SZ', '688247.SH', '600310.SH', '603069.SH', '001201.SZ', '000068.SZ', '603237.SH', '300425.SZ', '605006.SH', '002932.SZ', '603222.SH', '688353.SH', '300056.SZ', '301370.SZ', '600622.SH', '002641.SZ', '300639.SZ', '301120.SZ', '300583.SZ', '600865.SH', '300006.SZ', '688602.SH', '603719.SH', '603978.SH', '300942.SZ', '300423.SZ', '600280.SH', '600217.SH', '300381.SZ', '300043.SZ', '300497.SZ', '000886.SZ', '688337.SH', '300619.SZ', '300071.SZ', '300890.SZ', '300318.SZ', '688275.SH', '300460.SZ', '002805.SZ', '300504.SZ', '000707.SZ', '300903.SZ', '688733.SH', '000665.SZ', '301073.SZ']"
2025-05-26,2025-05-23,2025-06-03,0.014602324040315069,50,0.92,,"['300873.SZ', '688376.SH', '301305.SZ', '300314.SZ', '300172.SZ', '603535.SH', '002973.SZ', '000068.SZ', '300453.SZ', '002201.SZ', '603309.SH', '301323.SZ', '603978.SH', '300445.SZ', '300942.SZ', '002615.SZ', '688337.SH', '300801.SZ', '603558.SH', '002264.SZ', '300690.SZ', '300272.SZ', '300916.SZ', '688046.SH', '301318.SZ', '603058.SH', '002849.SZ', '300938.SZ', '300891.SZ', '300908.SZ', '300978.SZ', '002296.SZ', '300241.SZ', '003025.SZ', '688626.SH', '300218.SZ', '688478.SH', '000720.SZ', '300471.SZ', '300160.SZ', '002835.SZ', '300939.SZ', '301322.SZ', '603339.SH', '688609.SH', '000509.SZ', '603386.SH', '605060.SH', '688179.SH', '002786.SZ']"
2025-06-03,2025-05-30,2025-06-09,0.027762327121383327,50,0.86,,"['600052.SH', '603117.SH', '603167.SH', '300435.SZ', '688376.SH', '601188.SH', '301305.SZ', '603535.SH', '600897.SH', '688247.SH', '300172.SZ', '600368.SH', '600758.SH', '600962.SH', '002694.SZ', '600463.SH', '688073.SH', '600965.SH', '000068.SZ', '600293.SH', '603718.SH', '688253.SH', '300105.SZ', '600251.SH', '600638.SH', '603601.SH', '300664.SZ', '688526.SH', '000755.SZ', '002645.SZ', '002198.SZ', '600668.SH', '002728.SZ', '600838.SH', '603170.SH', '002561.SZ', '002082.SZ', '000514.SZ', '603309.SH', '600865.SH', '000788.SZ', '002785.SZ', '300869.SZ', '603669.SH', '002818.SZ', '002088.SZ', '603600.SH', '300110.SZ', '603999.SH', '603558.SH']"
2025-06-09,2025-06-06,2025-06-16,-0.009661345041029583,50,0.72,,"['603117.SH', '601188.SH', '000520.SZ', '600725.SH', '001236.SZ', '300135.SZ', '300774.SZ', '301030.SZ', '002694.SZ', '600463.SH', '000068.SZ', '603126.SH', '300105.SZ', '301038.SZ', '301333.SZ', '000514.SZ', '300719.SZ', '301089.SZ', '600838.SH', '603222.SH', '600616.SH', '300424.SZ', '002581.SZ', '300589.SZ', '300056.SZ', '300902.SZ', '300654.SZ', '002561.SZ', '600865.SH', '002839.SZ', '000779.SZ', '000788.SZ', '300426.SZ', '603669.SH', '603718.SH', '000151.SZ', '600965.SH', '300942.SZ', '603815.SH', '600855.SH', '600620.SH', '688602.SH', '600630.SH', '605158.SH', '002356.SZ', '002542.SZ', '688687.SH', '000812.SZ', '301058.SZ', '300795.SZ']"
2025-06-16,2025-06-13,2025-06-23,-0.012205643513525783,50,0.76,,"['603535.SH', '300774.SZ', '600758.SH', '301305.SZ', '301030.SZ', '688247.SH', '688253.SH', '002694.SZ', '300105.SZ', '600463.SH', '300664.SZ', '301089.SZ', '000514.SZ', '300434.SZ', '688391.SH', '300982.SZ', '300210.SZ', '000788.SZ', '600638.SH', '300902.SZ', '300396.SZ', '300110.SZ', '301120.SZ', '301195.SZ', '603230.SH', '300690.SZ', '301318.SZ', '300560.SZ', '300712.SZ', '000544.SZ', '301391.SZ', '301172.SZ', '603058.SH', '300632.SZ', '603357.SH', '688046.SH', '002839.SZ', '605577.SH', '000812.SZ', '603628.SH', '603018.SH', '600064.SH', '300985.SZ', '688389.SH', '002952.SZ', '300427.SZ', '002936.SZ', '600620.SH', '300241.SZ', '300218.SZ']"
2025-06-23,2025-06-20,2025-06-30,0.045058743386517414,50,0.84,,"['600052.SH', '300881.SZ', '688376.SH', '001205.SZ', '300873.SZ', '688247.SH', '301030.SZ', '688253.SH', '300425.SZ', '603324.SH', '002694.SZ', '300795.SZ', '688581.SH', '301239.SZ', '300636.SZ', '605006.SH', '300719.SZ', '300860.SZ', '300056.SZ', '300902.SZ', '300942.SZ', '301123.SZ', '688337.SH', '603222.SH', '301025.SZ', '301086.SZ', '300006.SZ', '300424.SZ', '300359.SZ', '300497.SZ', '300025.SZ', '603711.SH', '300654.SZ', '300423.SZ', '000514.SZ', '301120.SZ', '300111.SZ', '688325.SH', '301038.SZ', '688489.SH', '301062.SZ', '600621.SH', '002148.SZ', '688602.SH', '300690.SZ', '688202.SH', '301073.SZ', '688108.SH', '300397.SZ', '300318.SZ']"
2025-06-30,2025-06-27,2025-07-07,0.006213386458322887,50,0.64,,"['603535.SH', '300040.SZ', '600830.SH', '001236.SZ', '300774.SZ', '688376.SH', '301030.SZ', '603324.SH', '002201.SZ', '301558.SZ', '002995.SZ', '300210.SZ', '002581.SZ', '300795.SZ', '301025.SZ', '603093.SH', '300942.SZ', '300667.SZ', '688429.SH', '301086.SZ', '300560.SZ', '300654.SZ', '688496.SH', '603999.SH', '301120.SZ', '605158.SH', '300423.SZ', '600621.SH', '600661.SH', '688108.SH', '688325.SH', '300025.SZ', '300407.SZ', '301172.SZ', '300781.SZ', '300690.SZ', '300706.SZ', '300985.SZ', '300318.SZ', '300868.SZ', '301268.SZ', '688202.SH', '688602.SH', '301096.SZ', '300712.SZ', '688147.SH', '300582.SZ', '603602.SH', '002975.SZ', '002095.SZ']"
2025-07-07,2025-07-04,2025-07-14,0.048439694415576634,50,1.0,,"['600463.SH', '600638.SH', '000514.SZ', '000862.SZ', '300332.SZ', '300873.SZ', '002479.SZ', '000507.SZ', '600604.SH', '002478.SZ', '300291.SZ', '600064.SH', '601188.SH', '600675.SH', '603610.SH', '000726.SZ', '301305.SZ', '002561.SZ', '000779.SZ', '000850.SZ', '002083.SZ', '002771.SZ', '002029.SZ', '600758.SH', '600035.SH', '000417.SZ', '300867.SZ', '603103.SH', '300996.SZ', '300550.SZ', '300230.SZ', '300218.SZ', '300105.SZ', '600962.SH', '002791.SZ', '600593.SH', '600336.SH', '300664.SZ', '000639.SZ', '002728.SZ', '300434.SZ', '605166.SH', '002645.SZ', '002298.SZ', '000789.SZ', '600288.SH', '600668.SH', '002224.SZ', '600694.SH', '603217.SH']"
2025-07-14,2025-07-11,2025-07-21,0.017487799562454234,50,0.7,,"['000863.SZ', '002918.SZ', '600658.SH', '300332.SZ', '600748.SH', '600094.SH', '000620.SZ', '300785.SZ', '600604.SH', '300494.SZ', '300291.SZ', '600088.SH', '002631.SZ', '300027.SZ', '002238.SZ', '600675.SH', '300712.SZ', '601908.SH', '603610.SH', '300659.SZ', '688207.SH', '002771.SZ', '002561.SZ', '002941.SZ', '002163.SZ', '600279.SH', '600121.SH', '000850.SZ', '300887.SZ', '600661.SH', '000546.SZ', '300135.SZ', '603103.SH', '300215.SZ', '300608.SZ', '600336.SH', '300425.SZ', '300550.SZ', '603324.SH', '002694.SZ', '600593.SH', '002869.SZ', '002457.SZ', '002932.SZ', '000639.SZ', '300583.SZ', '002791.SZ', '002728.SZ', '300978.SZ', '300688.SZ']"
2025-07-21,2025-07-18,2025-07-28,0.034119837261723004,50,0.72,,"['600463.SH', '600622.SH', '002918.SZ', '600658.SH', '300426.SZ', '601999.SH', '002291.SZ', '600641.SH', '301172.SZ', '002631.SZ', '301011.SZ', '300712.SZ', '002187.SZ', '300659.SZ', '603610.SH', '688207.SH', '002561.SZ', '300673.SZ', '300314.SZ', '000850.SZ', '300365.SZ', '603324.SH', '301281.SZ', '600433.SH', '600336.SH', '300275.SZ', '300105.SZ', '300938.SZ', '300608.SZ', '301036.SZ', '002672.SZ', '301060.SZ', '300021.SZ', '000639.SZ', '300381.SZ', '002791.SZ', '002453.SZ', '301086.SZ', '300407.SZ', '002201.SZ', '688238.SH', '600288.SH', '001217.SZ', '300158.SZ', '600756.SH', '300427.SZ', '301266.SZ', '300057.SZ', '002302.SZ', '688133.SH']"
2025-07-28,2025-07-25,2025-08-04,0.006821546726391827,50,0.54,,"['001322.SZ', '300805.SZ', '002918.SZ', '601999.SH', '002919.SZ', '301062.SZ', '600641.SH', '301172.SZ', '301391.SZ', '300712.SZ', '301011.SZ', '601226.SH', '688207.SH', '300887.SZ', '300275.SZ', '600399.SH', '300938.SZ', '301085.SZ', '300559.SZ', '300552.SZ', '300105.SZ', '301036.SZ', '002869.SZ', '603324.SH', '300107.SZ', '002672.SZ', '300891.SZ', '300366.SZ', '300342.SZ', '300797.SZ', '002198.SZ', '688391.SH', '002453.SZ', '300210.SZ', '300381.SZ', '600756.SH', '301060.SZ', '301086.SZ', '300407.SZ', '001217.SZ', '688496.SH', '300690.SZ', '300111.SZ', '300942.SZ', '688133.SH', '300427.SZ', '300727.SZ', '301307.SZ', '688238.SH', '300787.SZ']"
2025-08-04,2025-08-01,2025-08-11,0.04054412216351949,50,0.8,,"['301172.SZ', '301391.SZ', '688207.SH', '300795.SZ', '300448.SZ', '300892.SZ', '300359.SZ', '002474.SZ', '002694.SZ', '300891.SZ', '300375.SZ', '603138.SH', '300230.SZ', '300479.SZ', '301121.SZ', '300277.SZ', '300942.SZ', '301221.SZ', '300111.SZ', '300423.SZ', '688579.SH', '688238.SH', '002522.SZ', '300690.SZ', '688133.SH', '301266.SZ', '300560.SZ', '300727.SZ', '300632.SZ', '688046.SH', '688325.SH', '603032.SH', '300460.SZ', '300265.SZ', '002148.SZ', '688179.SH', '300504.SZ', '688277.SH', '300571.SZ', '600620.SH', '300213.SZ', '688202.SH', '300603.SZ', '300902.SZ', '300808.SZ', '300667.SZ', '688699.SH', '002849.SZ', '688181.SH', '300032.SZ']"
2025-08-11,2025-08-08,2025-08-18,0.03694389371828829,50,0.84,,"['300881.SZ', '301296.SZ', '002615.SZ', '003028.SZ', '301160.SZ', '605167.SH', '300055.SZ', '300729.SZ', '300191.SZ', '688376.SH', '603499.SH', '300938.SZ', '688602.SH', '688609.SH', '300962.SZ', '301162.SZ', '300453.SZ', '000707.SZ', '300891.SZ', '300797.SZ', '001311.SZ', '300375.SZ', '605555.SH', '603722.SH', '301121.SZ', '300942.SZ', '002971.SZ', '688603.SH', '300200.SZ', '688620.SH', '301188.SZ', '300791.SZ', '301439.SZ', '300752.SZ', '688133.SH', '688799.SH', '301307.SZ', '300890.SZ', '000677.SZ', '688046.SH', '300893.SZ', '300880.SZ', '688478.SH', '300143.SZ', '300956.SZ', '300909.SZ', '688621.SH', '688179.SH', '300571.SZ', '688458.SH']"
2025-08-18,2025-08-15,2025-08-25,0.019970794338160278,50,0.68,,"['301110.SZ', '002615.SZ', '300031.SZ', '601022.SH', '601083.SH', '301339.SZ', '301160.SZ', '300881.SZ', '003028.SZ', '603393.SH', '300182.SZ', '600986.SH', '301162.SZ', '300315.SZ', '301109.SZ', '300191.SZ', '688507.SH', '000155.SZ', '605555.SH', '601969.SH', '002015.SZ', '301565.SZ', '300938.SZ', '300962.SZ', '300858.SZ', '301004.SZ', '300797.SZ', '002670.SZ', '300848.SZ', '603722.SH', '300905.SZ', '002971.SZ', '300768.SZ', '000677.SZ', '300790.SZ', '002777.SZ', '300002.SZ', '300416.SZ', '300791.SZ', '300758.SZ', '688258.SH', '000099.SZ', '001311.SZ', '688443.SH', '688351.SH', '301363.SZ', '688581.SH', '301188.SZ', '688687.SH', '300969.SZ']"
2025-08-25,2025-08-22,2025-09-01,-0.014157462160687424,50,0.42,,"['300917.SZ', '002615.SZ', '300031.SZ', '601022.SH', '002735.SZ', '301160.SZ', '688562.SH', '002356.SZ', '300881.SZ', '300182.SZ', '300133.SZ', '605167.SH', '300691.SZ', '002400.SZ', '688609.SH', '600986.SH', '301162.SZ', '300191.SZ', '688507.SH', '301091.SZ', '605555.SH', '300107.SZ', '301565.SZ', '300938.SZ', '300962.SZ', '688631.SH', '301004.SZ', '300797.SZ', '002670.SZ', '300848.SZ', '300541.SZ', '300905.SZ', '300973.SZ', '605006.SH', '688095.SH', '000677.SZ', '300002.SZ', '603722.SH', '300768.SZ', '300067.SZ', '300082.SZ', '301307.SZ', '300758.SZ', '300451.SZ', '688351.SH', '688443.SH', '688581.SH', '301188.SZ', '301153.SZ', '300969.SZ']"
2025-09-01,2025-08-29,2025-09-08,-0.015799189821688132,50,0.64,,"['600641.SH', '002103.SZ', '301011.SZ', '603103.SH', '688562.SH', '301160.SZ', '002990.SZ', '300113.SZ', '002400.SZ', '600986.SH', '600336.SH', '301162.SZ', '300403.SZ', '002174.SZ', '300055.SZ', '300847.SZ', '688631.SH', '301101.SZ', '605555.SH', '300191.SZ', '300248.SZ', '603848.SH', '301565.SZ', '000058.SZ', '300541.SZ', '301091.SZ', '300848.SZ', '002670.SZ', '603219.SH', '002201.SZ', '300962.SZ', '000677.SZ', '000948.SZ', '000032.SZ', '301508.SZ', '300002.SZ', '002315.SZ', '300768.SZ', '002777.SZ', '300918.SZ', '688258.SH', '301307.SZ', '000099.SZ', '000859.SZ', '300075.SZ', '000810.SZ', '603383.SH', '300791.SZ', '300525.SZ', '300687.SZ']"
2025-09-08,2025-09-05,2025-09-15,0.00016220079242152742,50,0.92,,"['001376.SZ', '300917.SZ', '600310.SH', '002615.SZ', '301558.SZ', '301062.SZ', '601022.SH', '603162.SH', '300881.SZ', '601121.SH', '002919.SZ', '600834.SH', '603598.SH', '600903.SH', '001896.SZ', '301160.SZ', '002930.SZ', '301376.SZ', '605011.SH', '301011.SZ', '300592.SZ', '600643.SH', '002961.SZ', '300729.SZ', '301381.SZ', '605167.SH', '002356.SZ', '002803.SZ', '605598.SH', '688609.SH', '601096.SH', '300622.SZ', '301500.SZ', '300182.SZ', '603057.SH', '000966.SZ', '603610.SH', '002986.SZ', '000415.SZ', '000546.SZ', '300492.SZ', '600452.SH', '600966.SH', '300191.SZ', '000761.SZ', '002991.SZ', '605365.SH', '300107.SZ', '301508.SZ', '300795.SZ']"
2025-09-15,2025-09-12,2025-09-22,-0.006885812649336627,50,0.78,,"['603598.SH', '300781.SZ', '002889.SZ', '301296.SZ', '301160.SZ', '002103.SZ', '300592.SZ', '301011.SZ', '300031.SZ', '301381.SZ', '002803.SZ', '603499.SH', '300622.SZ', '300113.SZ', '603929.SH', '002986.SZ', '000415.SZ', '002075.SZ', '000761.SZ', '603713.SH', '300492.SZ', '688602.SH', '301162.SZ', '600769.SH', '605555.SH', '601969.SH', '002290.SZ', '300847.SZ', '301004.SZ', '300848.SZ', '300962.SZ', '301101.SZ', '300938.SZ', '002970.SZ', '300058.SZ', '605108.SH', '000677.SZ', '603219.SH', '600808.SH', '300002.SZ', '300662.SZ', '601015.SH', '000059.SZ', '300192.SZ', '002109.SZ', '002315.SZ', '002637.SZ', '603056.SH', '003038.SZ', '300797.SZ']"
2025-09-22,2025-09-19,2025-09-29,-0.006650869083230393,50,0.64,,"['001258.SZ', '002615.SZ', '300873.SZ', '301296.SZ', '002835.SZ', '003028.SZ', '301172.SZ', '300031.SZ', '301011.SZ', '600643.SH', '002605.SZ', '301339.SZ', '605167.SH', '300592.SZ', '300113.SZ', '600986.SH', '002986.SZ', '300182.SZ', '300191.SZ', '688602.SH', '301109.SZ', '300492.SZ', '300107.SZ', '002613.SZ', '000707.SZ', '003035.SZ', '001203.SZ', '301162.SZ', '601969.SH', '002015.SZ', '605365.SH', '300522.SZ', '000155.SZ', '300847.SZ', '300858.SZ', '300938.SZ', '300962.SZ', '603223.SH', '300848.SZ', '605399.SH', '605555.SH', '688133.SH', '301004.SZ', '300737.SZ', '603722.SH', '301101.SZ', '605108.SH', '603038.SH', '300532.SZ', '002810.SZ']"
2025-09-29,2025-09-26,2025-10-09,0.0339475307898775,50,0.96,,"['300319.SZ', '300182.SZ', '688568.SH', '002106.SZ', '000925.SZ', '002334.SZ', '300623.SZ', '300507.SZ', '002922.SZ', '688352.SH', '300677.SZ', '300976.SZ', '002138.SZ', '603005.SH', '300373.SZ', '002312.SZ', '000410.SZ', '002960.SZ', '002036.SZ', '300067.SZ', '300136.SZ', '002655.SZ', '300229.SZ', '301029.SZ', '001337.SZ', '688409.SH', '688150.SH', '300735.SZ', '300143.SZ', '688548.SH', '002615.SZ', '300183.SZ', '603290.SH', '688208.SH', '688239.SH', '300444.SZ', '688362.SH', '688478.SH', '688333.SH', '300415.SZ', '688019.SH', '603638.SH', '688172.SH', '003043.SZ', '001288.SZ', '300627.SZ', '600331.SH', '000426.SZ', '300337.SZ', '688138.SH']"
2025-10-09,2025-09-30,2025-10-13,-0.019675914273547427,50,0.6,,"['300088.SZ', '300319.SZ', '688568.SH', '600361.SH', '002106.SZ', '600552.SH', '688352.SH', '600435.SH', '600662.SH', '000727.SZ', '000925.SZ', '002456.SZ', '002334.SZ', '300623.SZ', '002008.SZ', '300058.SZ', '600916.SH', '000949.SZ', '000009.SZ', '300677.SZ', '603236.SH', '300232.SZ', '600100.SH', '002139.SZ', '002533.SZ', '300602.SZ', '600667.SH', '300303.SZ', '002922.SZ', '603005.SH', '300373.SZ', '600458.SH', '688097.SH', '002655.SZ', '600998.SH', '000410.SZ', '000829.SZ', '300976.SZ', '300507.SZ', '300975.SZ', '300229.SZ', '688409.SH', '002284.SZ', '002036.SZ', '688002.SH', '300136.SZ', '300358.SZ', '002960.SZ', '002430.SZ', '002747.SZ']"
2025-10-13,2025-10-10,2025-10-20,-0.022101176912268632,50,0.9,,"['000723.SZ', '600395.SH', '600740.SH', '600057.SH', '600123.SH', '000552.SZ', '600808.SH', '603613.SH', '600787.SH', '002091.SZ', '600782.SH', '002183.SZ', '600058.SH', '002110.SZ', '600399.SH', '002683.SZ', '603128.SH', '000829.SZ', '603225.SH', '600331.SH', '600977.SH', '600278.SH', '300058.SZ', '603000.SH', '000886.SZ', '600623.SH', '603505.SH', '000905.SZ', '000422.SZ', '002400.SZ', '002244.SZ', '600641.SH', '600675.SH', '000401.SZ', '603995.SH', '600927.SH', '600409.SH', '600810.SH', '688568.SH', '301216.SZ', '600037.SH', '000791.SZ', '600435.SH', '000034.SZ', '600100.SH', '002389.SZ', '000420.SZ', '002302.SZ', '002405.SZ', '000878.SZ']"
2025-10-20,2025-10-17,2025-10-27,0.01982619561050341,50,0.74,,"['600997.SH', '600740.SH', '600704.SH', '600710.SH', '600782.SH', '600057.SH', '002091.SZ', '002110.SZ', '600717.SH', '600928.SH', '000501.SZ', '600694.SH', '002244.SZ', '600675.SH', '603995.SH', '600064.SH', '601512.SH', '600649.SH', '600037.SH', '600623.SH', '600327.SH', '600510.SH', '000886.SZ', '600279.SH', '000401.SZ', '600621.SH', '002258.SZ', '002478.SZ', '000514.SZ', '601339.SH', '600435.SH', '600998.SH', '000032.SZ', '600668.SH', '600551.SH', '000789.SZ', '600075.SH', '600820.SH', '603365.SH', '600739.SH', '603466.SH', '000544.SZ', '000906.SZ', '601188.SH', '605006.SH', '600728.SH', '000850.SZ', '000726.SZ', '603598.SH', '600682.SH']"
2025-10-27,2025-10-24,2025-11-03,0.014355438996889453,50,0.82,,"['603995.SH', '000906.SZ', '603000.SH', '600037.SH', '603612.SH', '002561.SZ', '600075.SH', '300291.SZ', '603588.SH', '600675.SH', '000936.SZ', '300494.SZ', '603889.SH', '002171.SZ', '002645.SZ', '002154.SZ', '002373.SZ', '600668.SH', '600728.SH', '000789.SZ', '300041.SZ', '300188.SZ', '002044.SZ', '000514.SZ', '002791.SZ', '002585.SZ', '000758.SZ', '600230.SH', '002613.SZ', '600288.SH', '600187.SH', '002383.SZ', '002081.SZ', '000561.SZ', '603876.SH', '600713.SH', '603970.SH', '002057.SZ', '000796.SZ', '300796.SZ', '600526.SH', '600138.SH', '600830.SH', '605166.SH', '002897.SZ', '300358.SZ', '002033.SZ', '002627.SZ', '002567.SZ', '300172.SZ']"
2025-11-03,2025-10-31,2025-11-10,0.01068100123965109,50,0.88,,"['000723.SZ', '600546.SH', '600403.SH', '600395.SH', '600740.SH', '000886.SZ', '600121.SH', '000501.SZ', '600758.SH', '600792.SH', '000759.SZ', '002110.SZ', '603569.SH', '600996.SH', '600810.SH', '002561.SZ', '600037.SH', '603533.SH', '600383.SH', '600675.SH', '000401.SZ', '600748.SH', '001330.SZ', '600773.SH', '601908.SH', '600435.SH', '000665.SZ', '002238.SZ', '002068.SZ', '300203.SZ', '600217.SH', '601519.SH', '300291.SZ', '000881.SZ', '002291.SZ', '300229.SZ', '002225.SZ', '002405.SZ', '600446.SH', '601366.SH', '300188.SZ', '000514.SZ', '002439.SZ', '002657.SZ', '600391.SH', '300299.SZ', '002232.SZ', '300226.SZ', '603636.SH', '688739.SH']"
2025-11-10,2025-11-07,2025-11-17,0.03210324109609617,50,0.66,,"['000723.SZ', '600546.SH', '600403.SH', '603056.SH', '603069.SH', '002075.SZ', '002416.SZ', '600758.SH', '002110.SZ', '600782.SH', '002183.SZ', '000761.SZ', '000829.SZ', '300755.SZ', '600792.SH', '002419.SZ', '603708.SH', '600180.SH', '000759.SZ', '600500.SH', '002930.SZ', '000553.SZ', '601908.SH', '000401.SZ', '301090.SZ', '601366.SH', '000151.SZ', '300592.SZ', '600185.SH', '600773.SH', '001896.SZ', '600280.SH', '600810.SH', '601678.SH', '600903.SH', '600075.SH', '002291.SZ', '000517.SZ', '002042.SZ', '002641.SZ', '300203.SZ', '000547.SZ', '600439.SH', '600217.SH', '600597.SH', '300299.SZ', '603598.SH', '000881.SZ', '300212.SZ', '600310.SH']"
2025-11-17,2025-11-14,2025-11-24,-0.08446109761161118,50,0.46,,"['600403.SH', '000723.SZ', '600395.SH', '601015.SH', '603056.SH', '600758.SH', '600792.SH', '600279.SH', '600655.SH', '601828.SH', '000761.SZ', '600180.SH', '002419.SZ', '600808.SH', '000759.SZ', '600782.SH', '600996.SH', '000966.SZ', '000415.SZ', '600500.SH', '002110.SZ', '600383.SH', '000553.SZ', '600185.SH', '000401.SZ', '600399.SH', '002930.SZ', '600748.SH', '600657.SH', '000402.SZ', '600810.SH', '600586.SH', '600708.SH', '600834.SH', '001330.SZ', '000665.SZ', '000990.SZ', '601678.SH', '601366.SH', '600903.SH', '000517.SZ', '600075.SH', '600280.SH', '002291.SZ', '300592.SZ', '600622.SH', '002386.SZ', '603877.SH', '002641.SZ', '600217.SH']"
2025-11-24,2025-11-21,2025-12-01,0.020343506419898953,50,1.0,,"['600546.SH', '600368.SH', '000886.SZ', '688295.SH', '002807.SZ', '600757.SH', '603693.SH', '688002.SH', '000544.SZ', '603466.SH', '603587.SH', '603365.SH', '002427.SZ', '601519.SH', '688235.SH', '000520.SZ', '600551.SH', '603117.SH', '688206.SH', '688192.SH', '300203.SZ', '600728.SH', '688114.SH', '688475.SH', '603038.SH', '600738.SH', '688586.SH', '603999.SH', '000514.SZ', '688050.SH', '600101.SH', '688289.SH', '002959.SZ', '688739.SH', '301153.SZ', '600734.SH', '300067.SZ', '600855.SH', '600865.SH', '002395.SZ', '300696.SZ', '603918.SH', '603106.SH', '600052.SH', '603711.SH', '300523.SZ', '688046.SH', '300218.SZ', '300522.SZ', '300177.SZ']"
2025-12-01,2025-11-28,2025-12-08,-0.008863020348534508,50,0.88,,"['600368.SH', '603708.SH', '600792.SH', '601366.SH', '600834.SH', '001896.SZ', '600217.SH', '001205.SZ', '603558.SH', '300577.SZ', '688235.SH', '600310.SH', '600391.SH', '603883.SH', '605077.SH', '600101.SH', '002637.SZ', '600505.SH', '000521.SZ', '001217.SZ', '603711.SH', '603689.SH', '002100.SZ', '002479.SZ', '300067.SZ', '002912.SZ', '600189.SH', '603477.SH', '300177.SZ', '688389.SH', '002810.SZ', '000862.SZ', '002707.SZ', '002758.SZ', '603719.SH', '605166.SH', '603138.SH', '600966.SH', '300318.SZ', '605108.SH', '605337.SH', '300006.SZ', '002727.SZ', '002995.SZ', '000526.SZ', '600251.SH', '002666.SZ', '301239.SZ', '000421.SZ', '300359.SZ']"
2025-12-08,2025-12-05,2025-12-15,-0.009544946351388906,50,0.96,,"['600546.SH', '600575.SH', '600704.SH', '002468.SZ', '002120.SZ', '600057.SH', '600282.SH', '000825.SZ', '603613.SH', '601156.SH', '600755.SH', '002416.SZ', '002091.SZ', '600787.SH', '600710.SH', '002183.SZ', '300058.SZ', '603444.SH', '002624.SZ', '600058.SH', '002110.SZ', '600143.SH', '603708.SH', '603128.SH', '000830.SZ', '000886.SZ', '603225.SH', '600278.SH', '600792.SH', '002697.SZ', '600808.SH', '002419.SZ', '600060.SH', '000960.SZ', '600757.SH', '002738.SZ', '600098.SH', '002429.SZ', '605090.SH', '688002.SH', '600729.SH', '000543.SZ', '000878.SZ', '002155.SZ', '603663.SH', '600325.SH', '600612.SH', '600916.SH', '002911.SZ', '605599.SH']"
2025-12-15,2025-12-12,2025-12-22,0.0133863439151223,50,0.74,,"['002320.SZ', '600546.SH', '603565.SH', '600428.SH', '600012.SH', '601156.SH', '000429.SZ', '603613.SH', '601975.SH', '002318.SZ', '600143.SH', '000893.SZ', '601022.SH', '603379.SH', '600141.SH', '603444.SH', '002624.SZ', '603650.SH', '600486.SH', '002739.SZ', '002683.SZ', '600801.SH', '688295.SH', '605589.SH', '688002.SH', '002497.SZ', '600331.SH', '300002.SZ', '600323.SH', '002895.SZ', '002315.SZ', '600863.SH', '600578.SH', '301035.SZ', '600562.SH', '000426.SZ', '603486.SH', '603713.SH', '000598.SZ', '605090.SH', '002545.SZ', '600612.SH', '600060.SH', '600388.SH', '605599.SH', '002429.SZ', '600098.SH', '000733.SZ', '002065.SZ', '600909.SH']"
2025-12-22,2025-12-19,2025-12-29,0.00965769742103622,50,0.46,,"['600546.SH', '600575.SH', '603613.SH', '600004.SH', '002468.SZ', '002120.SZ', '600428.SH', '002091.SZ', '002416.SZ', '600710.SH', '600057.SH', '000429.SZ', '600012.SH', '603444.SH', '600143.SH', '002624.SZ', '600141.SH', '600808.SH', '000825.SZ', '000830.SZ', '600486.SH', '600282.SH', '600787.SH', '300002.SZ', '603565.SH', '600801.SH', '600578.SH', '000683.SZ', '600863.SH', '002318.SZ', '600033.SH', '002895.SZ', '603871.SH', '301035.SZ', '603486.SH', '605090.SH', '601333.SH', '002545.SZ', '603979.SH', '600060.SH', '601156.SH', '000960.SZ', '600098.SH', '002429.SZ', '000902.SZ', '601975.SH', '601139.SH', '000543.SZ', '600612.SH', '600125.SH']"
