date,signal_date,next_date,return,num_stocks,turnover,pre_candidate_pool_size,selected_codes
2020-02-17,2020-02-14,2020-02-24,0.09242260950353773,100,0.0,,"['300777.SZ', '603138.SH', '300775.SZ', '300766.SZ', '002891.SZ', '300691.SZ', '300561.SZ', '300609.SZ', '603103.SH', '300627.SZ', '300726.SZ', '603185.SH', '300708.SZ', '300776.SZ', '603218.SH', '300773.SZ', '002937.SZ', '603327.SH', '300788.SZ', '300634.SZ', '002474.SZ', '603595.SH', '002913.SZ', '300765.SZ', '002897.SZ', '002567.SZ', '002920.SZ', '002901.SZ', '603078.SH', '002389.SZ', '603133.SH', '603711.SH', '300497.SZ', '002421.SZ', '603279.SH', '603127.SH', '002023.SZ', '300298.SZ', '002288.SZ', '300657.SZ', '000931.SZ', '603712.SH', '300725.SZ', '603305.SH', '002369.SZ', '300568.SZ', '300229.SZ', '603687.SH', '300570.SZ', '300219.SZ', '002151.SZ', '002124.SZ', '300751.SZ', '300735.SZ', '000516.SZ', '300630.SZ', '002951.SZ', '002859.SZ', '603603.SH', '002851.SZ', '002792.SZ', '000710.SZ', '603915.SH', '300456.SZ', '002139.SZ', '300429.SZ', '300170.SZ', '300009.SZ', '300666.SZ', '300783.SZ', '300623.SZ', '002912.SZ', '603733.SH', '002063.SZ', '000813.SZ', '601330.SH', '603596.SH', '002579.SZ', '603180.SH', '603936.SH', '002276.SZ', '600478.SH', '002733.SZ', '300699.SZ', '300676.SZ', '002106.SZ', '300602.SZ', '300590.SZ', '002618.SZ', '300232.SZ', '603881.SH', '300037.SZ', '300684.SZ', '300357.SZ', '603060.SH', '000550.SZ', '002115.SZ', '300319.SZ', '300674.SZ', '000823.SZ']"
2020-02-24,2020-02-21,2020-03-02,-0.049803003318135836,100,0.48,,"['300777.SZ', '300775.SZ', '300766.SZ', '603103.SH', '002935.SZ', '300691.SZ', '300687.SZ', '603185.SH', '300609.SZ', '000561.SZ', '300673.SZ', '300788.SZ', '300367.SZ', '600184.SH', '002331.SZ', '002897.SZ', '000697.SZ', '300047.SZ', '002891.SZ', '603121.SH', '002929.SZ', '603595.SH', '600990.SH', '002474.SZ', '002913.SZ', '300365.SZ', '603279.SH', '603179.SH', '300101.SZ', '300525.SZ', '300634.SZ', '603133.SH', '300520.SZ', '603711.SH', '603078.SH', '002389.SZ', '002741.SZ', '002906.SZ', '603687.SH', '300568.SZ', '603915.SH', '603676.SH', '603603.SH', '002421.SZ', '002364.SZ', '300751.SZ', '002151.SZ', '603612.SH', '002876.SZ', '300740.SZ', '002792.SZ', '300456.SZ', '603068.SH', '300229.SZ', '300770.SZ', '600151.SH', '300604.SZ', '300657.SZ', '601330.SH', '300633.SZ', '300098.SZ', '002782.SZ', '300219.SZ', '300149.SZ', '603180.SH', '000931.SZ', '603636.SH', '300031.SZ', '300298.SZ', '002859.SZ', '300170.SZ', '600936.SH', '300783.SZ', '002562.SZ', '600593.SH', '600771.SH', '002063.SZ', '600199.SH', '300666.SZ', '600478.SH', '600523.SH', '002276.SZ', '000710.SZ', '600480.SH', '000547.SZ', '000516.SZ', '002313.SZ', '600602.SH', '002579.SZ', '000802.SZ', '603033.SH', '603936.SH', '603060.SH', '300037.SZ', '603881.SH', '603218.SH', '002618.SZ', '300674.SZ', '603680.SH', '603876.SH']"
2020-03-02,2020-02-28,2020-03-09,0.008956790976598157,100,0.79,,"['300424.SZ', '603185.SH', '603179.SH', '603618.SH', '002300.SZ', '600207.SH', '300673.SZ', '300178.SZ', '603225.SH', '002891.SZ', '300568.SZ', '603603.SH', '000599.SZ', '002845.SZ', '600973.SH', '603612.SH', '002707.SZ', '300094.SZ', '002015.SZ', '300657.SZ', '300422.SZ', '002370.SZ', '600686.SH', '603030.SH', '002562.SZ', '300199.SZ', '600713.SH', '603180.SH', '300740.SZ', '603636.SH', '300143.SZ', '000950.SZ', '600581.SH', '300633.SZ', '000665.SZ', '600691.SH', '600133.SH', '002034.SZ', '601929.SH', '002060.SZ', '000796.SZ', '600230.SH', '603680.SH', '002840.SZ', '600569.SH', '603105.SH', '600502.SH', '002567.SZ', '600480.SH', '603033.SH', '000516.SZ', '600335.SH', '601615.SH', '600876.SH', '603315.SH', '603876.SH', '300674.SZ', '002313.SZ', '601789.SH', '600981.SH', '002061.SZ', '601858.SH', '002632.SZ', '603881.SH', '300266.SZ', '600291.SH', '603421.SH', '300261.SZ', '300388.SZ', '603486.SH', '002386.SZ', '300596.SZ', '600310.SH', '002307.SZ', '000025.SZ', '002726.SZ', '300226.SZ', '600884.SH', '002314.SZ', '000925.SZ', '000546.SZ', '600490.SH', '603010.SH', '000417.SZ', '000065.SZ', '000906.SZ', '603588.SH', '002616.SZ', '000498.SZ', '600822.SH', '002564.SZ', '600718.SH', '600389.SH', '603056.SH', '600459.SH', '600418.SH', '002482.SZ', '600077.SH', '000301.SZ', '000852.SZ']"
2020-03-09,2020-03-06,2020-03-16,-0.05763182244953519,100,0.73,,"['300776.SZ', '300673.SZ', '002852.SZ', '300766.SZ', '300065.SZ', '300423.SZ', '300609.SZ', '603297.SH', '000576.SZ', '002090.SZ', '600207.SH', '603333.SH', '002300.SZ', '002331.SZ', '603618.SH', '600855.SH', '600268.SH', '002346.SZ', '002322.SZ', '600468.SH', '603528.SH', '002951.SZ', '300662.SZ', '300365.SZ', '002661.SZ', '000893.SZ', '000682.SZ', '300575.SZ', '603896.SH', '603458.SH', '300765.SZ', '603848.SH', '300414.SZ', '002782.SZ', '002749.SZ', '300783.SZ', '300067.SZ', '002567.SZ', '600345.SH', '300506.SZ', '600199.SH', '603997.SH', '603359.SH', '300531.SZ', '002488.SZ', '300725.SZ', '000796.SZ', '002562.SZ', '600480.SH', '603060.SH', '600133.SH', '002840.SZ', '603063.SH', '603680.SH', '603033.SH', '600888.SH', '002313.SZ', '603686.SH', '002549.SZ', '300388.SZ', '000025.SZ', '600291.SH', '600300.SH', '603421.SH', '601789.SH', '002542.SZ', '002632.SZ', '300276.SZ', '002194.SZ', '603018.SH', '300201.SZ', '002307.SZ', '603010.SH', '603801.SH', '000584.SZ', '000030.SZ', '002726.SZ', '000065.SZ', '300208.SZ', '600077.SH', '600638.SH', '002564.SZ', '000720.SZ', '300284.SZ', '000498.SZ', '000912.SZ', '002721.SZ', '000852.SZ', '002768.SZ', '002305.SZ', '000777.SZ', '002171.SZ', '000905.SZ', '600658.SH', '600278.SH', '603713.SH', '603027.SH', '002302.SZ', '600545.SH', '002240.SZ']"
2020-03-16,2020-03-13,2020-03-23,-0.02322496758953026,20,0.96,,"['600467.SH', '000561.SZ', '300011.SZ', '600855.SH', '300199.SZ', '600199.SH', '000615.SZ', '600283.SH', '600818.SH', '600151.SH', '600601.SH', '603063.SH', '300332.SZ', '002046.SZ', '300125.SZ', '000558.SZ', '000801.SZ', '300208.SZ', '600890.SH', '601008.SH']"
2020-03-23,2020-03-20,2020-03-30,0.028841801689026142,16,0.85,,"['300673.SZ', '600818.SH', '300067.SZ', '600387.SH', '300198.SZ', '002567.SZ', '002634.SZ', '002769.SZ', '600620.SH', '300332.SZ', '300125.SZ', '300201.SZ', '600279.SH', '002485.SZ', '600693.SH', '002761.SZ']"
2020-03-30,2020-03-27,2020-04-07,0.024885872492141588,38,0.875,,"['002892.SZ', '603333.SH', '002900.SZ', '300723.SZ', '300642.SZ', '002300.SZ', '600613.SH', '300291.SZ', '000788.SZ', '300662.SZ', '002412.SZ', '000529.SZ', '300559.SZ', '002644.SZ', '603987.SH', '600530.SH', '603108.SH', '600593.SH', '002749.SZ', '002732.SZ', '300067.SZ', '603058.SH', '603060.SH', '300151.SZ', '300630.SZ', '002840.SZ', '603214.SH', '601020.SH', '002634.SZ', '603801.SH', '000795.SZ', '603639.SH', '002043.SZ', '603557.SH', '603600.SH', '603898.SH', '000520.SZ', '600794.SH']"
2020-04-07,2020-04-03,2020-04-13,-0.001954152367663218,100,0.2894736842105263,,"['600530.SH', '002907.SZ', '002732.SZ', '603043.SH', '002900.SZ', '300583.SZ', '603896.SH', '603886.SH', '002755.SZ', '300723.SZ', '002840.SZ', '300642.SZ', '603919.SH', '002847.SZ', '000788.SZ', '002412.SZ', '603987.SH', '300381.SZ', '300633.SZ', '002043.SZ', '000045.SZ', '603127.SH', '000915.SZ', '300298.SZ', '300685.SZ', '002891.SZ', '002020.SZ', '300401.SZ', '002859.SZ', '600557.SH', '300725.SZ', '300138.SZ', '603027.SH', '000516.SZ', '000710.SZ', '300258.SZ', '300026.SZ', '603277.SH', '002287.SZ', '603058.SH', '603214.SH', '300761.SZ', '300630.SZ', '300595.SZ', '002925.SZ', '603181.SH', '603801.SH', '600822.SH', '300151.SZ', '300759.SZ', '002507.SZ', '300602.SZ', '600529.SH', '002015.SZ', '300357.SZ', '300067.SZ', '601020.SH', '603997.SH', '300676.SZ', '002511.SZ', '002749.SZ', '002833.SZ', '300568.SZ', '300559.SZ', '603416.SH', '002634.SZ', '603377.SH', '002734.SZ', '000795.SZ', '603585.SH', '002677.SZ', '300662.SZ', '002520.SZ', '603600.SH', '603898.SH', '300596.SZ', '002549.SZ', '002397.SZ', '002014.SZ', '002632.SZ', '603218.SH', '603826.SH', '300571.SZ', '603033.SH', '000534.SZ', '603313.SH', '300132.SZ', '600593.SH', '300577.SZ', '600389.SH', '002911.SZ', '300395.SZ', '603060.SH', '300616.SZ', '000301.SZ', '300747.SZ', '002616.SZ', '603429.SH', '000520.SZ', '000688.SZ']"
2020-04-13,2020-04-10,2020-04-20,0.0171772453315338,72,0.7,,"['600530.SH', '002732.SZ', '002582.SZ', '002840.SZ', '002900.SZ', '603896.SH', '603919.SH', '600613.SH', '000788.SZ', '600713.SH', '002644.SZ', '300381.SZ', '600211.SH', '002891.SZ', '300473.SZ', '002589.SZ', '002737.SZ', '300138.SZ', '603214.SH', '603586.SH', '603788.SH', '603058.SH', '601366.SH', '600251.SH', '002287.SZ', '002661.SZ', '300575.SZ', '300151.SZ', '000751.SZ', '002749.SZ', '002833.SZ', '603871.SH', '002300.SZ', '600135.SH', '000612.SZ', '000759.SZ', '000521.SZ', '600531.SH', '600278.SH', '603416.SH', '002634.SZ', '603585.SH', '603377.SH', '603600.SH', '603203.SH', '603579.SH', '601968.SH', '300662.SZ', '002228.SZ', '002397.SZ', '002386.SZ', '603303.SH', '002251.SZ', '603898.SH', '603639.SH', '603218.SH', '603960.SH', '002014.SZ', '002155.SZ', '600593.SH', '002060.SZ', '603689.SH', '002911.SZ', '600096.SH', '000905.SZ', '603060.SH', '002327.SZ', '000520.SZ', '600283.SH', '601003.SH', '002042.SZ', '600180.SH']"
2020-04-20,2020-04-17,2020-04-27,-0.03320597768939028,100,0.8611111111111112,,"['603103.SH', '603711.SH', '002881.SZ', '002937.SZ', '002732.SZ', '603327.SH', '603043.SH', '603297.SH', '002907.SZ', '002955.SZ', '002840.SZ', '300642.SZ', '300632.SZ', '300785.SZ', '603773.SH', '002901.SZ', '002845.SZ', '603348.SH', '300604.SZ', '002043.SZ', '603987.SH', '300737.SZ', '002741.SZ', '002892.SZ', '603133.SH', '603078.SH', '300331.SZ', '603687.SH', '300725.SZ', '300131.SZ', '300735.SZ', '002950.SZ', '300438.SZ', '300666.SZ', '603978.SH', '603733.SH', '300429.SZ', '300138.SZ', '002369.SZ', '603180.SH', '603305.SH', '300633.SZ', '603728.SH', '300777.SZ', '300691.SZ', '300775.SZ', '300761.SZ', '603214.SH', '300630.SZ', '300053.SZ', '300609.SZ', '603456.SH', '300109.SZ', '603081.SH', '600360.SH', '300759.SZ', '300398.SZ', '603901.SH', '603650.SH', '300602.SZ', '300623.SZ', '002925.SZ', '603315.SH', '002015.SZ', '002507.SZ', '300346.SZ', '603516.SH', '603997.SH', '300393.SZ', '601020.SH', '300464.SZ', '603666.SH', '600135.SH', '002749.SZ', '603138.SH', '002335.SZ', '601118.SH', '300624.SZ', '002833.SZ', '300684.SZ', '600171.SH', '002920.SZ', '300568.SZ', '002614.SZ', '603557.SH', '603416.SH', '002643.SZ', '002677.SZ', '002734.SZ', '300487.SZ', '300513.SZ', '300662.SZ', '600711.SH', '603600.SH', '300236.SZ', '002224.SZ', '300476.SZ', '002273.SZ', '002549.SZ', '002851.SZ']"
2020-04-27,2020-04-24,2020-05-06,0.00013278954914591802,100,0.84,,"['603043.SH', '603886.SH', '002840.SZ', '002141.SZ', '603896.SH', '300171.SZ', '603919.SH', '300642.SZ', '600300.SH', '300199.SZ', '002845.SZ', '002412.SZ', '002219.SZ', '000788.SZ', '600876.SH', '002726.SZ', '002876.SZ', '300673.SZ', '600771.SH', '002288.SZ', '000597.SZ', '300143.SZ', '000931.SZ', '600129.SH', '002699.SZ', '600645.SH', '600387.SH', '000576.SZ', '300672.SZ', '002852.SZ', '600055.SH', '000523.SZ', '002618.SZ', '300094.SZ', '603180.SH', '600664.SH', '002287.SZ', '603956.SH', '300516.SZ', '603728.SH', '600686.SH', '002262.SZ', '601858.SH', '600981.SH', '603612.SH', '600965.SH', '300678.SZ', '600975.SH', '603876.SH', '000626.SZ', '600929.SH', '000913.SZ', '300424.SZ', '600822.SH', '600601.SH', '300625.SZ', '603315.SH', '603181.SH', '600335.SH', '600579.SH', '002567.SZ', '603997.SH', '002068.SZ', '000759.SZ', '601020.SH', '300448.SZ', '603801.SH', '600531.SH', '002749.SZ', '000735.SZ', '000657.SZ', '600278.SH', '600135.SH', '000561.SZ', '603333.SH', '300684.SZ', '002614.SZ', '300393.SZ', '000025.SZ', '000829.SZ', '002634.SZ', '601127.SH', '600339.SH', '002685.SZ', '601366.SH', '000925.SZ', '603486.SH', '601116.SH', '300440.SZ', '000852.SZ', '600184.SH', '600691.SH', '600973.SH', '601118.SH', '603220.SH', '600990.SH', '600490.SH', '600343.SH', '300261.SZ', '600711.SH']"
2020-05-06,2020-04-30,2020-05-11,0.014649683101247066,100,0.87,,"['603711.SH', '300708.SZ', '002937.SZ', '603327.SH', '002840.SZ', '002955.SZ', '603297.SH', '002570.SZ', '300545.SZ', '603595.SH', '002913.SZ', '002845.SZ', '002907.SZ', '300016.SZ', '300673.SZ', '300331.SZ', '300735.SZ', '603078.SH', '300149.SZ', '002222.SZ', '300429.SZ', '000012.SZ', '002579.SZ', '603687.SH', '600936.SH', '300672.SZ', '002055.SZ', '300497.SZ', '603626.SH', '300401.SZ', '603733.SH', '603185.SH', '600996.SH', '300322.SZ', '002951.SZ', '300053.SZ', '300725.SZ', '000516.SZ', '300232.SZ', '603180.SH', '603728.SH', '002950.SZ', '002449.SZ', '300777.SZ', '300775.SZ', '002287.SZ', '300687.SZ', '300761.SZ', '002815.SZ', '002080.SZ', '300009.SZ', '300398.SZ', '603876.SH', '300623.SZ', '002745.SZ', '600929.SH', '300327.SZ', '603650.SH', '002925.SZ', '300630.SZ', '300215.SZ', '600800.SH', '300602.SZ', '300726.SZ', '603613.SH', '603328.SH', '002474.SZ', '002458.SZ', '300759.SZ', '603279.SH', '002859.SZ', '002294.SZ', '300365.SZ', '002833.SZ', '000735.SZ', '002562.SZ', '603666.SH', '002929.SZ', '002614.SZ', '603678.SH', '002124.SZ', '300504.SZ', '002664.SZ', '002677.SZ', '600711.SH', '603486.SH', '002930.SZ', '002920.SZ', '603056.SH', '002223.SZ', '002138.SZ', '002851.SZ', '002240.SZ', '300101.SZ', '600756.SH', '300159.SZ', '300476.SZ', '603579.SH', '002312.SZ', '002376.SZ']"
2020-05-11,2020-05-08,2020-05-18,-0.00800286405633763,100,0.46,,"['300708.SZ', '002937.SZ', '300739.SZ', '603297.SH', '002137.SZ', '603595.SH', '300545.SZ', '002913.SZ', '002845.SZ', '603348.SH', '002876.SZ', '300673.SZ', '300481.SZ', '300438.SZ', '300723.SZ', '300735.SZ', '002139.SZ', '300331.SZ', '002755.SZ', '300679.SZ', '002222.SZ', '002579.SZ', '300016.SZ', '603533.SH', '000012.SZ', '300429.SZ', '603687.SH', '603626.SH', '300428.SZ', '603387.SH', '002055.SZ', '600936.SH', '600933.SH', '000789.SZ', '603185.SH', '300232.SZ', '603363.SH', '600597.SH', '603733.SH', '603305.SH', '300322.SZ', '002951.SZ', '300497.SZ', '002449.SZ', '300401.SZ', '002234.SZ', '300053.SZ', '000710.SZ', '000823.SZ', '603915.SH', '300777.SZ', '002484.SZ', '300687.SZ', '300725.SZ', '300561.SZ', '002815.SZ', '002080.SZ', '300035.SZ', '002567.SZ', '000672.SZ', '002745.SZ', '002287.SZ', '603596.SH', '002925.SZ', '300623.SZ', '300327.SZ', '002458.SZ', '300409.SZ', '300602.SZ', '300424.SZ', '300726.SZ', '300078.SZ', '603920.SH', '002474.SZ', '002036.SZ', '002562.SZ', '603328.SH', '300630.SZ', '000735.SZ', '002651.SZ', '002124.SZ', '300365.SZ', '002649.SZ', '300568.SZ', '002859.SZ', '300047.SZ', '603666.SH', '300627.SZ', '002197.SZ', '000682.SZ', '603678.SH', '300684.SZ', '600563.SH', '002833.SZ', '002402.SZ', '002126.SZ', '002224.SZ', '002294.SZ', '002182.SZ', '002677.SZ']"
2020-05-18,2020-05-15,2020-05-25,-0.01928688767592218,100,0.65,,"['603327.SH', '002937.SZ', '603297.SH', '002732.SZ', '603595.SH', '002913.SZ', '603043.SH', '002947.SZ', '300785.SZ', '600197.SH', '300673.SZ', '300723.SZ', '600288.SH', '600702.SH', '002703.SZ', '002755.SZ', '300331.SZ', '300016.SZ', '002891.SZ', '002222.SZ', '300653.SZ', '603078.SH', '600136.SH', '600707.SH', '002238.SZ', '603727.SH', '300149.SZ', '002951.SZ', '603185.SH', '300401.SZ', '603915.SH', '600478.SH', '300053.SZ', '002372.SZ', '603267.SH', '300761.SZ', '300776.SZ', '300775.SZ', '300322.SZ', '300687.SZ', '300258.SZ', '300685.SZ', '002449.SZ', '603214.SH', '600936.SH', '600597.SH', '300725.SZ', '600601.SH', '000710.SZ', '300298.SZ', '603027.SH', '600929.SH', '600996.SH', '000516.SZ', '000913.SZ', '603650.SH', '000048.SZ', '300424.SZ', '002378.SZ', '600800.SH', '600198.SH', '300726.SZ', '000735.SZ', '300215.SZ', '002651.SZ', '300327.SZ', '300027.SZ', '002287.SZ', '000759.SZ', '600523.SH', '603801.SH', '300009.SZ', '603666.SH', '300415.SZ', '002859.SZ', '300201.SZ', '300630.SZ', '603728.SH', '603678.SH', '002749.SZ', '002677.SZ', '002224.SZ', '000025.SZ', '002383.SZ', '000558.SZ', '002918.SZ', '300224.SZ', '601127.SH', '603236.SH', '600756.SH', '002240.SZ', '002519.SZ', '300595.SZ', '002428.SZ', '601002.SH', '603056.SH', '002294.SZ', '002376.SZ', '300101.SZ', '603180.SH']"
2020-05-25,2020-05-22,2020-06-01,0.06325488810555516,99,0.48,,"['603327.SH', '300739.SZ', '002937.SZ', '603297.SH', '603773.SH', '603595.SH', '002947.SZ', '002732.SZ', '603777.SH', '002840.SZ', '300331.SZ', '002222.SZ', '603078.SH', '600197.SH', '603185.SH', '300149.SZ', '002951.SZ', '300673.SZ', '300687.SZ', '300401.SZ', '603267.SH', '603727.SH', '603956.SH', '300561.SZ', '603214.SH', '300053.SZ', '002902.SZ', '300653.SZ', '002238.SZ', '300258.SZ', '002449.SZ', '002891.SZ', '002852.SZ', '002287.SZ', '600601.SH', '600929.SH', '300424.SZ', '300298.SZ', '300755.SZ', '300726.SZ', '300776.SZ', '002651.SZ', '002378.SZ', '600936.SH', '300327.SZ', '603801.SH', '603027.SH', '300415.SZ', '300009.SZ', '600305.SH', '002749.SZ', '603187.SH', '603728.SH', '300630.SZ', '603789.SH', '603566.SH', '000025.SZ', '000697.SZ', '002294.SZ', '002519.SZ', '002918.SZ', '002520.SZ', '600336.SH', '603010.SH', '000558.SZ', '002428.SZ', '300775.SZ', '603180.SH', '603505.SH', '603960.SH', '603056.SH', '601028.SH', '603033.SH', '002851.SZ', '002549.SZ', '000534.SZ', '600529.SH', '300618.SZ', '300662.SZ', '300220.SZ', '300777.SZ', '600459.SH', '603218.SH', '603881.SH', '603313.SH', '300395.SZ', '000520.SZ', '300257.SZ', '002616.SZ', '002254.SZ', '300747.SZ', '002911.SZ', '300180.SZ', '000885.SZ', '603826.SH', '002034.SZ', '000828.SZ', '002293.SZ', '600662.SH']"
2020-06-01,2020-05-29,2020-06-08,0.01246449697811168,100,0.6060606060606061,,"['300708.SZ', '603297.SH', '603773.SH', '603103.SH', '603327.SH', '603121.SH', '002955.SZ', '002732.SZ', '300102.SZ', '002288.SZ', '002646.SZ', '002741.SZ', '603133.SH', '603619.SH', '002703.SZ', '000532.SZ', '000615.SZ', '600197.SH', '300493.SZ', '300077.SZ', '000150.SZ', '300331.SZ', '002464.SZ', '002119.SZ', '600707.SH', '002951.SZ', '300666.SZ', '300204.SZ', '300673.SZ', '002284.SZ', '300149.SZ', '603727.SH', '600136.SH', '002222.SZ', '300219.SZ', '300401.SZ', '300687.SZ', '002055.SZ', '603267.SH', '300258.SZ', '600478.SH', '300653.SZ', '300561.SZ', '000931.SZ', '300094.SZ', '002891.SZ', '002449.SZ', '300424.SZ', '000516.SZ', '002167.SZ', '300053.SZ', '000665.SZ', '300726.SZ', '600601.SH', '601595.SH', '002238.SZ', '300333.SZ', '002057.SZ', '600537.SH', '300761.SZ', '002378.SZ', '600198.SH', '600936.SH', '002287.SZ', '002177.SZ', '300054.SZ', '300415.SZ', '002474.SZ', '300201.SZ', '600108.SH', '600996.SH', '300276.SZ', '600523.SH', '603789.SH', '300027.SZ', '000025.SZ', '300338.SZ', '600230.SH', '603801.SH', '002677.SZ', '601127.SH', '300222.SZ', '300009.SZ', '603728.SH', '002383.SZ', '002520.SZ', '603603.SH', '002634.SZ', '000697.SZ', '002519.SZ', '300775.SZ', '300174.SZ', '002428.SZ', '603869.SH', '300506.SZ', '000558.SZ', '300101.SZ', '002046.SZ', '600525.SH', '600105.SH']"
2020-06-08,2020-06-05,2020-06-15,-0.007117134916334522,100,0.64,,"['300708.SZ', '300739.SZ', '002861.SZ', '300632.SZ', '603297.SH', '603773.SH', '002587.SZ', '300343.SZ', '000150.SZ', '300102.SZ', '300128.SZ', '603133.SH', '300052.SZ', '300077.SZ', '002464.SZ', '300679.SZ', '300364.SZ', '300043.SZ', '600425.SH', '300198.SZ', '300323.SZ', '000615.SZ', '002579.SZ', '300278.SZ', '002369.SZ', '000996.SZ', '300673.SZ', '603915.SH', '002630.SZ', '300687.SZ', '600707.SH', '600136.SH', '300064.SZ', '002222.SZ', '600081.SH', '300232.SZ', '000607.SZ', '002284.SZ', '300322.SZ', '300561.SZ', '002315.SZ', '002055.SZ', '300449.SZ', '000802.SZ', '300424.SZ', '300053.SZ', '002488.SZ', '002449.SZ', '002057.SZ', '300726.SZ', '300410.SZ', '300510.SZ', '000665.SZ', '600996.SH', '002378.SZ', '300409.SZ', '002474.SZ', '002902.SZ', '300178.SZ', '300309.SZ', '300252.SZ', '300044.SZ', '300415.SZ', '300487.SZ', '002657.SZ', '300684.SZ', '300338.SZ', '300504.SZ', '300201.SZ', '600230.SH', '300307.SZ', '603603.SH', '002564.SZ', '600805.SH', '300317.SZ', '300513.SZ', '300222.SZ', '300414.SZ', '300506.SZ', '601127.SH', '000697.SZ', '603169.SH', '300570.SZ', '603486.SH', '000973.SZ', '603383.SH', '002792.SZ', '002240.SZ', '300339.SZ', '603010.SH', '002707.SZ', '002530.SZ', '300098.SZ', '002446.SZ', '600105.SH', '603583.SH', '603959.SH', '002522.SZ', '000620.SZ', '300456.SZ']"
2020-06-15,2020-06-12,2020-06-22,0.008137015292226124,97,0.76,,"['603676.SH', '300632.SZ', '002464.SZ', '002907.SZ', '300583.SZ', '002370.SZ', '603619.SH', '600613.SH', '600715.SH', '002892.SZ', '002741.SZ', '300642.SZ', '300436.SZ', '002166.SZ', '600136.SH', '000532.SZ', '000150.SZ', '000607.SZ', '000766.SZ', '000546.SZ', '002101.SZ', '300273.SZ', '000615.SZ', '603915.SH', '000518.SZ', '300516.SZ', '600081.SH', '300171.SZ', '300064.SZ', '300267.SZ', '600129.SH', '600645.SH', '600996.SH', '600664.SH', '300477.SZ', '002057.SZ', '603333.SH', '300367.SZ', '300127.SZ', '600822.SH', '002378.SZ', '002280.SZ', '300309.SZ', '603123.SH', '002346.SZ', '600844.SH', '300338.SZ', '002759.SZ', '002902.SZ', '600211.SH', '000584.SZ', '300233.SZ', '600267.SH', '603789.SH', '300307.SZ', '603222.SH', '002564.SZ', '603660.SH', '002614.SZ', '601127.SH', '600366.SH', '603869.SH', '300506.SZ', '603169.SH', '603603.SH', '300224.SZ', '002341.SZ', '600169.SH', '002721.SZ', '002792.SZ', '000836.SZ', '600592.SH', '600310.SH', '600869.SH', '002781.SZ', '002155.SZ', '600105.SH', '600581.SH', '000889.SZ', '000850.SZ', '000501.SZ', '000037.SZ', '000620.SZ', '300572.SZ', '603060.SH', '002194.SZ', '600162.SH', '000885.SZ', '603569.SH', '000918.SZ', '600239.SH', '000732.SZ', '300266.SZ', '002042.SZ', '600020.SH', '600662.SH', '300203.SZ']"
2020-06-22,2020-06-19,2020-06-29,-0.008916235262591525,100,0.9587628865979382,,"['300739.SZ', '002913.SZ', '603297.SH', '603013.SH', '603327.SH', '002741.SZ', '603619.SH', '300481.SZ', '002139.SZ', '603730.SH', '002515.SZ', '002892.SZ', '002579.SZ', '300765.SZ', '300788.SZ', '603626.SH', '603896.SH', '300232.SZ', '002222.SZ', '603267.SH', '300322.SZ', '300401.SZ', '002636.SZ', '600073.SH', '300396.SZ', '600933.SH', '300184.SZ', '300687.SZ', '600422.SH', '002449.SZ', '002951.SZ', '000823.SZ', '000957.SZ', '603185.SH', '002484.SZ', '300678.SZ', '600557.SH', '300258.SZ', '002815.SZ', '300771.SZ', '600360.SH', '000505.SZ', '603058.SH', '300327.SZ', '002287.SZ', '002106.SZ', '300127.SZ', '000019.SZ', '300409.SZ', '002540.SZ', '300726.SZ', '002925.SZ', '002929.SZ', '002238.SZ', '300047.SZ', '603920.SH', '002234.SZ', '000935.SZ', '300731.SZ', '300365.SZ', '603328.SH', '603181.SH', '300078.SZ', '002651.SZ', '002746.SZ', '300054.SZ', '300575.SZ', '000813.SZ', '603279.SH', '002377.SZ', '300504.SZ', '002783.SZ', '002588.SZ', '300634.SZ', '600206.SH', '600590.SH', '600171.SH', '300130.SZ', '002224.SZ', '002833.SZ', '000682.SZ', '002538.SZ', '603678.SH', '300684.SZ', '600218.SH', '002664.SZ', '603189.SH', '300487.SZ', '300414.SZ', '600468.SH', '600563.SH', '002182.SZ', '002749.SZ', '601116.SH', '600633.SH', '300310.SZ', '603728.SH', '300596.SZ', '300183.SZ', '000062.SZ']"
2020-06-29,2020-06-24,2020-07-06,0.06910174475384818,100,0.69,,"['002861.SZ', '603297.SH', '603773.SH', '300632.SZ', '603327.SH', '002880.SZ', '300016.SZ', '603133.SH', '603896.SH', '002876.SZ', '603387.SH', '300735.SZ', '300401.SZ', '300679.SZ', '603730.SH', '002892.SZ', '300639.SZ', '002579.SZ', '300406.SZ', '300331.SZ', '300149.SZ', '603626.SH', '300653.SZ', '300657.SZ', '300322.SZ', '603078.SH', '600933.SH', '002287.SZ', '603267.SH', '600136.SH', '300709.SZ', '300673.SZ', '002449.SZ', '603185.SH', '300319.SZ', '300298.SZ', '300630.SZ', '002815.SZ', '600211.SH', '300687.SZ', '002315.SZ', '603915.SH', '300602.SZ', '300215.SZ', '300633.SZ', '300009.SZ', '300327.SZ', '300609.SZ', '002925.SZ', '300035.SZ', '002474.SZ', '603920.SH', '300726.SZ', '600996.SH', '603027.SH', '300623.SZ', '300731.SZ', '600305.SH', '300054.SZ', '603181.SH', '002859.SZ', '300575.SZ', '300415.SZ', '002783.SZ', '300357.SZ', '603678.SH', '603728.SH', '603600.SH', '300595.SZ', '002294.SZ', '002224.SZ', '300414.SZ', '600563.SH', '300684.SZ', '600529.SH', '603258.SH', '002609.SZ', '002643.SZ', '002458.SZ', '300570.SZ', '002428.SZ', '002792.SZ', '300775.SZ', '002138.SZ', '002080.SZ', '300476.SZ', '300328.SZ', '300768.SZ', '002395.SZ', '002273.SZ', '300151.SZ', '603236.SH', '603505.SH', '601330.SH', '300220.SZ', '002481.SZ', '002522.SZ', '300548.SZ', '002240.SZ', '603960.SH']"
2020-07-06,2020-07-03,2020-07-13,0.08289429341575928,100,0.99,,"['300159.SZ', '600765.SH', '600764.SH', '600316.SH', '600967.SH', '000012.SZ', '603876.SH', '600456.SH', '002567.SZ', '603279.SH', '001696.SZ', '603613.SH', '601717.SH', '600901.SH', '002459.SZ', '600093.SH', '300047.SZ', '600737.SH', '300435.SZ', '002793.SZ', '601375.SH', '600070.SH', '600864.SH', '600770.SH', '600328.SH', '002322.SZ', '000682.SZ', '002298.SZ', '600658.SH', '000976.SZ', '600120.SH', '002243.SZ', '603299.SH', '000563.SZ', '000036.SZ', '601369.SH', '600468.SH', '600657.SH', '300682.SZ', '300055.SZ', '002312.SZ', '000581.SZ', '000686.SZ', '002444.SZ', '600510.SH', '300190.SZ', '600422.SH', '000958.SZ', '002430.SZ', '002407.SZ', '600063.SH', '600748.SH', '000531.SZ', '300788.SZ', '601678.SH', '600811.SH', '000600.SZ', '600517.SH', '002244.SZ', '600682.SH', '600064.SH', '002064.SZ', '603458.SH', '601615.SH', '000826.SZ', '000591.SZ', '002440.SZ', '002929.SZ', '600325.SH', '000988.SZ', '000813.SZ', '002002.SZ', '600131.SH', '000875.SZ', '601001.SH', '300451.SZ', '300274.SZ', '600997.SH', '000540.SZ', '600728.SH', '002195.SZ', '600273.SH', '603328.SH', '000997.SZ', '603323.SH', '300001.SZ', '603220.SH', '002745.SZ', '000065.SZ', '601519.SH', '300191.SZ', '002648.SZ', '600908.SH', '000062.SZ', '002128.SZ', '000983.SZ', '601811.SH', '603236.SH', '300038.SZ', '300531.SZ']"
2020-07-13,2020-07-10,2020-07-20,-0.05423069218049705,100,0.7,,"['601606.SH', '000576.SZ', '600765.SH', '600764.SH', '600435.SH', '002025.SZ', '000738.SZ', '002619.SZ', '603876.SH', '002182.SZ', '000612.SZ', '600975.SH', '000758.SZ', '603279.SH', '600456.SH', '300208.SZ', '002707.SZ', '300783.SZ', '603058.SH', '002124.SZ', '601038.SH', '603613.SH', '300771.SZ', '603777.SH', '000712.SZ', '001696.SZ', '600278.SH', '600783.SH', '000796.SZ', '300075.SZ', '002322.SZ', '600864.SH', '600070.SH', '300776.SZ', '600770.SH', '300130.SZ', '000563.SZ', '603960.SH', '600120.SH', '300378.SZ', '002476.SZ', '300209.SZ', '002747.SZ', '300682.SZ', '300487.SZ', '000839.SZ', '600621.SH', '603138.SH', '000686.SZ', '002444.SZ', '300020.SZ', '603650.SH', '300663.SZ', '000011.SZ', '600507.SH', '603508.SH', '300465.SZ', '600075.SH', '601608.SH', '002407.SZ', '601515.SH', '300788.SZ', '603383.SH', '600110.SH', '600604.SH', '600517.SH', '000732.SZ', '300785.SZ', '603026.SH', '300085.SZ', '300766.SZ', '600682.SH', '300072.SZ', '000540.SZ', '300458.SZ', '601908.SH', '002191.SZ', '300188.SZ', '300274.SZ', '601001.SH', '600273.SH', '603328.SH', '002195.SZ', '600410.SH', '300294.SZ', '000997.SZ', '002839.SZ', '300296.SZ', '600446.SH', '300191.SZ', '300299.SZ', '000062.SZ', '300570.SZ', '300459.SZ', '002867.SZ', '603236.SH', '603128.SH', '600633.SH', '002183.SZ', '002583.SZ']"
2020-07-20,2020-07-17,2020-07-27,-0.04093196735853666,100,0.83,,"['002664.SZ', '002088.SZ', '002619.SZ', '600668.SH', '000789.SZ', '600888.SH', '002233.SZ', '002182.SZ', '002852.SZ', '603363.SH', '603687.SH', '002234.SZ', '603848.SH', '002746.SZ', '600626.SH', '002651.SZ', '300483.SZ', '000758.SZ', '600338.SH', '600975.SH', '002283.SZ', '002833.SZ', '002567.SZ', '300208.SZ', '002458.SZ', '600300.SH', '603058.SH', '000807.SZ', '002519.SZ', '600603.SH', '603579.SH', '603777.SH', '000923.SZ', '603012.SH', '002478.SZ', '002818.SZ', '600382.SH', '300107.SZ', '600533.SH', '600261.SH', '002937.SZ', '601058.SH', '603609.SH', '002443.SZ', '600929.SH', '000965.SZ', '002097.SZ', '300423.SZ', '002124.SZ', '002441.SZ', '300067.SZ', '600643.SH', '601717.SH', '300389.SZ', '600291.SH', '001696.SZ', '603693.SH', '000922.SZ', '600638.SH', '600770.SH', '000563.SZ', '300360.SZ', '603585.SH', '002206.SZ', '300300.SZ', '002218.SZ', '002318.SZ', '000036.SZ', '002322.SZ', '002476.SZ', '300255.SZ', '300783.SZ', '002391.SZ', '603299.SH', '600308.SH', '600658.SH', '603298.SH', '000686.SZ', '600461.SH', '600995.SH', '002215.SZ', '000718.SZ', '300185.SZ', '603365.SH', '601222.SH', '600657.SH', '000581.SZ', '300055.SZ', '000717.SZ', '603639.SH', '002734.SZ', '600507.SH', '600963.SH', '603360.SH', '603871.SH', '300190.SZ', '002437.SZ', '603508.SH', '600740.SH', '002139.SZ']"
2020-07-27,2020-07-24,2020-08-03,0.08022344118787615,100,0.76,,"['300198.SZ', '000751.SZ', '300094.SZ', '000657.SZ', '600531.SH', '603363.SH', '002852.SZ', '600626.SH', '603711.SH', '603848.SH', '300258.SZ', '300483.SZ', '002377.SZ', '000930.SZ', '600335.SH', '600711.SH', '002330.SZ', '603214.SH', '600593.SH', '002732.SZ', '002520.SZ', '002283.SZ', '603789.SH', '600300.SH', '002900.SZ', '002833.SZ', '002840.SZ', '300415.SZ', '603777.SH', '000060.SZ', '000923.SZ', '600619.SH', '603609.SH', '603579.SH', '000906.SZ', '000514.SZ', '000550.SZ', '002478.SZ', '300107.SZ', '000523.SZ', '002124.SZ', '600073.SH', '600549.SH', '000545.SZ', '000878.SZ', '600077.SH', '600545.SH', '000417.SZ', '002726.SZ', '002068.SZ', '000887.SZ', '002300.SZ', '603618.SH', '002314.SZ', '002206.SZ', '603377.SH', '002462.SZ', '603585.SH', '603008.SH', '600710.SH', '002318.SZ', '002476.SZ', '603600.SH', '600058.SH', '601068.SH', '002783.SZ', '600713.SH', '002085.SZ', '603898.SH', '600973.SH', '000788.SZ', '000950.SZ', '600810.SH', '603365.SH', '600461.SH', '000717.SZ', '600597.SH', '000667.SZ', '300174.SZ', '300388.SZ', '603639.SH', '600755.SH', '002911.SZ', '600729.SH', '601003.SH', '300147.SZ', '000597.SZ', '002419.SZ', '603871.SH', '600389.SH', '300401.SZ', '603557.SH', '600618.SH', '002618.SZ', '000650.SZ', '000544.SZ', '002761.SZ', '603368.SH', '002634.SZ', '603619.SH']"
2020-08-03,2020-07-31,2020-08-10,-5.866735340118501e-05,100,0.52,,"['300424.SZ', '000697.SZ', '300777.SZ', '300196.SZ', '300198.SZ', '300673.SZ', '300094.SZ', '002182.SZ', '002852.SZ', '300417.SZ', '002746.SZ', '603586.SH', '603848.SH', '300359.SZ', '600626.SH', '300258.SZ', '002651.SZ', '603300.SH', '603214.SH', '002567.SZ', '002330.SZ', '600335.SH', '002732.SZ', '002458.SZ', '002011.SZ', '002840.SZ', '603687.SH', '600300.SH', '002677.SZ', '300415.SZ', '002237.SZ', '000807.SZ', '603609.SH', '000923.SZ', '002283.SZ', '002833.SZ', '600619.SH', '600738.SH', '603579.SH', '000550.SZ', '300462.SZ', '600549.SH', '000025.SZ', '603111.SH', '600822.SH', '002111.SZ', '000417.SZ', '300449.SZ', '600545.SH', '603718.SH', '002300.SZ', '002611.SZ', '000887.SZ', '600710.SH', '603600.SH', '603279.SH', '002318.SZ', '002068.SZ', '603043.SH', '603008.SH', '002783.SZ', '600713.SH', '002085.SZ', '000829.SZ', '300568.SZ', '000788.SZ', '600973.SH', '300174.SZ', '000717.SZ', '002640.SZ', '603676.SH', '000667.SZ', '600597.SH', '002734.SZ', '601003.SH', '002419.SZ', '002549.SZ', '300147.SZ', '603505.SH', '600389.SH', '300401.SZ', '002761.SZ', '002618.SZ', '002437.SZ', '603619.SH', '002397.SZ', '002634.SZ', '300657.SZ', '000601.SZ', '600452.SH', '603588.SH', '300226.SZ', '002060.SZ', '603648.SH', '002408.SZ', '002287.SZ', '601789.SH', '000026.SZ', '000520.SZ', '000498.SZ']"
2020-08-10,2020-08-07,2020-08-17,0.009592471893088487,100,0.7,,"['300696.SZ', '300762.SZ', '002664.SZ', '002190.SZ', '300034.SZ', '300777.SZ', '002025.SZ', '300599.SZ', '300196.SZ', '300198.SZ', '600668.SH', '000789.SZ', '000657.SZ', '300673.SZ', '300328.SZ', '300428.SZ', '603662.SH', '600933.SH', '603336.SH', '603992.SH', '603166.SH', '002746.SZ', '002884.SZ', '300258.SZ', '002967.SZ', '603214.SH', '300415.SZ', '002796.SZ', '300800.SZ', '002520.SZ', '002567.SZ', '002757.SZ', '002833.SZ', '000048.SZ', '600419.SH', '300099.SZ', '002651.SZ', '600636.SH', '002732.SZ', '002438.SZ', '002840.SZ', '300462.SZ', '300569.SZ', '600300.SH', '603609.SH', '603111.SH', '000906.SZ', '002677.SZ', '002519.SZ', '000923.SZ', '601882.SH', '300609.SZ', '603919.SH', '002111.SZ', '600195.SH', '601058.SH', '603179.SH', '600545.SH', '603579.SH', '300360.SZ', '603131.SH', '002726.SZ', '300769.SZ', '601965.SH', '603797.SH', '002724.SZ', '002097.SZ', '603008.SH', '002218.SZ', '600207.SH', '002206.SZ', '300422.SZ', '603811.SH', '002783.SZ', '300687.SZ', '300568.SZ', '300114.SZ', '603326.SH', '000887.SZ', '603180.SH', '002749.SZ', '002034.SZ', '002318.SZ', '603600.SH', '002322.SZ', '002215.SZ', '600461.SH', '600658.SH', '002876.SZ', '603728.SH', '002014.SZ', '000534.SZ', '002637.SZ', '603898.SH', '000976.SZ', '002734.SZ', '300190.SZ', '002911.SZ', '603639.SH', '000717.SZ']"
2020-08-17,2020-08-14,2020-08-24,0.0023196589201870434,100,0.61,,"['300627.SZ', '600668.SH', '603776.SH', '603668.SH', '002233.SZ', '603662.SH', '603336.SH', '300175.SZ', '603363.SH', '603166.SH', '002234.SZ', '600626.SH', '600338.SH', '002746.SZ', '002532.SZ', '300258.SZ', '002884.SZ', '002967.SZ', '300800.SZ', '600711.SH', '002377.SZ', '600975.SH', '300415.SZ', '002732.SZ', '002438.SZ', '002840.SZ', '002567.SZ', '002582.SZ', '002962.SZ', '300416.SZ', '000906.SZ', '600742.SH', '002519.SZ', '600545.SH', '002959.SZ', '603187.SH', '600533.SH', '603579.SH', '002837.SZ', '603609.SH', '002474.SZ', '601058.SH', '300769.SZ', '002750.SZ', '300545.SZ', '300443.SZ', '300365.SZ', '600589.SH', '603590.SH', '002726.SZ', '002097.SZ', '603797.SH', '002955.SZ', '000736.SZ', '300300.SZ', '000923.SZ', '300686.SZ', '300422.SZ', '603693.SH', '603367.SH', '603377.SH', '300044.SZ', '002783.SZ', '300016.SZ', '002318.SZ', '000887.SZ', '603938.SH', '002435.SZ', '002876.SZ', '002034.SZ', '000036.SZ', '600461.SH', '300041.SZ', '600658.SH', '002014.SZ', '300266.SZ', '600873.SH', '600168.SH', '002609.SZ', '000534.SZ', '002734.SZ', '688020.SH', '000620.SZ', '603738.SH', '603898.SH', '300147.SZ', '603639.SH', '603305.SH', '000717.SZ', '300055.SZ', '000915.SZ', '603505.SH', '600475.SH', '603298.SH', '300497.SZ', '002308.SZ', '603595.SH', '300401.SZ', '000045.SZ', '300149.SZ']"
2020-08-24,2020-08-21,2020-08-31,-0.012604402297990985,100,0.6,,"['002664.SZ', '002225.SZ', '600802.SH', '600888.SH', '000789.SZ', '603277.SH', '603662.SH', '002233.SZ', '600933.SH', '601137.SH', '603776.SH', '002951.SZ', '300483.SZ', '002746.SZ', '600626.SH', '600338.SH', '603214.SH', '300193.SZ', '002377.SZ', '002567.SZ', '300415.SZ', '600419.SH', '600818.SH', '002732.SZ', '002438.SZ', '600592.SH', '002519.SZ', '600545.SH', '000906.SZ', '600382.SH', '603111.SH', '603579.SH', '603609.SH', '300731.SZ', '002443.SZ', '601058.SH', '600533.SH', '600790.SH', '603303.SH', '300443.SZ', '300231.SZ', '300545.SZ', '603797.SH', '300435.SZ', '002381.SZ', '002587.SZ', '000923.SZ', '002947.SZ', '300300.SZ', '002391.SZ', '002783.SZ', '000887.SZ', '603938.SH', '600761.SH', '603180.SH', '002876.SZ', '002014.SZ', '000036.SZ', '002034.SZ', '603898.SH', '600168.SH', '688020.SH', '000717.SZ', '002734.SZ', '000966.SZ', '000534.SZ', '000718.SZ', '000779.SZ', '603639.SH', '002308.SZ', '002911.SZ', '600475.SH', '603505.SH', '002437.SZ', '600985.SH', '002618.SZ', '000544.SZ', '002579.SZ', '601966.SH', '603368.SH', '002479.SZ', '603010.SH', '000090.SZ', '600063.SH', '002654.SZ', '000155.SZ', '603359.SH', '603936.SH', '603313.SH', '300481.SZ', '002949.SZ', '600971.SH', '300376.SZ', '603558.SH', '002531.SZ', '000531.SZ', '000601.SZ', '600681.SH', '600452.SH', '603588.SH']"
2020-08-31,2020-08-28,2020-09-07,-0.0064461264313165935,59,0.89,,"['002619.SZ', '603277.SH', '002406.SZ', '002516.SZ', '300351.SZ', '603315.SH', '000821.SZ', '603788.SH', '603166.SH', '002334.SZ', '300580.SZ', '603969.SH', '603306.SH', '600818.SH', '603063.SH', '603058.SH', '300193.SZ', '300462.SZ', '300259.SZ', '600738.SH', '603203.SH', '002438.SZ', '600533.SH', '600790.SH', '603012.SH', '000655.SZ', '002362.SZ', '603297.SH', '000922.SZ', '002111.SZ', '300360.SZ', '002381.SZ', '603111.SH', '300214.SZ', '601199.SH', '603365.SH', '002476.SZ', '300440.SZ', '002218.SZ', '600658.SH', '002435.SZ', '000718.SZ', '002322.SZ', '000779.SZ', '300055.SZ', '603556.SH', '603359.SH', '300533.SZ', '002154.SZ', '603929.SH', '603999.SH', '603458.SH', '603808.SH', '002140.SZ', '600229.SH', '600512.SH', '002238.SZ', '600757.SH', '300571.SZ']"
2020-09-07,2020-09-04,2020-09-14,-0.020072938552162203,58,0.3728813559322034,,"['002619.SZ', '002406.SZ', '002516.SZ', '603315.SH', '000821.SZ', '603166.SH', '603788.SH', '300580.SZ', '002282.SZ', '603058.SH', '603969.SH', '600818.SH', '603063.SH', '300660.SZ', '300193.SZ', '600738.SH', '603203.SH', '600261.SH', '600620.SH', '600790.SH', '002443.SZ', '002381.SZ', '603111.SH', '300360.SZ', '002229.SZ', '300066.SZ', '000922.SZ', '002016.SZ', '002476.SZ', '002412.SZ', '300214.SZ', '300440.SZ', '002346.SZ', '603365.SH', '000036.SZ', '002218.SZ', '603020.SH', '002322.SZ', '000718.SZ', '000779.SZ', '600995.SH', '600064.SH', '002464.SZ', '601515.SH', '300533.SZ', '002154.SZ', '603999.SH', '603458.SH', '002140.SZ', '603808.SH', '603357.SH', '600229.SH', '600512.SH', '300291.SZ', '002238.SZ', '603096.SH', '600345.SH', '002245.SZ']"
2020-09-14,2020-09-11,2020-09-21,0.010258761386837713,85,0.43103448275862066,,"['002392.SZ', '600449.SH', '000935.SZ', '002540.SZ', '002406.SZ', '601677.SH', '603315.SH', '603788.SH', '603166.SH', '300580.SZ', '600251.SH', '603063.SH', '603058.SH', '603969.SH', '300193.SZ', '002264.SZ', '002519.SZ', '603810.SH', '300660.SZ', '600382.SH', '603203.SH', '002543.SZ', '600261.SH', '000811.SZ', '002441.SZ', '000655.SZ', '600790.SH', '603303.SH', '002443.SZ', '002381.SZ', '002412.SZ', '600638.SH', '000922.SZ', '603020.SH', '600479.SH', '002016.SZ', '002344.SZ', '002644.SZ', '601199.SH', '603299.SH', '000926.SZ', '002270.SZ', '002349.SZ', '603365.SH', '000036.SZ', '002538.SZ', '002734.SZ', '000779.SZ', '600285.SH', '600995.SH', '603639.SH', '000718.SZ', '600507.SH', '002020.SZ', '603587.SH', '002437.SZ', '002039.SZ', '600750.SH', '601515.SH', '000791.SZ', '002489.SZ', '600389.SH', '601311.SH', '300533.SZ', '600971.SH', '603599.SH', '000531.SZ', '600508.SH', '603558.SH', '603458.SH', '002154.SZ', '603323.SH', '002003.SZ', '002776.SZ', '603357.SH', '000529.SZ', '603808.SH', '600512.SH', '600987.SH', '600229.SH', '000719.SZ', '600846.SH', '000099.SZ', '002245.SZ', '601801.SH']"
2020-09-21,2020-09-18,2020-09-28,-0.05397159099492612,100,0.6823529411764706,,"['300159.SZ', '600562.SH', '600668.SH', '600449.SH', '000935.SZ', '601677.SH', '002406.SZ', '002234.SZ', '603662.SH', '002548.SZ', '002746.SZ', '300097.SZ', '600975.SH', '002532.SZ', '600330.SH', '002423.SZ', '000639.SZ', '300420.SZ', '002483.SZ', '603058.SH', '002567.SZ', '600419.SH', '688015.SH', '300007.SZ', '600807.SH', '300173.SZ', '002519.SZ', '603810.SH', '600382.SH', '002884.SZ', '603609.SH', '600901.SH', '603766.SH', '002533.SZ', '000811.SZ', '600261.SH', '600643.SH', '002757.SZ', '002441.SZ', '000655.SZ', '600195.SH', '600638.SH', '601058.SH', '603111.SH', '002443.SZ', '002015.SZ', '002381.SZ', '002016.SZ', '000922.SZ', '002344.SZ', '600070.SH', '002645.SZ', '688010.SH', '000563.SZ', '300423.SZ', '600120.SH', '603020.SH', '000926.SZ', '300607.SZ', '688066.SH', '002391.SZ', '002270.SZ', '001696.SZ', '603299.SH', '002649.SZ', '300686.SZ', '000036.SZ', '002218.SZ', '603385.SH', '600658.SH', '600590.SH', '002538.SZ', '300255.SZ', '300684.SZ', '603360.SH', '600657.SH', '600163.SH', '002669.SZ', '000686.SZ', '300130.SZ', '600168.SH', '002215.SZ', '000517.SZ', '300194.SZ', '000717.SZ', '000581.SZ', '002734.SZ', '600210.SH', '600510.SH', '300735.SZ', '600507.SH', '601222.SH', '603639.SH', '600740.SH', '300190.SZ', '002110.SZ', '002244.SZ', '002130.SZ', '000090.SZ', '002139.SZ']"
2020-09-28,2020-09-25,2020-10-09,0.03021712017929788,100,0.72,,"['000531.SZ', '600908.SH', '002838.SZ', '600477.SH', '600070.SH', '600770.SH', '601208.SH', '300206.SZ', '300244.SZ', '002884.SZ', '600527.SH', '600285.SH', '002097.SZ', '000690.SZ', '600993.SH', '300246.SZ', '002588.SZ', '000655.SZ', '600794.SH', '000791.SZ', '000686.SZ', '600621.SH', '002489.SZ', '000540.SZ', '000529.SZ', '002582.SZ', '300677.SZ', '603020.SH', '002270.SZ', '603856.SH', '002645.SZ', '300420.SZ', '002128.SZ', '600075.SH', '002776.SZ', '002124.SZ', '603323.SH', '603301.SH', '000955.SZ', '002839.SZ', '002423.SZ', '300423.SZ', '600507.SH', '600855.SH', '600133.SH', '601128.SH', '002437.SZ', '600807.SH', '000612.SZ', '002936.SZ', '600638.SH', '601860.SH', '002145.SZ', '601058.SH', '002932.SZ', '603810.SH', '002532.SZ', '002406.SZ', '600846.SH', '002443.SZ', '600928.SH', '002381.SZ', '600657.SH', '000623.SZ', '603808.SH', '000036.SZ', '600403.SH', '600603.SH', '600995.SH', '002818.SZ', '600373.SH', '600116.SH', '002533.SZ', '002948.SZ', '002500.SZ', '000685.SZ', '600971.SH', '300161.SZ', '603599.SH', '002016.SZ', '600562.SH', '002244.SZ', '002724.SZ', '603058.SH', '603079.SH', '002308.SZ', '603166.SH', '600261.SH', '002950.SZ', '300676.SZ', '002083.SZ', '600252.SH', '600750.SH', '002605.SZ', '000719.SZ', '600901.SH', '600229.SH', '600512.SH', '002432.SZ', '600894.SH']"
2020-10-09,2020-09-30,2020-10-12,0.034074639500000004,100,0.55,,"['603128.SH', '300054.SZ', '300435.SZ', '300758.SZ', '002747.SZ', '600770.SH', '002838.SZ', '002884.SZ', '002232.SZ', '002407.SZ', '300019.SZ', '300244.SZ', '603299.SH', '300687.SZ', '002588.SZ', '300414.SZ', '000529.SZ', '603727.SH', '600351.SH', '300016.SZ', '600063.SH', '600794.SH', '600621.SH', '002582.SZ', '600822.SH', '002270.SZ', '300420.SZ', '002645.SZ', '300677.SZ', '600075.SH', '000655.SZ', '002423.SZ', '300145.SZ', '002266.SZ', '002124.SZ', '600163.SH', '300159.SZ', '601208.SH', '002532.SZ', '600807.SH', '603896.SH', '300423.SZ', '002406.SZ', '002483.SZ', '002932.SZ', '300548.SZ', '002533.SZ', '300348.SZ', '603301.SH', '300609.SZ', '300047.SZ', '600603.SH', '600116.SH', '300580.SZ', '300236.SZ', '300771.SZ', '300672.SZ', '600803.SH', '600507.SH', '603599.SH', '002751.SZ', '300792.SZ', '002500.SZ', '600995.SH', '002083.SZ', '002724.SZ', '300684.SZ', '300173.SZ', '603079.SH', '300632.SZ', '002776.SZ', '300017.SZ', '300223.SZ', '300493.SZ', '300735.SZ', '600403.SH', '002738.SZ', '002308.SZ', '000955.SZ', '603058.SH', '603277.SH', '300214.SZ', '000902.SZ', '300533.SZ', '000935.SZ', '600894.SH', '600975.SH', '300660.SZ', '600562.SH', '002756.SZ', '002168.SZ', '300676.SZ', '600252.SH', '603810.SH', '603305.SH', '000612.SZ', '603186.SH', '002929.SZ', '603203.SH', '300097.SZ']"
2020-10-12,2020-10-09,2020-10-19,-0.008261771032163565,100,0.5,,"['600679.SH', '603166.SH', '002578.SZ', '002540.SZ', '300660.SZ', '601677.SH', '002533.SZ', '002441.SZ', '002270.SZ', '000612.SZ', '601058.SH', '601126.SH', '300658.SZ', '600403.SH', '600419.SH', '603551.SH', '603810.SH', '002929.SZ', '603867.SH', '600517.SH', '002582.SZ', '002381.SZ', '300214.SZ', '603977.SH', '000655.SZ', '603299.SH', '300530.SZ', '300019.SZ', '002538.SZ', '300159.SZ', '002588.SZ', '300174.SZ', '002543.SZ', '600507.SH', '002395.SZ', '002110.SZ', '603360.SH', '300735.SZ', '000729.SZ', '603058.SH', '600562.SH', '601208.SH', '600075.SH', '603668.SH', '603727.SH', '603662.SH', '002932.SZ', '002423.SZ', '002782.SZ', '600063.SH', '002709.SZ', '600995.SH', '002067.SZ', '600603.SH', '600794.SH', '603599.SH', '300420.SZ', '002838.SZ', '002039.SZ', '300771.SZ', '600975.SH', '603811.SH', '600800.SH', '600770.SH', '603355.SH', '300672.SZ', '002644.SZ', '300173.SZ', '002479.SZ', '603203.SH', '601002.SH', '600351.SH', '603079.SH', '603277.SH', '002267.SZ', '300016.SZ', '002884.SZ', '600621.SH', '603214.SH', '002500.SZ', '600116.SH', '300194.SZ', '601128.SH', '600527.SH', '600308.SH', '600855.SH', '603896.SH', '002645.SZ', '002776.SZ', '002083.SZ', '300158.SZ', '600283.SH', '002124.SZ', '000915.SZ', '000955.SZ', '603367.SH', '600322.SH', '300495.SZ', '600987.SH', '600557.SH']"
2020-10-19,2020-10-16,2020-10-26,-0.0227067497272772,88,0.6,,"['002406.SZ', '002578.SZ', '603166.SH', '002540.SZ', '603788.SH', '603013.SH', '300660.SZ', '002533.SZ', '002441.SZ', '601677.SH', '000922.SZ', '002270.SZ', '002534.SZ', '600419.SH', '002732.SZ', '603238.SH', '603810.SH', '000655.SZ', '002443.SZ', '002381.SZ', '603020.SH', '300214.SZ', '002538.SZ', '600507.SH', '002110.SZ', '002543.SZ', '601208.SH', '603058.SH', '603856.SH', '603303.SH', '300175.SZ', '603668.SH', '600995.SH', '002067.SZ', '600603.SH', '603811.SH', '603326.SH', '600794.SH', '002039.SZ', '300246.SZ', '002838.SZ', '603203.SH', '000756.SZ', '603277.SH', '002225.SZ', '002644.SZ', '000531.SZ', '002661.SZ', '603600.SH', '600594.SH', '002884.SZ', '002392.SZ', '002267.SZ', '600668.SH', '002014.SZ', '603896.SH', '300441.SZ', '002107.SZ', '600308.SH', '000546.SZ', '603214.SH', '600285.SH', '002003.SZ', '002228.SZ', '603609.SH', '600527.SH', '000915.SZ', '002776.SZ', '600210.SH', '002641.SZ', '603301.SH', '600449.SH', '002083.SZ', '600750.SH', '002275.SZ', '600987.SH', '601139.SH', '600761.SH', '600993.SH', '600720.SH', '002022.SZ', '600846.SH', '603298.SH', '000529.SZ', '600252.SH', '002016.SZ', '600229.SH', '000036.SZ']"
2020-10-26,2020-10-23,2020-11-02,-0.015584481059904018,96,0.5568181818181818,,"['002406.SZ', '002101.SZ', '603788.SH', '603166.SH', '603013.SH', '000751.SZ', '002182.SZ', '600742.SH', '002533.SZ', '002441.SZ', '600403.SH', '300360.SZ', '002270.SZ', '601677.SH', '601058.SH', '600577.SH', '000933.SZ', '002128.SZ', '601666.SH', '002330.SZ', '603810.SH', '002237.SZ', '000655.SZ', '601311.SH', '002443.SZ', '600073.SH', '002476.SZ', '600581.SH', '002381.SZ', '300214.SZ', '603020.SH', '002538.SZ', '002588.SZ', '000717.SZ', '002543.SZ', '002110.SZ', '002637.SZ', '600507.SH', '601003.SH', '603058.SH', '002015.SZ', '600782.SH', '600075.SH', '000959.SZ', '000932.SZ', '300082.SZ', '300175.SZ', '600985.SH', '603668.SH', '600995.SH', '600603.SH', '600141.SH', '002462.SZ', '600751.SH', '300193.SZ', '000531.SZ', '600829.SH', '600180.SH', '002225.SZ', '000756.SZ', '002267.SZ', '002014.SZ', '000543.SZ', '600125.SH', '603008.SH', '002432.SZ', '603214.SH', '002228.SZ', '002154.SZ', '603128.SH', '600308.SH', '002083.SZ', '600210.SH', '600449.SH', '002641.SZ', '603030.SH', '600422.SH', '600987.SH', '000488.SZ', '600814.SH', '600807.SH', '600133.SH', '000789.SZ', '000528.SZ', '600512.SH', '000028.SZ', '600710.SH', '000529.SZ', '600058.SH', '600846.SH', '000401.SZ', '600612.SH', '603979.SH', '000926.SZ', '000036.SZ', '600325.SH']"
2020-11-02,2020-10-30,2020-11-09,0.05217968581544149,56,0.9375,,"['002101.SZ', '600742.SH', '300769.SZ', '002330.SZ', '002732.SZ', '002840.SZ', '600711.SH', '300568.SZ', '300424.SZ', '300758.SZ', '000807.SZ', '300586.SZ', '002224.SZ', '002913.SZ', '603938.SH', '603739.SH', '300620.SZ', '002876.SZ', '603043.SH', '603595.SH', '603919.SH', '300548.SZ', '002045.SZ', '600096.SH', '300673.SZ', '000532.SZ', '603056.SH', '300082.SZ', '300435.SZ', '000520.SZ', '000905.SZ', '300438.SZ', '002497.SZ', '000921.SZ', '603225.SH', '603326.SH', '002458.SZ', '603811.SH', '002408.SZ', '603516.SH', '300672.SZ', '000830.SZ', '603180.SH', '300416.SZ', '603214.SH', '002138.SZ', '002649.SZ', '600803.SH', '600807.SH', '002061.SZ', '000829.SZ', '300598.SZ', '300630.SZ', '002091.SZ', '603613.SH', '300792.SZ']"
2020-11-09,2020-11-06,2020-11-16,-0.0008699658320622616,100,0.625,,"['603390.SH', '600742.SH', '002182.SZ', '300489.SZ', '300769.SZ', '300341.SZ', '688388.SH', '603489.SH', '002171.SZ', '603305.SH', '600711.SH', '002840.SZ', '002276.SZ', '300618.SZ', '603113.SH', '300793.SZ', '300758.SZ', '000807.SZ', '002866.SZ', '300706.SZ', '600581.SH', '000951.SZ', '603938.SH', '603890.SH', '002726.SZ', '300632.SZ', '300684.SZ', '000878.SZ', '000717.SZ', '600810.SH', '002897.SZ', '300686.SZ', '002056.SZ', '300620.SZ', '688020.SH', '600580.SH', '601168.SH', '002015.SZ', '002876.SZ', '002110.SZ', '600458.SH', '300548.SZ', '002045.SZ', '603661.SH', '002579.SZ', '300037.SZ', '600063.SH', '300673.SZ', '002852.SZ', '603056.SH', '300735.SZ', '300609.SZ', '300657.SZ', '603078.SH', '300599.SZ', '300655.SZ', '300709.SZ', '002967.SZ', '002532.SZ', '300319.SZ', '000301.SZ', '000823.SZ', '603666.SH', '300438.SZ', '000921.SZ', '002815.SZ', '603626.SH', '000155.SZ', '603385.SH', '600180.SH', '002408.SZ', '002757.SZ', '300679.SZ', '002567.SZ', '600802.SH', '300416.SZ', '000902.SZ', '300502.SZ', '000885.SZ', '601016.SH', '002949.SZ', '603600.SH', '000049.SZ', '300541.SZ', '603180.SH', '300687.SZ', '603187.SH', '002402.SZ', '002648.SZ', '002124.SZ', '300738.SZ', '600803.SH', '300476.SZ', '002138.SZ', '300401.SZ', '300115.SZ', '300659.SZ', '603801.SH', '000636.SZ', '600807.SH']"
2020-11-16,2020-11-13,2020-11-23,0.029603217868338017,100,0.67,,"['002101.SZ', '000957.SZ', '603121.SH', '600933.SH', '603390.SH', '603197.SH', '603003.SH', '603876.SH', '600961.SH', '300258.SZ', '002082.SZ', '600742.SH', '601020.SH', '002090.SZ', '300328.SZ', '600537.SH', '601015.SH', '300341.SZ', '300769.SZ', '002155.SZ', '600711.SH', '601666.SH', '002330.SZ', '002276.SZ', '300731.SZ', '600419.SH', '600569.SH', '002840.SZ', '600581.SH', '002170.SZ', '002969.SZ', '000960.SZ', '000807.SZ', '600073.SH', '603938.SH', '002206.SZ', '300545.SZ', '603093.SH', '000717.SZ', '002587.SZ', '000859.SZ', '601212.SH', '002549.SZ', '002115.SZ', '002588.SZ', '600580.SH', '000825.SZ', '000973.SZ', '603133.SH', '300620.SZ', '000878.SZ', '002386.SZ', '688020.SH', '002897.SZ', '002369.SZ', '002539.SZ', '601168.SH', '600458.SH', '002045.SZ', '002852.SZ', '603336.SH', '603727.SH', '603612.SH', '600552.SH', '600063.SH', '603056.SH', '000810.SZ', '002288.SZ', '600096.SH', '603078.SH', '600509.SH', '300657.SZ', '000520.SZ', '000905.SZ', '600141.SH', '300319.SZ', '002449.SZ', '000823.SZ', '002556.SZ', '002967.SZ', '000921.SZ', '300138.SZ', '300636.SZ', '600360.SH', '002092.SZ', '000415.SZ', '603225.SH', '000680.SZ', '600751.SH', '000155.SZ', '600500.SH', '600180.SH', '600802.SH', '000902.SZ', '000049.SZ', '000830.SZ', '600409.SH', '002745.SZ', '601968.SH', '300047.SZ']"
2020-11-23,2020-11-20,2020-11-30,-0.016397725617061744,100,0.49,,"['600626.SH', '002101.SZ', '000957.SZ', '600523.SH', '002662.SZ', '600335.SH', '600480.SH', '600742.SH', '002309.SZ', '603876.SH', '603003.SH', '600537.SH', '600961.SH', '601020.SH', '600490.SH', '000969.SZ', '601127.SH', '002732.SZ', '601101.SH', '002011.SZ', '603777.SH', '002170.SZ', '002570.SZ', '601015.SH', '603366.SH', '600569.SH', '600581.SH', '600711.SH', '002237.SZ', '600073.SH', '000525.SZ', '600691.SH', '600403.SH', '600295.SH', '002588.SZ', '000973.SZ', '002115.SZ', '603093.SH', '000937.SZ', '002386.SZ', '603133.SH', '000960.SZ', '601666.SH', '002369.SZ', '002547.SZ', '600458.SH', '002446.SZ', '000807.SZ', '601212.SH', '000936.SZ', '000825.SZ', '600203.SH', '000959.SZ', '603612.SH', '000810.SZ', '000878.SZ', '600552.SH', '600096.SH', '600435.SH', '600063.SH', '000683.SZ', '600509.SH', '300184.SZ', '601168.SH', '600579.SH', '002055.SZ', '600141.SH', '000905.SZ', '000823.SZ', '002449.SZ', '000921.SZ', '000990.SZ', '002480.SZ', '600623.SH', '603603.SH', '600751.SH', '002092.SZ', '600180.SH', '000652.SZ', '000415.SZ', '000680.SZ', '000908.SZ', '600500.SH', '600172.SH', '000712.SZ', '600707.SH', '603225.SH', '000539.SZ', '600876.SH', '000830.SZ', '000553.SZ', '600428.SH', '002745.SZ', '300047.SZ', '600409.SH', '300296.SZ', '002649.SZ', '002670.SZ', '002183.SZ', '600160.SH']"
2020-11-30,2020-11-27,2020-12-07,-0.008860013217290292,66,0.7,,"['002090.SZ', '603776.SH', '600537.SH', '002101.SZ', '603003.SH', '601020.SH', '002048.SZ', '600711.SH', '000525.SZ', '600230.SH', '601101.SH', '000045.SZ', '000960.SZ', '601015.SH', '600458.SH', '000807.SZ', '600552.SH', '000959.SZ', '603612.SH', '000825.SZ', '600063.SH', '601666.SH', '600348.SH', '300657.SZ', '601678.SH', '002055.SZ', '000823.SZ', '001896.SZ', '002449.SZ', '000921.SZ', '300672.SZ', '603225.SH', '600500.SH', '002197.SZ', '000875.SZ', '000830.SZ', '300296.SZ', '600428.SH', '600283.SH', '000539.SZ', '300145.SZ', '002649.SZ', '002745.SZ', '600160.SH', '601016.SH', '300422.SZ', '600168.SH', '600021.SH', '002061.SZ', '002010.SZ', '300266.SZ', '300043.SZ', '300388.SZ', '000027.SZ', '300598.SZ', '000544.SZ', '600622.SH', '000665.SZ', '000401.SZ', '600831.SH', '002091.SZ', '002078.SZ', '601200.SH', '000156.SZ', '600008.SH', '600037.SH']"
2020-12-07,2020-12-04,2020-12-14,-0.027658080489695806,100,0.8333333333333334,,"['002090.SZ', '002309.SZ', '300328.SZ', '600537.SH', '002428.SZ', '002101.SZ', '603997.SH', '300769.SZ', '300258.SZ', '300568.SZ', '300107.SZ', '300798.SZ', '300545.SZ', '603938.SH', '000807.SZ', '600230.SH', '600073.SH', '002125.SZ', '002951.SZ', '300620.SZ', '000878.SZ', '002897.SZ', '688020.SH', '002369.SZ', '601615.SH', '300252.SZ', '601127.SH', '300783.SZ', '300309.SZ', '603595.SH', '002547.SZ', '002104.SZ', '300159.SZ', '300331.SZ', '600758.SH', '002326.SZ', '300397.SZ', '300102.SZ', '000936.SZ', '000810.SZ', '300709.SZ', '603078.SH', '603612.SH', '603056.SH', '300657.SZ', '600096.SH', '000040.SZ', '000683.SZ', '000150.SZ', '300053.SZ', '002973.SZ', '300256.SZ', '300777.SZ', '603026.SH', '002635.SZ', '002449.SZ', '600509.SH', '002707.SZ', '300636.SZ', '002351.SZ', '002480.SZ', '300561.SZ', '603068.SH', '603603.SH', '002913.SZ', '000415.SZ', '002092.SZ', '300398.SZ', '300007.SZ', '002064.SZ', '603225.SH', '600172.SH', '002036.SZ', '000711.SZ', '300198.SZ', '002217.SZ', '300346.SZ', '600409.SH', '603920.SH', '600114.SH', '600160.SH', '002745.SZ', '300624.SZ', '002273.SZ', '601099.SH', '002596.SZ', '002643.SZ', '300768.SZ', '603260.SH', '300699.SZ', '300476.SZ', '600807.SH', '600707.SH', '000089.SZ', '002138.SZ', '000534.SZ', '002481.SZ', '300336.SZ', '002305.SZ', '600258.SH']"
2020-12-14,2020-12-11,2020-12-21,0.023138581977579994,66,0.91,,"['300617.SZ', '002309.SZ', '688006.SH', '603596.SH', '300763.SZ', '300432.SZ', '002956.SZ', '603489.SH', '603938.SH', '601615.SH', '002677.SZ', '002970.SZ', '603327.SH', '300627.SZ', '603218.SH', '002216.SZ', '300753.SZ', '300767.SZ', '300724.SZ', '002214.SZ', '002959.SZ', '603505.SH', '600305.SH', '002810.SZ', '603027.SH', '300726.SZ', '300638.SZ', '300777.SZ', '601966.SH', '000923.SZ', '300394.SZ', '002351.SZ', '002568.SZ', '300400.SZ', '002878.SZ', '688122.SH', '002064.SZ', '300274.SZ', '603666.SH', '300502.SZ', '603989.SH', '603915.SH', '002859.SZ', '603868.SH', '300552.SZ', '603920.SH', '603203.SH', '002643.SZ', '002833.SZ', '603267.SH', '300699.SZ', '600563.SH', '002803.SZ', '603005.SH', '603678.SH', '603025.SH', '300702.SZ', '300661.SZ', '300773.SZ', '300792.SZ', '300685.SZ', '603638.SH', '002626.SZ', '603613.SH', '002372.SZ', '300770.SZ']"
2020-12-21,2020-12-18,2020-12-28,-0.00892726361332821,100,0.7727272727272727,,"['002101.SZ', '600676.SH', '000957.SZ', '600480.SH', '002309.SZ', '600742.SH', '603997.SH', '688006.SH', '603003.SH', '300427.SZ', '002335.SZ', '000969.SZ', '000887.SZ', '601311.SH', '601965.SH', '300224.SZ', '000758.SZ', '600459.SH', '002237.SZ', '600691.SH', '002588.SZ', '601615.SH', '002386.SZ', '000933.SZ', '000060.SZ', '000937.SZ', '600456.SH', '600569.SH', '603218.SH', '600073.SH', '600295.SH', '601212.SH', '000960.SZ', '600458.SH', '603612.SH', '601101.SH', '300741.SZ', '000807.SZ', '000683.SZ', '600497.SH', '002056.SZ', '600096.SH', '600597.SH', '300726.SZ', '600277.SH', '000878.SZ', '002055.SZ', '000040.SZ', '600305.SH', '002449.SZ', '000923.SZ', '300638.SZ', '000959.SZ', '600765.SH', '600141.SH', '603027.SH', '000823.SZ', '601168.SH', '000905.SZ', '000825.SZ', '002635.SZ', '601966.SH', '000921.SZ', '600623.SH', '600839.SH', '603198.SH', '600060.SH', '688122.SH', '002484.SZ', '600509.SH', '002092.SZ', '600500.SH', '000059.SZ', '603666.SH', '002568.SZ', '002064.SZ', '000415.SZ', '300138.SZ', '300327.SZ', '000526.SZ', '600180.SH', '000680.SZ', '000049.SZ', '000902.SZ', '002217.SZ', '300395.SZ', '300047.SZ', '600308.SH', '002833.SZ', '000712.SZ', '600138.SH', '603225.SH', '002745.SZ', '600409.SH', '002597.SZ', '600428.SH', '000830.SZ', '002183.SZ', '600963.SH', '600707.SH']"
2020-12-28,2020-12-25,2021-01-04,0.036459954452823434,100,0.51,,"['002309.SZ', '603728.SH', '688006.SH', '000957.SZ', '002518.SZ', '603358.SH', '600676.SH', '603997.SH', '002335.SZ', '000758.SZ', '603306.SH', '600312.SH', '688388.SH', '601311.SH', '300568.SZ', '000913.SZ', '000933.SZ', '601965.SH', '002732.SZ', '002170.SZ', '000960.SZ', '000400.SZ', '600073.SH', '600456.SH', '600691.SH', '600197.SH', '600580.SH', '601615.SH', '600497.SH', '600549.SH', '000801.SZ', '002549.SZ', '603033.SH', '000869.SZ', '300082.SZ', '601168.SH', '603218.SH', '002226.SZ', '300073.SZ', '600295.SH', '600458.SH', '600305.SH', '002461.SZ', '002970.SZ', '603505.SH', '603027.SH', '000683.SZ', '600884.SH', '600435.SH', '600096.SH', '002756.SZ', '002636.SZ', '600277.SH', '000519.SZ', '300726.SZ', '300219.SZ', '300034.SZ', '300638.SZ', '600141.SH', '000923.SZ', '000921.SZ', '600765.SH', '000937.SZ', '600478.SH', '601101.SH', '601966.SH', '002967.SZ', '601015.SH', '000415.SZ', '300483.SZ', '600636.SH', '603680.SH', '000652.SZ', '603915.SH', '002092.SZ', '603666.SH', '600509.SH', '300196.SZ', '688122.SH', '600500.SH', '603989.SH', '000680.SZ', '002064.SZ', '300138.SZ', '600403.SH', '600108.SH', '002850.SZ', '600433.SH', '002960.SZ', '600876.SH', '300054.SZ', '002833.SZ', '000049.SZ', '300395.SZ', '002367.SZ', '603225.SH', '000830.SZ', '600546.SH', '300083.SZ', '600409.SH']"
2021-01-04,2020-12-31,2021-01-11,-0.039945402150884615,100,0.64,,"['000012.SZ', '600876.SH', '600428.SH', '000626.SZ', '002497.SZ', '600460.SH', '601908.SH', '000829.SZ', '002643.SZ', '601233.SH', '603128.SH', '603225.SH', '600641.SH', '002091.SZ', '600509.SH', '000830.SZ', '000921.SZ', '600827.SH', '002967.SZ', '000928.SZ', '300054.SZ', '600499.SH', '002756.SZ', '300598.SZ', '600884.SH', '603666.SH', '000049.SZ', '300034.SZ', '002335.SZ', '601375.SH', '603960.SH', '000034.SZ', '002563.SZ', '601611.SH', '600711.SH', '000905.SZ', '600295.SH', '603218.SH', '002064.SZ', '603025.SH', '300224.SZ', '600737.SH', '603267.SH', '000550.SZ', '601311.SH', '600623.SH', '002238.SZ', '601615.SH', '300776.SZ', '300568.SZ', '002960.SZ', '000933.SZ', '688006.SH', '002126.SZ', '300386.SZ', '300082.SZ', '002386.SZ', '002183.SZ', '002092.SZ', '002080.SZ', '300567.SZ', '600497.SH', '002318.SZ', '002859.SZ', '002312.SZ', '600961.SH', '688388.SH', '002063.SZ', '002182.SZ', '600458.SH', '600580.SH', '300296.SZ', '600563.SH', '300699.SZ', '600456.SH', '300058.SZ', '002544.SZ', '688005.SH', '688122.SH', '600581.SH', '600058.SH', '300638.SZ', '000009.SZ', '603876.SH', '600160.SH', '300773.SZ', '300226.SZ', '600096.SH', '002416.SZ', '002850.SZ', '000060.SZ', '600569.SH', '600612.SH', '002745.SZ', '000960.SZ', '000902.SZ', '600141.SH', '600305.SH', '000878.SZ', '002831.SZ']"
2021-01-11,2021-01-08,2021-01-18,0.03147369330346826,100,0.74,,"['002549.SZ', '601968.SH', '300487.SZ', '603033.SH', '002318.SZ', '002803.SZ', '600389.SH', '300196.SZ', '603688.SH', '002810.SZ', '603181.SH', '603429.SH', '603505.SH', '002973.SZ', '600378.SH', '603700.SH', '603313.SH', '603327.SH', '600141.SH', '002324.SZ', '300082.SZ', '002831.SZ', '603666.SH', '002258.SZ', '603596.SH', '600452.SH', '000012.SZ', '002833.SZ', '002677.SZ', '300755.SZ', '300617.SZ', '002367.SZ', '603826.SH', '300653.SZ', '000831.SZ', '002438.SZ', '300395.SZ', '000534.SZ', '002064.SZ', '002970.SZ', '000960.SZ', '002695.SZ', '002880.SZ', '000902.SZ', '002791.SZ', '688388.SH', '002847.SZ', '300768.SZ', '603225.SH', '600789.SH', '002967.SZ', '002597.SZ', '002293.SZ', '603179.SH', '000830.SZ', '600197.SH', '603387.SH', '002372.SZ', '300470.SZ', '300627.SZ', '600160.SH', '603728.SH', '300567.SZ', '300702.SZ', '300776.SZ', '600456.SH', '002056.SZ', '002913.SZ', '002683.SZ', '300114.SZ', '002078.SZ', '688006.SH', '002518.SZ', '300327.SZ', '600988.SH', '600305.SH', '603960.SH', '603027.SH', '300257.SZ', '002335.SZ', '002859.SZ', '002080.SZ', '300696.SZ', '300009.SZ', '603260.SH', '603337.SH', '600206.SH', '603198.SH', '002850.SZ', '002867.SZ', '300747.SZ', '300054.SZ', '603489.SH', '300685.SZ', '300726.SZ', '600195.SH', '002568.SZ', '600850.SH', '603868.SH', '600499.SH']"
2021-01-18,2021-01-15,2021-01-25,-0.009814440818434937,100,0.85,,"['603992.SH', '002951.SZ', '603326.SH', '603013.SH', '300599.SZ', '603600.SH', '603977.SH', '002749.SZ', '300758.SZ', '002224.SZ', '603848.SH', '002014.SZ', '002669.SZ', '600802.SH', '300198.SZ', '603360.SH', '002918.SZ', '002318.SZ', '603033.SH', '002616.SZ', '002140.SZ', '600075.SH', '002755.SZ', '002937.SZ', '002803.SZ', '002326.SZ', '603727.SH', '300400.SZ', '603081.SH', '600458.SH', '603662.SH', '002057.SZ', '300723.SZ', '300737.SZ', '002130.SZ', '603797.SH', '603505.SH', '603327.SH', '603208.SH', '600063.SH', '603912.SH', '002532.SZ', '603313.SH', '603811.SH', '300439.SZ', '002810.SZ', '000789.SZ', '002334.SZ', '300016.SZ', '300686.SZ', '002882.SZ', '002732.SZ', '002003.SZ', '603079.SH', '002757.SZ', '603579.SH', '600452.SH', '600720.SH', '002452.SZ', '002840.SZ', '603516.SH', '603666.SH', '002831.SZ', '002911.SZ', '000539.SZ', '002960.SZ', '300388.SZ', '000933.SZ', '002677.SZ', '603203.SH', '000532.SZ', '300497.SZ', '002233.SZ', '002034.SZ', '002408.SZ', '600217.SH', '000915.SZ', '000060.SZ', '002266.SZ', '603300.SH', '002833.SZ', '002649.SZ', '002746.SZ', '000828.SZ', '603113.SH', '300559.SZ', '002423.SZ', '002367.SZ', '300481.SZ', '300653.SZ', '300401.SZ', '603890.SH', '300624.SZ', '600803.SH', '600975.SH', '603626.SH', '300441.SZ', '002293.SZ', '603588.SH', '300552.SZ']"
2021-01-25,2021-01-22,2021-02-01,-0.044046944251997226,100,0.83,,"['300651.SZ', '300575.SZ', '002549.SZ', '603650.SH', '300198.SZ', '002918.SZ', '601968.SH', '300019.SZ', '603033.SH', '603505.SH', '600458.SH', '300737.SZ', '000923.SZ', '603208.SH', '002810.SZ', '603238.SH', '300669.SZ', '603666.SH', '603313.SH', '002182.SZ', '603906.SH', '300258.SZ', '300617.SZ', '002833.SZ', '600459.SH', '002677.SZ', '002438.SZ', '603826.SH', '300395.SZ', '300653.SZ', '600073.SH', '002651.SZ', '300401.SZ', '603713.SH', '600197.SH', '300481.SZ', '600803.SH', '002372.SZ', '000902.SZ', '603229.SH', '603131.SH', '002726.SZ', '002541.SZ', '300219.SZ', '002683.SZ', '002847.SZ', '002791.SZ', '000913.SZ', '603588.SH', '603387.SH', '300666.SZ', '002597.SZ', '603728.SH', '603416.SH', '000807.SZ', '300702.SZ', '603063.SH', '603056.SH', '002078.SZ', '002959.SZ', '000301.SZ', '002484.SZ', '688006.SH', '603043.SH', '300114.SZ', '600988.SH', '002056.SZ', '601636.SH', '300151.SZ', '300138.SZ', '002913.SZ', '300696.SZ', '603566.SH', '600127.SH', '601168.SH', '002461.SZ', '300763.SZ', '600882.SH', '002080.SZ', '600305.SH', '300390.SZ', '002850.SZ', '300726.SZ', '300034.SZ', '603198.SH', '600211.SH', '603185.SH', '603129.SH', '002287.SZ', '600765.SH', '002851.SZ', '000951.SZ', '603027.SH', '603868.SH', '002891.SZ', '603486.SH', '603489.SH', '300346.SZ', '002568.SZ', '300685.SZ']"
2021-02-01,2021-01-29,2021-02-08,-0.005577313587776674,100,0.58,,"['603600.SH', '300575.SZ', '002014.SZ', '300522.SZ', '300729.SZ', '688026.SH', '603180.SH', '300121.SZ', '002206.SZ', '601968.SH', '002918.SZ', '300718.SZ', '603033.SH', '002318.SZ', '002803.SZ', '300562.SZ', '603505.SH', '002973.SZ', '603809.SH', '300767.SZ', '603700.SH', '300723.SZ', '603208.SH', '603238.SH', '603181.SH', '603811.SH', '002810.SZ', '603666.SH', '600452.SH', '603313.SH', '300439.SZ', '002911.SZ', '603380.SH', '300815.SZ', '600976.SH', '603739.SH', '300497.SZ', '002831.SZ', '300395.SZ', '002677.SZ', '603186.SH', '300653.SZ', '603826.SH', '002833.SZ', '603890.SH', '002408.SZ', '300401.SZ', '002056.SZ', '300627.SZ', '603588.SH', '002847.SZ', '300481.SZ', '002726.SZ', '002880.SZ', '002293.SZ', '688029.SH', '603728.SH', '603113.SH', '603056.SH', '300702.SZ', '300114.SZ', '000902.SZ', '002653.SZ', '300151.SZ', '603043.SH', '002597.SZ', '601636.SH', '603225.SH', '601965.SH', '002913.SZ', '603416.SH', '603566.SH', '600305.SH', '603920.SH', '300763.SZ', '000048.SZ', '300257.SZ', '601058.SH', '002287.SZ', '603027.SH', '300327.SZ', '603568.SH', '300630.SZ', '002851.SZ', '603868.SH', '002867.SZ', '002859.SZ', '000951.SZ', '603489.SH', '002242.SZ', '603583.SH', '300685.SZ', '603606.SH', '000049.SZ', '002706.SZ', '300725.SZ', '603298.SH', '300476.SZ', '300482.SZ', '002595.SZ']"
2021-02-08,2021-02-05,2021-02-18,0.027452323347350007,56,0.72,,"['002014.SZ', '300174.SZ', '601968.SH', '603689.SH', '002973.SZ', '603033.SH', '300723.SZ', '000905.SZ', '002166.SZ', '600676.SH', '603238.SH', '300642.SZ', '300790.SZ', '300439.SZ', '601500.SH', '603055.SH', '600452.SH', '603811.SH', '002840.SZ', '002810.SZ', '300669.SZ', '002911.SZ', '002107.SZ', '002831.SZ', '600858.SH', '600488.SH', '600917.SH', '002309.SZ', '600500.SH', '002042.SZ', '300653.SZ', '000759.SZ', '603896.SH', '603826.SH', '603588.SH', '002833.SZ', '600803.SH', '300441.SZ', '603056.SH', '002293.SZ', '002880.SZ', '601366.SH', '603043.SH', '002653.SZ', '002251.SZ', '000048.SZ', '603225.SH', '603868.SH', '603568.SH', '300257.SZ', '300630.SZ', '603708.SH', '300482.SZ', '603228.SH', '000739.SZ', '603127.SH']"
2021-02-18,2021-02-10,2021-02-22,0.05104078304129223,55,0.7678571428571429,,"['600117.SH', '600569.SH', '603326.SH', '600744.SH', '600165.SH', '000711.SZ', '600626.SH', '600239.SH', '600579.SH', '000620.SZ', '300121.SZ', '002101.SZ', '600617.SH', '000905.SZ', '000957.SZ', '600758.SH', '002732.SZ', '600676.SH', '002011.SZ', '002840.SZ', '600609.SH', '600292.SH', '603055.SH', '600936.SH', '002662.SZ', '002547.SZ', '600096.SH', '603336.SH', '002309.SZ', '000539.SZ', '600523.SH', '000917.SZ', '600858.SH', '002468.SZ', '600073.SH', '600988.SH', '000652.SZ', '002183.SZ', '002042.SZ', '000532.SZ', '600500.SH', '603711.SH', '000759.SZ', '300761.SZ', '600789.SH', '002092.SZ', '002458.SZ', '603056.SH', '000830.SZ', '601366.SH', '000829.SZ', '002010.SZ', '002251.SZ', '603225.SH', '600058.SH']"
2021-02-22,2021-02-19,2021-03-01,0.0052414671978813394,75,0.38181818181818183,,"['600117.SH', '300530.SZ', '300107.SZ', '603390.SH', '600569.SH', '300057.SZ', '002170.SZ', '000525.SZ', '600744.SH', '600961.SH', '600239.SH', '600982.SH', '002397.SZ', '600626.SH', '000620.SZ', '600579.SH', '002386.SZ', '002101.SZ', '000797.SZ', '002454.SZ', '603689.SH', '002329.SZ', '600960.SH', '000905.SZ', '600458.SH', '600780.SH', '002284.SZ', '603569.SH', '000407.SZ', '600617.SH', '002732.SZ', '600081.SH', '002166.SZ', '601101.SH', '000966.SZ', '603035.SH', '002345.SZ', '300483.SZ', '002840.SZ', '002011.SZ', '002083.SZ', '000957.SZ', '000683.SZ', '002772.SZ', '600292.SH', '600676.SH', '002520.SZ', '600936.SH', '600509.SH', '603336.SH', '600096.SH', '002309.SZ', '300147.SZ', '600858.SH', '000652.SZ', '600587.SH', '300047.SZ', '600428.SH', '600073.SH', '002183.SZ', '002042.SZ', '000759.SZ', '600500.SH', '000597.SZ', '000539.SZ', '000035.SZ', '600789.SH', '600751.SH', '603056.SH', '601366.SH', '000829.SZ', '600710.SH', '002251.SZ', '600058.SH', '002091.SZ']"
2021-03-01,2021-02-26,2021-03-08,0.021093965628097813,100,0.76,,"['002478.SZ', '603013.SH', '002443.SZ', '600982.SH', '603326.SH', '600995.SH', '002225.SZ', '603385.SH', '603689.SH', '002246.SZ', '002228.SZ', '000421.SZ', '000407.SZ', '600780.SH', '002016.SZ', '600668.SH', '002538.SZ', '600469.SH', '000546.SZ', '000966.SZ', '002406.SZ', '000863.SZ', '601968.SH', '000717.SZ', '002039.SZ', '300625.SZ', '002101.SZ', '002479.SZ', '600657.SH', '002641.SZ', '002454.SZ', '000899.SZ', '600308.SH', '601101.SH', '600081.SH', '600458.SH', '002047.SZ', '000600.SZ', '603035.SH', '600512.SH', '600368.SH', '000778.SZ', '600133.SH', '000099.SZ', '000791.SZ', '600985.SH', '600782.SH', '002110.SZ', '600971.SH', '002334.SZ', '000531.SZ', '000756.SZ', '000601.SZ', '600508.SH', '002662.SZ', '000719.SZ', '002154.SZ', '002882.SZ', '002732.SZ', '002181.SZ', '001896.SZ', '300007.SZ', '600070.SH', '600594.SH', '002083.SZ', '601918.SH', '000543.SZ', '601001.SH', '600461.SH', '002772.SZ', '300388.SZ', '000589.SZ', '300772.SZ', '600325.SH', '603012.SH', '002061.SZ', '002003.SZ', '600720.SH', '002543.SZ', '600742.SH', '600382.SH', '000937.SZ', '000544.SZ', '002911.SZ', '600587.SH', '000532.SZ', '002441.SZ', '600261.SH', '002435.SZ', '600348.SH', '600757.SH', '600987.SH', '600073.SH', '000539.SZ', '600603.SH', '601666.SH', '600428.SH', '000811.SZ', '002300.SZ', '002270.SZ']"
2021-03-08,2021-03-05,2021-03-15,0.017331351427100326,100,0.52,,"['002478.SZ', '600982.SH', '300109.SZ', '002225.SZ', '002391.SZ', '000525.SZ', '300495.SZ', '002246.SZ', '603689.SH', '000973.SZ', '002328.SZ', '002540.SZ', '600780.SH', '000546.SZ', '000926.SZ', '600328.SH', '002016.SZ', '600469.SH', '002039.SZ', '600308.SH', '600622.SH', '000966.SZ', '002101.SZ', '002948.SZ', '600210.SH', '002482.SZ', '600067.SH', '002479.SZ', '600326.SH', '300422.SZ', '002047.SZ', '002454.SZ', '600736.SH', '600512.SH', '600133.SH', '600458.SH', '000919.SZ', '000778.SZ', '000600.SZ', '603035.SH', '603558.SH', '601101.SH', '000099.SZ', '000957.SZ', '002110.SZ', '600657.SH', '600368.SH', '600658.SH', '000850.SZ', '002393.SZ', '300483.SZ', '000791.SZ', '603569.SH', '600510.SH', '002083.SZ', '600829.SH', '000601.SZ', '002345.SZ', '002685.SZ', '600035.SH', '000968.SZ', '603393.SH', '000031.SZ', '600123.SH', '000719.SZ', '000726.SZ', '002181.SZ', '002483.SZ', '600971.SH', '002267.SZ', '000560.SZ', '002520.SZ', '600594.SH', '600508.SH', '002672.SZ', '000543.SZ', '000825.SZ', '603611.SH', '600461.SH', '601918.SH', '300388.SZ', '601860.SH', '300381.SZ', '601001.SH', '600491.SH', '600748.SH', '603012.SH', '600742.SH', '603323.SH', '300158.SZ', '000544.SZ', '600987.SH', '002543.SZ', '000539.SZ', '002435.SZ', '002441.SZ', '000900.SZ', '603766.SH', '000875.SZ', '600567.SH']"
2021-03-15,2021-03-12,2021-03-22,0.01306773569827152,100,0.35,,"['002478.SZ', '600117.SH', '300230.SZ', '600819.SH', '002391.SZ', '000525.SZ', '002397.SZ', '002538.SZ', '300057.SZ', '000546.SZ', '002588.SZ', '603689.SH', '600328.SH', '600308.SH', '600469.SH', '002386.SZ', '603876.SH', '600961.SH', '600210.SH', '002377.SZ', '600326.SH', '002062.SZ', '002101.SZ', '600368.SH', '600327.SH', '002482.SZ', '600780.SH', '603214.SH', '000910.SZ', '002948.SZ', '000099.SZ', '600081.SH', '603569.SH', '000926.SZ', '000778.SZ', '002454.SZ', '600458.SH', '600512.SH', '600622.SH', '600133.SH', '000919.SZ', '603035.SH', '600282.SH', '002527.SZ', '002110.SZ', '000957.SZ', '600067.SH', '600736.SH', '000850.SZ', '601101.SH', '002083.SZ', '600985.SH', '002462.SZ', '600782.SH', '600658.SH', '600829.SH', '002345.SZ', '002662.SZ', '002685.SZ', '600657.SH', '600123.SH', '000600.SZ', '000959.SZ', '000719.SZ', '002483.SZ', '600063.SH', '603366.SH', '600594.SH', '002672.SZ', '600565.SH', '600971.SH', '000543.SZ', '603611.SH', '600508.SH', '300388.SZ', '300381.SZ', '600510.SH', '000006.SZ', '000900.SZ', '600125.SH', '002061.SZ', '300147.SZ', '600987.SH', '600742.SH', '600491.SH', '601918.SH', '000031.SZ', '601001.SH', '600096.SH', '300477.SZ', '300158.SZ', '002543.SZ', '603323.SH', '603766.SH', '300047.SZ', '000539.SZ', '600567.SH', '000560.SZ', '002589.SZ', '000937.SZ']"
2021-03-22,2021-03-19,2021-03-29,-0.00885294220367833,100,0.52,,"['002478.SZ', '002443.SZ', '603390.SH', '002067.SZ', '603693.SH', '300214.SZ', '600802.SH', '603385.SH', '002225.SZ', '300806.SZ', '002391.SZ', '603689.SH', '002228.SZ', '000421.SZ', '002015.SZ', '000407.SZ', '600668.SH', '600165.SH', '000546.SZ', '002538.SZ', '002616.SZ', '603299.SH', '300057.SZ', '600780.SH', '002377.SZ', '600328.SH', '000717.SZ', '600308.SH', '002101.SZ', '002039.SZ', '600326.SH', '002016.SZ', '600210.SH', '600081.SH', '002948.SZ', '002206.SZ', '300422.SZ', '603214.SH', '600449.SH', '600622.SH', '002082.SZ', '600368.SH', '603809.SH', '603238.SH', '600067.SH', '603758.SH', '002479.SZ', '000899.SZ', '600512.SH', '000778.SZ', '000919.SZ', '600133.SH', '600658.SH', '000600.SZ', '603393.SH', '002083.SZ', '002982.SZ', '300790.SZ', '002110.SZ', '600282.SH', '600657.SH', '000850.SZ', '000791.SZ', '300483.SZ', '600123.SH', '600740.SH', '600985.SH', '000531.SZ', '603739.SH', '002166.SZ', '600971.SH', '000601.SZ', '600510.SH', '000719.SZ', '000589.SZ', '600508.SH', '600846.SH', '002672.SZ', '000006.SZ', '600594.SH', '000789.SZ', '600419.SH', '600063.SH', '600565.SH', '002003.SZ', '300381.SZ', '002772.SZ', '600782.SH', '001896.SZ', '300388.SZ', '002520.SZ', '002135.SZ', '000885.SZ', '000543.SZ', '603055.SH', '002840.SZ', '600461.SH', '601001.SH', '601918.SH', '600742.SH']"
2021-03-29,2021-03-26,2021-04-06,0.009674136844553176,100,0.91,,"['603992.SH', '002951.SZ', '300651.SZ', '603867.SH', '002443.SZ', '300067.SZ', '000779.SZ', '300575.SZ', '002562.SZ', '605118.SH', '002381.SZ', '603848.SH', '600731.SH', '600668.SH', '603299.SH', '002734.SZ', '002088.SZ', '300821.SZ', '300765.SZ', '600433.SH', '600995.SH', '300127.SZ', '002406.SZ', '300856.SZ', '603110.SH', '601515.SH', '600449.SH', '002206.SZ', '603319.SH', '603697.SH', '603357.SH', '300842.SZ', '002318.SZ', '603639.SH', '002991.SZ', '601008.SH', '600366.SH', '603239.SH', '603630.SH', '002987.SZ', '300723.SZ', '000531.SZ', '000935.SZ', '603018.SH', '002327.SZ', '000789.SZ', '600720.SH', '002950.SZ', '002191.SZ', '002440.SZ', '002342.SZ', '600503.SH', '002003.SZ', '600419.SH', '300255.SZ', '300617.SZ', '000036.SZ', '002515.SZ', '603579.SH', '603979.SH', '300497.SZ', '002810.SZ', '002801.SZ', '300755.SZ', '000927.SZ', '000877.SZ', '000631.SZ', '002435.SZ', '002677.SZ', '300690.SZ', '002233.SZ', '603306.SH', '000544.SZ', '603915.SH', '600285.SH', '002746.SZ', '300762.SZ', '000848.SZ', '600382.SH', '002572.SZ', '600273.SH', '002548.SZ', '000672.SZ', '000718.SZ', '603599.SH', '601890.SH', '300396.SZ', '002270.SZ', '002322.SZ', '600975.SH', '002977.SZ', '002695.SZ', '002020.SZ', '002661.SZ', '002438.SZ', '002275.SZ', '600064.SH', '300443.SZ', '002818.SZ', '600770.SH']"
2021-04-06,2021-04-02,2021-04-12,-0.005805716837002316,83,0.88,,"['601011.SH', '002978.SZ', '601015.SH', '600479.SH', '600976.SH', '300841.SZ', '600569.SH', '002980.SZ', '002801.SZ', '601609.SH', '600207.SH', '002782.SZ', '603786.SH', '000059.SZ', '600626.SH', '300127.SZ', '600178.SH', '603970.SH', '000599.SZ', '002987.SZ', '002249.SZ', '600081.SH', '600327.SH', '002149.SZ', '002783.SZ', '300390.SZ', '002738.SZ', '000795.SZ', '600531.SH', '002919.SZ', '002386.SZ', '600366.SH', '002068.SZ', '000657.SZ', '300725.SZ', '603489.SH', '603110.SH', '002979.SZ', '000927.SZ', '000970.SZ', '300600.SZ', '600259.SH', '600805.SH', '600822.SH', '002282.SZ', '000831.SZ', '000667.SZ', '000821.SZ', '600563.SH', '002810.SZ', '002407.SZ', '002342.SZ', '600501.SH', '603515.SH', '600623.SH', '600375.SH', '603599.SH', '000799.SZ', '002073.SZ', '002145.SZ', '600313.SH', '603100.SH', '000631.SZ', '000713.SZ', '600103.SH', '000626.SZ', '300722.SZ', '002092.SZ', '600127.SH', '600169.SH', '601226.SH', '002884.SZ', '600433.SH', '603187.SH', '603535.SH', '600897.SH', '603223.SH', '601028.SH', '600125.SH', '600292.SH', '002595.SZ', '300196.SZ', '002088.SZ']"
2021-04-12,2021-04-09,2021-04-19,0.03135057018553441,96,0.8072289156626506,,"['600758.SH', '300857.SZ', '002397.SZ', '603530.SH', '603619.SH', '002547.SZ', '300573.SZ', '002991.SZ', '600203.SH', '000521.SZ', '002674.SZ', '002309.SZ', '300855.SZ', '300516.SZ', '600288.SH', '002011.SZ', '600679.SH', '300143.SZ', '300829.SZ', '600626.SH', '002668.SZ', '300672.SZ', '600081.SH', '002783.SZ', '600869.SH', '002042.SZ', '002905.SZ', '600686.SH', '002386.SZ', '600676.SH', '600609.SH', '000936.SZ', '000720.SZ', '603043.SH', '002472.SZ', '603869.SH', '600825.SH', '601069.SH', '600579.SH', '000729.SZ', '002331.SZ', '300125.SZ', '600617.SH', '600291.SH', '600858.SH', '601595.SH', '000759.SZ', '002781.SZ', '002968.SZ', '600593.SH', '600822.SH', '600239.SH', '002480.SZ', '600805.SH', '000917.SZ', '600861.SH', '600096.SH', '603377.SH', '000667.SZ', '601366.SH', '600375.SH', '300027.SZ', '000620.SZ', '000797.SZ', '600500.SH', '000816.SZ', '000524.SZ', '600708.SH', '600981.SH', '002251.SZ', '600313.SH', '600418.SH', '002752.SZ', '002979.SZ', '600076.SH', '000713.SZ', '000626.SZ', '600103.SH', '000031.SZ', '300332.SZ', '600127.SH', '002092.SZ', '600138.SH', '603818.SH', '000901.SZ', '002419.SZ', '600105.SH', '002204.SZ', '603569.SH', '600337.SH', '600246.SH', '002061.SZ', '600435.SH', '600320.SH', '601028.SH', '002183.SZ']"
2021-04-19,2021-04-16,2021-04-26,-0.04428389294736289,28,0.8333333333333334,,"['600758.SH', '002750.SZ', '603619.SH', '002547.SZ', '600203.SH', '603366.SH', '300399.SZ', '603085.SH', '300392.SZ', '002783.SZ', '600626.SH', '002343.SZ', '603496.SH', '600609.SH', '300290.SZ', '002781.SZ', '600858.SH', '600805.SH', '002480.SZ', '600239.SH', '000917.SZ', '600371.SH', '600501.SH', '000620.SZ', '000711.SZ', '600375.SH', '002482.SZ', '600105.SH']"
2021-04-26,2021-04-23,2021-05-06,0.0012499437489038173,100,0.6785714285714286,,"['002758.SZ', '300723.SZ', '002166.SZ', '300436.SZ', '300642.SZ', '603212.SH', '603619.SH', '002547.SZ', '603896.SH', '688020.SH', '600532.SH', '300841.SZ', '300577.SZ', '300032.SZ', '688368.SH', '300573.SZ', '300846.SZ', '600751.SH', '600645.SH', '603068.SH', '300855.SZ', '688029.SH', '002011.SZ', '300633.SZ', '600478.SH', '300769.SZ', '688202.SH', '300785.SZ', '300219.SZ', '603786.SH', '002703.SZ', '300456.SZ', '688300.SH', '300143.SZ', '600601.SH', '002913.SZ', '600844.SH', '300672.SZ', '300366.SZ', '603711.SH', '002057.SZ', '002982.SZ', '300587.SZ', '600136.SH', '601020.SH', '600571.SH', '300174.SZ', '002905.SZ', '600676.SH', '600609.SH', '600291.SH', '300324.SZ', '300685.SZ', '300125.SZ', '000665.SZ', '300041.SZ', '600617.SH', '300296.SZ', '600825.SH', '300767.SZ', '300424.SZ', '601069.SH', '300225.SZ', '300768.SZ', '600715.SH', '688003.SH', '002563.SZ', '000970.SZ', '600593.SH', '002968.SZ', '600858.SH', '600239.SH', '688388.SH', '002297.SZ', '000917.SZ', '000561.SZ', '300740.SZ', '300598.SZ', '000620.SZ', '300027.SZ', '000524.SZ', '603888.SH', '600375.SH', '603103.SH', '002752.SZ', '002967.SZ', '300188.SZ', '600313.SH', '603826.SH', '000796.SZ', '002979.SZ', '002250.SZ', '002482.SZ', '300369.SZ', '600127.SH', '603256.SH', '300382.SZ', '603060.SH', '002313.SZ', '601968.SH']"
2021-05-06,2021-04-30,2021-05-10,0.009404571077577481,100,0.88,,"['601011.SH', '002462.SZ', '002550.SZ', '600117.SH', '000788.SZ', '002589.SZ', '600488.SH', '300006.SZ', '600851.SH', '002547.SZ', '300396.SZ', '603619.SH', '000597.SZ', '000566.SZ', '600569.SH', '600203.SH', '000850.SZ', '002424.SZ', '002674.SZ', '600129.SH', '603618.SH', '600288.SH', '000078.SZ', '300510.SZ', '688029.SH', '603886.SH', '002328.SZ', '002733.SZ', '002582.SZ', '600469.SH', '600673.SH', '002170.SZ', '300633.SZ', '002590.SZ', '600525.SH', '603379.SH', '002712.SZ', '000599.SZ', '000541.SZ', '600267.SH', '603825.SH', '600400.SH', '002695.SZ', '600960.SH', '000802.SZ', '600583.SH', '002386.SZ', '600686.SH', '600676.SH', '000421.SZ', '600579.SH', '002238.SZ', '600335.SH', '600523.SH', '002968.SZ', '603096.SH', '300768.SZ', '002324.SZ', '000759.SZ', '002552.SZ', '601116.SH', '600822.SH', '000969.SZ', '600805.SH', '002685.SZ', '000917.SZ', '000926.SZ', '601069.SH', '002527.SZ', '600480.SH', '000667.SZ', '000505.SZ', '000863.SZ', '000620.SZ', '600490.SH', '000681.SZ', '600622.SH', '002031.SZ', '600738.SH', '600053.SH', '000758.SZ', '000797.SZ', '600067.SH', '601366.SH', '002237.SZ', '000711.SZ', '601890.SH', '600708.SH', '600636.SH', '002621.SZ', '600313.SH', '600981.SH', '000767.SZ', '000680.SZ', '002251.SZ', '600418.SH', '600251.SH', '300332.SZ', '600108.SH', '002482.SZ']"
2021-05-10,2021-05-07,2021-05-17,0.0020883595496353747,100,0.34,,"['601011.SH', '000937.SZ', '002462.SZ', '002589.SZ', '600488.SH', '000597.SZ', '002478.SZ', '603619.SH', '600587.SH', '000566.SZ', '600117.SH', '002404.SZ', '000850.SZ', '600203.SH', '600129.SH', '002309.SZ', '002329.SZ', '600569.SH', '000078.SZ', '002029.SZ', '603618.SH', '002328.SZ', '600288.SH', '603886.SH', '002582.SZ', '600469.SH', '002004.SZ', '002590.SZ', '002167.SZ', '600525.SH', '002454.SZ', '002170.SZ', '000599.SZ', '002712.SZ', '600429.SH', '000957.SZ', '000541.SZ', '603977.SH', '600960.SH', '002042.SZ', '600583.SH', '603299.SH', '600686.SH', '002387.SZ', '600676.SH', '002528.SZ', '002386.SZ', '600825.SH', '600579.SH', '600335.SH', '000040.SZ', '000729.SZ', '600742.SH', '000421.SZ', '000759.SZ', '601069.SH', '600490.SH', '000917.SZ', '000969.SZ', '600480.SH', '002527.SZ', '000926.SZ', '002685.SZ', '600805.SH', '000667.SZ', '600278.SH', '600617.SH', '600622.SH', '002237.SZ', '000620.SZ', '002031.SZ', '000863.SZ', '000505.SZ', '002039.SZ', '000797.SZ', '601366.SH', '000758.SZ', '600067.SH', '600708.SH', '601890.SH', '000816.SZ', '600981.SH', '000711.SZ', '000791.SZ', '002251.SZ', '601588.SH', '000680.SZ', '002621.SZ', '600037.SH', '600418.SH', '002228.SZ', '600313.SH', '000543.SZ', '002131.SZ', '600120.SH', '000631.SZ', '600108.SH', '002482.SZ', '600251.SH', '002047.SZ']"
2021-05-17,2021-05-14,2021-05-24,0.006501489645313347,100,0.74,,"['603590.SH', '002550.SZ', '002589.SZ', '603551.SH', '600488.SH', '300396.SZ', '600851.SH', '600557.SH', '300406.SZ', '002882.SZ', '000597.SZ', '600055.SH', '002880.SZ', '002424.SZ', '002275.SZ', '600129.SH', '603618.SH', '603886.SH', '000078.SZ', '002327.SZ', '688029.SH', '600252.SH', '600469.SH', '603556.SH', '300633.SZ', '600126.SH', '600572.SH', '000813.SZ', '600550.SH', '600673.SH', '601566.SH', '300788.SZ', '002516.SZ', '002332.SZ', '603379.SH', '002675.SZ', '600525.SH', '000599.SZ', '600267.SH', '600400.SH', '603977.SH', '600056.SH', '000541.SZ', '002832.SZ', '600329.SH', '000801.SZ', '600869.SH', '300294.SZ', '002695.SZ', '600583.SH', '603033.SH', '002399.SZ', '600535.SH', '600880.SH', '600556.SH', '600579.SH', '600523.SH', '000912.SZ', '300482.SZ', '603662.SH', '002968.SZ', '002238.SZ', '000869.SZ', '002039.SZ', '603096.SH', '603013.SH', '000759.SZ', '002016.SZ', '600480.SH', '600593.SH', '601179.SH', '601116.SH', '000863.SZ', '002685.SZ', '603053.SH', '600067.SH', '000620.SZ', '603610.SH', '002563.SZ', '600371.SH', '000797.SZ', '000681.SZ', '603515.SH', '000036.SZ', '002031.SZ', '601366.SH', '002242.SZ', '002237.SZ', '600053.SH', '002621.SZ', '002085.SZ', '601958.SH', '600738.SH', '000029.SZ', '600592.SH', '600162.SH', '600635.SH', '600315.SH', '600965.SH', '000652.SZ']"
2021-05-24,2021-05-21,2021-05-31,0.018800869377595567,97,0.88,,"['000931.SZ', '002547.SZ', '603619.SH', '000850.SZ', '600117.SH', '603366.SH', '688029.SH', '600550.SH', '600429.SH', '002167.SZ', '000957.SZ', '002343.SZ', '300392.SZ', '002510.SZ', '002341.SZ', '600312.SH', '600812.SH', '002512.SZ', '002387.SZ', '600676.SH', '600686.SH', '002528.SZ', '600880.SH', '000795.SZ', '000869.SZ', '000793.SZ', '600579.SH', '600333.SH', '000729.SZ', '000423.SZ', '603869.SH', '600996.SH', '002506.SZ', '600310.SH', '600805.SH', '600638.SH', '300523.SZ', '601069.SH', '600825.SH', '002423.SZ', '600617.SH', '000667.SZ', '002663.SZ', '600593.SH', '600658.SH', '000561.SZ', '000917.SZ', '002031.SZ', '002707.SZ', '600861.SH', '000797.SZ', '002383.SZ', '600410.SH', '000620.SZ', '600624.SH', '300353.SZ', '000697.SZ', '600371.SH', '000836.SZ', '002621.SZ', '000791.SZ', '000777.SZ', '000711.SZ', '600495.SH', '600675.SH', '601890.SH', '600783.SH', '600604.SH', '603169.SH', '600037.SH', '002023.SZ', '600965.SH', '600545.SH', '000918.SZ', '002491.SZ', '600169.SH', '000046.SZ', '002204.SZ', '600072.SH', '000627.SZ', '600376.SH', '300168.SZ', '000557.SZ', '600246.SH', '002583.SZ', '600155.SH', '300251.SZ', '002310.SZ', '600320.SH', '600804.SH', '300024.SZ', '002041.SZ', '000826.SZ', '000546.SZ', '600425.SH', '603885.SH', '000401.SZ']"
2021-05-31,2021-05-28,2021-06-07,0.007838422448741732,100,0.8969072164948454,,"['300485.SZ', '300642.SZ', '603669.SH', '002724.SZ', '002161.SZ', '300149.SZ', '300032.SZ', '688166.SH', '002741.SZ', '300046.SZ', '002782.SZ', '300393.SZ', '600771.SH', '300776.SZ', '688266.SH', '688366.SH', '600478.SH', '600129.SH', '600645.SH', '603068.SH', '600679.SH', '300612.SZ', '600360.SH', '300799.SZ', '688018.SH', '688029.SH', '002703.SZ', '300143.SZ', '300475.SZ', '688058.SH', '600525.SH', '002332.SZ', '688006.SH', '688016.SH', '688007.SH', '002675.SZ', '300613.SZ', '300542.SZ', '300277.SZ', '300294.SZ', '000962.SZ', '300392.SZ', '600812.SH', '300171.SZ', '000403.SZ', '603956.SH', '300009.SZ', '688001.SH', '300054.SZ', '002577.SZ', '002851.SZ', '300741.SZ', '000869.SZ', '600151.SH', '300672.SZ', '300551.SZ', '688116.SH', '600580.SH', '002506.SZ', '002232.SZ', '000603.SZ', '002291.SZ', '002428.SZ', '603630.SH', '002461.SZ', '000969.SZ', '000058.SZ', '300667.SZ', '000758.SZ', '300224.SZ', '600825.SH', '300525.SZ', '603528.SH', '000426.SZ', '300480.SZ', '601567.SH', '603127.SH', '000567.SZ', '688005.SH', '000620.SZ', '600259.SH', '300001.SZ', '000503.SZ', '002383.SZ', '300159.SZ', '300085.SZ', '000697.SZ', '300762.SZ', '688188.SH', '300177.SZ', '002960.SZ', '300384.SZ', '600456.SH', '300379.SZ', '600391.SH', '000796.SZ', '603131.SH', '600850.SH', '300682.SZ', '000918.SZ']"
2021-06-07,2021-06-04,2021-06-15,0.02815082456814206,100,0.89,,"['300246.SZ', '603327.SH', '002947.SZ', '002107.SZ', '300039.SZ', '300647.SZ', '300466.SZ', '002881.SZ', '300241.SZ', '002702.SZ', '300206.SZ', '300684.SZ', '300493.SZ', '300265.SZ', '300701.SZ', '300375.SZ', '300360.SZ', '688123.SH', '300128.SZ', '688181.SH', '300032.SZ', '300427.SZ', '300160.SZ', '300341.SZ', '300507.SZ', '600468.SH', '300657.SZ', '603777.SH', '300303.SZ', '002623.SZ', '300319.SZ', '300155.SZ', '300342.SZ', '300799.SZ', '300481.SZ', '688058.SH', '002990.SZ', '688258.SH', '002335.SZ', '688288.SH', '002351.SZ', '300067.SZ', '002079.SZ', '300320.SZ', '300758.SZ', '300399.SZ', '002137.SZ', '002518.SZ', '002106.SZ', '688089.SH', '300398.SZ', '300333.SZ', '300230.SZ', '300679.SZ', '300288.SZ', '300127.SZ', '300494.SZ', '300277.SZ', '300612.SZ', '300542.SZ', '300328.SZ', '300448.SZ', '300304.SZ', '300678.SZ', '300200.SZ', '300302.SZ', '300109.SZ', '603138.SH', '300054.SZ', '002577.SZ', '002401.SZ', '300299.SZ', '688369.SH', '300261.SZ', '300435.SZ', '002095.SZ', '603232.SH', '002428.SZ', '300440.SZ', '300192.SZ', '300248.SZ', '600070.SH', '300719.SZ', '300718.SZ', '600330.SH', '603508.SH', '002292.SZ', '300095.SZ', '300359.SZ', '300468.SZ', '000058.SZ', '300031.SZ', '603383.SH', '300667.SZ', '300455.SZ', '002878.SZ', '603688.SH', '300113.SZ', '300260.SZ', '603258.SH']"
2021-06-15,2021-06-11,2021-06-21,0.02113252697464078,92,0.85,,"['300562.SZ', '300246.SZ', '300842.SZ', '300545.SZ', '300016.SZ', '300444.SZ', '300439.SZ', '300241.SZ', '300625.SZ', '300110.SZ', '300701.SZ', '002702.SZ', '603380.SH', '300227.SZ', '002189.SZ', '300006.SZ', '000045.SZ', '300739.SZ', '300032.SZ', '300460.SZ', '603626.SH', '300341.SZ', '600537.SH', '603186.SH', '603890.SH', '300107.SZ', '603738.SH', '603229.SH', '300657.SZ', '688357.SH', '300067.SZ', '603728.SH', '300522.SZ', '300575.SZ', '300679.SZ', '688300.SH', '600731.SH', '002913.SZ', '300612.SZ', '603809.SH', '002734.SZ', '603330.SH', '600571.SH', '300125.SZ', '300083.SZ', '600230.SH', '300435.SZ', '603232.SH', '300476.SZ', '002970.SZ', '300364.SZ', '300248.SZ', '002853.SZ', '002609.SZ', '688003.SH', '002949.SZ', '300718.SZ', '600070.SH', '600810.SH', '002571.SZ', '300115.SZ', '688025.SH', '300103.SZ', '603612.SH', '603636.SH', '002425.SZ', '002239.SZ', '300065.SZ', '603600.SH', '300395.SZ', '300560.SZ', '688098.SH', '300188.SZ', '603915.SH', '300348.SZ', '300729.SZ', '603859.SH', '002438.SZ', '600409.SH', '603131.SH', '603661.SH', '603803.SH', '603959.SH', '300114.SZ', '300151.SZ', '603535.SH', '603308.SH', '002930.SZ', '300190.SZ', '002928.SZ', '300198.SZ', '603378.SH']"
2021-06-21,2021-06-18,2021-06-28,-0.0032879569301539836,100,0.6847826086956522,,"['300562.SZ', '002750.SZ', '000518.SZ', '300016.SZ', '300110.SZ', '300241.SZ', '300709.SZ', '300265.SZ', '300739.SZ', '300460.SZ', '300577.SZ', '603078.SH', '300160.SZ', '603366.SH', '300657.SZ', '688058.SH', '300533.SZ', '300399.SZ', '002783.SZ', '002057.SZ', '603496.SH', '300580.SZ', '300231.SZ', '300392.SZ', '002933.SZ', '603690.SH', '300311.SZ', '002961.SZ', '300612.SZ', '600571.SH', '002657.SZ', '300542.SZ', '603330.SH', '603138.SH', '002853.SZ', '002362.SZ', '300125.SZ', '603232.SH', '300083.SZ', '300757.SZ', '002970.SZ', '300248.SZ', '688025.SH', '300291.SZ', '300386.SZ', '300258.SZ', '688003.SH', '300364.SZ', '002609.SZ', '600855.SH', '002949.SZ', '603383.SH', '600088.SH', '300667.SZ', '300659.SZ', '601606.SH', '300378.SZ', '601595.SH', '300455.SZ', '002292.SZ', '603528.SH', '600715.SH', '300523.SZ', '300065.SZ', '603636.SH', '300170.SZ', '600783.SH', '000561.SZ', '300173.SZ', '300021.SZ', '300229.SZ', '002239.SZ', '002663.SZ', '600640.SH', '300085.SZ', '000777.SZ', '600723.SH', '300560.SZ', '002117.SZ', '300188.SZ', '603131.SH', '300348.SZ', '300081.SZ', '600184.SH', '600975.SH', '300598.SZ', '300391.SZ', '002897.SZ', '300416.SZ', '300213.SZ', '603060.SH', '601519.SH', '600343.SH', '603803.SH', '603083.SH', '300548.SZ', '300527.SZ', '300620.SZ', '002313.SZ', '300087.SZ']"
2021-06-28,2021-06-25,2021-07-05,0.00841935565667251,100,0.86,,"['300636.SZ', '002923.SZ', '300723.SZ', '300822.SZ', '300181.SZ', '688138.SH', '300016.SZ', '300545.SZ', '300194.SZ', '002866.SZ', '300439.SZ', '300497.SZ', '603755.SH', '300006.SZ', '300227.SZ', '300403.SZ', '603380.SH', '688181.SH', '000045.SZ', '603002.SH', '300709.SZ', '300846.SZ', '300401.SZ', '300577.SZ', '603626.SH', '300701.SZ', '300702.SZ', '300855.SZ', '300739.SZ', '300149.SZ', '002840.SZ', '300341.SZ', '300256.SZ', '300801.SZ', '603078.SH', '603186.SH', '603229.SH', '603738.SH', '300443.SZ', '300657.SZ', '603936.SH', '300358.SZ', '300481.SZ', '688357.SH', '300758.SZ', '688089.SH', '300067.SZ', '300127.SZ', '002057.SZ', '300522.SZ', '688300.SH', '603728.SH', '603693.SH', '300679.SZ', '002054.SZ', '603360.SH', '300856.SZ', '300580.SZ', '688026.SH', '002913.SZ', '603809.SH', '002734.SZ', '603690.SH', '002182.SZ', '000859.SZ', '300785.SZ', '603330.SH', '600211.SH', '002474.SZ', '000603.SZ', '603776.SH', '300435.SZ', '300121.SZ', '300019.SZ', '300769.SZ', '002859.SZ', '300125.SZ', '300224.SZ', '002362.SZ', '601137.SH', '600817.SH', '300790.SZ', '600746.SH', '300837.SZ', '002488.SZ', '300630.SZ', '300041.SZ', '002850.SZ', '603189.SH', '600165.SH', '002853.SZ', '603938.SH', '300476.SZ', '688388.SH', '300829.SZ', '300258.SZ', '002068.SZ', '300725.SZ', '300020.SZ', '603612.SH']"
2021-07-05,2021-07-02,2021-07-12,0.05706889233419071,100,0.55,,"['300444.SZ', '300693.SZ', '300690.SZ', '300427.SZ', '300341.SZ', '600537.SH', '603212.SH', '300447.SZ', '002297.SZ', '300769.SZ', '300435.SZ', '300125.SZ', '300586.SZ', '002182.SZ', '002850.SZ', '300797.SZ', '300067.SZ', '300837.SZ', '300522.SZ', '002054.SZ', '300822.SZ', '688300.SH', '603360.SH', '300787.SZ', '688026.SH', '603755.SH', '688138.SH', '688025.SH', '603330.SH', '300019.SZ', '300545.SZ', '300718.SZ', '300200.SZ', '300806.SZ', '300261.SZ', '600230.SH', '002866.SZ', '300041.SZ', '300599.SZ', '600165.SH', '002334.SZ', '300241.SZ', '002757.SZ', '603739.SH', '300636.SZ', '300091.SZ', '300227.SZ', '603612.SH', '002189.SZ', '002895.SZ', '688288.SH', '603595.SH', '603938.SH', '603380.SH', '603688.SH', '002979.SZ', '002923.SZ', '300701.SZ', '300082.SZ', '300709.SZ', '300739.SZ', '002474.SZ', '300625.SZ', '300723.SZ', '300429.SZ', '300198.SZ', '603626.SH', '300416.SZ', '300542.SZ', '300266.SZ', '603078.SH', '300453.SZ', '002852.SZ', '603186.SH', '300237.SZ', '603063.SH', '300395.SZ', '300657.SZ', '300217.SZ', '603189.SH', '603936.SH', '300790.SZ', '300481.SZ', '688098.SH', '300460.SZ', '300114.SZ', '603738.SH', '300620.SZ', '000534.SZ', '300666.SZ', '300258.SZ', '300020.SZ', '300624.SZ', '300319.SZ', '603666.SH', '300219.SZ', '300729.SZ', '603229.SH', '603378.SH', '300738.SZ']"
2021-07-12,2021-07-09,2021-07-19,-0.016161278493002373,100,0.48,,"['300444.SZ', '300569.SZ', '600537.SH', '603212.SH', '300337.SZ', '300065.SZ', '300435.SZ', '600228.SH', '300769.SZ', '300125.SZ', '300067.SZ', '300837.SZ', '300522.SZ', '002850.SZ', '002054.SZ', '688300.SH', '002453.SZ', '600731.SH', '300763.SZ', '688357.SH', '603755.SH', '603330.SH', '300627.SZ', '300787.SZ', '603693.SH', '600746.SH', '600817.SH', '300019.SZ', '600165.SH', '300806.SZ', '300041.SZ', '002206.SZ', '002881.SZ', '000925.SZ', '600810.SH', '300636.SZ', '603612.SH', '600071.SH', '002853.SZ', '300227.SZ', '002923.SZ', '688288.SH', '300701.SZ', '002979.SZ', '300767.SZ', '603002.SH', '603319.SH', '603380.SH', '603777.SH', '300082.SZ', '300518.SZ', '300709.SZ', '002474.SZ', '300580.SZ', '300723.SZ', '300198.SZ', '000949.SZ', '600571.SH', '300739.SZ', '300542.SZ', '002852.SZ', '603626.SH', '300416.SZ', '300566.SZ', '300785.SZ', '300429.SZ', '002810.SZ', '002362.SZ', '603078.SH', '300021.SZ', '300304.SZ', '300391.SZ', '300548.SZ', '300395.SZ', '300151.SZ', '300481.SZ', '603189.SH', '603186.SH', '300577.SZ', '300740.SZ', '300006.SZ', '603906.SH', '300460.SZ', '603959.SH', '000534.SZ', '600696.SH', '002597.SZ', '300666.SZ', '600975.SH', '002524.SZ', '300258.SZ', '300620.SZ', '603528.SH', '300219.SZ', '688068.SH', '300715.SZ', '603738.SH', '300729.SZ', '300624.SZ', '603650.SH']"
2021-07-19,2021-07-16,2021-07-26,0.015043190560485167,100,0.93,,"['600590.SH', '300660.SZ', '600207.SH', '600569.SH', '601126.SH', '002318.SZ', '002169.SZ', '000717.SZ', '000923.SZ', '000407.SZ', '601101.SH', '600507.SH', '600780.SH', '603606.SH', '600282.SH', '600971.SH', '601388.SH', '002531.SZ', '600888.SH', '000761.SZ', '600163.SH', '002479.SZ', '600330.SH', '000612.SZ', '600123.SH', '000758.SZ', '603393.SH', '600782.SH', '600997.SH', '002267.SZ', '600727.SH', '603113.SH', '600395.SH', '300121.SZ', '601918.SH', '600808.SH', '600740.SH', '603693.SH', '601001.SH', '601677.SH', '601619.SH', '002068.SZ', '603639.SH', '000060.SZ', '600746.SH', '600452.SH', '002637.SZ', '000698.SZ', '601666.SH', '600691.SH', '002206.SZ', '000680.SZ', '000875.SZ', '601015.SH', '300596.SZ', '002056.SZ', '002487.SZ', '600618.SH', '002128.SZ', '600810.SH', '002539.SZ', '603985.SH', '600497.SH', '000933.SZ', '600348.SH', '002130.SZ', '002438.SZ', '600248.SH', '002132.SZ', '002386.SZ', '002254.SZ', '600075.SH', '600626.SH', '600483.SH', '000422.SZ', '603777.SH', '000949.SZ', '300511.SZ', '600368.SH', '603386.SH', '600985.SH', '002852.SZ', '000700.SZ', '001696.SZ', '000983.SZ', '002274.SZ', '600035.SH', '300222.SZ', '002488.SZ', '002002.SZ', '601699.SH', '600351.SH', '603100.SH', '603035.SH', '600461.SH', '600761.SH', '002900.SZ', '300403.SZ', '002258.SZ', '002662.SZ']"
2021-07-26,2021-07-23,2021-08-02,0.005774919546312366,100,0.71,,"['300772.SZ', '688186.SH', '300569.SZ', '002309.SZ', '002218.SZ', '600569.SH', '002623.SZ', '002335.SZ', '000717.SZ', '300068.SZ', '000751.SZ', '002249.SZ', '600869.SH', '002182.SZ', '300252.SZ', '000400.SZ', '600617.SH', '000778.SZ', '600780.SH', '002518.SZ', '600888.SH', '601101.SH', '601011.SH', '600282.SH', '002428.SZ', '600490.SH', '600126.SH', '000969.SZ', '000761.SZ', '000612.SZ', '300230.SZ', '600330.SH', '600580.SH', '002237.SZ', '000758.SZ', '002171.SZ', '000970.SZ', '688199.SH', '000937.SZ', '688001.SH', '600782.SH', '300109.SZ', '000657.SZ', '603299.SH', '000973.SZ', '000426.SZ', '603379.SH', '002588.SZ', '600727.SH', '600808.SH', '300095.SZ', '002184.SZ', '600546.SH', '002176.SZ', '600459.SH', '002068.SZ', '000698.SZ', '002125.SZ', '601666.SH', '300276.SZ', '000060.SZ', '600691.SH', '688268.SH', '600458.SH', '000680.SZ', '000878.SZ', '002334.SZ', '600810.SH', '002539.SZ', '002520.SZ', '000912.SZ', '600711.SH', '002328.SZ', '000925.SZ', '000933.SZ', '600497.SH', '600348.SH', '002462.SZ', '002132.SZ', '300428.SZ', '688101.SH', '600248.SH', '000045.SZ', '002386.SZ', '300007.SZ', '688233.SH', '600277.SH', '300145.SZ', '000422.SZ', '002055.SZ', '600063.SH', '603626.SH', '300366.SZ', '300511.SZ', '000652.SZ', '603688.SH', '000099.SZ', '300241.SZ', '000926.SZ', '300263.SZ']"
2021-08-02,2021-07-30,2021-08-09,0.012484755763497566,100,0.76,,"['300444.SZ', '300772.SZ', '300690.SZ', '605222.SH', '300660.SZ', '300693.SZ', '300129.SZ', '300569.SZ', '603995.SH', '002487.SZ', '002533.SZ', '300648.SZ', '300341.SZ', '300443.SZ', '600458.SH', '603063.SH', '300811.SZ', '002335.SZ', '300447.SZ', '300127.SZ', '300438.SZ', '600581.SH', '000751.SZ', '002189.SZ', '300068.SZ', '000049.SZ', '000962.SZ', '300435.SZ', '688006.SH', '600531.SH', '300252.SZ', '603681.SH', '002182.SZ', '002518.SZ', '300762.SZ', '300230.SZ', '002850.SZ', '600577.SH', '300797.SZ', '601137.SH', '002155.SZ', '300067.SZ', '600490.SH', '002915.SZ', '600888.SH', '300758.SZ', '300224.SZ', '002171.SZ', '300376.SZ', '688300.SH', '000426.SZ', '600452.SH', '300822.SZ', '300114.SZ', '603693.SH', '300522.SZ', '688199.SH', '300856.SZ', '603408.SH', '600459.SH', '688025.SH', '603256.SH', '688138.SH', '000060.SZ', '300748.SZ', '300718.SZ', '300829.SZ', '002549.SZ', '002539.SZ', '300545.SZ', '002866.SZ', '000878.SZ', '300806.SZ', '300599.SZ', '300791.SZ', '300777.SZ', '300041.SZ', '002125.SZ', '600711.SH', '600230.SH', '600338.SH', '600988.SH', '002957.SZ', '002056.SZ', '002840.SZ', '300101.SZ', '601016.SH', '601222.SH', '002334.SZ', '603612.SH', '688101.SH', '603505.SH', '300395.SZ', '603938.SH', '002240.SZ', '603859.SH', '603626.SH', '002895.SZ', '603380.SH', '300091.SZ']"
2021-08-09,2021-08-06,2021-08-16,0.03249982587249984,100,0.62,,"['002300.SZ', '600973.SH', '603995.SH', '002533.SZ', '603728.SH', '603212.SH', '600458.SH', '000049.SZ', '002616.SZ', '002189.SZ', '300801.SZ', '300328.SZ', '603681.SH', '002182.SZ', '300230.SZ', '300575.SZ', '300837.SZ', '600577.SH', '300067.SZ', '601137.SH', '002973.SZ', '002155.SZ', '002734.SZ', '600731.SH', '603755.SH', '002361.SZ', '002171.SZ', '002215.SZ', '688300.SH', '688199.SH', '600452.SH', '300787.SZ', '603256.SH', '600459.SH', '603693.SH', '603639.SH', '688138.SH', '002761.SZ', '002637.SZ', '300114.SZ', '688025.SH', '002539.SZ', '000060.SZ', '002889.SZ', '300596.SZ', '002866.SZ', '300599.SZ', '300806.SZ', '002757.SZ', '600230.SH', '300815.SZ', '000878.SZ', '600929.SH', '603739.SH', '002206.SZ', '600988.SH', '600618.SH', '002840.SZ', '300587.SZ', '603408.SH', '603612.SH', '600626.SH', '000905.SZ', '002438.SZ', '603859.SH', '002895.SZ', '603626.SH', '603380.SH', '603505.SH', '600063.SH', '300145.SZ', '601789.SH', '002474.SZ', '603595.SH', '002979.SZ', '002923.SZ', '300416.SZ', '002055.SZ', '600378.SH', '300194.SZ', '600114.SH', '002852.SZ', '000589.SZ', '603890.SH', '603686.SH', '001696.SZ', '603688.SH', '603871.SH', '600713.SH', '300625.SZ', '002579.SZ', '603809.SH', '002845.SZ', '601827.SH', '600073.SH', '603535.SH', '300441.SZ', '300439.SZ', '603166.SH', '603936.SH']"
2021-08-16,2021-08-13,2021-08-23,0.002472270948020228,100,0.83,,"['600569.SH', '000922.SZ', '300423.SZ', '002487.SZ', '000923.SZ', '600590.SH', '000717.SZ', '600475.SH', '600982.SH', '002075.SZ', '000407.SZ', '000778.SZ', '600508.SH', '600780.SH', '601101.SH', '600869.SH', '601003.SH', '600282.SH', '002479.SZ', '600971.SH', '000600.SZ', '000761.SZ', '600126.SH', '000531.SZ', '000791.SZ', '603053.SH', '002237.SZ', '600681.SH', '002887.SZ', '002734.SZ', '600888.SH', '600985.SH', '601918.SH', '600727.SH', '600782.SH', '603393.SH', '603113.SH', '002588.SZ', '600997.SH', '600740.SH', '002267.SZ', '603639.SH', '603693.SH', '600808.SH', '603727.SH', '601001.SH', '600546.SH', '002538.SZ', '000060.SZ', '000698.SZ', '000680.SZ', '000690.SZ', '603611.SH', '002840.SZ', '002637.SZ', '601666.SH', '002128.SZ', '000875.SZ', '002483.SZ', '002462.SZ', '600626.SH', '603777.SH', '000498.SZ', '002438.SZ', '300511.SZ', '000756.SZ', '000933.SZ', '000949.SZ', '600075.SH', '600368.SH', '002386.SZ', '002852.SZ', '000863.SZ', '600035.SH', '002234.SZ', '600594.SH', '603386.SH', '600063.SH', '002062.SZ', '603890.SH', '000589.SZ', '603686.SH', '600351.SH', '000019.SZ', '002589.SZ', '001696.SZ', '002845.SZ', '300761.SZ', '002208.SZ', '600273.SH', '600180.SH', '600073.SH', '600461.SH', '000700.SZ', '300184.SZ', '000885.SZ', '002034.SZ', '000823.SZ', '000900.SZ', '601827.SH']"
2021-08-23,2021-08-20,2021-08-30,0.020644587663352153,100,0.58,,"['002255.SZ', '300423.SZ', '300360.SZ', '002487.SZ', '000923.SZ', '600590.SH', '600475.SH', '002169.SZ', '000407.SZ', '600971.SH', '000600.SZ', '600163.SH', '002965.SZ', '300575.SZ', '000531.SZ', '000612.SZ', '002887.SZ', '002734.SZ', '300121.SZ', '600888.SH', '600817.SH', '002768.SZ', '002961.SZ', '002588.SZ', '600800.SH', '600997.SH', '300109.SZ', '603393.SH', '601001.SH', '300261.SZ', '002267.SZ', '603693.SH', '002068.SZ', '603012.SH', '603639.SH', '603727.SH', '300692.SZ', '000936.SZ', '002023.SZ', '000698.SZ', '002637.SZ', '002866.SZ', '000690.SZ', '002538.SZ', '603611.SH', '002128.SZ', '300349.SZ', '300686.SZ', '600810.SH', '600626.SH', '000968.SZ', '300485.SZ', '002483.SZ', '603916.SH', '600228.SH', '603777.SH', '000949.SZ', '300511.SZ', '300016.SZ', '300664.SZ', '603985.SH', '603167.SH', '002046.SZ', '002900.SZ', '688181.SH', '600063.SH', '603776.SH', '300145.SZ', '002852.SZ', '600368.SH', '300580.SZ', '002234.SZ', '600173.SH', '002401.SZ', '002932.SZ', '600035.SH', '300625.SZ', '603890.SH', '002392.SZ', '603166.SH', '300130.SZ', '603035.SH', '300577.SZ', '603222.SH', '300504.SZ', '002488.SZ', '000557.SZ', '603359.SH', '002322.SZ', '300403.SZ', '600273.SH', '002208.SZ', '000700.SZ', '300481.SZ', '600761.SH', '603018.SH', '002662.SZ', '300548.SZ', '000885.SZ', '000823.SZ']"
2021-08-30,2021-08-27,2021-09-06,0.03814490535287875,100,0.72,,"['600569.SH', '000922.SZ', '300423.SZ', '000717.SZ', '600590.SH', '600792.SH', '600475.SH', '002276.SZ', '000862.SZ', '600458.SH', '000778.SZ', '600508.SH', '601003.SH', '600617.SH', '000600.SZ', '600282.SH', '600971.SH', '600163.SH', '000761.SZ', '600869.SH', '601101.SH', '000791.SZ', '600126.SH', '600888.SH', '603093.SH', '002237.SZ', '603227.SH', '600123.SH', '000758.SZ', '600782.SH', '600985.SH', '603299.SH', '600509.SH', '002588.SZ', '000937.SZ', '000767.SZ', '601918.SH', '600459.SH', '600997.SH', '002068.SZ', '600808.SH', '603727.SH', '000852.SZ', '601619.SH', '601001.SH', '000698.SZ', '000690.SZ', '002685.SZ', '000680.SZ', '600469.SH', '002226.SZ', '600810.SH', '601666.SH', '002538.SZ', '002483.SZ', '600691.SH', '600626.SH', '002328.SZ', '000912.SZ', '002462.SZ', '000905.SZ', '603611.SH', '603777.SH', '000498.SZ', '000933.SZ', '002386.SZ', '300388.SZ', '000863.SZ', '000652.SZ', '300145.SZ', '002101.SZ', '600081.SH', '002046.SZ', '002573.SZ', '002482.SZ', '600277.SH', '600035.SH', '002589.SZ', '001696.SZ', '002062.SZ', '002047.SZ', '600798.SH', '600327.SH', '600335.SH', '002845.SZ', '000059.SZ', '603197.SH', '600169.SH', '600603.SH', '300184.SZ', '600761.SH', '002524.SZ', '002488.SZ', '002204.SZ', '000700.SZ', '002208.SZ', '002662.SZ', '600180.SH', '300355.SZ', '000900.SZ']"
2021-09-06,2021-09-03,2021-09-13,0.0892038860785448,100,0.49,,"['600569.SH', '300423.SZ', '000923.SZ', '300222.SZ', '600581.SH', '600590.SH', '000717.SZ', '600475.SH', '000862.SZ', '000778.SZ', '600508.SH', '000407.SZ', '601003.SH', '600971.SH', '600282.SH', '000531.SZ', '600126.SH', '601101.SH', '000761.SZ', '600123.SH', '002110.SZ', '000758.SZ', '601918.SH', '000937.SZ', '600782.SH', '600997.SH', '002588.SZ', '600985.SH', '002068.SZ', '002023.SZ', '000698.SZ', '600808.SH', '000690.SZ', '000680.SZ', '600691.SH', '600668.SH', '601666.SH', '601001.SH', '600546.SH', '600626.SH', '002483.SZ', '000949.SZ', '000933.SZ', '002900.SZ', '002128.SZ', '000498.SZ', '002393.SZ', '600081.SH', '600248.SH', '600173.SH', '000863.SZ', '600368.SH', '300388.SZ', '001696.SZ', '002101.SZ', '002077.SZ', '600622.SH', '002482.SZ', '000926.SZ', '600035.SH', '603035.SH', '002608.SZ', '600802.SH', '000526.SZ', '600277.SH', '002314.SZ', '002845.SZ', '600327.SH', '000059.SZ', '000700.SZ', '603359.SH', '600603.SH', '600761.SH', '600736.SH', '601699.SH', '600908.SH', '002662.SZ', '000422.SZ', '601038.SH', '600846.SH', '300464.SZ', '000900.SZ', '600742.SH', '002208.SZ', '600551.SH', '600429.SH', '600512.SH', '002106.SZ', '000546.SZ', '600623.SH', '002140.SZ', '601588.SH', '600609.SH', '000417.SZ', '600020.SH', '002022.SZ', '300280.SZ', '000990.SZ', '600012.SH', '002067.SZ']"
2021-09-13,2021-09-10,2021-09-22,-0.0037834732931021843,100,0.33,,"['600569.SH', '300423.SZ', '600590.SH', '000923.SZ', '600475.SH', '600458.SH', '000717.SZ', '000049.SZ', '000778.SZ', '600869.SH', '600508.SH', '000407.SZ', '601003.SH', '600971.SH', '601311.SH', '600126.SH', '000600.SZ', '600282.SH', '000531.SZ', '600580.SH', '000761.SZ', '600123.SH', '601101.SH', '002110.SZ', '000758.SZ', '600509.SH', '600985.SH', '002267.SZ', '002588.SZ', '600782.SH', '601918.SH', '600997.SH', '002758.SZ', '002109.SZ', '600808.SH', '000680.SZ', '000937.SZ', '000698.SZ', '000690.SZ', '002226.SZ', '002328.SZ', '002483.SZ', '000949.SZ', '002462.SZ', '600810.SH', '600626.SH', '601666.SH', '002046.SZ', '002128.SZ', '000756.SZ', '000919.SZ', '300145.SZ', '000498.SZ', '600098.SH', '000933.SZ', '002101.SZ', '001696.SZ', '600248.SH', '600081.SH', '000652.SZ', '600368.SH', '600173.SH', '000863.SZ', '002482.SZ', '002589.SZ', '002608.SZ', '600035.SH', '002314.SZ', '600594.SH', '600277.SH', '002845.SZ', '600327.SH', '600803.SH', '601038.SH', '000700.SZ', '600736.SH', '000059.SZ', '002204.SZ', '600335.SH', '600073.SH', '600603.SH', '600761.SH', '600180.SH', '002662.SZ', '002208.SZ', '600169.SH', '600846.SH', '600461.SH', '002435.SZ', '000900.SZ', '600819.SH', '600742.SH', '600512.SH', '600429.SH', '600551.SH', '000990.SZ', '601588.SH', '600480.SH', '000553.SZ', '000417.SZ']"
2021-09-22,2021-09-17,2021-09-27,-0.06499095871271382,100,0.75,,"['002478.SZ', '300360.SZ', '300423.SZ', '601218.SH', '600468.SH', '002270.SZ', '000922.SZ', '300222.SZ', '600590.SH', '002346.SZ', '600475.SH', '002082.SZ', '002578.SZ', '000407.SZ', '000601.SZ', '000899.SZ', '600508.SH', '002479.SZ', '000603.SZ', '000531.SZ', '600971.SH', '002666.SZ', '300483.SZ', '603105.SH', '300332.SZ', '002039.SZ', '000758.SZ', '601890.SH', '300121.SZ', '600681.SH', '603977.SH', '601101.SH', '000791.SZ', '000973.SZ', '002053.SZ', '002588.SZ', '002023.SZ', '603299.SH', '002582.SZ', '000859.SZ', '600072.SH', '300191.SZ', '002889.SZ', '300800.SZ', '300259.SZ', '603639.SH', '603619.SH', '601199.SH', '000690.SZ', '000881.SZ', '300349.SZ', '603693.SH', '603393.SH', '600283.SH', '002328.SZ', '600230.SH', '600668.SH', '002406.SZ', '002226.SZ', '600546.SH', '603703.SH', '002483.SZ', '000919.SZ', '600711.SH', '300664.SZ', '002393.SZ', '000852.SZ', '601008.SH', '600960.SH', '300190.SZ', '603158.SH', '600021.SH', '600894.SH', '600716.SH', '000045.SZ', '002101.SZ', '300194.SZ', '002608.SZ', '300388.SZ', '600368.SH', '000863.SZ', '300187.SZ', '002077.SZ', '300145.SZ', '000099.SZ', '002104.SZ', '002969.SZ', '600594.SH', '000700.SZ', '600035.SH', '603222.SH', '603035.SH', '002234.SZ', '600277.SH', '000968.SZ', '600798.SH', '603166.SH', '002349.SZ', '600736.SH', '300255.SZ']"
2021-09-27,2021-09-24,2021-10-08,0.014653187813401752,100,0.93,,"['603055.SH', '002320.SZ', '600864.SH', '603610.SH', '603305.SH', '002545.SZ', '000061.SZ', '000534.SZ', '002550.SZ', '002557.SZ', '600851.SH', '600108.SH', '601869.SH', '600201.SH', '000882.SZ', '600548.SH', '603081.SH', '002099.SZ', '603179.SH', '600283.SH', '600008.SH', '002880.SZ', '603060.SH', '002579.SZ', '600738.SH', '603308.SH', '300267.SZ', '600252.SH', '600320.SH', '600155.SH', '601566.SH', '600933.SH', '002930.SZ', '603881.SH', '600400.SH', '600021.SH', '000589.SZ', '002582.SZ', '002273.SZ', '002424.SZ', '603027.SH', '002653.SZ', '000539.SZ', '000828.SZ', '002019.SZ', '300383.SZ', '300308.SZ', '600037.SH', '002393.SZ', '601228.SH', '603377.SH', '002224.SZ', '300251.SZ', '600488.SH', '002053.SZ', '000156.SZ', '300070.SZ', '000813.SZ', '600572.SH', '601929.SH', '600004.SH', '300735.SZ', '002461.SZ', '603228.SH', '002329.SZ', '000089.SZ', '603567.SH', '600557.SH', '000557.SZ', '600452.SH', '600415.SH', '600662.SH', '600227.SH', '002390.SZ', '600936.SH', '000582.SZ', '600929.SH', '002238.SZ', '603896.SH', '600648.SH', '603568.SH', '603300.SH', '600094.SH', '002181.SZ', '600831.SH', '601200.SH', '601366.SH', '601968.SH', '600717.SH', '000919.SZ', '300683.SZ', '600716.SH', '001872.SZ', '601158.SH', '600959.SH', '603848.SH', '300630.SZ', '002746.SZ', '300761.SZ', '603826.SH']"
2021-10-08,2021-09-30,2021-10-11,0.007091841499999995,36,0.91,,"['603519.SH', '002550.SZ', '002880.SZ', '002515.SZ', '002919.SZ', '002582.SZ', '002968.SZ', '603868.SH', '603676.SH', '600738.SH', '002224.SZ', '002735.SZ', '002238.SZ', '603896.SH', '603703.SH', '002878.SZ', '603516.SH', '603848.SH', '300396.SZ', '600419.SH', '000919.SZ', '603566.SH', '603811.SH', '002644.SZ', '002033.SZ', '002937.SZ', '300341.SZ', '603755.SH', '300673.SZ', '002951.SZ', '002017.SZ', '002884.SZ', '002381.SZ', '002082.SZ', '002801.SZ', '603016.SH']"
2021-10-11,2021-10-08,2021-10-18,-0.008306106780859798,36,0.75,,"['603390.SH', '002121.SZ', '002488.SZ', '002137.SZ', '002082.SZ', '002033.SZ', '002621.SZ', '002735.SZ', '603803.SH', '600936.SH', '300600.SZ', '002164.SZ', '600636.SH', '002104.SZ', '603377.SH', '002730.SZ', '002017.SZ', '002197.SZ', '002432.SZ', '603516.SH', '002393.SZ', '002224.SZ', '000919.SZ', '603990.SH', '002783.SZ', '000788.SZ', '603991.SH', '600429.SH', '603869.SH', '600488.SH', '000566.SZ', '603896.SH', '300006.SZ', '000532.SZ', '600834.SH', '600738.SH']"
2021-10-18,2021-10-15,2021-10-25,-0.012339517660751795,42,0.75,,"['603390.SH', '000957.SZ', '600537.SH', '601500.SH', '300787.SZ', '300545.SZ', '688020.SH', '300651.SZ', '000665.SZ', '603595.SH', '600831.SH', '002033.SZ', '300331.SZ', '600936.SH', '002164.SZ', '300600.SZ', '600996.SH', '002579.SZ', '603326.SH', '002730.SZ', '002967.SZ', '000561.SZ', '300227.SZ', '600375.SH', '002329.SZ', '603256.SH', '603660.SH', '300436.SZ', '600658.SH', '002783.SZ', '002923.SZ', '002054.SZ', '000566.SZ', '300673.SZ', '603378.SH', '300761.SZ', '000534.SZ', '000711.SZ', '600929.SH', '002310.SZ', '002250.SZ', '000532.SZ']"
2021-10-25,2021-10-22,2021-11-01,0.015814128702070374,100,0.7142857142857143,,"['002703.SZ', '600841.SH', '600537.SH', '603728.SH', '603212.SH', '002851.SZ', '002850.SZ', '600933.SH', '603179.SH', '603992.SH', '688138.SH', '300651.SZ', '603305.SH', '688020.SH', '300331.SZ', '603129.SH', '300053.SZ', '688106.SH', '300602.SZ', '300657.SZ', '603068.SH', '300837.SZ', '603956.SH', '300666.SZ', '603326.SH', '002741.SZ', '002967.SZ', '300456.SZ', '002913.SZ', '300735.SZ', '688003.SH', '002631.SZ', '002859.SZ', '601137.SH', '002189.SZ', '600452.SH', '002957.SZ', '000561.SZ', '300236.SZ', '300054.SZ', '300227.SZ', '000688.SZ', '002935.SZ', '603353.SH', '002897.SZ', '000925.SZ', '300616.SZ', '600184.SH', '000777.SZ', '603859.SH', '002273.SZ', '002413.SZ', '603005.SH', '603915.SH', '002402.SZ', '600988.SH', '002819.SZ', '300527.SZ', '300296.SZ', '603060.SH', '601968.SH', '300114.SZ', '603228.SH', '002651.SZ', '002190.SZ', '300416.SZ', '300476.SZ', '002409.SZ', '603187.SH', '601399.SH', '603960.SH', '300775.SZ', '000636.SZ', '300567.SZ', '603256.SH', '002985.SZ', '300151.SZ', '603666.SH', '002831.SZ', '300636.SZ', '300034.SZ', '300257.SZ', '300395.SZ', '002970.SZ', '603308.SH', '300436.SZ', '603583.SH', '603189.SH', '603711.SH', '002609.SZ', '603681.SH', '002923.SZ', '002025.SZ', '603712.SH', '300683.SZ', '300747.SZ', '600059.SH', '002054.SZ', '603636.SH', '603739.SH']"
2021-11-01,2021-10-29,2021-11-08,0.019612551648847776,100,0.54,,"['601500.SH', '601700.SH', '002733.SZ', '600525.SH', '603212.SH', '002706.SZ', '600228.SH', '600933.SH', '300785.SZ', '603179.SH', '002947.SZ', '002955.SZ', '002082.SZ', '688020.SH', '603305.SH', '300241.SZ', '600936.SH', '300331.SZ', '603129.SH', '603595.SH', '002579.SZ', '688106.SH', '300602.SZ', '300666.SZ', '002969.SZ', '600054.SH', '000795.SZ', '603328.SH', '603326.SH', '601137.SH', '002967.SZ', '300456.SZ', '603920.SH', '603103.SH', '000688.SZ', '600988.SH', '000070.SZ', '688003.SH', '000561.SZ', '002859.SZ', '002261.SZ', '603888.SH', '300762.SZ', '002631.SZ', '300236.SZ', '002935.SZ', '000584.SZ', '605118.SH', '600184.SH', '603076.SH', '002583.SZ', '300607.SZ', '300397.SZ', '300134.SZ', '300115.SZ', '603859.SH', '300662.SZ', '603005.SH', '603915.SH', '002413.SZ', '600990.SH', '603313.SH', '002819.SZ', '002273.SZ', '603060.SH', '300696.SZ', '601968.SH', '300527.SZ', '300623.SZ', '603228.SH', '002214.SZ', '000021.SZ', '600776.SH', '002138.SZ', '300567.SZ', '300627.SZ', '002156.SZ', '603256.SH', '605199.SH', '300151.SZ', '603666.SH', '601869.SH', '002474.SZ', '603308.SH', '002970.SZ', '002151.SZ', '603660.SH', '300257.SZ', '002912.SZ', '000547.SZ', '603189.SH', '002950.SZ', '603583.SH', '002609.SZ', '603236.SH', '300436.SZ', '000948.SZ', '603739.SH', '600316.SH', '603711.SH']"
2021-11-08,2021-11-05,2021-11-15,0.06210623888989768,100,0.66,,"['603158.SH', '600537.SH', '002623.SZ', '002733.SZ', '600525.SH', '300068.SZ', '600732.SH', '000572.SZ', '002506.SZ', '603348.SH', '002947.SZ', '002161.SZ', '002239.SZ', '600651.SH', '300647.SZ', '300241.SZ', '300043.SZ', '300128.SZ', '002681.SZ', '300337.SZ', '300576.SZ', '300429.SZ', '603595.SH', '300603.SZ', '002055.SZ', '600088.SH', '300322.SZ', '300331.SZ', '300328.SZ', '603078.SH', '300053.SZ', '603068.SH', '688106.SH', '600996.SH', '000795.SZ', '002045.SZ', '300600.SZ', '300131.SZ', '002292.SZ', '002428.SZ', '002933.SZ', '300666.SZ', '300602.SZ', '300353.SZ', '002782.SZ', '601137.SH', '002796.SZ', '300657.SZ', '300232.SZ', '300045.SZ', '300456.SZ', '000561.SZ', '300762.SZ', '688003.SH', '000070.SZ', '002446.SZ', '300323.SZ', '300205.SZ', '002338.SZ', '603920.SH', '300293.SZ', '002935.SZ', '000584.SZ', '000038.SZ', '603533.SH', '300236.SZ', '002583.SZ', '300161.SZ', '300065.SZ', '300173.SZ', '600184.SH', '300607.SZ', '603888.SH', '002639.SZ', '600343.SH', '300679.SZ', '300397.SZ', '300054.SZ', '300134.SZ', '600545.SH', '300008.SZ', '600640.SH', '600391.SH', '000901.SZ', '300080.SZ', '603060.SH', '300115.SZ', '603313.SH', '002413.SZ', '300799.SZ', '002291.SZ', '600990.SH', '300123.SZ', '603960.SH', '300527.SZ', '300567.SZ', '002512.SZ', '300096.SZ', '002657.SZ', '603660.SH']"
2021-11-15,2021-11-12,2021-11-22,0.026302297507006366,100,0.59,,"['300816.SZ', '603530.SH', '603158.SH', '300680.SZ', '002623.SZ', '002733.SZ', '300776.SZ', '600525.SH', '002276.SZ', '300805.SZ', '603197.SH', '300438.SZ', '300822.SZ', '688138.SH', '300793.SZ', '002947.SZ', '300545.SZ', '300337.SZ', '300647.SZ', '300241.SZ', '300127.SZ', '300576.SZ', '300328.SZ', '300429.SZ', '603078.SH', '002095.SZ', '002055.SZ', '300322.SZ', '300046.SZ', '002428.SZ', '002045.SZ', '002354.SZ', '601137.SH', '300657.SZ', '300797.SZ', '688003.SH', '300447.SZ', '300456.SZ', '300578.SZ', '688025.SH', '300364.SZ', '300045.SZ', '300548.SZ', '000561.SZ', '603920.SH', '300762.SZ', '300293.SZ', '300590.SZ', '300227.SZ', '002338.SZ', '300236.SZ', '300205.SZ', '603533.SH', '300607.SZ', '300173.SZ', '600343.SH', '300679.SZ', '000777.SZ', '002935.SZ', '300397.SZ', '600391.SH', '002291.SZ', '300799.SZ', '600990.SH', '300567.SZ', '603960.SH', '002970.SZ', '300542.SZ', '002474.SZ', '603815.SH', '300302.SZ', '300798.SZ', '300248.SZ', '002308.SZ', '300342.SZ', '300520.SZ', '603189.SH', '300436.SZ', '300468.SZ', '300067.SZ', '300365.SZ', '000948.SZ', '300586.SZ', '300198.SZ', '300624.SZ', '688089.SH', '300659.SZ', '300189.SZ', '300683.SZ', '300378.SZ', '300455.SZ', '300199.SZ', '603383.SH', '300829.SZ', '300579.SZ', '002915.SZ', '300687.SZ', '300634.SZ', '300041.SZ', '300803.SZ']"
2021-11-22,2021-11-19,2021-11-29,0.010390760379500636,100,0.77,,"['300428.SZ', '300680.SZ', '603158.SH', '603809.SH', '300617.SZ', '300825.SZ', '600207.SH', '300822.SZ', '002664.SZ', '688138.SH', '300697.SZ', '300787.SZ', '300776.SZ', '300241.SZ', '300811.SZ', '300328.SZ', '300566.SZ', '603728.SH', '603078.SH', '300035.SZ', '603186.SH', '300460.SZ', '300855.SZ', '300709.SZ', '300837.SZ', '300481.SZ', '603305.SH', '002182.SZ', '603380.SH', '688106.SH', '603063.SH', '300666.SZ', '000688.SZ', '603595.SH', '688025.SH', '300073.SZ', '300219.SZ', '300718.SZ', '300456.SZ', '300227.SZ', '603738.SH', '300748.SZ', '002079.SZ', '300607.SZ', '600452.SH', '300447.SZ', '603859.SH', '002859.SZ', '002297.SZ', '002833.SZ', '300762.SZ', '603690.SH', '002436.SZ', '002132.SZ', '002897.SZ', '300696.SZ', '002438.SZ', '300623.SZ', '002026.SZ', '300346.SZ', '300620.SZ', '300114.SZ', '300263.SZ', '000636.SZ', '300373.SZ', '300567.SZ', '603256.SH', '603985.SH', '300636.SZ', '300395.SZ', '300575.SZ', '603666.SH', '300342.SZ', '300758.SZ', '300705.SZ', '002054.SZ', '300034.SZ', '002852.SZ', '603189.SH', '603681.SH', '300790.SZ', '300747.SZ', '688026.SH', '300624.SZ', '300586.SZ', '002025.SZ', '002923.SZ', '300829.SZ', '603330.SH', '300687.SZ', '002915.SZ', '300738.SZ', '688300.SH', '300041.SZ', '603229.SH', '603378.SH', '300596.SZ', '600876.SH', '300019.SZ', '603938.SH']"
2021-11-29,2021-11-26,2021-12-06,-0.020969168963037143,100,0.4,,"['300680.SZ', '603158.SH', '603166.SH', '603809.SH', '002284.SZ', '300825.SZ', '300822.SZ', '688138.SH', '002664.SZ', '002623.SZ', '300793.SZ', '603197.SH', '002733.SZ', '300617.SZ', '603348.SH', '600207.SH', '300241.SZ', '300328.SZ', '603078.SH', '300460.SZ', '300776.SZ', '300046.SZ', '603380.SH', '300855.SZ', '603728.SH', '300481.SZ', '688106.SH', '603595.SH', '000795.SZ', '002967.SZ', '002222.SZ', '300657.SZ', '002182.SZ', '603063.SH', '688003.SH', '300456.SZ', '300797.SZ', '688025.SH', '000688.SZ', '601137.SH', '603738.SH', '300718.SZ', '300219.SZ', '300802.SZ', '603920.SH', '002079.SZ', '300227.SZ', '300447.SZ', '300319.SZ', '605118.SH', '002297.SZ', '300236.SZ', '603859.SH', '300590.SZ', '300762.SZ', '300679.SZ', '002935.SZ', '300054.SZ', '603060.SH', '300696.SZ', '300346.SZ', '002132.SZ', '300620.SZ', '300623.SZ', '300263.SZ', '603005.SH', '603960.SH', '300799.SZ', '603256.SH', '300567.SZ', '300856.SZ', '300373.SZ', '300777.SZ', '300395.SZ', '603666.SH', '300846.SZ', '002474.SZ', '300758.SZ', '300575.SZ', '002852.SZ', '300067.SZ', '603189.SH', '603681.SH', '300586.SZ', '300624.SZ', '300683.SZ', '688089.SH', '300687.SZ', '002923.SZ', '002915.SZ', '300659.SZ', '300829.SZ', '300803.SZ', '688300.SH', '300738.SZ', '300352.SZ', '300041.SZ', '300702.SZ', '688101.SH', '600876.SH']"
2021-12-06,2021-12-03,2021-12-13,0.0164965534381749,100,0.93,,"['300680.SZ', '600327.SH', '603809.SH', '300428.SZ', '000550.SZ', '002283.SZ', '603766.SH', '600006.SH', '600531.SH', '000612.SZ', '601999.SH', '600207.SH', '600590.SH', '600475.SH', '002532.SZ', '600458.SH', '002255.SZ', '603825.SH', '000426.SZ', '002276.SZ', '601388.SH', '600888.SH', '002171.SZ', '000060.SZ', '300215.SZ', '000045.SZ', '000960.SZ', '603002.SH', '601137.SH', '600549.SH', '601900.SH', '603936.SH', '002527.SZ', '300607.SZ', '300173.SZ', '603611.SH', '000917.SZ', '002067.SZ', '603060.SH', '600894.SH', '002636.SZ', '603180.SH', '600971.SH', '600508.SH', '002130.SZ', '600985.SH', '601038.SH', '603100.SH', '600123.SH', '600997.SH', '000407.SZ', '600395.SH', '601918.SH', '002097.SZ', '600373.SH', '000531.SZ', '603113.SH', '600740.SH', '600308.SH', '601001.SH', '000528.SZ', '002128.SZ', '002911.SZ', '603393.SH', '002948.SZ', '601666.SH', '000690.SZ', '002614.SZ', '600348.SH', '601717.SH', '300067.SZ', '002949.SZ', '600567.SH', '002054.SZ', '002396.SZ', '601908.SH', '300121.SZ', '002215.SZ', '601699.SH', '002761.SZ', '002221.SZ', '002734.SZ', '002649.SZ', '002588.SZ', '002404.SZ', '603323.SH', '600727.SH', '300692.SZ', '002408.SZ', '603067.SH', '300041.SZ', '002109.SZ', '002889.SZ', '600230.SH', '600256.SH', '601789.SH', '000822.SZ', '002225.SZ', '002637.SZ', '002936.SZ']"
2021-12-13,2021-12-10,2021-12-20,0.029071674580324218,81,0.89,,"['600960.SH', '600327.SH', '300391.SZ', '000550.SZ', '603016.SH', '002712.SZ', '601999.SH', '603825.SH', '002799.SZ', '603386.SH', '002685.SZ', '000917.SZ', '002162.SZ', '002527.SZ', '000407.SZ', '000680.SZ', '600780.SH', '600775.SH', '002267.SZ', '600792.SH', '600758.SH', '000837.SZ', '600308.SH', '002758.SZ', '000698.SZ', '603366.SH', '002887.SZ', '000411.SZ', '600098.SH', '000528.SZ', '002462.SZ', '603970.SH', '000919.SZ', '600567.SH', '600716.SH', '000863.SZ', '603869.SH', '002349.SZ', '603839.SH', '603980.SH', '002083.SZ', '601789.SH', '002208.SZ', '600073.SH', '600819.SH', '002482.SZ', '000850.SZ', '002392.SZ', '002062.SZ', '600987.SH', '000417.SZ', '600510.SH', '600425.SH', '000036.SZ', '000498.SZ', '600420.SH', '600512.SH', '603167.SH', '600814.SH', '600794.SH', '601008.SH', '601226.SH', '000905.SZ', '600569.SH', '002941.SZ', '600108.SH', '002344.SZ', '600612.SH', '600981.SH', '600035.SH', '002556.SZ', '000507.SZ', '600782.SH', '600180.SH', '000900.SZ', '600058.SH', '600125.SH', '600729.SH', '000626.SZ', '002183.SZ', '600787.SH']"
2021-12-20,2021-12-17,2021-12-27,0.0007256128086943097,52,0.8148148148148148,,"['600469.SH', '002703.SZ', '000957.SZ', '600960.SH', '600686.SH', '002343.SZ', '000526.SZ', '600136.SH', '000665.SZ', '600617.SH', '600579.SH', '600758.SH', '600780.SH', '002031.SZ', '000600.SZ', '002342.SZ', '000521.SZ', '000680.SZ', '603366.SH', '600676.SH', '000620.SZ', '000150.SZ', '600716.SH', '002582.SZ', '000919.SZ', '000926.SZ', '000797.SZ', '603869.SH', '603991.SH', '000667.SZ', '002663.SZ', '000995.SZ', '600616.SH', '600658.SH', '600622.SH', '603116.SH', '002482.SZ', '603839.SH', '600708.SH', '600819.SH', '600067.SH', '000417.SZ', '601588.SH', '600117.SH', '603167.SH', '600094.SH', '600794.SH', '601008.SH', '600223.SH', '000882.SZ', '600798.SH', '002419.SZ']"
2021-12-27,2021-12-24,2022-01-04,0.05103472986539682,100,0.6923076923076923,,"['603787.SH', '600960.SH', '002355.SZ', '002510.SZ', '600686.SH', '000700.SZ', '300068.SZ', '002951.SZ', '605108.SH', '601595.SH', '600066.SH', '002161.SZ', '600996.SH', '002547.SZ', '600136.SH', '002681.SZ', '600203.SH', '002735.SZ', '002059.SZ', '000889.SZ', '002716.SZ', '603103.SH', '000796.SZ', '600751.SH', '600532.SH', '002685.SZ', '002616.SZ', '002383.SZ', '002480.SZ', '600138.SH', '600617.SH', '002217.SZ', '600037.SH', '600337.SH', '000584.SZ', '600780.SH', '000600.SZ', '000680.SZ', '002387.SZ', '000038.SZ', '000601.SZ', '002583.SZ', '300145.SZ', '603313.SH', '600375.SH', '000539.SZ', '600805.SH', '002456.SZ', '600676.SH', '600578.SH', '002519.SZ', '002551.SZ', '002512.SZ', '002329.SZ', '300273.SZ', '002197.SZ', '002582.SZ', '002912.SZ', '300551.SZ', '002589.SZ', '002570.SZ', '603839.SH', '603869.SH', '000931.SZ', '603093.SH', '002840.SZ', '002783.SZ', '300078.SZ', '002548.SZ', '000566.SZ', '300198.SZ', '002772.SZ', '600797.SH', '600658.SH', '000016.SZ', '300094.SZ', '000597.SZ', '002596.SZ', '000667.SZ', '600410.SH', '002661.SZ', '000505.SZ', '000813.SZ', '300761.SZ', '000078.SZ', '000918.SZ', '600067.SH', '600361.SH', '600127.SH', '600117.SH', '600597.SH', '603569.SH', '600267.SH', '603363.SH', '603123.SH', '002310.SZ', '000735.SZ', '600094.SH', '601368.SH', '002567.SZ']"
2022-01-04,2021-12-31,2022-01-10,-0.0009934052984323567,74,0.62,,"['002491.SZ', '002661.SZ', '002095.SZ', '000905.SZ', '300686.SZ', '603108.SH', '002515.SZ', '603366.SH', '002431.SZ', '600117.SH', '002055.SZ', '601116.SH', '600127.SH', '002965.SZ', '600125.SH', '002783.SZ', '000505.SZ', '002467.SZ', '002308.SZ', '600067.SH', '600361.SH', '603569.SH', '600136.SH', '603869.SH', '600503.SH', '002519.SZ', '600725.SH', '002062.SZ', '002735.SZ', '600617.SH', '002542.SZ', '000016.SZ', '000889.SZ', '603839.SH', '002551.SZ', '002596.SZ', '600425.SH', '002583.SZ', '000700.SZ', '600073.SH', '000078.SZ', '002614.SZ', '300145.SZ', '600178.SH', '600797.SH', '002510.SZ', '002251.SZ', '002115.SZ', '603167.SH', '300541.SZ', '002489.SZ', '600676.SH', '600410.SH', '600780.SH', '002589.SZ', '600326.SH', '600288.SH', '600076.SH', '603980.SH', '600960.SH', '600686.SH', '600751.SH', '002685.SZ', '601595.SH', '000553.SZ', '000680.SZ', '601177.SH', '002582.SZ', '002355.SZ', '600525.SH', '600138.SH', '002217.SZ', '000903.SZ', '002962.SZ']"
2022-01-10,2022-01-07,2022-01-17,-0.00910722634287197,100,0.7567567567567568,,"['002761.SZ', '002062.SZ', '600512.SH', '601789.SH', '002081.SZ', '600603.SH', '600736.SH', '000863.SZ', '002208.SZ', '601512.SH', '000560.SZ', '000019.SZ', '600510.SH', '600676.SH', '000505.SZ', '600639.SH', '000090.SZ', '000639.SZ', '600823.SH', '600648.SH', '603167.SH', '600325.SH', '603569.SH', '600064.SH', '000671.SZ', '600368.SH', '000905.SZ', '600897.SH', '000961.SZ', '000923.SZ', '002146.SZ', '600035.SH', '601598.SH', '000656.SZ', '000507.SZ', '601003.SH', '000717.SZ', '600125.SH', '600180.SH', '600731.SH', '002075.SZ', '002758.SZ', '000900.SZ', '600269.SH', '600282.SH', '600126.SH', '603980.SH', '002110.SZ', '002735.SZ', '300485.SZ', '603823.SH', '603689.SH', '600012.SH', '600971.SH', '002392.SZ', '603118.SH', '002589.SZ', '600508.SH', '000936.SZ', '000407.SZ', '000756.SZ', '600979.SH', '603367.SH', '002479.SZ', '600425.SH', '002435.SZ', '600755.SH', '603898.SH', '002020.SZ', '002117.SZ', '603385.SH', '002228.SZ', '603053.SH', '603108.SH', '002965.SZ', '600757.SH', '600664.SH', '000531.SZ', '002818.SZ', '000078.SZ', '000563.SZ', '600350.SH', '002737.SZ', '603686.SH', '000917.SZ', '002962.SZ', '600420.SH', '002277.SZ', '600681.SH', '002489.SZ', '002267.SZ', '000789.SZ', '603301.SH', '600308.SH', '601116.SH', '002302.SZ', '600056.SH', '600682.SH', '601177.SH', '000028.SZ']"
2022-01-17,2022-01-14,2022-01-24,-0.04689516146404197,17,0.93,,"['002688.SZ', '603167.SH', '002783.SZ', '600136.SH', '600731.SH', '603689.SH', '002735.SZ', '002965.SZ', '600283.SH', '603180.SH', '600738.SH', '002962.SZ', '601116.SH', '603366.SH', '300145.SZ', '603839.SH', '002083.SZ']"
2022-01-24,2022-01-21,2022-02-07,-0.02368358191976347,55,0.6470588235294118,,"['002761.SZ', '002542.SZ', '600512.SH', '603359.SH', '601226.SH', '000011.SZ', '000006.SZ', '600510.SH', '000090.SZ', '600784.SH', '603970.SH', '002308.SZ', '603167.SH', '600064.SH', '600731.SH', '600834.SH', '600725.SH', '000153.SZ', '000407.SZ', '002392.SZ', '002996.SZ', '600979.SH', '002580.SZ', '002965.SZ', '002162.SZ', '600425.SH', '000531.SZ', '002090.SZ', '603988.SH', '600682.SH', '300293.SZ', '000987.SZ', '002911.SZ', '601177.SH', '300543.SZ', '000570.SZ', '300173.SZ', '002527.SZ', '603076.SH', '300100.SZ', '600475.SH', '600178.SH', '603386.SH', '603366.SH', '600815.SH', '300145.SZ', '000821.SZ', '000816.SZ', '000561.SZ', '002614.SZ', '603839.SH', '600327.SH', '002097.SZ', '000850.SZ', '000903.SZ']"
2022-02-07,2022-01-28,2022-02-14,0.03165958665535886,100,0.7636363636363637,,"['002761.SZ', '002822.SZ', '600133.SH', '600512.SH', '000065.SZ', '002060.SZ', '600284.SH', '002061.SZ', '601886.SH', '600248.SH', '600939.SH', '600502.SH', '600491.SH', '600170.SH', '000011.SZ', '000006.SZ', '000517.SZ', '000833.SZ', '603727.SH', '600510.SH', '600569.SH', '600784.SH', '000059.SZ', '000905.SZ', '600581.SH', '600339.SH', '000961.SZ', '601598.SH', '000635.SZ', '600792.SH', '000666.SZ', '601003.SH', '600180.SH', '000761.SZ', '600470.SH', '000906.SZ', '000545.SZ', '600508.SH', '600282.SH', '002758.SZ', '600971.SH', '002110.SZ', '600782.SH', '600428.SH', '002768.SZ', '000153.SZ', '000937.SZ', '600644.SH', '000407.SZ', '002225.SZ', '600787.SH', '002392.SZ', '002433.SZ', '600819.SH', '603898.SH', '603385.SH', '600755.SH', '000551.SZ', '600713.SH', '000912.SZ', '600057.SH', '002067.SZ', '002160.SZ', '300340.SZ', '002228.SZ', '000531.SZ', '600449.SH', '603368.SH', '300664.SZ', '600843.SH', '002441.SZ', '600153.SH', '601898.SH', '000751.SZ', '600704.SH', '600664.SH', '600292.SH', '603618.SH', '000950.SZ', '600531.SH', '002533.SZ', '000544.SZ', '600623.SH', '600308.SH', '000028.SZ', '002573.SZ', '600590.SH', '600500.SH', '600694.SH', '000570.SZ', '002092.SZ', '600973.SH', '600998.SH', '002328.SZ', '000852.SZ', '600710.SH', '600475.SH', '603611.SH', '600178.SH', '600058.SH']"
2022-02-14,2022-02-11,2022-02-21,0.04330823082908093,100,0.42,,"['600133.SH', '601789.SH', '002542.SZ', '600512.SH', '000065.SZ', '603359.SH', '600284.SH', '000498.SZ', '600248.SH', '601886.SH', '600502.SH', '600491.SH', '002061.SZ', '000863.SZ', '002081.SZ', '600820.SH', '000011.SZ', '002208.SZ', '000006.SZ', '000517.SZ', '601611.SH', '600748.SH', '600170.SH', '600510.SH', '600784.SH', '000639.SZ', '000090.SZ', '600064.SH', '603167.SH', '002322.SZ', '601003.SH', '000905.SZ', '000761.SZ', '000961.SZ', '600368.SH', '002666.SZ', '600282.SH', '600339.SH', '000507.SZ', '600126.SH', '000656.SZ', '002110.SZ', '000666.SZ', '600035.SH', '600782.SH', '601598.SH', '000778.SZ', '600508.SH', '002758.SZ', '000900.SZ', '000055.SZ', '600125.SH', '600180.SH', '002433.SZ', '603118.SH', '002225.SZ', '000906.SZ', '000756.SZ', '000407.SZ', '002392.SZ', '600713.SH', '603898.SH', '603385.SH', '600979.SH', '603368.SH', '600787.SH', '600425.SH', '603108.SH', '002067.SZ', '600755.SH', '600531.SH', '600664.SH', '002441.SZ', '601898.SH', '600057.SH', '000950.SZ', '002277.SZ', '600420.SH', '000544.SZ', '601177.SH', '600056.SH', '600704.SH', '600153.SH', '600308.SH', '002302.SZ', '000028.SZ', '000570.SZ', '600694.SH', '000987.SZ', '002328.SZ', '600757.SH', '600475.SH', '600981.SH', '600178.SH', '002936.SZ', '600998.SH', '601997.SH', '603366.SH', '600710.SH', '603839.SH']"
2022-02-21,2022-02-18,2022-02-28,-0.028832380484639496,76,0.54,,"['600133.SH', '603458.SH', '601789.SH', '002062.SZ', '600284.SH', '603359.SH', '000065.SZ', '000863.SZ', '600248.SH', '601886.SH', '002208.SZ', '000498.SZ', '000006.SZ', '600502.SH', '600491.SH', '600565.SH', '600939.SH', '600748.SH', '002061.SZ', '600784.SH', '601611.SH', '600170.SH', '600339.SH', '605050.SH', '002115.SZ', '603970.SH', '600581.SH', '000545.SZ', '000666.SZ', '603220.SH', '000153.SZ', '000055.SZ', '002433.SZ', '600180.SH', '000906.SZ', '002580.SZ', '000756.SZ', '002392.SZ', '600804.SH', '600713.SH', '000407.SZ', '002441.SZ', '600787.SH', '002350.SZ', '603368.SH', '600836.SH', '603109.SH', '601609.SH', '600755.SH', '603108.SH', '603618.SH', '600961.SH', '600057.SH', '002533.SZ', '600664.SH', '600531.SH', '300543.SZ', '002300.SZ', '000950.SZ', '002302.SZ', '600153.SH', '601177.SH', '600704.SH', '000570.SZ', '600592.SH', '600981.SH', '600973.SH', '600710.SH', '603611.SH', '600998.SH', '603366.SH', '300032.SZ', '600058.SH', '002416.SZ', '600327.SH', '000550.SZ']"
2022-02-28,2022-02-25,2022-03-07,-0.02514940299978806,100,0.881578947368421,,"['002060.SZ', '603668.SH', '000833.SZ', '002286.SZ', '603995.SH', '605166.SH', '605118.SH', '605050.SH', '605199.SH', '605399.SH', '000153.SZ', '603192.SH', '300691.SZ', '603227.SH', '300571.SZ', '002096.SZ', '605369.SH', '300872.SZ', '603351.SH', '002433.SZ', '300806.SZ', '603115.SH', '600479.SH', '600367.SH', '002988.SZ', '600644.SH', '600880.SH', '603222.SH', '002063.SZ', '600726.SH', '600428.SH', '603927.SH', '000532.SZ', '000920.SZ', '600836.SH', '002453.SZ', '002870.SZ', '000812.SZ', '601199.SH', '600976.SH', '002015.SZ', '002374.SZ', '300902.SZ', '002699.SZ', '002452.SZ', '002167.SZ', '603105.SH', '600129.SH', '002937.SZ', '605186.SH', '603109.SH', '600995.SH', '300040.SZ', '600389.SH', '002350.SZ', '300354.SZ', '300162.SZ', '600961.SH', '603398.SH', '603333.SH', '300332.SZ', '603507.SH', '000607.SZ', '600331.SH', '300052.SZ', '002300.SZ', '300203.SZ', '600673.SH', '603667.SH', '600986.SH', '300772.SZ', '688596.SH', '002189.SZ', '603633.SH', '002584.SZ', '000665.SZ', '603897.SH', '300857.SZ', '000852.SZ', '603800.SH', '688516.SH', '002073.SZ', '300032.SZ', '300343.SZ', '300681.SZ', '603876.SH', '002655.SZ', '600169.SH', '002534.SZ', '300416.SZ', '600072.SH', '002487.SZ', '002003.SZ', '603665.SH', '002192.SZ', '002101.SZ', '600338.SH', '603886.SH', '603035.SH', '603606.SH']"
2022-03-07,2022-03-04,2022-03-14,-0.03859171918618646,100,0.91,,"['600173.SH', '603458.SH', '000863.SZ', '600133.SH', '002062.SZ', '002208.SZ', '600603.SH', '000498.SZ', '000833.SZ', '600736.SH', '600512.SH', '002060.SZ', '600248.SH', '000560.SZ', '600939.SH', '600502.SH', '600569.SH', '600491.SH', '000671.SZ', '600064.SH', '605050.SH', '000090.SZ', '600325.SH', '600581.SH', '000717.SZ', '000961.SZ', '000905.SZ', '601003.SH', '002244.SZ', '600368.SH', '000761.SZ', '000153.SZ', '600282.SH', '000507.SZ', '600035.SH', '600170.SH', '002110.SZ', '000656.SZ', '000055.SZ', '600508.SH', '600731.SH', '000778.SZ', '600971.SH', '002433.SZ', '600126.SH', '000900.SZ', '000756.SZ', '600782.SH', '603689.SH', '600479.SH', '600180.SH', '600644.SH', '600997.SH', '600594.SH', '600269.SH', '600808.SH', '600425.SH', '000722.SZ', '002435.SZ', '600979.SH', '603108.SH', '001872.SZ', '000937.SZ', '600787.SH', '600836.SH', '600985.SH', '002870.SZ', '000950.SZ', '600420.SH', '600548.SH', '002039.SZ', '600755.SH', '000531.SZ', '000719.SZ', '000028.SZ', '600057.SH', '600461.SH', '600308.SH', '601898.SH', '600056.SH', '600623.SH', '600757.SH', '601177.SH', '600694.SH', '600704.SH', '600153.SH', '000917.SZ', '002448.SZ', '600475.SH', '600178.SH', '000726.SZ', '600567.SH', '600729.SH', '603839.SH', '600894.SH', '600373.SH', '600336.SH', '002083.SZ', '000850.SZ', '600327.SH']"
2022-03-14,2022-03-11,2022-03-21,0.03360274178095674,46,0.73,,"['000863.SZ', '600603.SH', '600736.SH', '002627.SZ', '300858.SZ', '000090.SZ', '600368.SH', '600897.SH', '000507.SZ', '000833.SZ', '002224.SZ', '600731.SH', '000900.SZ', '600035.SH', '000532.SZ', '000756.SZ', '603689.SH', '600269.SH', '002433.SZ', '600644.SH', '600804.SH', '600479.SH', '600979.SH', '600594.SH', '603056.SH', '002479.SZ', '600836.SH', '601368.SH', '600129.SH', '601898.SH', '600901.SH', '600350.SH', '601366.SH', '600056.SH', '002406.SZ', '600635.SH', '600908.SH', '600694.SH', '002448.SZ', '603839.SH', '000700.SZ', '600729.SH', '600169.SH', '600336.SH', '000850.SZ', '600987.SH']"
2022-03-21,2022-03-18,2022-03-28,0.0018148988582520342,52,0.9565217391304348,,"['002431.SZ', '000667.SZ', '600658.SH', '002772.SZ', '002310.SZ', '002548.SZ', '000038.SZ', '600117.SH', '300209.SZ', '600070.SH', '002783.SZ', '600805.SH', '300297.SZ', '603803.SH', '002512.SZ', '002627.SZ', '600333.SH', '000040.SZ', '000566.SZ', '600617.SH', '002339.SZ', '300043.SZ', '300125.SZ', '000600.SZ', '000826.SZ', '600579.SH', '002490.SZ', '600361.SH', '002350.SZ', '600396.SH', '002685.SZ', '002121.SZ', '002547.SZ', '000543.SZ', '002480.SZ', '601069.SH', '002355.SZ', '002309.SZ', '600960.SH', '000882.SZ', '002590.SZ', '600578.SH', '601929.SH', '000995.SZ', '600686.SH', '600375.SH', '300159.SZ', '000700.SZ', '600996.SH', '000008.SZ', '600616.SH', '002387.SZ']"
2022-03-28,2022-03-25,2022-04-06,0.045430993996686604,72,0.5384615384615384,,"['600683.SH', '002431.SZ', '000926.SZ', '002062.SZ', '002314.SZ', '600658.SH', '601886.SH', '002310.SZ', '000905.SZ', '601588.SH', '600094.SH', '600117.SH', '000507.SZ', '600897.SH', '600376.SH', '002783.SZ', '603687.SH', '000900.SZ', '002551.SZ', '600136.SH', '600333.SH', '600125.SH', '000407.SZ', '600676.SH', '000040.SZ', '002589.SZ', '600310.SH', '600269.SH', '603869.SH', '600508.SH', '600979.SH', '600617.SH', '600425.SH', '600780.SH', '000600.SZ', '000078.SZ', '600396.SH', '600825.SH', '600361.SH', '600579.SH', '600120.SH', '002685.SZ', '002121.SZ', '601116.SH', '000543.SZ', '002369.SZ', '000553.SZ', '002251.SZ', '600635.SH', '600973.SH', '002342.SZ', '002355.SZ', '601366.SH', '600178.SH', '000882.SZ', '600960.SH', '000995.SZ', '002344.SZ', '002590.SZ', '600578.SH', '600686.SH', '002419.SZ', '600981.SH', '603839.SH', '000700.SZ', '600336.SH', '002029.SZ', '603777.SH', '600616.SH', '600751.SH', '002042.SZ', '600839.SH']"
2022-04-06,2022-04-01,2022-04-11,-0.044551887476723034,72,0.6805555555555556,,"['300892.SZ', '600774.SH', '603458.SH', '601116.SH', '002277.SZ', '002062.SZ', '002355.SZ', '002344.SZ', '600683.SH', '600960.SH', '002590.SZ', '600603.SH', '000926.SZ', '603776.SH', '002419.SZ', '300391.SZ', '000036.SZ', '002662.SZ', '300858.SZ', '600094.SH', '600223.SH', '600758.SH', '600648.SH', '000090.SZ', '002434.SZ', '002783.SZ', '603988.SH', '600508.SH', '600376.SH', '600532.SH', '603167.SH', '000402.SZ', '300483.SZ', '002582.SZ', '600644.SH', '600897.SH', '600368.SH', '605198.SH', '600979.SH', '000507.SZ', '603777.SH', '600617.SH', '600035.SH', '600616.SH', '600268.SH', '002039.SZ', '601579.SH', '600269.SH', '002267.SZ', '001872.SZ', '600717.SH', '601898.SH', '002763.SZ', '600136.SH', '002489.SZ', '600350.SH', '600815.SH', '600901.SH', '300710.SZ', '603839.SH', '002095.SZ', '600390.SH', '300273.SZ', '600908.SH', '000850.SZ', '600200.SH', '000917.SZ', '601577.SH', '600292.SH', '603869.SH', '600420.SH', '600682.SH']"
2022-04-11,2022-04-08,2022-04-18,0.008890523916037786,100,0.5833333333333334,,"['603458.SH', '002062.SZ', '002697.SZ', '002344.SZ', '600284.SH', '600694.SH', '002448.SZ', '000926.SZ', '600173.SH', '600603.SH', '600058.SH', '600327.SH', '600622.SH', '600970.SH', '601588.SH', '000560.SZ', '600729.SH', '600742.SH', '605050.SH', '000090.SZ', '600335.SH', '600648.SH', '600064.SH', '603766.SH', '603167.SH', '000961.SZ', '600325.SH', '000055.SZ', '002146.SZ', '600376.SH', '600368.SH', '000402.SZ', '000905.SZ', '600644.SH', '601598.SH', '603689.SH', '002533.SZ', '000656.SZ', '600035.SH', '600971.SH', '000507.SZ', '002300.SZ', '600125.SH', '600180.SH', '603886.SH', '600508.SH', '002039.SZ', '600268.SH', '601015.SH', '000900.SZ', '600784.SH', '600269.SH', '600449.SH', '600997.SH', '600012.SH', '600475.SH', '600017.SH', '001872.SZ', '002870.SZ', '600681.SH', '601107.SH', '002267.SZ', '600787.SH', '000429.SZ', '600717.SH', '600575.SH', '600985.SH', '600548.SH', '002763.SZ', '002543.SZ', '600755.SH', '600623.SH', '601898.SH', '600308.SH', '002489.SZ', '002092.SZ', '600350.SH', '600642.SH', '603839.SH', '600569.SH', '000921.SZ', '000488.SZ', '600901.SH', '002083.SZ', '002029.SZ', '000153.SZ', '000717.SZ', '002345.SZ', '601003.SH', '000719.SZ', '000850.SZ', '000761.SZ', '600390.SH', '000756.SZ', '002807.SZ', '600987.SH', '600908.SH', '600282.SH', '002433.SZ', '002110.SZ']"
2022-04-18,2022-04-15,2022-04-25,-0.09220068450185638,99,0.42,,"['600361.SH', '600694.SH', '603458.SH', '000926.SZ', '002062.SZ', '600173.SH', '600981.SH', '002419.SZ', '600710.SH', '600178.SH', '300858.SZ', '601588.SH', '600058.SH', '600094.SH', '600729.SH', '000090.SZ', '600223.SH', '600742.SH', '000550.SZ', '600970.SH', '600648.SH', '600335.SH', '600325.SH', '603766.SH', '600376.SH', '600644.SH', '600368.SH', '000407.SZ', '000507.SZ', '002237.SZ', '600310.SH', '600035.SH', '601598.SH', '002533.SZ', '600617.SH', '000951.SZ', '000626.SZ', '600125.SH', '002300.SZ', '002039.SZ', '000900.SZ', '600508.SH', '600180.SH', '603886.SH', '600269.SH', '600681.SH', '000878.SZ', '002267.SZ', '000429.SZ', '002302.SZ', '600787.SH', '002183.SZ', '000698.SZ', '600717.SH', '601177.SH', '002763.SZ', '000401.SZ', '600623.SH', '002489.SZ', '600308.SH', '600350.SH', '000059.SZ', '603839.SH', '002845.SZ', '000488.SZ', '600569.SH', '600985.SH', '002083.SZ', '002423.SZ', '000719.SZ', '002029.SZ', '600688.SH', '000850.SZ', '600320.SH', '000756.SZ', '000717.SZ', '600987.SH', '600901.SH', '600479.SH', '601898.SH', '002807.SZ', '601003.SH', '600908.SH', '600713.SH', '600751.SH', '603368.SH', '002042.SZ', '600282.SH', '000761.SZ', '601577.SH', '600126.SH', '601339.SH', '000078.SZ', '600808.SH', '600420.SH', '000035.SZ', '000028.SZ', '300226.SZ', '600511.SH']"
2022-04-25,2022-04-22,2022-05-05,0.0450945673210022,88,0.696969696969697,,"['002469.SZ', '603018.SH', '002818.SZ', '600774.SH', '002553.SZ', '002419.SZ', '300858.SZ', '600170.SH', '300847.SZ', '600846.SH', '605183.SH', '603970.SH', '601028.SH', '605006.SH', '002090.SZ', '603507.SH', '600648.SH', '600368.SH', '600971.SH', '600897.SH', '600644.SH', '603689.SH', '600007.SH', '600035.SH', '603886.SH', '000900.SZ', '002088.SZ', '603565.SH', '600269.SH', '603181.SH', '600012.SH', '600681.SH', '600985.SH', '002267.SZ', '300911.SZ', '000429.SZ', '603393.SH', '000975.SZ', '600836.SH', '601898.SH', '600717.SH', '603579.SH', '601177.SH', '603165.SH', '600548.SH', '603599.SH', '002543.SZ', '603848.SH', '000672.SZ', '600308.SH', '002884.SZ', '002372.SZ', '600350.SH', '002557.SZ', '002507.SZ', '000719.SZ', '002423.SZ', '000026.SZ', '605266.SH', '300800.SZ', '002807.SZ', '002083.SZ', '600908.SH', '002075.SZ', '300662.SZ', '002029.SZ', '000686.SZ', '000850.SZ', '600479.SH', '600282.SH', '600987.SH', '600507.SH', '600295.SH', '601577.SH', '601019.SH', '600750.SH', '603301.SH', '600808.SH', '002737.SZ', '600572.SH', '002563.SZ', '603444.SH', '300244.SZ', '300677.SZ', '600535.SH', '600867.SH', '600566.SH', '002030.SZ']"
2022-05-05,2022-04-29,2022-05-09,-0.0011391897567956776,100,0.9090909090909091,,"['600970.SH', '600981.SH', '002416.SZ', '600729.SH', '601028.SH', '000863.SZ', '002996.SZ', '605183.SH', '002984.SZ', '600961.SH', '603613.SH', '000751.SZ', '600531.SH', '002237.SZ', '600877.SH', '600610.SH', '601015.SH', '600166.SH', '002155.SZ', '002637.SZ', '605007.SH', '000049.SZ', '002226.SZ', '000060.SZ', '601598.SH', '000626.SZ', '600075.SH', '000878.SZ', '600125.SH', '601212.SH', '603565.SH', '603053.SH', '603112.SH', '600549.SH', '600497.SH', '002183.SZ', '600787.SH', '300894.SZ', '600273.SH', '002216.SZ', '600389.SH', '000422.SZ', '000930.SZ', '601568.SH', '002556.SZ', '603185.SH', '000902.SZ', '600098.SH', '600167.SH', '002884.SZ', '003016.SZ', '600704.SH', '002597.SZ', '600873.SH', '601139.SH', '002372.SZ', '000921.SZ', '600737.SH', '002557.SZ', '300726.SZ', '600578.SH', '605168.SH', '600299.SH', '002242.SZ', '002608.SZ', '300857.SZ', '603355.SH', '600642.SH', '600598.SH', '002445.SZ', '000883.SZ', '601399.SH', '002701.SZ', '002758.SZ', '000717.SZ', '600688.SH', '603267.SH', '603868.SH', '002517.SZ', '300861.SZ', '002508.SZ', '603025.SH', '000761.SZ', '601717.SH', '600282.SH', '600126.SH', '688055.SH', '600507.SH', '002078.SZ', '600782.SH', '603387.SH', '002430.SZ', '000778.SZ', '300765.SZ', '600664.SH', '300841.SZ', '000062.SZ', '002727.SZ', '002832.SZ', '000078.SZ']"
2022-05-09,2022-05-06,2022-05-16,0.03397611823667353,100,0.77,,"['603081.SH', '600841.SH', '600477.SH', '000065.SZ', '600496.SH', '600939.SH', '002135.SZ', '600970.SH', '002968.SZ', '002697.SZ', '600981.SH', '600058.SH', '605222.SH', '002996.SZ', '603708.SH', '600609.SH', '600480.SH', '601702.SH', '603358.SH', '600335.SH', '002090.SZ', '002578.SZ', '300755.SZ', '600961.SH', '605183.SH', '002441.SZ', '601609.SH', '000751.SZ', '601028.SH', '603970.SH', '600531.SH', '603618.SH', '603192.SH', '002533.SZ', '000510.SZ', '300341.SZ', '600784.SH', '002300.SZ', '002237.SZ', '605050.SH', '600468.SH', '002171.SZ', '603823.SH', '603613.SH', '600459.SH', '601700.SH', '600259.SH', '600973.SH', '002768.SZ', '002155.SZ', '000652.SZ', '000905.SZ', '002043.SZ', '600877.SH', '600166.SH', '603408.SH', '000559.SZ', '600458.SH', '002276.SZ', '002838.SZ', '000060.SZ', '300837.SZ', '000906.SZ', '000407.SZ', '600125.SH', '600550.SH', '603689.SH', '000626.SZ', '300021.SZ', '000878.SZ', '002637.SZ', '603112.SH', '002203.SZ', '600869.SH', '002302.SZ', '002860.SZ', '601212.SH', '600429.SH', '600073.SH', '603519.SH', '002498.SZ', '603128.SH', '600681.SH', '600787.SH', '300596.SZ', '300138.SZ', '002735.SZ', '002183.SZ', '600619.SH', '603165.SH', '002556.SZ', '600057.SH', '002117.SZ', '000801.SZ', '002752.SZ', '002677.SZ', '002228.SZ', '002301.SZ', '603111.SH', '300909.SZ']"
2022-05-16,2022-05-13,2022-05-23,0.041562865087910045,100,0.83,,"['002822.SZ', '601226.SH', '002307.SZ', '000065.SZ', '600477.SH', '603109.SH', '600939.SH', '002941.SZ', '600841.SH', '000816.SZ', '000903.SZ', '002879.SZ', '300599.SZ', '605222.SH', '600638.SH', '300848.SZ', '002082.SZ', '600335.SH', '600094.SH', '002360.SZ', '600331.SH', '000603.SZ', '603970.SH', '000833.SZ', '600537.SH', '002300.SZ', '600510.SH', '600207.SH', '000510.SZ', '002805.SZ', '605050.SH', '600725.SH', '002170.SZ', '600376.SH', '002155.SZ', '002244.SZ', '002215.SZ', '605338.SH', '002627.SZ', '600449.SH', '002276.SZ', '002732.SZ', '603535.SH', '603569.SH', '000688.SZ', '603687.SH', '002838.SZ', '000626.SZ', '300021.SZ', '002548.SZ', '002302.SZ', '002234.SZ', '603223.SH', '002286.SZ', '002969.SZ', '002233.SZ', '600988.SH', '603505.SH', '300911.SZ', '000828.SZ', '600975.SH', '002840.SZ', '603668.SH', '000582.SZ', '000539.SZ', '300191.SZ', '603566.SH', '000505.SZ', '601686.SH', '000901.SZ', '600836.SH', '002567.SZ', '603995.SH', '300909.SZ', '000925.SZ', '002100.SZ', '300761.SZ', '603848.SH', '688135.SH', '000837.SZ', '002221.SZ', '603377.SH', '600839.SH', '002438.SZ', '601968.SH', '603826.SH', '000607.SZ', '002097.SZ', '603901.SH', '002059.SZ', '600831.SH', '300310.SZ', '300404.SZ', '300416.SZ', '300395.SZ', '605266.SH', '300429.SZ', '002923.SZ', '000927.SZ', '603008.SH']"
2022-05-23,2022-05-20,2022-05-30,-0.015349269435217867,100,0.83,,"['603031.SH', '600981.SH', '600058.SH', '603959.SH', '603123.SH', '000829.SZ', '600939.SH', '300848.SZ', '300798.SZ', '300681.SZ', '600218.SH', '300890.SZ', '603155.SH', '300286.SZ', '002091.SZ', '605166.SH', '688077.SH', '300057.SZ', '002533.SZ', '300721.SZ', '002284.SZ', '002167.SZ', '000751.SZ', '002136.SZ', '002101.SZ', '600961.SH', '002300.SZ', '600207.SH', '000510.SZ', '002540.SZ', '600331.SH', '600727.SH', '600973.SH', '688300.SH', '601700.SH', '002170.SZ', '600335.SH', '600470.SH', '002915.SZ', '002805.SZ', '605050.SH', '002171.SZ', '002182.SZ', '002537.SZ', '600458.SH', '603977.SH', '600259.SH', '002455.SZ', '300813.SZ', '002043.SZ', '300428.SZ', '000905.SZ', '002865.SZ', '300409.SZ', '600869.SH', '600230.SH', '603112.SH', '002637.SZ', '600577.SH', '000906.SZ', '688556.SH', '603876.SH', '000626.SZ', '605007.SH', '600965.SH', '300435.SZ', '603305.SH', '600929.SH', '300457.SZ', '603668.SH', '300587.SZ', '002472.SZ', '300354.SZ', '603010.SH', '300217.SZ', '300432.SZ', '600251.SH', '000912.SZ', '300035.SZ', '002567.SZ', '600691.SH', '002100.SZ', '002870.SZ', '601677.SH', '603995.SH', '601686.SH', '002245.SZ', '002011.SZ', '688596.SH', '300793.SZ', '603969.SH', '002895.SZ', '300494.SZ', '000925.SZ', '002505.SZ', '300073.SZ', '300091.SZ', '603611.SH', '002752.SZ', '002878.SZ']"
2022-05-30,2022-05-27,2022-06-06,0.06041409689425293,100,0.66,,"['300536.SZ', '000928.SZ', '601116.SH', '002419.SZ', '603081.SH', '300100.SZ', '002510.SZ', '002135.SZ', '600710.SH', '600981.SH', '300391.SZ', '603959.SH', '000700.SZ', '000829.SZ', '002416.SZ', '600058.SH', '002284.SZ', '002061.SZ', '605222.SH', '002101.SZ', '002283.SZ', '600939.SH', '300340.SZ', '002091.SZ', '300423.SZ', '002996.SZ', '002441.SZ', '600335.SH', '600970.SH', '603970.SH', '605006.SH', '601702.SH', '002533.SZ', '002783.SZ', '002160.SZ', '603618.SH', '002537.SZ', '300057.SZ', '002540.SZ', '002300.SZ', '000510.SZ', '600961.SH', '300428.SZ', '600784.SH', '601611.SH', '300328.SZ', '000751.SZ', '000545.SZ', '600293.SH', '002170.SZ', '300337.SZ', '600590.SH', '002915.SZ', '000922.SZ', '605050.SH', '600531.SH', '601700.SH', '603897.SH', '002562.SZ', '600973.SH', '601388.SH', '600525.SH', '000969.SZ', '603977.SH', '688558.SH', '002276.SZ', '600758.SH', '002206.SZ', '002329.SZ', '601137.SH', '600458.SH', '600459.SH', '002171.SZ', '601598.SH', '002043.SZ', '002637.SZ', '000906.SZ', '600644.SH', '600748.SH', '600259.SH', '600550.SH', '000626.SZ', '000682.SZ', '002335.SZ', '600810.SH', '600869.SH', '600396.SH', '600577.SH', '600180.SH', '002249.SZ', '600478.SH', '603777.SH', '300540.SZ', '002386.SZ', '000049.SZ', '688025.SH', '600780.SH', '300457.SZ', '002274.SZ', '600787.SH']"
2022-06-06,2022-06-02,2022-06-13,0.0029825601449250316,100,0.93,,"['300880.SZ', '600821.SH', '300680.SZ', '300870.SZ', '300391.SZ', '002892.SZ', '300798.SZ', '300835.SZ', '603330.SH', '603959.SH', '300890.SZ', '002360.SZ', '605008.SH', '300721.SZ', '688157.SH', '002167.SZ', '002196.SZ', '300829.SZ', '300811.SZ', '002886.SZ', '300328.SZ', '600207.SH', '688179.SH', '600727.SH', '688357.SH', '300806.SZ', '603212.SH', '600933.SH', '688300.SH', '605376.SH', '002805.SZ', '300586.SZ', '300871.SZ', '603681.SH', '603305.SH', '300589.SZ', '002455.SZ', '605007.SH', '300911.SZ', '688510.SH', '688388.SH', '300432.SZ', '600478.SH', '603668.SH', '300409.SZ', '688133.SH', '300900.SZ', '600929.SH', '605186.SH', '300894.SZ', '000688.SZ', '600396.SH', '688093.SH', '603010.SH', '300457.SZ', '300540.SZ', '300160.SZ', '300853.SZ', '300035.SZ', '002730.SZ', '300748.SZ', '603505.SH', '002979.SZ', '300887.SZ', '601208.SH', '002735.SZ', '003032.SZ', '300729.SZ', '300909.SZ', '002986.SZ', '002334.SZ', '002192.SZ', '688596.SH', '002810.SZ', '300191.SZ', '688135.SH', '002667.SZ', '300903.SZ', '002190.SZ', '603995.SH', '300151.SZ', '688519.SH', '002438.SZ', '003026.SZ', '603901.SH', '603633.SH', '300656.SZ', '688518.SH', '603169.SH', '300034.SZ', '688127.SH', '300460.SZ', '300395.SZ', '600237.SH', '300777.SZ', '300429.SZ', '605266.SH', '688505.SH', '300739.SZ', '603103.SH']"
2022-06-13,2022-06-10,2022-06-20,0.01955570063459504,100,0.71,,"['300820.SZ', '300801.SZ', '688196.SH', '300057.SZ', '603867.SH', '300811.SZ', '603979.SH', '300328.SZ', '002167.SZ', '300305.SZ', '000737.SZ', '300855.SZ', '688357.SH', '603115.SH', '603809.SH', '600727.SH', '300196.SZ', '300575.SZ', '300443.SZ', '688300.SH', '002984.SZ', '300806.SZ', '002091.SZ', '603212.SH', '300586.SZ', '002805.SZ', '603681.SH', '300224.SZ', '000859.SZ', '603306.SH', '600746.SH', '002455.SZ', '605376.SH', '002182.SZ', '002759.SZ', '002254.SZ', '603067.SH', '600110.SH', '002637.SZ', '600933.SH', '300093.SZ', '300409.SZ', '300821.SZ', '601137.SH', '000049.SZ', '000970.SZ', '600395.SH', '603010.SH', '002472.SZ', '688388.SH', '600929.SH', '300432.SZ', '300596.SZ', '000688.SZ', '603348.SH', '600586.SH', '300587.SZ', '300035.SZ', '002906.SZ', '605007.SH', '603305.SH', '300748.SZ', '600618.SH', '603871.SH', '603777.SH', '000887.SZ', '600711.SH', '601208.SH', '600251.SH', '603505.SH', '601677.SH', '600580.SH', '300850.SZ', '600780.SH', '600456.SH', '600428.SH', '300160.SZ', '603379.SH', '002585.SZ', '605123.SH', '600378.SH', '002738.SZ', '600063.SH', '603393.SH', '002245.SZ', '603938.SH', '002850.SZ', '600549.SH', '600452.SH', '002810.SZ', '603693.SH', '000848.SZ', '002145.SZ', '603026.SH', '002258.SZ', '002192.SZ', '002895.SZ', '300696.SZ', '300568.SZ', '002240.SZ']"
2022-06-20,2022-06-17,2022-06-27,0.031223277348537474,100,0.71,,"['002280.SZ', '603982.SH', '002431.SZ', '600821.SH', '002127.SZ', '300680.SZ', '300870.SZ', '002196.SZ', '600207.SH', '688179.SH', '600933.SH', '688357.SH', '603212.SH', '300811.SZ', '300806.SZ', '300855.SZ', '002472.SZ', '002805.SZ', '605376.SH', '300093.SZ', '603305.SH', '002455.SZ', '000918.SZ', '688388.SH', '600929.SH', '000688.SZ', '688133.SH', '600110.SH', '300871.SZ', '300900.SZ', '603010.SH', '300432.SZ', '300457.SZ', '002906.SZ', '000048.SZ', '000911.SZ', '300035.SZ', '601208.SH', '300748.SZ', '300001.SZ', '600988.SH', '600744.SH', '603566.SH', '002957.SZ', '002458.SZ', '603505.SH', '300767.SZ', '300850.SZ', '002928.SZ', '300894.SZ', '600378.SH', '000531.SZ', '600641.SH', '002850.SZ', '001896.SZ', '002840.SZ', '002810.SZ', '603477.SH', '002124.SZ', '300696.SZ', '002100.SZ', '002334.SZ', '603363.SH', '002567.SZ', '002895.SZ', '300887.SZ', '300761.SZ', '300091.SZ', '002190.SZ', '600882.SH', '688135.SH', '603885.SH', '300903.SZ', '002157.SZ', '300726.SZ', '605118.SH', '300191.SZ', '002568.SZ', '002505.SZ', '603826.SH', '300034.SZ', '603169.SH', '002389.SZ', '688127.SH', '300856.SZ', '300567.SZ', '603678.SH', '300777.SZ', '600581.SH', '300395.SZ', '603308.SH', '605369.SH', '603666.SH', '002923.SZ', '603915.SH', '603595.SH', '300723.SZ', '688122.SH', '600360.SH', '603327.SH']"
2022-06-27,2022-06-24,2022-07-04,-0.004513549359080397,100,0.51,,"['002280.SZ', '605333.SH', '600821.SH', '300870.SZ', '002892.SZ', '002127.SZ', '603959.SH', '003021.SZ', '300978.SZ', '300982.SZ', '300680.SZ', '002733.SZ', '600537.SH', '003038.SZ', '002196.SZ', '300258.SZ', '600207.SH', '300811.SZ', '002623.SZ', '603378.SH', '300825.SZ', '605008.SH', '002428.SZ', '603212.SH', '002886.SZ', '002824.SZ', '600877.SH', '688026.SH', '688339.SH', '688179.SH', '688357.SH', '688006.SH', '300806.SZ', '605376.SH', '000918.SZ', '300443.SZ', '600807.SH', '600933.SH', '600696.SH', '002455.SZ', '300589.SZ', '600165.SH', '688388.SH', '002706.SZ', '000048.SZ', '603305.SH', '001201.SZ', '688133.SH', '605007.SH', '300900.SZ', '603010.SH', '300457.SZ', '605186.SH', '600744.SH', '002957.SZ', '300001.SZ', '300748.SZ', '600641.SH', '002965.SZ', '300973.SZ', '300853.SZ', '300894.SZ', '300432.SZ', '601208.SH', '300850.SZ', '301029.SZ', '300767.SZ', '603505.SH', '001896.SZ', '002979.SZ', '002840.SZ', '688390.SH', '300887.SZ', '002124.SZ', '603477.SH', '688596.SH', '603218.SH', '003035.SZ', '300761.SZ', '688135.SH', '603377.SH', '300091.SZ', '300696.SZ', '300568.SZ', '002967.SZ', '300903.SZ', '603650.SH', '002617.SZ', '600882.SH', '603859.SH', '301031.SZ', '605118.SH', '600114.SH', '300191.SZ', '300151.SZ', '002568.SZ', '002190.SZ', '300073.SZ', '300101.SZ', '003026.SZ']"
2022-07-04,2022-07-01,2022-07-11,-0.017728801883510246,100,0.78,,"['605333.SH', '600207.SH', '600877.SH', '000682.SZ', '600550.SH', '600416.SH', '300589.SZ', '300593.SZ', '688377.SH', '002028.SZ', '688596.SH', '600990.SH', '603931.SH', '002850.SZ', '300191.SZ', '300903.SZ', '300696.SZ', '603315.SH', '688127.SH', '002190.SZ', '002438.SZ', '300073.SZ', '600523.SH', '003038.SZ', '688106.SH', '688550.SH', '603606.SH', '300416.SZ', '002937.SZ', '603306.SH', '603703.SH', '300726.SZ', '603169.SH', '002431.SZ', '688518.SH', '300811.SZ', '300567.SZ', '000531.SZ', '002865.SZ', '603327.SH', '300034.SZ', '603348.SH', '000603.SZ', '300777.SZ', '600933.SH', '300855.SZ', '300257.SZ', '300395.SZ', '688055.SH', '003035.SZ', '300655.SZ', '603305.SH', '300666.SZ', '603915.SH', '600807.SH', '605376.SH', '002472.SZ', '002625.SZ', '002859.SZ', '605116.SH', '688122.SH', '603979.SH', '603690.SH', '688026.SH', '300699.SZ', '002025.SZ', '688357.SH', '300054.SZ', '603171.SH', '300856.SZ', '688300.SH', '000688.SZ', '603871.SH', '600206.SH', '300623.SZ', '002930.SZ', '300806.SZ', '300671.SZ', '603223.SH', '603338.SH', '605369.SH', '002643.SZ', '002409.SZ', '603098.SH', '300723.SZ', '002484.SZ', '002138.SZ', '603309.SH', '002430.SZ', '300887.SZ', '300748.SZ', '600936.SH', '603228.SH', '002928.SZ', '600456.SH', '688677.SH', '300005.SZ', '603566.SH', '603110.SH', '000504.SZ']"
2022-07-11,2022-07-08,2022-07-18,-0.004987783376200585,78,0.88,,"['603577.SH', '002196.SZ', '600207.SH', '605186.SH', '600537.SH', '300853.SZ', '600822.SH', '000698.SZ', '000697.SZ', '600698.SH', '002723.SZ', '002342.SZ', '002480.SZ', '600391.SH', '600990.SH', '688596.SH', '300091.SZ', '000532.SZ', '600375.SH', '002579.SZ', '600396.SH', '002190.SZ', '000852.SZ', '300032.SZ', '002431.SZ', '600796.SH', '600198.SH', '001896.SZ', '002310.SZ', '600228.SH', '002865.SZ', '600117.SH', '601226.SH', '300777.SZ', '000911.SZ', '300198.SZ', '603569.SH', '600807.SH', '300021.SZ', '600135.SH', '600864.SH', '000056.SZ', '000667.SZ', '002548.SZ', '000918.SZ', '600222.SH', '000850.SZ', '600569.SH', '600831.SH', '000607.SZ', '300239.SZ', '600581.SH', '300887.SZ', '002642.SZ', '600624.SH', '002928.SZ', '600165.SH', '000504.SZ', '603138.SH', '600301.SH', '600936.SH', '000048.SZ', '000931.SZ', '603383.SH', '603377.SH', '603031.SH', '300761.SZ', '300687.SZ', '300525.SZ', '300379.SZ', '002280.SZ', '002505.SZ', '600429.SH', '600055.SH', '300674.SZ', '600836.SH', '002368.SZ', '002044.SZ']"
2022-07-18,2022-07-15,2022-07-25,0.008920480645347832,25,0.9358974358974359,,"['300890.SZ', '603662.SH', '600207.SH', '300540.SZ', '688589.SH', '002957.SZ', '300903.SZ', '688586.SH', '300853.SZ', '300857.SZ', '600396.SH', '688596.SH', '300566.SZ', '000925.SZ', '300848.SZ', '300322.SZ', '603324.SH', '603959.SH', '300847.SZ', '300551.SZ', '688277.SH', '000504.SZ', '300846.SZ', '300465.SZ', '300520.SZ']"
2022-07-25,2022-07-22,2022-08-01,0.05268899610935583,54,0.88,,"['605068.SH', '002977.SZ', '600207.SH', '300733.SZ', '300900.SZ', '300903.SZ', '002297.SZ', '002979.SZ', '688135.SH', '300680.SZ', '003026.SZ', '000700.SZ', '300429.SZ', '603809.SH', '002667.SZ', '300258.SZ', '300848.SZ', '603901.SH', '002579.SZ', '000532.SZ', '605118.SH', '600237.SH', '300328.SZ', '688089.SH', '600360.SH', '603936.SH', '300067.SZ', '603308.SH', '002054.SZ', '603739.SH', '603535.SH', '002734.SZ', '605108.SH', '688199.SH', '002886.SZ', '605266.SH', '300758.SZ', '600831.SH', '002923.SZ', '300806.SZ', '000888.SZ', '603976.SH', '603681.SH', '002474.SZ', '603377.SH', '300174.SZ', '000919.SZ', '002329.SZ', '603103.SH', '603010.SH', '002421.SZ', '000534.SZ', '300738.SZ', '300229.SZ']"
2022-08-01,2022-07-29,2022-08-08,-0.006497619489424663,85,0.5740740740740741,,"['300870.SZ', '300853.SZ', '002892.SZ', '300040.SZ', '300890.SZ', '605068.SH', '002196.SZ', '300953.SZ', '300813.SZ', '600207.SH', '002733.SZ', '002805.SZ', '300540.SZ', '300978.SZ', '300589.SZ', '300900.SZ', '300680.SZ', '300787.SZ', '688388.SH', '688589.SH', '300850.SZ', '688025.SH', '003043.SZ', '300191.SZ', '002297.SZ', '002965.SZ', '002979.SZ', '300903.SZ', '603809.SH', '688135.SH', '002559.SZ', '300258.SZ', '003038.SZ', '688596.SH', '300160.SZ', '002996.SZ', '603969.SH', '002334.SZ', '688077.SH', '605118.SH', '600237.SH', '002667.SZ', '300739.SZ', '002167.SZ', '300151.SZ', '300811.SZ', '603324.SH', '300328.SZ', '300432.SZ', '301031.SZ', '603959.SH', '300415.SZ', '603305.SH', '300855.SZ', '605199.SH', '688089.SH', '300382.SZ', '603327.SH', '600727.SH', '605108.SH', '002286.SZ', '002886.SZ', '300856.SZ', '300551.SZ', '688122.SH', '300305.SZ', '002182.SZ', '002923.SZ', '002436.SZ', '605007.SH', '002474.SZ', '603681.SH', '600251.SH', '688277.SH', '300041.SZ', '300846.SZ', '300552.SZ', '002455.SZ', '603010.SH', '000534.SZ', '603067.SH', '600929.SH', '002735.SZ', '300738.SZ', '603505.SH']"
2022-08-08,2022-08-05,2022-08-15,0.020215357502499563,94,0.5764705882352941,,"['300870.SZ', '002892.SZ', '605333.SH', '002196.SZ', '300946.SZ', '300733.SZ', '600207.SH', '603212.SH', '603662.SH', '300680.SZ', '300900.SZ', '300304.SZ', '002979.SZ', '002986.SZ', '688519.SH', '603809.SH', '603931.SH', '300191.SZ', '300258.SZ', '003038.SZ', '300151.SZ', '603901.SH', '603890.SH', '000532.SZ', '002438.SZ', '300032.SZ', '002167.SZ', '002190.SZ', '300811.SZ', '300328.SZ', '002741.SZ', '300777.SZ', '603936.SH', '600796.SH', '605016.SH', '600933.SH', '300855.SZ', '603959.SH', '603308.SH', '688089.SH', '300395.SZ', '601882.SH', '688055.SH', '300067.SZ', '600172.SH', '001201.SZ', '603327.SH', '300432.SZ', '603535.SH', '002859.SZ', '603739.SH', '603666.SH', '600727.SH', '603305.SH', '605008.SH', '300867.SZ', '605266.SH', '300856.SZ', '300806.SZ', '002923.SZ', '688122.SH', '002643.SZ', '603871.SH', '300887.SZ', '002474.SZ', '605007.SH', '603681.SH', '300846.SZ', '300239.SZ', '300872.SZ', '300748.SZ', '002455.SZ', '002969.SZ', '300766.SZ', '603566.SH', '603010.SH', '300627.SZ', '000534.SZ', '002777.SZ', '300761.SZ', '600929.SH', '300416.SZ', '601208.SH', '300729.SZ', '300767.SZ', '002735.SZ', '300738.SZ', '603279.SH', '300687.SZ', '603505.SH', '300229.SZ', '002752.SZ', '300633.SZ', '603826.SH']"
2022-08-15,2022-08-12,2022-08-22,0.012311769367235348,76,0.6063829787234043,,"['300040.SZ', '002196.SZ', '300733.SZ', '600207.SH', '300272.SZ', '300409.SZ', '300900.SZ', '603112.SH', '300680.SZ', '002979.SZ', '688519.SH', '300095.SZ', '603809.SH', '603969.SH', '300429.SZ', '002483.SZ', '300258.SZ', '300160.SZ', '300811.SZ', '002667.SZ', '300739.SZ', '000532.SZ', '603890.SH', '002167.SZ', '600114.SH', '300647.SZ', '002438.SZ', '603115.SH', '002973.SZ', '688089.SH', '300067.SZ', '002579.SZ', '600821.SH', '002054.SZ', '300829.SZ', '603959.SH', '603936.SH', '603739.SH', '002734.SZ', '600727.SH', '603327.SH', '605008.SH', '605266.SH', '688199.SH', '002286.SZ', '603360.SH', '000885.SZ', '300575.SZ', '002923.SZ', '600831.SH', '600846.SH', '002940.SZ', '605007.SH', '603126.SH', '603977.SH', '300723.SZ', '002522.SZ', '603976.SH', '002474.SZ', '603681.SH', '300846.SZ', '300239.SZ', '300174.SZ', '600251.SH', '002969.SZ', '002455.SZ', '000859.SZ', '603222.SH', '300766.SZ', '603103.SH', '603010.SH', '000534.SZ', '600618.SH', '300738.SZ', '300729.SZ', '002752.SZ']"
2022-08-22,2022-08-19,2022-08-29,-0.004685071095805028,100,0.7894736842105263,,"['002758.SZ', '002196.SZ', '300619.SZ', '002870.SZ', '002533.SZ', '600822.SH', '000922.SZ', '603897.SH', '300272.SZ', '600869.SH', '000521.SZ', '600590.SH', '603969.SH', '002584.SZ', '600742.SH', '603836.SH', '300732.SZ', '000852.SZ', '002483.SZ', '603013.SH', '002479.SZ', '600961.SH', '300647.SZ', '000751.SZ', '603890.SH', '300435.SZ', '300384.SZ', '603303.SH', '600617.SH', '002073.SZ', '603766.SH', '600531.SH', '603967.SH', '605166.SH', '603970.SH', '002085.SZ', '600248.SH', '002734.SZ', '000905.SZ', '002237.SZ', '600408.SH', '600727.SH', '600470.SH', '600784.SH', '603968.SH', '603558.SH', '002015.SZ', '000529.SZ', '002940.SZ', '603995.SH', '002588.SZ', '600829.SH', '002083.SZ', '603977.SH', '600180.SH', '002907.SZ', '605007.SH', '601717.SH', '600846.SH', '002641.SZ', '603681.SH', '002637.SZ', '600711.SH', '600594.SH', '600331.SH', '601368.SH', '002042.SZ', '000417.SZ', '600351.SH', '600810.SH', '600251.SH', '603222.SH', '600230.SH', '603113.SH', '603869.SH', '603676.SH', '600618.SH', '002468.SZ', '603368.SH', '600507.SH', '603611.SH', '002274.SZ', '600997.SH', '600361.SH', '603055.SH', '600403.SH', '600691.SH', '300226.SZ', '601116.SH', '600612.SH', '002697.SZ', '600422.SH', '603708.SH', '002228.SZ', '000422.SZ', '002004.SZ', '603818.SH', '002301.SZ', '002416.SZ', '600096.SH']"
2022-08-29,2022-08-26,2022-09-05,-0.004771837470927524,100,0.62,,"['002758.SZ', '000521.SZ', '002662.SZ', '603836.SH', '300732.SZ', '600742.SH', '002483.SZ', '600101.SH', '000779.SZ', '002479.SZ', '601038.SH', '600961.SH', '600545.SH', '002048.SZ', '603648.SH', '002039.SZ', '603967.SH', '603766.SH', '002062.SZ', '605166.SH', '600780.SH', '002443.SZ', '600368.SH', '600248.SH', '000905.SZ', '603856.SH', '603323.SH', '000833.SZ', '600727.SH', '600408.SH', '002391.SZ', '002392.SZ', '000543.SZ', '002398.SZ', '600496.SH', '600035.SH', '000753.SZ', '600470.SH', '600805.SH', '603968.SH', '600020.SH', '600784.SH', '000875.SZ', '000026.SZ', '600831.SH', '600829.SH', '603558.SH', '600180.SH', '000919.SZ', '002588.SZ', '000878.SZ', '600863.SH', '600724.SH', '002083.SZ', '601107.SH', '600479.SH', '002637.SZ', '600594.SH', '600565.SH', '000726.SZ', '000042.SZ', '000719.SZ', '600351.SH', '000417.SZ', '601368.SH', '600693.SH', '600251.SH', '600787.SH', '000517.SZ', '000789.SZ', '000761.SZ', '002966.SZ', '002042.SZ', '600282.SH', '603368.SH', '600971.SH', '603611.SH', '000912.SZ', '600720.SH', '600782.SH', '600461.SH', '601101.SH', '603610.SH', '600126.SH', '600691.SH', '600361.SH', '601811.SH', '601598.SH', '601116.SH', '600997.SH', '000778.SZ', '601339.SH', '002697.SZ', '002034.SZ', '600403.SH', '600790.SH', '601918.SH', '601801.SH', '002419.SZ', '600123.SH']"
2022-09-05,2022-09-02,2022-09-13,0.020518826727371896,46,0.9,,"['002989.SZ', '000521.SZ', '002121.SZ', '600982.SH', '600853.SH', '000779.SZ', '000601.SZ', '600512.SH', '603648.SH', '600133.SH', '601069.SH', '601789.SH', '000767.SZ', '000507.SZ', '600533.SH', '000753.SZ', '000926.SZ', '600668.SH', '002433.SZ', '600805.SH', '300291.SZ', '600716.SH', '000850.SZ', '603887.SH', '002393.SZ', '600067.SH', '600758.SH', '600269.SH', '002672.SZ', '600658.SH', '300047.SZ', '002589.SZ', '000417.SZ', '600168.SH', '000042.SZ', '002528.SZ', '600693.SH', '000006.SZ', '601368.SH', '600565.SH', '002707.SZ', '001872.SZ', '601718.SH', '600420.SH', '002244.SZ', '002277.SZ']"
2022-09-13,2022-09-09,2022-09-19,-0.06825845507703586,100,0.6521739130434783,,"['002758.SZ', '002870.SZ', '002441.SZ', '002328.SZ', '002533.SZ', '000521.SZ', '600742.SH', '600336.SH', '600982.SH', '002483.SZ', '600310.SH', '002116.SZ', '002048.SZ', '601038.SH', '600617.SH', '000601.SZ', '603967.SH', '600761.SH', '601789.SH', '002039.SZ', '603948.SH', '002062.SZ', '000905.SZ', '600780.SH', '601008.SH', '000951.SZ', '002237.SZ', '000921.SZ', '002267.SZ', '000507.SZ', '600408.SH', '600939.SH', '603856.SH', '600035.SH', '300268.SZ', '601665.SH', '000543.SZ', '000833.SZ', '600792.SH', '600583.SH', '688606.SH', '300533.SZ', '600668.SH', '600060.SH', '600125.SH', '000926.SZ', '600805.SH', '300485.SZ', '002588.SZ', '002940.SZ', '600098.SH', '600269.SH', '600077.SH', '600180.SH', '601717.SH', '000498.SZ', '000717.SZ', '000505.SZ', '600829.SH', '600758.SH', '601107.SH', '002083.SZ', '600578.SH', '600067.SH', '600479.SH', '000878.SZ', '002958.SZ', '002608.SZ', '600658.SH', '601003.SH', '600017.SH', '000726.SZ', '600565.SH', '600551.SH', '600283.SH', '000719.SZ', '000417.SZ', '601368.SH', '600251.SH', '600693.SH', '603368.SH', '600787.SH', '600717.SH', '600971.SH', '000761.SZ', '002042.SZ', '601128.SH', '600548.SH', '002932.SZ', '603299.SH', '000517.SZ', '002386.SZ', '600720.SH', '600282.SH', '600575.SH', '600691.SH', '600782.SH', '601101.SH', '600266.SH', '002183.SZ']"
2022-09-19,2022-09-16,2022-09-26,-0.03013147517695244,94,0.85,,"['300837.SZ', '605336.SH', '002882.SZ', '300824.SZ', '603530.SH', '605186.SH', '300649.SZ', '300833.SZ', '002121.SZ', '603166.SH', '002519.SZ', '000779.SZ', '002547.SZ', '002884.SZ', '300858.SZ', '603357.SH', '603035.SH', '300848.SZ', '000722.SZ', '002062.SZ', '603018.SH', '300873.SZ', '002666.SZ', '300584.SZ', '002959.SZ', '600650.SH', '601188.SH', '000833.SZ', '605183.SH', '002960.SZ', '600053.SH', '600714.SH', '000019.SZ', '688606.SH', '603535.SH', '605098.SH', '603856.SH', '300485.SZ', '300533.SZ', '600805.SH', '600371.SH', '603177.SH', '002940.SZ', '600668.SH', '600479.SH', '603590.SH', '603558.SH', '000557.SZ', '000788.SZ', '600716.SH', '603258.SH', '002644.SZ', '002991.SZ', '603868.SH', '600283.SH', '688317.SH', '000975.SZ', '601368.SH', '605338.SH', '603538.SH', '600548.SH', '605337.SH', '605080.SH', '002435.SZ', '600865.SH', '002538.SZ', '300158.SZ', '600693.SH', '600720.SH', '002550.SZ', '002818.SZ', '300406.SZ', '600508.SH', '600007.SH', '600557.SH', '600350.SH', '300662.SZ', '002038.SZ', '603886.SH', '001872.SZ', '002244.SZ', '300765.SZ', '603777.SH', '300841.SZ', '601579.SH', '603165.SH', '000915.SZ', '000061.SZ', '002737.SZ', '603229.SH', '002646.SZ', '002216.SZ', '600062.SH', '600056.SH']"
2022-09-26,2022-09-23,2022-10-10,-0.017055084545706724,60,0.776595744680851,,"['002277.SZ', '000728.SZ', '002818.SZ', '603676.SH', '600750.SH', '600101.SH', '300765.SZ', '002926.SZ', '300787.SZ', '600508.SH', '002993.SZ', '300533.SZ', '600403.SH', '000601.SZ', '000915.SZ', '002662.SZ', '002737.SZ', '600123.SH', '002519.SZ', '600179.SH', '600557.SH', '603299.SH', '600285.SH', '601008.SH', '600283.SH', '605117.SH', '603868.SH', '002448.SZ', '605080.SH', '002940.SZ', '600566.SH', '600720.SH', '600598.SH', '600865.SH', '601128.SH', '603968.SH', '002801.SZ', '002756.SZ', '000750.SZ', '000833.SZ', '002166.SZ', '600062.SH', '600873.SH', '600846.SH', '600559.SH', '000517.SZ', '603856.SH', '603165.SH', '002980.SZ', '600371.SH', '002749.SZ', '002483.SZ', '603115.SH', '603688.SH', '603357.SH', '603948.SH', '600032.SH', '000683.SZ', '000993.SZ', '600650.SH']"
2022-10-10,2022-09-30,2022-10-17,0.050864102620344326,100,0.6,,"['002818.SZ', '603886.SH', '601928.SH', '000885.SZ', '600035.SH', '603777.SH', '300533.SZ', '002768.SZ', '600508.SH', '002398.SZ', '600908.SH', '002345.SZ', '600368.SH', '002966.SZ', '002083.SZ', '002116.SZ', '600780.SH', '600325.SH', '600283.SH', '603368.SH', '601811.SH', '600987.SH', '000912.SZ', '000601.SZ', '000731.SZ', '600269.SH', '601107.SH', '300485.SZ', '002662.SZ', '600693.SH', '603766.SH', '000719.SZ', '002109.SZ', '002267.SZ', '600997.SH', '000026.SZ', '600757.SH', '600971.SH', '605080.SH', '603299.SH', '600720.SH', '600557.SH', '688606.SH', '002958.SZ', '002870.SZ', '002661.SZ', '601666.SH', '600729.SH', '600123.SH', '601665.SH', '603968.SH', '601339.SH', '600425.SH', '601128.SH', '600928.SH', '603323.SH', '002940.SZ', '601528.SH', '601188.SH', '600017.SH', '601801.SH', '600612.SH', '600012.SH', '000726.SZ', '002749.SZ', '000019.SZ', '002734.SZ', '600694.SH', '600790.SH', '603856.SH', '000517.SZ', '002932.SZ', '600461.SH', '603165.SH', '002391.SZ', '000417.SZ', '600479.SH', '601512.SH', '603357.SH', '600865.SH', '000529.SZ', '000833.SZ', '601008.SH', '000429.SZ', '600595.SH', '300732.SZ', '601038.SH', '600814.SH', '601187.SH', '600449.SH', '603558.SH', '002440.SZ', '002448.SZ', '603948.SH', '603648.SH', '002556.SZ', '600668.SH', '601900.SH', '002588.SZ', '002039.SZ']"
2022-10-17,2022-10-14,2022-10-24,-0.0262443714356283,64,0.96,,"['002968.SZ', '600173.SH', '000011.SZ', '603630.SH', '002990.SZ', '300531.SZ', '603383.SH', '300908.SZ', '300933.SZ', '002735.SZ', '603577.SH', '603333.SH', '300504.SZ', '603220.SH', '603618.SH', '300590.SZ', '300729.SZ', '002300.SZ', '000070.SZ', '600616.SH', '002929.SZ', '603777.SH', '002646.SZ', '300857.SZ', '300208.SZ', '002552.SZ', '300516.SZ', '300607.SZ', '000925.SZ', '002111.SZ', '002681.SZ', '603662.SH', '600853.SH', '600650.SH', '000680.SZ', '300732.SZ', '002189.SZ', '000700.SZ', '600834.SH', '600288.SH', '300080.SZ', '600794.SH', '600817.SH', '600609.SH', '600629.SH', '002957.SZ', '000576.SZ', '002488.SZ', '000550.SZ', '002519.SZ', '603856.SH', '002225.SZ', '000962.SZ', '000544.SZ', '300847.SZ', '601599.SH', '600714.SH', '603365.SH', '002361.SZ', '600470.SH', '002302.SZ', '002749.SZ', '002215.SZ', '601718.SH']"
2022-10-24,2022-10-21,2022-10-31,0.029692923079936873,100,0.796875,,"['300962.SZ', '300895.SZ', '002990.SZ', '300941.SZ', '300288.SZ', '300448.SZ', '688588.SH', '300541.SZ', '300996.SZ', '300465.SZ', '300531.SZ', '300378.SZ', '300352.SZ', '300439.SZ', '002649.SZ', '002421.SZ', '300079.SZ', '603222.SH', '600797.SH', '300598.SZ', '300634.SZ', '603983.SH', '600131.SH', '300143.SZ', '300036.SZ', '002261.SZ', '002063.SZ', '300358.SZ', '600850.SH', '000555.SZ', '600993.SH', '300685.SZ', '002368.SZ', '300933.SZ', '300310.SZ', '002792.SZ', '001208.SZ', '300423.SZ', '300510.SZ', '688313.SH', '603618.SH', '300504.SZ', '300129.SZ', '300292.SZ', '300477.SZ', '300590.SZ', '603530.SH', '600268.SH', '300548.SZ', '603212.SH', '600105.SH', '000070.SZ', '300792.SZ', '688558.SH', '002975.SZ', '002123.SZ', '601126.SH', '300540.SZ', '002498.SZ', '300001.SZ', '300376.SZ', '300982.SZ', '300831.SZ', '002184.SZ', '300857.SZ', '300576.SZ', '300582.SZ', '300259.SZ', '000676.SZ', '300099.SZ', '300002.SZ', '300488.SZ', '300095.SZ', '300802.SZ', '300276.SZ', '300647.SZ', '002655.SZ', '300459.SZ', '300607.SZ', '002351.SZ', '603131.SH', '002977.SZ', '300441.SZ', '000925.SZ', '300516.SZ', '300304.SZ', '002766.SZ', '300873.SZ', '300793.SZ', '002681.SZ', '002175.SZ', '300131.SZ', '002026.SZ', '002141.SZ', '300066.SZ', '688788.SH', '603738.SH', '000816.SZ', '300825.SZ', '600817.SH']"
2022-10-31,2022-10-28,2022-11-07,0.038533037988637546,100,0.71,,"['605098.SH', '000029.SZ', '002243.SZ', '002990.SZ', '600639.SH', '300448.SZ', '300386.SZ', '688588.SH', '300302.SZ', '002912.SZ', '300996.SZ', '002609.SZ', '300311.SZ', '300078.SZ', '600571.SH', '600855.SH', '300465.SZ', '300365.SZ', '688030.SH', '603869.SH', '300455.SZ', '300287.SZ', '300085.SZ', '002376.SZ', '603983.SH', '300468.SZ', '002649.SZ', '300079.SZ', '600797.SH', '300579.SZ', '600624.SH', '600602.SH', '688277.SH', '603383.SH', '300036.SZ', '300369.SZ', '000931.SZ', '300110.SZ', '300188.SZ', '002063.SZ', '300598.SZ', '000158.SZ', '300168.SZ', '688266.SH', '600728.SH', '300451.SZ', '300379.SZ', '002581.SZ', '600850.SH', '600446.SH', '002755.SZ', '000555.SZ', '601519.SH', '002275.SZ', '600718.SH', '600645.SH', '000997.SZ', '002368.SZ', '600252.SH', '002792.SZ', '002439.SZ', '300310.SZ', '002315.SZ', '600771.SH', '300571.SZ', '600329.SH', '300853.SZ', '600271.SH', '688313.SH', '300292.SZ', '300423.SZ', '300548.SZ', '000423.SZ', '603530.SH', '000070.SZ', '600738.SH', '002270.SZ', '600105.SH', '603212.SH', '600861.SH', '002467.SZ', '000851.SZ', '002218.SZ', '601515.SH', '300518.SZ', '600228.SH', '600616.SH', '002123.SZ', '600189.SH', '601126.SH', '600776.SH', '600681.SH', '600151.SH', '002498.SZ', '600580.SH', '300376.SZ', '600084.SH', '300208.SZ', '002506.SZ', '603258.SH']"
2022-11-07,2022-11-04,2022-11-14,-0.02597918360313446,70,0.97,,"['000011.SZ', '000090.SZ', '605007.SH', '688578.SH', '688166.SH', '300799.SZ', '000503.SZ', '300933.SZ', '300908.SZ', '688330.SH', '002255.SZ', '300617.SZ', '002452.SZ', '600268.SH', '002752.SZ', '000922.SZ', '603530.SH', '600105.SH', '002017.SZ', '002975.SZ', '300902.SZ', '002276.SZ', '605068.SH', '300435.SZ', '688661.SH', '300928.SZ', '002184.SZ', '688135.SH', '600580.SH', '688533.SH', '300903.SZ', '300802.SZ', '000777.SZ', '600237.SH', '300046.SZ', '002328.SZ', '300507.SZ', '000680.SZ', '300709.SZ', '002026.SZ', '300793.SZ', '688510.SH', '300263.SZ', '002284.SZ', '002664.SZ', '688003.SH', '002488.SZ', '300384.SZ', '600552.SH', '000811.SZ', '000561.SZ', '601717.SH', '002323.SZ', '600363.SH', '603126.SH', '688077.SH', '300065.SZ', '603115.SH', '002540.SZ', '000795.SZ', '000969.SZ', '002096.SZ', '600366.SH', '300224.SZ', '600888.SH', '300019.SZ', '002206.SZ', '002263.SZ', '600456.SH', '688133.SH']"
2022-11-14,2022-11-11,2022-11-21,0.02572311496941353,54,1.0,,"['600533.SH', '002016.SZ', '300541.SZ', '002178.SZ', '002912.SZ', '003029.SZ', '002376.SZ', '002551.SZ', '603138.SH', '600624.SH', '600200.SH', '002644.SZ', '300158.SZ', '002561.SZ', '600693.SH', '300571.SZ', '600824.SH', '603333.SH', '002187.SZ', '600361.SH', '603031.SH', '002882.SZ', '603949.SH', '600836.SH', '600228.SH', '002301.SZ', '600381.SH', '002489.SZ', '601579.SH', '600805.SH', '600620.SH', '300824.SZ', '600199.SH', '002448.SZ', '600822.SH', '300649.SZ', '002559.SZ', '002822.SZ', '000779.SZ', '600190.SH', '600512.SH', '002542.SZ', '601789.SH', '300189.SZ', '002062.SZ', '002596.SZ', '603018.SH', '603177.SH', '600975.SH', '000505.SZ', '600284.SH', '600127.SH', '601606.SH', '000510.SZ']"
2022-11-21,2022-11-18,2022-11-28,-0.016713956639373362,100,0.6296296296296297,,"['002016.SZ', '300448.SZ', '600658.SH', '000011.SZ', '603630.SH', '300020.SZ', '002376.SZ', '000631.SZ', '000029.SZ', '300016.SZ', '002082.SZ', '300381.SZ', '600007.SH', '600624.SH', '603590.SH', '000813.SZ', '002755.SZ', '002275.SZ', '603987.SH', '300504.SZ', '002735.SZ', '300571.SZ', '603165.SH', '600865.SH', '600693.SH', '600824.SH', '603949.SH', '600628.SH', '600836.SH', '601116.SH', '002882.SZ', '000070.SZ', '600738.SH', '000058.SZ', '600616.SH', '002583.SZ', '300518.SZ', '601515.SH', '600228.SH', '600775.SH', '002650.SZ', '600729.SH', '002570.SZ', '601579.SH', '600805.SH', '300317.SZ', '603002.SH', '002646.SZ', '600429.SH', '600084.SH', '000531.SZ', '300788.SZ', '600651.SH', '600825.SH', '002448.SZ', '600681.SH', '600197.SH', '300647.SZ', '002367.SZ', '002328.SZ', '603648.SH', '300824.SZ', '600327.SH', '603258.SH', '600288.SH', '600620.SH', '601002.SH', '600650.SH', '600834.SH', '600301.SH', '603969.SH', '600751.SH', '002267.SZ', '002884.SZ', '002766.SZ', '600495.SH', '002822.SZ', '000680.SZ', '300447.SZ', '603081.SH', '600545.SH', '003016.SZ', '600343.SH', '600796.SH', '603018.SH', '300470.SZ', '603359.SH', '000576.SZ', '600284.SH', '600590.SH', '002596.SZ', '600184.SH', '300236.SZ', '600725.SH', '601606.SH', '600053.SH', '600965.SH', '002519.SZ', '600724.SH', '600714.SH']"
2022-11-28,2022-11-25,2022-12-05,0.04445240072312244,100,0.79,,"['603165.SH', '600865.SH', '600693.SH', '000417.SZ', '002303.SZ', '300016.SZ', '002940.SZ', '002067.SZ', '603590.SH', '600814.SH', '601116.SH', '002228.SZ', '300110.SZ', '600488.SH', '002277.SZ', '601366.SH', '002435.SZ', '600694.SH', '603367.SH', '603697.SH', '002697.SZ', '600828.SH', '600308.SH', '600420.SH', '002489.SZ', '000501.SZ', '600729.SH', '600073.SH', '002479.SZ', '002448.SZ', '600551.SH', '000993.SZ', '600805.SH', '600648.SH', '600279.SH', '002328.SZ', '603648.SH', '000601.SZ', '002757.SZ', '002627.SZ', '300193.SZ', '600822.SH', '600757.SH', '300824.SZ', '600758.SH', '601188.SH', '603012.SH', '000905.SZ', '002367.SZ', '600368.SH', '601811.SH', '600794.SH', '601002.SH', '601801.SH', '002267.SZ', '600035.SH', '300145.SZ', '300732.SZ', '000507.SZ', '600190.SH', '001696.SZ', '600545.SH', '300268.SZ', '600512.SH', '600020.SH', '000900.SZ', '300272.SZ', '603357.SH', '300673.SZ', '300284.SZ', '003016.SZ', '000019.SZ', '600575.SH', '600125.SH', '601928.SH', '603018.SH', '600269.SH', '601107.SH', '000576.SZ', '002930.SZ', '603856.SH', '002661.SZ', '000429.SZ', '002614.SZ', '000055.SZ', '000505.SZ', '600127.SH', '002443.SZ', '002398.SZ', '600717.SH', '002035.SZ', '002519.SZ', '300664.SZ', '603686.SH', '603558.SH', '603808.SH', '603365.SH', '002327.SZ', '600724.SH', '000026.SZ']"
2022-12-05,2022-12-02,2022-12-12,-0.013492105552762654,87,0.68,,"['603887.SH', '600693.SH', '000417.SZ', '600829.SH', '002582.SZ', '600408.SH', '601366.SH', '000882.SZ', '603333.SH', '600278.SH', '603818.SH', '600694.SH', '002228.SZ', '002277.SZ', '002251.SZ', '600828.SH', '000910.SZ', '600420.SH', '002419.SZ', '603708.SH', '002301.SZ', '600308.SH', '002489.SZ', '600073.SH', '600729.SH', '002845.SZ', '600758.SH', '000488.SZ', '600067.SH', '600982.SH', '000042.SZ', '600310.SH', '000560.SZ', '600565.SH', '002448.SZ', '600979.SH', '002328.SZ', '600626.SH', '600617.SH', '600822.SH', '002627.SZ', '600805.SH', '600081.SH', '000905.SZ', '000601.SZ', '000698.SZ', '600798.SH', '600327.SH', '000652.SZ', '000507.SZ', '002822.SZ', '600035.SH', '601015.SH', '600853.SH', '600190.SH', '000402.SZ', '000900.SZ', '600512.SH', '600133.SH', '600180.SH', '601789.SH', '300268.SZ', '000528.SZ', '600961.SH', '600939.SH', '002443.SZ', '002614.SZ', '000751.SZ', '002596.SZ', '000639.SZ', '600787.SH', '600619.SH', '000505.SZ', '600127.SH', '000055.SZ', '600336.SH', '000498.SZ', '600820.SH', '603808.SH', '002345.SZ', '002029.SZ', '600727.SH', '002042.SZ', '002237.SZ', '000761.SZ', '600782.SH', '600691.SH']"
2022-12-12,2022-12-09,2022-12-19,-0.026116894998949435,100,0.8045977011494253,,"['605098.SH', '605080.SH', '002376.SZ', '603630.SH', '603610.SH', '603881.SH', '603590.SH', '603165.SH', '002900.SZ', '002735.SZ', '300729.SZ', '600824.SH', '600420.SH', '600682.SH', '603180.SH', '002117.SZ', '600361.SH', '600628.SH', '002038.SZ', '000910.SZ', '601366.SH', '600694.SH', '002582.SZ', '601512.SH', '600867.SH', '002882.SZ', '002346.SZ', '002489.SZ', '000501.SZ', '601515.SH', '300837.SZ', '000513.SZ', '600982.SH', '600648.SH', '600101.SH', '000785.SZ', '300857.SZ', '002479.SZ', '300494.SZ', '600617.SH', '688181.SH', '002448.SZ', '603002.SH', '002726.SZ', '002328.SZ', '000531.SZ', '688550.SH', '600007.SH', '600681.SH', '603258.SH', '002757.SZ', '601011.SH', '000791.SZ', '600597.SH', '300824.SZ', '603533.SH', '600805.SH', '002055.SZ', '002267.SZ', '603166.SH', '603393.SH', '603809.SH', '600327.SH', '002884.SZ', '300323.SZ', '600751.SH', '600997.SH', '000543.SZ', '600035.SH', '603359.SH', '000528.SZ', '600796.SH', '600318.SH', '003016.SZ', '000062.SZ', '002548.SZ', '600098.SH', '002286.SZ', '600269.SH', '603766.SH', '000828.SZ', '002408.SZ', '600127.SH', '600120.SH', '600820.SH', '000563.SZ', '600251.SH', '601368.SH', '605166.SH', '002666.SZ', '603558.SH', '603808.SH', '600350.SH', '002083.SZ', '688199.SH', '002100.SZ', '000598.SZ', '603739.SH', '000546.SZ', '600746.SH']"
2022-12-19,2022-12-16,2022-12-26,-0.011791806993323545,74,0.55,,"['300047.SZ', '600756.SH', '000042.SZ', '603590.SH', '000560.SZ', '002735.SZ', '603165.SH', '603881.SH', '300729.SZ', '603180.SH', '600693.SH', '000910.SZ', '300870.SZ', '300040.SZ', '002489.SZ', '002419.SZ', '603708.SH', '002616.SZ', '000501.SZ', '300483.SZ', '600982.SH', '600101.SH', '600617.SH', '002726.SZ', '000531.SZ', '688181.SH', '688550.SH', '000791.SZ', '600758.SH', '603393.SH', '300182.SZ', '002627.SZ', '603809.SH', '002055.SZ', '600368.SH', '000543.SZ', '603166.SH', '600327.SH', '600751.SH', '600798.SH', '300967.SZ', '601011.SH', '600035.SH', '000875.SZ', '600318.SH', '600098.SH', '002548.SZ', '002286.SZ', '600997.SH', '600269.SH', '603766.SH', '601107.SH', '002408.SZ', '000582.SZ', '600643.SH', '603558.SH', '600251.SH', '601368.SH', '605166.SH', '002567.SZ', '600350.SH', '002083.SZ', '601666.SH', '688199.SH', '300761.SZ', '002100.SZ', '000546.SZ', '002042.SZ', '603739.SH', '000598.SZ', '600282.SH', '600810.SH', '600623.SH', '600500.SH']"
2022-12-26,2022-12-23,2023-01-03,0.0072044394340089355,19,0.9864864864864865,,"['300368.SZ', '300238.SZ', '000504.SZ', '000659.SZ', '002616.SZ', '600744.SH', '300733.SZ', '603626.SH', '300228.SZ', '600375.SH', '000918.SZ', '300198.SZ', '000697.SZ', '600807.SH', '000048.SZ', '600117.SH', '600293.SH', '000850.SZ', '600165.SH']"
2023-01-03,2022-12-30,2023-01-09,0.003948019536697303,96,0.6842105263157895,,"['002446.SZ', '600095.SH', '002121.SZ', '603555.SH', '002547.SZ', '002238.SZ', '000595.SZ', '000697.SZ', '002750.SZ', '002181.SZ', '600536.SH', '002735.SZ', '002389.SZ', '000516.SZ', '002746.SZ', '002912.SZ', '000766.SZ', '000816.SZ', '002542.SZ', '003029.SZ', '603777.SH', '603138.SH', '002491.SZ', '000504.SZ', '600199.SH', '002299.SZ', '002458.SZ', '600165.SH', '000957.SZ', '603383.SH', '603703.SH', '600478.SH', '002907.SZ', '000584.SZ', '000503.SZ', '600495.SH', '002785.SZ', '688311.SH', '300208.SZ', '002707.SZ', '600121.SH', '603110.SH', '603983.SH', '002665.SZ', '002644.SZ', '603636.SH', '688023.SH', '000659.SZ', '002928.SZ', '600129.SH', '300799.SZ', '600084.SH', '000712.SZ', '000631.SZ', '000918.SZ', '600053.SH', '600836.SH', '600675.SH', '300024.SZ', '600861.SH', '000931.SZ', '300125.SZ', '000975.SZ', '600400.SH', '300379.SZ', '000788.SZ', '600106.SH', '300996.SZ', '600624.SH', '000965.SZ', '688369.SH', '600936.SH', '002739.SZ', '600228.SH', '603136.SH', '600977.SH', '300251.SZ', '600771.SH', '000056.SZ', '600416.SH', '603885.SH', '600054.SH', '600343.SH', '600775.SH', '300198.SZ', '603103.SH', '300518.SZ', '000566.SZ', '601595.SH', '300506.SZ', '601519.SH', '600770.SH', '600361.SH', '600621.SH', '600258.SH', '600246.SH']"
2023-01-09,2023-01-06,2023-01-16,0.00024121481314957172,100,0.96875,,"['688100.SH', '300532.SZ', '603171.SH', '688697.SH', '002017.SZ', '001323.SZ', '300939.SZ', '605068.SH', '605060.SH', '001308.SZ', '605186.SH', '003031.SZ', '002197.SZ', '605128.SH', '603577.SH', '002777.SZ', '300314.SZ', '000628.SZ', '300488.SZ', '300684.SZ', '001270.SZ', '300547.SZ', '300354.SZ', '603966.SH', '300629.SZ', '603811.SH', '301217.SZ', '002559.SZ', '603619.SH', '001203.SZ', '300229.SZ', '300217.SZ', '002510.SZ', '300607.SZ', '002843.SZ', '603703.SH', '688377.SH', '605507.SH', '003002.SZ', '603959.SH', '600131.SH', '300066.SZ', '301175.SZ', '002368.SZ', '002741.SZ', '688022.SH', '002125.SZ', '603309.SH', '603283.SH', '300396.SZ', '002937.SZ', '301155.SZ', '600818.SH', '603416.SH', '603398.SH', '300481.SZ', '000603.SZ', '000534.SZ', '002946.SZ', '300811.SZ', '603901.SH', '300721.SZ', '600995.SH', '688278.SH', '605008.SH', '002973.SZ', '002785.SZ', '603979.SH', '600478.SH', '603306.SH', '603690.SH', '300382.SZ', '003032.SZ', '002653.SZ', '603100.SH', '603665.SH', '003035.SZ', '688037.SH', '300119.SZ', '002158.SZ', '600866.SH', '300054.SZ', '300257.SZ', '688617.SH', '600872.SH', '601882.SH', '002166.SZ', '002865.SZ', '603308.SH', '600118.SH', '002531.SZ', '603712.SH', '002747.SZ', '002518.SZ', '600481.SH', '000155.SZ', '002254.SZ', '300910.SZ', '603505.SH', '603826.SH']"
2023-01-16,2023-01-13,2023-01-30,0.02455602957736395,100,0.71,,"['688100.SH', '301236.SZ', '300248.SZ', '001308.SZ', '688767.SH', '002017.SZ', '301268.SZ', '003031.SZ', '605060.SH', '300791.SZ', '605338.SH', '300580.SZ', '603966.SH', '002668.SZ', '300502.SZ', '688317.SH', '001203.SZ', '300674.SZ', '000159.SZ', '688399.SH', '002063.SZ', '605507.SH', '300149.SZ', '002488.SZ', '003002.SZ', '688068.SH', '600777.SH', '600131.SH', '301089.SZ', '603927.SH', '600403.SH', '600818.SH', '603416.SH', '002705.SZ', '002439.SZ', '688003.SH', '603920.SH', '301216.SZ', '300196.SZ', '000810.SZ', '603399.SH', '002984.SZ', '603398.SH', '002851.SZ', '300811.SZ', '002318.SZ', '688268.SH', '300233.SZ', '300801.SZ', '688278.SH', '002946.SZ', '603301.SH', '600995.SH', '601001.SH', '300463.SZ', '300035.SZ', '600425.SH', '002973.SZ', '300382.SZ', '603690.SH', '600330.SH', '300482.SZ', '000920.SZ', '002158.SZ', '002166.SZ', '002219.SZ', '000707.SZ', '600720.SH', '002906.SZ', '003032.SZ', '688617.SH', '600790.SH', '600116.SH', '002865.SZ', '600481.SH', '002531.SZ', '000729.SZ', '002463.SZ', '601975.SH', '002444.SZ', '002539.SZ', '002518.SZ', '601058.SH', '002030.SZ', '603299.SH', '603338.SH', '600392.SH', '000012.SZ', '603858.SH', '002015.SZ', '600328.SH', '002240.SZ', '300203.SZ', '000155.SZ', '600063.SH', '603612.SH', '600415.SH', '002895.SZ', '000893.SZ', '002683.SZ']"
2023-01-30,2023-01-20,2023-02-06,0.026540711072728713,85,0.76,,"['300570.SZ', '300513.SZ', '300504.SZ', '301048.SZ', '300288.SZ', '688579.SH', '300248.SZ', '002017.SZ', '300550.SZ', '300531.SZ', '603869.SH', '300342.SZ', '002255.SZ', '605338.SH', '300259.SZ', '300130.SZ', '300632.SZ', '002282.SZ', '600776.SH', '300314.SZ', '603618.SH', '300684.SZ', '300488.SZ', '300079.SZ', '300410.SZ', '300430.SZ', '600379.SH', '300642.SZ', '300105.SZ', '000153.SZ', '603966.SH', '300304.SZ', '000159.SZ', '603898.SH', '002510.SZ', '002559.SZ', '603628.SH', '300674.SZ', '603324.SH', '603239.SH', '300307.SZ', '002119.SZ', '600173.SH', '002955.SZ', '003002.SZ', '300345.SZ', '000922.SZ', '300341.SZ', '600650.SH', '600131.SH', '300149.SZ', '000886.SZ', '002733.SZ', '300066.SZ', '600525.SH', '002488.SZ', '002439.SZ', '600114.SH', '603398.SH', '600818.SH', '000976.SZ', '601886.SH', '600072.SH', '603889.SH', '002276.SZ', '603416.SH', '688003.SH', '600425.SH', '600449.SH', '002361.SZ', '000811.SZ', '002562.SZ', '002498.SZ', '603690.SH', '000544.SZ', '600171.SH', '300382.SZ', '000729.SZ', '600330.SH', '600116.SH', '002531.SZ', '300019.SZ', '300203.SZ', '000822.SZ', '002683.SZ']"
2023-02-06,2023-02-03,2023-02-13,0.02230660920956225,45,0.7529411764705882,,"['688579.SH', '300645.SZ', '300205.SZ', '300248.SZ', '600088.SH', '300550.SZ', '300659.SZ', '000010.SZ', '300378.SZ', '002255.SZ', '002452.SZ', '300472.SZ', '300342.SZ', '600797.SH', '300632.SZ', '002350.SZ', '300252.SZ', '300430.SZ', '603618.SH', '300506.SZ', '300369.SZ', '300598.SZ', '600379.SH', '300647.SZ', '300307.SZ', '000159.SZ', '000503.SZ', '300410.SZ', '300046.SZ', '300304.SZ', '300105.SZ', '300188.SZ', '300471.SZ', '600237.SH', '300328.SZ', '600268.SH', '600114.SH', '002488.SZ', '002439.SZ', '002073.SZ', '688003.SH', '000811.SZ', '002361.SZ', '600730.SH', '300203.SZ']"
2023-02-13,2023-02-10,2023-02-20,-0.011028015711236972,64,0.7333333333333333,,"['300552.SZ', '603220.SH', '300302.SZ', '300691.SZ', '600088.SH', '300061.SZ', '300542.SZ', '300205.SZ', '688136.SH', '688155.SH', '688589.SH', '300365.SZ', '605199.SH', '300872.SZ', '000010.SZ', '300078.SZ', '300632.SZ', '603189.SH', '002900.SZ', '603990.SH', '002622.SZ', '300465.SZ', '002584.SZ', '300378.SZ', '300045.SZ', '300472.SZ', '002551.SZ', '002452.SZ', '300287.SZ', '002631.SZ', '300322.SZ', '002912.SZ', '002196.SZ', '002189.SZ', '002565.SZ', '002082.SZ', '300647.SZ', '002650.SZ', '000777.SZ', '600222.SH', '300046.SZ', '600698.SH', '603076.SH', '300510.SZ', '300328.SZ', '300161.SZ', '300477.SZ', '002750.SZ', '603068.SH', '300471.SZ', '600268.SH', '300318.SZ', '002529.SZ', '002208.SZ', '300657.SZ', '002428.SZ', '603960.SH', '002917.SZ', '603126.SH', '300740.SZ', '002481.SZ', '600135.SH', '000888.SZ', '002059.SZ']"
2023-02-20,2023-02-17,2023-02-27,-0.005402154025296467,100,0.953125,,"['605577.SH', '603825.SH', '300788.SZ', '002115.SZ', '301048.SZ', '600387.SH', '600757.SH', '603071.SH', '002035.SZ', '002758.SZ', '002584.SZ', '600336.SH', '002082.SZ', '603002.SH', '600822.SH', '600203.SH', '605050.SH', '000159.SZ', '603618.SH', '002543.SZ', '600081.SH', '002469.SZ', '603898.SH', '002533.SZ', '600829.SH', '600218.SH', '600133.SH', '600479.SH', '600961.SH', '603158.SH', '603611.SH', '600327.SH', '601609.SH', '603359.SH', '600590.SH', '002462.SZ', '002559.SZ', '002301.SZ', '300184.SZ', '603967.SH', '000862.SZ', '603018.SH', '600351.SH', '000751.SZ', '600173.SH', '000407.SZ', '000700.SZ', '600575.SH', '600533.SH', '300110.SZ', '002540.SZ', '300226.SZ', '002375.SZ', '603689.SH', '600650.SH', '600248.SH', '002106.SZ', '000059.SZ', '600713.SH', '601918.SH', '000680.SZ', '600644.SH', '600531.SH', '600939.SH', '600742.SH', '002392.SZ', '600997.SH', '600284.SH', '000055.SZ', '000626.SZ', '600782.SH', '000612.SZ', '002398.SZ', '300437.SZ', '603987.SH', '600496.SH', '002225.SZ', '000905.SZ', '600982.SH', '600491.SH', '000778.SZ', '000550.SZ', '000011.SZ', '603368.SH', '002404.SZ', '600502.SH', '000928.SZ', '600805.SH', '000906.SZ', '002061.SZ', '601113.SH', '000950.SZ', '603126.SH', '002083.SZ', '000498.SZ', '000062.SZ', '600295.SH', '600278.SH', '000726.SZ', '600694.SH']"
2023-02-27,2023-02-24,2023-03-06,0.015503308841350715,100,0.57,,"['601956.SH', '000719.SZ', '603071.SH', '600757.SH', '601900.SH', '000153.SZ', '000404.SZ', '601811.SH', '300040.SZ', '002035.SZ', '300739.SZ', '300439.SZ', '600822.SH', '600336.SH', '300194.SZ', '603890.SH', '601801.SH', '600829.SH', '603527.SH', '603618.SH', '603898.SH', '002559.SZ', '603948.SH', '000407.SZ', '002533.SZ', '603012.SH', '600479.SH', '002449.SZ', '600173.SH', '600594.SH', '600961.SH', '002469.SZ', '688015.SH', '603967.SH', '000700.SZ', '603689.SH', '002301.SZ', '002479.SZ', '301216.SZ', '002752.SZ', '002106.SZ', '600650.SH', '600644.SH', '002662.SZ', '600575.SH', '603667.SH', '600368.SH', '600308.SH', '600713.SH', '601918.SH', '600742.SH', '000680.SZ', '600531.SH', '600971.SH', '000626.SZ', '002392.SZ', '300801.SZ', '000612.SZ', '002783.SZ', '600525.SH', '002398.SZ', '600997.SH', '000905.SZ', '600403.SH', '001696.SZ', '002225.SZ', '603013.SH', '600782.SH', '600073.SH', '000833.SZ', '002391.SZ', '002130.SZ', '002404.SZ', '600496.SH', '000921.SZ', '002039.SZ', '300196.SZ', '000417.SZ', '300664.SZ', '603368.SH', '002734.SZ', '600180.SH', '601038.SH', '000551.SZ', '603020.SH', '600966.SH', '000906.SZ', '600278.SH', '000920.SZ', '000885.SZ', '603889.SH', '600060.SH', '600784.SH', '600694.SH', '000950.SZ', '002688.SZ', '000026.SZ', '600125.SH', '000937.SZ', '603968.SH']"
2023-03-06,2023-03-03,2023-03-13,-0.018814246445310007,44,0.96,,"['600228.SH', '300291.SZ', '600387.SH', '002322.SZ', '600052.SH', '300645.SZ', '601956.SH', '600229.SH', '002376.SZ', '603869.SH', '002448.SZ', '000159.SZ', '603768.SH', '600851.SH', '600716.SH', '601002.SH', '603359.SH', '000407.SZ', '600173.SH', '000931.SZ', '600616.SH', '600327.SH', '300284.SZ', '300110.SZ', '600300.SH', '603018.SH', '600897.SH', '600271.SH', '600658.SH', '002225.SZ', '000036.SZ', '600824.SH', '600106.SH', '600805.SH', '002361.SZ', '600967.SH', '600628.SH', '002029.SZ', '600705.SH', '603031.SH', '600135.SH', '002302.SZ', '000623.SZ', '000936.SZ']"
2023-03-13,2023-03-10,2023-03-20,-0.002847482270410949,51,0.7045454545454546,,"['600228.SH', '300571.SZ', '603825.SH', '002306.SZ', '000010.SZ', '600088.SH', '600198.SH', '000607.SZ', '300365.SZ', '300391.SZ', '300853.SZ', '300645.SZ', '600222.SH', '000159.SZ', '300342.SZ', '600836.SH', '002400.SZ', '603669.SH', '600624.SH', '300105.SZ', '603359.SH', '600327.SH', '600173.SH', '600616.SH', '600629.SH', '600533.SH', '300598.SZ', '300110.SZ', '603018.SH', '002437.SZ', '002644.SZ', '600284.SH', '603711.SH', '600658.SH', '000906.SZ', '000011.SZ', '600491.SH', '002264.SZ', '000928.SZ', '300189.SZ', '600335.SH', '000498.SZ', '002361.SZ', '000523.SZ', '603555.SH', '600639.SH', '300518.SZ', '002919.SZ', '000090.SZ', '600705.SH', '002302.SZ']"
2023-03-20,2023-03-17,2023-03-27,0.03243922788869761,100,0.4117647058823529,,"['300941.SZ', '600088.SH', '300386.SZ', '603825.SH', '300291.SZ', '300365.SZ', '600198.SH', '002322.SZ', '600387.SH', '000010.SZ', '002977.SZ', '601595.SH', '002376.SZ', '300853.SZ', '300872.SZ', '300645.SZ', '300465.SZ', '002900.SZ', '300020.SZ', '002400.SZ', '002584.SZ', '600640.SH', '300287.SZ', '300342.SZ', '300085.SZ', '600822.SH', '600836.SH', '002189.SZ', '600203.SH', '600841.SH', '300468.SZ', '600222.SH', '000159.SZ', '002565.SZ', '688015.SH', '600855.SH', '600373.SH', '603669.SH', '601002.SH', '300046.SZ', '300079.SZ', '002650.SZ', '603359.SH', '600327.SH', '000503.SZ', '600616.SH', '600629.SH', '002413.SZ', '600851.SH', '000777.SZ', '600173.SH', '000407.SZ', '600797.SH', '600184.SH', '600268.SH', '600300.SH', '000931.SZ', '600495.SH', '000158.SZ', '600990.SH', '603018.SH', '300369.SZ', '300598.SZ', '300184.SZ', '300110.SZ', '300579.SZ', '600351.SH', '601515.SH', '300527.SZ', '002375.SZ', '600288.SH', '002437.SZ', '002063.SZ', '002644.SZ', '600284.SH', '300188.SZ', '000550.SZ', '300762.SZ', '000011.SZ', '002135.SZ', '002398.SZ', '600446.SH', '000906.SZ', '000030.SZ', '600491.SH', '600106.SH', '600496.SH', '600072.SH', '600664.SH', '600120.SH', '002439.SZ', '000811.SZ', '002755.SZ', '000528.SZ', '002268.SZ', '300189.SZ', '000928.SZ', '600824.SH', '601099.SH', '600639.SH']"
2023-03-27,2023-03-24,2023-04-03,0.006099466750291804,100,0.82,,"['300552.SZ', '002970.SZ', '300386.SZ', '002792.SZ', '300551.SZ', '002908.SZ', '300365.SZ', '300590.SZ', '300541.SZ', '301048.SZ', '300872.SZ', '300571.SZ', '688558.SH', '603990.SH', '300465.SZ', '300902.SZ', '600198.SH', '002376.SZ', '600571.SH', '301200.SZ', '688027.SH', '688588.SH', '603825.SH', '300020.SZ', '688155.SH', '300061.SZ', '002583.SZ', '300287.SZ', '688589.SH', '688580.SH', '300378.SZ', '300098.SZ', '300752.SZ', '002123.SZ', '688682.SH', '300468.SZ', '002975.SZ', '300085.SZ', '002232.SZ', '688788.SH', '300377.SZ', '300809.SZ', '300853.SZ', '300455.SZ', '300857.SZ', '300768.SZ', '300447.SZ', '300472.SZ', '688049.SH', '603859.SH', '300348.SZ', '002724.SZ', '002400.SZ', '688025.SH', '300647.SZ', '002396.SZ', '688158.SH', '002829.SZ', '300095.SZ', '688595.SH', '688186.SH', '000503.SZ', '002544.SZ', '300410.SZ', '301219.SZ', '603466.SH', '002651.SZ', '002082.SZ', '603386.SH', '300046.SZ', '603011.SH', '600698.SH', '300177.SZ', '002161.SZ', '300379.SZ', '300036.SZ', '002189.SZ', '300322.SZ', '600238.SH', '002288.SZ', '300802.SZ', '688586.SH', '600053.SH', '603131.SH', '688299.SH', '600446.SH', '300510.SZ', '000777.SZ', '600556.SH', '300168.SZ', '300307.SZ', '002655.SZ', '000816.SZ', '002212.SZ', '603068.SH', '603960.SH', '601519.SH', '688277.SH', '000962.SZ', '002935.SZ']"
2023-04-03,2023-03-31,2023-04-10,0.0011958895725335784,100,0.81,,"['688521.SH', '600771.SH', '600895.SH', '688256.SH', '688158.SH', '600118.SH', '002747.SZ', '300236.SZ', '600199.SH', '300490.SZ', '002119.SZ', '002651.SZ', '603131.SH', '300603.SZ', '300252.SZ', '300331.SZ', '600072.SH', '601519.SH', '300645.SZ', '300123.SZ', '300291.SZ', '300263.SZ', '002453.SZ', '000818.SZ', '000988.SZ', '688321.SH', '688018.SH', '002218.SZ', '002819.SZ', '688580.SH', '600114.SH', '600552.SH', '600446.SH', '300136.SZ', '002434.SZ', '002655.SZ', '688095.SH', '603881.SH', '603169.SH', '601595.SH', '300809.SZ', '002544.SZ', '300476.SZ', '603068.SH', '688001.SH', '002389.SZ', '000426.SZ', '002605.SZ', '688088.SH', '605136.SH', '000032.SZ', '600105.SH', '688588.SH', '300079.SZ', '600556.SH', '603005.SH', '600228.SH', '600363.SH', '600171.SH', '600640.SH', '002268.SZ', '300792.SZ', '688277.SH', '688339.SH', '600877.SH', '002428.SZ', '300516.SZ', '300860.SZ', '002190.SZ', '688586.SH', '002323.SZ', '300271.SZ', '300168.SZ', '300506.SZ', '002123.SZ', '300024.SZ', '600641.SH', '000681.SZ', '688002.SH', '688049.SH', '002044.SZ', '600880.SH', '002373.SZ', '002008.SZ', '300232.SZ', '688230.SH', '000400.SZ', '000636.SZ', '002243.SZ', '688378.SH', '300579.SZ', '600633.SH', '603110.SH', '300458.SZ', '688027.SH', '000997.SZ', '002174.SZ', '688595.SH', '301175.SZ', '300941.SZ']"
2023-04-10,2023-04-07,2023-04-17,0.0046163930122994235,100,0.72,,"['600228.SH', '603466.SH', '300291.SZ', '603103.SH', '300031.SZ', '603533.SH', '300027.SZ', '601595.SH', '600640.SH', '000676.SZ', '300853.SZ', '300590.SZ', '300205.SZ', '688788.SH', '300053.SZ', '688580.SH', '600198.SH', '002605.SZ', '300315.SZ', '600053.SH', '301217.SZ', '688027.SH', '600556.SH', '300809.SZ', '002174.SZ', '002123.SZ', '688230.SH', '002291.SZ', '688586.SH', '002265.SZ', '600776.SH', '601456.SH', '002218.SZ', '605339.SH', '300506.SZ', '300552.SZ', '300825.SZ', '300251.SZ', '000710.SZ', '300802.SZ', '688339.SH', '600184.SH', '300365.SZ', '300480.SZ', '002617.SZ', '300471.SZ', '600990.SH', '688277.SH', '002739.SZ', '603990.SH', '300773.SZ', '300872.SZ', '002214.SZ', '002724.SZ', '002716.SZ', '688661.SH', '002665.SZ', '688222.SH', '601777.SH', '688127.SH', '300465.SZ', '300263.SZ', '002190.SZ', '688699.SH', '002985.SZ', '002428.SZ', '688366.SH', '002819.SZ', '601099.SH', '000566.SZ', '300020.SZ', '300659.SZ', '300518.SZ', '688595.SH', '600343.SH', '688049.SH', '002602.SZ', '603222.SH', '688206.SH', '300287.SZ', '300065.SZ', '300248.SZ', '300046.SZ', '002243.SZ', '300762.SZ', '300098.SZ', '002581.SZ', '600151.SH', '300378.SZ', '002096.SZ', '002655.SZ', '300085.SZ', '688003.SH', '002434.SZ', '300377.SZ', '603666.SH', '603068.SH', '300468.SZ', '688198.SH', '300792.SZ']"
2023-04-17,2023-04-14,2023-04-24,-0.025956811730250825,100,0.94,,"['605577.SH', '600956.SH', '000676.SZ', '000862.SZ', '600982.SH', '601811.SH', '601801.SH', '600163.SH', '600053.SH', '002255.SZ', '002039.SZ', '600822.SH', '603967.SH', '002404.SZ', '600081.SH', '600218.SH', '600650.SH', '002478.SZ', '002267.SZ', '000655.SZ', '002282.SZ', '600758.SH', '300251.SZ', '000726.SZ', '600268.SH', '300384.SZ', '600829.SH', '601456.SH', '603693.SH', '000404.SZ', '688317.SH', '601963.SH', '600035.SH', '002042.SZ', '600590.SH', '600621.SH', '600180.SH', '000055.SZ', '002062.SZ', '000552.SZ', '000906.SZ', '600479.SH', '000680.SZ', '601113.SH', '000011.SZ', '300110.SZ', '002140.SZ', '601101.SH', '000612.SZ', '002398.SZ', '002611.SZ', '000885.SZ', '603610.SH', '603013.SH', '601908.SH', '002562.SZ', '002543.SZ', '601388.SH', '603018.SH', '002807.SZ', '002249.SZ', '601222.SH', '002048.SZ', '600508.SH', '600577.SH', '001696.SZ', '002839.SZ', '601918.SH', '600284.SH', '601777.SH', '601665.SH', '002243.SZ', '600908.SH', '600971.SH', '603367.SH', '600997.SH', '600694.SH', '000968.SZ', '600814.SH', '601038.SH', '000718.SZ', '600491.SH', '601311.SH', '000517.SZ', '601339.SH', '002588.SZ', '600403.SH', '601886.SH', '000731.SZ', '600863.SH', '600496.SH', '603898.SH', '600507.SH', '000597.SZ', '603766.SH', '600874.SH', '002697.SZ', '002206.SZ', '000958.SZ', '600740.SH']"
2023-04-24,2023-04-21,2023-05-04,0.062185107075239304,100,0.56,,"['600956.SH', '000407.SZ', '000993.SZ', '600982.SH', '000601.SZ', '600757.SH', '002448.SZ', '601811.SH', '688075.SH', '002039.SZ', '603071.SH', '601801.SH', '002478.SZ', '600927.SH', '603053.SH', '002267.SZ', '601019.SH', '000507.SZ', '600758.SH', '600373.SH', '000726.SZ', '002614.SZ', '601098.SH', '600035.SH', '603300.SH', '600526.SH', '002042.SZ', '600106.SH', '000900.SZ', '000563.SZ', '601928.SH', '000552.SZ', '002392.SZ', '600133.SH', '600120.SH', '601101.SH', '000011.SZ', '603610.SH', '000055.SZ', '601113.SH', '002062.SZ', '600116.SH', '601015.SH', '000885.SZ', '000690.SZ', '000923.SZ', '002611.SZ', '600479.SH', '600508.SH', '000557.SZ', '300284.SZ', '002048.SZ', '002277.SZ', '600125.SH', '001696.SZ', '600987.SH', '601918.SH', '600269.SH', '600658.SH', '000030.SZ', '002932.SZ', '600997.SH', '000036.SZ', '600971.SH', '600284.SH', '000006.SZ', '600846.SH', '000750.SZ', '600098.SH', '600017.SH', '603367.SH', '600694.SH', '000019.SZ', '601038.SH', '601339.SH', '600403.SH', '600578.SH', '600814.SH', '000718.SZ', '600461.SH', '600507.SH', '000517.SZ', '600483.SH', '000597.SZ', '600012.SH', '600740.SH', '000731.SZ', '601163.SH', '600874.SH', '002015.SZ', '600909.SH', '002563.SZ', '600123.SH', '600863.SH', '600604.SH', '000958.SZ', '600828.SH', '002697.SZ', '601156.SH', '002608.SZ']"
2023-05-04,2023-04-28,2023-05-08,0.007854538054588254,100,0.63,,"['600956.SH', '600318.SH', '000407.SZ', '600979.SH', '000993.SZ', '000040.SZ', '000601.SZ', '688075.SH', '002039.SZ', '600792.SH', '002448.SZ', '600037.SH', '603093.SH', '601801.SH', '600509.SH', '600368.SH', '600716.SH', '600903.SH', '300147.SZ', '000507.SZ', '600906.SH', '603727.SH', '600637.SH', '600121.SH', '601528.SH', '002940.SZ', '000926.SZ', '601456.SH', '002614.SZ', '600526.SH', '600624.SH', '002208.SZ', '601008.SH', '600864.SH', '002029.SZ', '002542.SZ', '002589.SZ', '600190.SH', '002187.SZ', '002393.SZ', '603959.SH', '600622.SH', '600155.SH', '002392.SZ', '000417.SZ', '600035.SH', '600133.SH', '002042.SZ', '600851.SH', '600106.SH', '002462.SZ', '600116.SH', '002016.SZ', '002483.SZ', '600283.SH', '002062.SZ', '002670.SZ', '601101.SH', '300284.SZ', '002596.SZ', '000042.SZ', '601860.SH', '601566.SH', '600479.SH', '002277.SZ', '002839.SZ', '300497.SZ', '600227.SH', '600668.SH', '601918.SH', '600280.SH', '600789.SH', '600189.SH', '000036.SZ', '600284.SH', '600269.SH', '300158.SZ', '002423.SZ', '600403.SH', '002573.SZ', '002015.SZ', '600846.SH', '688520.SH', '600017.SH', '000006.SZ', '603818.SH', '600694.SH', '600748.SH', '600300.SH', '000750.SZ', '000718.SZ', '600021.SH', '600814.SH', '600217.SH', '600629.SH', '000517.SZ', '600123.SH', '002344.SZ', '002852.SZ', '000560.SZ']"
2023-05-08,2023-05-05,2023-05-15,-0.001963720385880451,100,0.61,,"['000531.SZ', '002039.SZ', '002448.SZ', '600794.SH', '600635.SH', '601963.SH', '002267.SZ', '601801.SH', '600368.SH', '000507.SZ', '600716.SH', '600121.SH', '300147.SZ', '000099.SZ', '600864.SH', '603323.SH', '600758.SH', '000919.SZ', '601619.SH', '601008.SH', '002029.SZ', '603012.SH', '300194.SZ', '600190.SH', '300664.SZ', '601860.SH', '002393.SZ', '002839.SZ', '000875.SZ', '002670.SZ', '600824.SH', '002016.SZ', '002062.SZ', '601665.SH', '600594.SH', '600908.SH', '000055.SZ', '600035.SH', '600283.SH', '300110.SZ', '002948.SZ', '002285.SZ', '601101.SH', '300284.SZ', '601566.SH', '600488.SH', '603018.SH', '601918.SH', '600846.SH', '000885.SZ', '600971.SH', '600483.SH', '000718.SZ', '600901.SH', '601827.SH', '600269.SH', '000750.SZ', '000560.SZ', '600694.SH', '600094.SH', '002423.SZ', '600814.SH', '600017.SH', '600217.SH', '600863.SH', '600410.SH', '600123.SH', '601128.SH', '000517.SZ', '600369.SH', '002852.SZ', '601997.SH', '002344.SZ', '600748.SH', '600664.SH', '601330.SH', '600828.SH', '601001.SH', '600012.SH', '600642.SH', '600252.SH', '000581.SZ', '002563.SZ', '600390.SH', '002419.SZ', '600682.SH', '600651.SH', '002966.SZ', '601198.SH', '600548.SH', '600425.SH', '002673.SZ', '600751.SH', '000090.SZ', '600835.SH', '600717.SH', '000685.SZ', '600295.SH', '601666.SH', '600639.SH']"
2023-05-15,2023-05-12,2023-05-22,-0.005571055793834079,47,0.77,,"['300483.SZ', '688075.SH', '600101.SH', '002551.SZ', '002448.SZ', '603768.SH', '603727.SH', '000504.SZ', '600758.SH', '300147.SZ', '600368.SH', '600716.SH', '600693.SH', '300194.SZ', '600864.SH', '002527.SZ', '000919.SZ', '002062.SZ', '002561.SZ', '000055.SZ', '601101.SH', '600283.SH', '603086.SH', '600035.SH', '000923.SZ', '600508.SH', '002277.SZ', '601918.SH', '000968.SZ', '300158.SZ', '600971.SH', '002162.SZ', '600269.SH', '002951.SZ', '002852.SZ', '000517.SZ', '601579.SH', '300729.SZ', '600740.SH', '601007.SH', '600748.SH', '600123.SH', '601001.SH', '600639.SH', '600064.SH', '601666.SH', '002432.SZ']"
2023-05-22,2023-05-19,2023-05-29,-0.012716324635607863,37,0.9361702127659575,,"['300837.SZ', '300873.SZ', '002452.SZ', '300435.SZ', '002606.SZ', '300439.SZ', '300304.SZ', '300099.SZ', '002940.SZ', '600794.SH', '603012.SH', '600368.SH', '002662.SZ', '002540.SZ', '603811.SH', '603966.SH', '002345.SZ', '002559.SZ', '002790.SZ', '300110.SZ', '002322.SZ', '300121.SZ', '300307.SZ', '600035.SH', '300531.SZ', '600351.SH', '600971.SH', '002308.SZ', '600731.SH', '002611.SZ', '603360.SH', '603687.SH', '300341.SZ', '000888.SZ', '600888.SH', '002117.SZ', '000933.SZ']"
2023-05-29,2023-05-26,2023-06-05,0.02941854033431398,100,0.35135135135135137,,"['688558.SH', '300837.SZ', '002801.SZ', '603170.SH', '301026.SZ', '300873.SZ', '300590.SZ', '605009.SH', '300504.SZ', '300547.SZ', '002452.SZ', '300435.SZ', '002606.SZ', '002194.SZ', '300447.SZ', '300488.SZ', '688468.SH', '603758.SH', '003043.SZ', '000607.SZ', '002017.SZ', '300908.SZ', '300354.SZ', '600794.SH', '001323.SZ', '300099.SZ', '300252.SZ', '300258.SZ', '002469.SZ', '300941.SZ', '300439.SZ', '688722.SH', '300384.SZ', '603966.SH', '300770.SZ', '002662.SZ', '300939.SZ', '002540.SZ', '000962.SZ', '002559.SZ', '605183.SH', '002605.SZ', '300632.SZ', '603811.SH', '002833.SZ', '002345.SZ', '002270.SZ', '688589.SH', '300365.SZ', '002979.SZ', '000922.SZ', '002790.SZ', '300307.SZ', '002322.SZ', '600114.SH', '688181.SH', '002308.SZ', '002611.SZ', '002446.SZ', '300217.SZ', '300531.SZ', '002947.SZ', '603309.SH', '300465.SZ', '300121.SZ', '300962.SZ', '603416.SH', '300938.SZ', '300575.SZ', '002438.SZ', '002197.SZ', '600237.SH', '300151.SZ', '002232.SZ', '300739.SZ', '300341.SZ', '300766.SZ', '002170.SZ', '002912.SZ', '603859.SH', '603823.SH', '002649.SZ', '002815.SZ', '000812.SZ', '000534.SZ', '300219.SZ', '002117.SZ', '300170.SZ', '300019.SZ', '603936.SH', '000888.SZ', '300481.SZ', '002215.SZ', '601519.SH', '000811.SZ', '300586.SZ', '002937.SZ', '300383.SZ', '300303.SZ', '300041.SZ']"
2023-06-05,2023-06-02,2023-06-12,0.0010292600300975522,88,0.82,,"['300978.SZ', '002397.SZ', '300863.SZ', '300577.SZ', '600101.SH', '300423.SZ', '605577.SH', '000755.SZ', '600469.SH', '002194.SZ', '002328.SZ', '300403.SZ', '603787.SH', '002441.SZ', '002478.SZ', '300506.SZ', '600794.SH', '002598.SZ', '603878.SH', '002267.SZ', '603118.SH', '300740.SZ', '600368.SH', '300439.SZ', '600986.SH', '002469.SZ', '002662.SZ', '300770.SZ', '603103.SH', '002733.SZ', '300342.SZ', '600780.SH', '603966.SH', '002536.SZ', '000962.SZ', '002380.SZ', '000055.SZ', '002345.SZ', '300133.SZ', '002559.SZ', '002154.SZ', '000589.SZ', '603565.SH', '002035.SZ', '300182.SZ', '300632.SZ', '600035.SH', '600633.SH', '000923.SZ', '002264.SZ', '600537.SH', '002543.SZ', '300047.SZ', '600971.SH', '002446.SZ', '002799.SZ', '300121.SZ', '002739.SZ', '300020.SZ', '603987.SH', '002947.SZ', '002046.SZ', '300766.SZ', '000707.SZ', '301039.SZ', '002852.SZ', '603556.SH', '300263.SZ', '603881.SH', '002434.SZ', '600603.SH', '600888.SH', '000065.SZ', '300383.SZ', '002234.SZ', '002085.SZ', '601975.SH', '603067.SH', '002215.SZ', '300232.SZ', '300041.SZ', '002130.SZ', '600777.SH', '002429.SZ', '603299.SH', '002458.SZ', '300136.SZ', '600497.SH']"
2023-06-12,2023-06-09,2023-06-19,-0.00662533667543465,36,0.8863636363636364,,"['002397.SZ', '600101.SH', '300577.SZ', '603967.SH', '300423.SZ', '603787.SH', '600533.SH', '600794.SH', '600635.SH', '300506.SZ', '002662.SZ', '300968.SZ', '002596.SZ', '000417.SZ', '002783.SZ', '000404.SZ', '002285.SZ', '600180.SH', '002483.SZ', '002298.SZ', '000627.SZ', '002035.SZ', '000560.SZ', '002852.SZ', '600846.SH', '600694.SH', '600094.SH', '300215.SZ', '600021.SH', '002752.SZ', '600127.SH', '000517.SZ', '600730.SH', '601997.SH', '000727.SZ', '600308.SH']"
2023-06-19,2023-06-16,2023-06-26,-0.07707383586981022,95,0.9444444444444444,,"['003040.SZ', '002115.SZ', '600228.SH', '300978.SZ', '605208.SH', '300785.SZ', '603421.SH', '002017.SZ', '300863.SZ', '002467.SZ', '300423.SZ', '300902.SZ', '002093.SZ', '688697.SH', '600825.SH', '002350.SZ', '300691.SZ', '300053.SZ', '300541.SZ', '002903.SZ', '300740.SZ', '300291.SZ', '600152.SH', '300939.SZ', '002474.SZ', '603189.SH', '600986.SH', '300342.SZ', '600571.SH', '300831.SZ', '300479.SZ', '300430.SZ', '600640.SH', '300045.SZ', '300031.SZ', '002137.SZ', '300047.SZ', '002308.SZ', '300302.SZ', '300551.SZ', '688025.SH', '300465.SZ', '002869.SZ', '300480.SZ', '002519.SZ', '002354.SZ', '002161.SZ', '688277.SH', '002990.SZ', '002291.SZ', '000670.SZ', '300592.SZ', '300065.SZ', '600095.SH', '002609.SZ', '300263.SZ', '300566.SZ', '300366.SZ', '002338.SZ', '002530.SZ', '300502.SZ', '002955.SZ', '002197.SZ', '300020.SZ', '300002.SZ', '300468.SZ', '601890.SH', '300860.SZ', '002119.SZ', '300251.SZ', '300085.SZ', '300058.SZ', '300331.SZ', '300766.SZ', '002232.SZ', '300348.SZ', '300131.SZ', '300308.SZ', '688095.SH', '000400.SZ', '002558.SZ', '688001.SH', '600730.SH', '002681.SZ', '002654.SZ', '300130.SZ', '300418.SZ', '000810.SZ', '300166.SZ', '601882.SH', '002045.SZ', '600880.SH', '300017.SZ', '300229.SZ', '000021.SZ']"
2023-06-26,2023-06-21,2023-07-03,0.0445191993626888,100,0.8947368421052632,,"['300105.SZ', '001258.SZ', '300863.SZ', '301026.SZ', '605199.SH', '002882.SZ', '688697.SH', '301166.SZ', '688112.SH', '003002.SZ', '300981.SZ', '002634.SZ', '002980.SZ', '300733.SZ', '603527.SH', '003006.SZ', '600152.SH', '003021.SZ', '003020.SZ', '002300.SZ', '002480.SZ', '603982.SH', '688315.SH', '002583.SZ', '605089.SH', '300354.SZ', '300740.SZ', '002342.SZ', '000600.SZ', '000159.SZ', '300848.SZ', '300129.SZ', '603105.SH', '300286.SZ', '000899.SZ', '300430.SZ', '000922.SZ', '688100.SH', '000819.SZ', '002965.SZ', '603309.SH', '003035.SZ', '000863.SZ', '688239.SH', '002488.SZ', '603590.SH', '002991.SZ', '688578.SH', '300151.SZ', '300693.SZ', '003000.SZ', '300723.SZ', '002378.SZ', '002150.SZ', '688076.SH', '300787.SZ', '603983.SH', '603998.SH', '300080.SZ', '601226.SH', '300341.SZ', '603931.SH', '000539.SZ', '002276.SZ', '605020.SH', '603859.SH', '300938.SZ', '000682.SZ', '601890.SH', '000059.SZ', '301268.SZ', '300860.SZ', '000534.SZ', '300502.SZ', '300396.SZ', '300101.SZ', '300174.SZ', '002020.SZ', '300068.SZ', '002334.SZ', '002212.SZ', '603103.SH', '300308.SZ', '301236.SZ', '688389.SH', '300168.SZ', '300677.SZ', '002937.SZ', '603699.SH', '603997.SH', '300797.SZ', '300001.SZ', '002653.SZ', '600131.SH', '603327.SH', '000825.SZ', '000400.SZ', '603979.SH', '002155.SZ', '002517.SZ']"
2023-07-03,2023-06-30,2023-07-10,-0.006710028853431482,55,0.88,,"['002852.SZ', '300226.SZ', '002469.SZ', '002301.SZ', '688600.SH', '003020.SZ', '603618.SH', '300430.SZ', '600713.SH', '603126.SH', '002333.SZ', '002758.SZ', '301026.SZ', '603527.SH', '603086.SH', '002622.SZ', '003002.SZ', '603998.SH', '000826.SZ', '603318.SH', '002783.SZ', '000759.SZ', '600829.SH', '002768.SZ', '002300.SZ', '000411.SZ', '002225.SZ', '301166.SZ', '002551.SZ', '000529.SZ', '000034.SZ', '000551.SZ', '000919.SZ', '603966.SH', '300147.SZ', '002083.SZ', '002115.SZ', '603898.SH', '002462.SZ', '603967.SH', '688468.SH', '600613.SH', '002584.SZ', '300740.SZ', '603577.SH', '603309.SH', '002723.SZ', '002799.SZ', '002973.SZ', '002342.SZ', '688015.SH', '000159.SZ', '000407.SZ', '605196.SH', '000626.SZ']"
2023-07-10,2023-07-07,2023-07-17,0.011805811550551609,40,0.7818181818181819,,"['002328.SZ', '603787.SH', '600469.SH', '002799.SZ', '002870.SZ', '603610.SH', '300918.SZ', '002752.SZ', '002083.SZ', '603003.SH', '000159.SZ', '002512.SZ', '000551.SZ', '001205.SZ', '300063.SZ', '002905.SZ', '600831.SH', '300801.SZ', '301189.SZ', '000819.SZ', '003025.SZ', '301086.SZ', '002788.SZ', '000404.SZ', '002971.SZ', '300791.SZ', '002462.SZ', '300862.SZ', '688135.SH', '603309.SH', '000055.SZ', '002768.SZ', '688181.SH', '002342.SZ', '603966.SH', '603386.SH', '300740.SZ', '300265.SZ', '603618.SH', '002300.SZ']"
2023-07-17,2023-07-14,2023-07-24,-0.018351577214672978,39,0.775,,"['300733.SZ', '002510.SZ', '301188.SZ', '603109.SH', '002870.SZ', '603165.SH', '000700.SZ', '002322.SZ', '603003.SH', '002404.SZ', '300872.SZ', '300531.SZ', '300873.SZ', '003000.SZ', '688338.SH', '600831.SH', '002661.SZ', '600345.SH', '002971.SZ', '300909.SZ', '300160.SZ', '300200.SZ', '600774.SH', '000803.SZ', '300092.SZ', '600731.SH', '603309.SH', '300862.SZ', '300121.SZ', '300951.SZ', '002388.SZ', '002342.SZ', '002757.SZ', '002922.SZ', '605196.SH', '002255.SZ', '002606.SZ', '300265.SZ', '603618.SH']"
2023-07-24,2023-07-21,2023-07-31,0.027100114214391218,34,0.8974358974358975,,"['600569.SH', '600581.SH', '600679.SH', '600126.SH', '600327.SH', '002067.SZ', '000910.SZ', '603003.SH', '002301.SZ', '603887.SH', '000159.SZ', '002083.SZ', '002047.SZ', '002042.SZ', '300226.SZ', '300063.SZ', '603825.SH', '002712.SZ', '600831.SH', '688338.SH', '300426.SZ', '002666.SZ', '000905.SZ', '600676.SH', '300147.SZ', '600619.SH', '002788.SZ', '000919.SZ', '002479.SZ', '002462.SZ', '600203.SH', '603890.SH', '600979.SH', '603618.SH']"
2023-07-31,2023-07-28,2023-08-07,-0.01007687769459175,61,0.5588235294117647,,"['000042.SZ', '600569.SH', '600604.SH', '600581.SH', '600094.SH', '600376.SH', '000402.SZ', '000761.SZ', '600126.SH', '600386.SH', '600327.SH', '000910.SZ', '600337.SH', '603313.SH', '002083.SZ', '000488.SZ', '002042.SZ', '002982.SZ', '002672.SZ', '300266.SZ', '002627.SZ', '000639.SZ', '600279.SH', '300072.SZ', '603825.SH', '000735.SZ', '601999.SH', '600190.SH', '603803.SH', '002614.SZ', '300147.SZ', '603886.SH', '000504.SZ', '600676.SH', '002650.SZ', '600619.SH', '600037.SH', '600644.SH', '002462.SZ', '002589.SZ', '000931.SZ', '600979.SH', '002037.SZ', '600203.SH', '000601.SZ', '603890.SH', '603626.SH', '000881.SZ', '000978.SZ', '002039.SZ', '600326.SH', '002427.SZ', '601007.SH', '600812.SH', '600744.SH', '000727.SZ', '000767.SZ', '002217.SZ', '000401.SZ', '000050.SZ', '002350.SZ']"
2023-08-07,2023-08-04,2023-08-14,-0.019242931885048505,100,0.36065573770491804,,"['002314.SZ', '000886.SZ', '002285.SZ', '600604.SH', '000560.SZ', '600094.SH', '600569.SH', '600581.SH', '600185.SH', '000402.SZ', '000761.SZ', '600126.SH', '600386.SH', '000959.SZ', '000825.SZ', '300616.SZ', '600686.SH', '000910.SZ', '600337.SH', '603232.SH', '300249.SZ', '000627.SZ', '002298.SZ', '603887.SH', '000488.SZ', '600966.SH', '600335.SH', '000159.SZ', '000829.SZ', '000751.SZ', '300369.SZ', '002672.SZ', '300266.SZ', '002982.SZ', '002645.SZ', '300188.SZ', '603113.SH', '600827.SH', '601069.SH', '600217.SH', '600800.SH', '600655.SH', '600279.SH', '000639.SZ', '300072.SZ', '600190.SH', '300203.SZ', '603825.SH', '002439.SZ', '601999.SH', '601212.SH', '002341.SZ', '300213.SZ', '603803.SH', '600640.SH', '600619.SH', '300147.SZ', '603366.SH', '002928.SZ', '600037.SH', '603886.SH', '000504.SZ', '600676.SH', '002462.SZ', '002037.SZ', '603421.SH', '600644.SH', '000059.SZ', '002385.SZ', '600819.SH', '000089.SZ', '300011.SZ', '300180.SZ', '002869.SZ', '300158.SZ', '000601.SZ', '300582.SZ', '603711.SH', '600075.SH', '603956.SH', '600977.SH', '000881.SZ', '600310.SH', '002382.SZ', '002408.SZ', '600203.SH', '603890.SH', '002039.SZ', '002427.SZ', '603626.SH', '600326.SH', '002453.SZ', '002552.SZ', '000777.SZ', '000978.SZ', '600688.SH', '603612.SH', '300677.SZ', '000600.SZ', '000990.SZ']"
2023-08-14,2023-08-11,2023-08-21,-0.037513695843340716,100,0.55,,"['000886.SZ', '000797.SZ', '002285.SZ', '600736.SH', '600604.SH', '000736.SZ', '600376.SH', '600386.SH', '002265.SZ', '002813.SZ', '300616.SZ', '600686.SH', '300830.SZ', '002162.SZ', '600337.SH', '300249.SZ', '603232.SH', '002298.SZ', '300996.SZ', '300248.SZ', '300479.SZ', '000488.SZ', '301091.SZ', '002609.SZ', '002530.SZ', '002717.SZ', '002672.SZ', '300369.SZ', '300266.SZ', '002982.SZ', '300036.SZ', '600217.SH', '000158.SZ', '600228.SH', '601069.SH', '300188.SZ', '300203.SZ', '300043.SZ', '600279.SH', '300148.SZ', '000032.SZ', '600897.SH', '601999.SH', '000735.SZ', '300291.SZ', '688418.SH', '002439.SZ', '603803.SH', '300213.SZ', '603322.SH', '000504.SZ', '600640.SH', '600616.SH', '002616.SZ', '002037.SZ', '603886.SH', '300147.SZ', '300081.SZ', '002975.SZ', '600037.SH', '300180.SZ', '600676.SH', '600644.SH', '300134.SZ', '603421.SH', '300011.SZ', '002427.SZ', '300499.SZ', '300158.SZ', '603711.SH', '603378.SH', '300582.SZ', '002453.SZ', '600310.SH', '000925.SZ', '603960.SH', '600326.SH', '000777.SZ', '002552.SZ', '600409.SH', '000600.SZ', '600730.SH', '300128.SZ', '600984.SH', '002092.SZ', '002819.SZ', '600509.SH', '002122.SZ', '603377.SH', '000767.SZ', '002387.SZ', '603060.SH', '600158.SH', '300024.SZ', '300853.SZ', '300581.SZ', '002350.SZ', '603861.SH', '002935.SZ', '300444.SZ']"
2023-08-21,2023-08-18,2023-08-28,-0.002355536694834701,28,0.94,,"['000965.SZ', '000797.SZ', '301110.SZ', '000736.SZ', '301185.SZ', '301136.SZ', '002251.SZ', '002717.SZ', '601599.SH', '600629.SH', '600133.SH', '600283.SH', '300148.SZ', '603999.SH', '603322.SH', '601999.SH', '002864.SZ', '688687.SH', '000802.SZ', '300404.SZ', '301183.SZ', '000753.SZ', '002559.SZ', '002845.SZ', '300572.SZ', '300882.SZ', '300880.SZ', '301120.SZ']"
2023-08-28,2023-08-25,2023-09-04,0.027433634431010278,29,1.0,,"['000863.SZ', '000926.SZ', '000042.SZ', '000560.SZ', '600266.SH', '002187.SZ', '600337.SH', '000910.SZ', '002561.SZ', '002277.SZ', '000850.SZ', '600121.SH', '600846.SH', '600827.SH', '002627.SZ', '601008.SH', '600190.SH', '002616.SZ', '600774.SH', '002614.SZ', '300147.SZ', '600676.SH', '000055.SZ', '000504.SZ', '603890.SH', '688520.SH', '601007.SH', '002483.SZ', '600326.SH']"
2023-09-04,2023-09-01,2023-09-11,0.002413400818280702,50,0.9655172413793104,,"['600469.SH', '603109.SH', '002448.SZ', '002870.SZ', '002328.SZ', '301046.SZ', '603758.SH', '300304.SZ', '000913.SZ', '002284.SZ', '300532.SZ', '300835.SZ', '002167.SZ', '603399.SH', '000962.SZ', '002852.SZ', '002772.SZ', '002860.SZ', '003043.SZ', '600345.SH', '688722.SH', '605577.SH', '300909.SZ', '600774.SH', '605277.SH', '301123.SZ', '002971.SZ', '300160.SZ', '300862.SZ', '603309.SH', '300299.SZ', '300837.SZ', '300951.SZ', '600784.SH', '300092.SZ', '600731.SH', '300706.SZ', '000707.SZ', '603663.SH', '603966.SH', '300852.SZ', '601177.SH', '002655.SZ', '002757.SZ', '002119.SZ', '300857.SZ', '301168.SZ', '603191.SH', '300447.SZ', '002733.SZ']"
2023-09-11,2023-09-08,2023-09-18,-0.022329403053062833,82,0.7,,"['601279.SH', '300994.SZ', '300978.SZ', '688667.SH', '605133.SH', '603109.SH', '301046.SZ', '603085.SH', '002328.SZ', '002162.SZ', '603809.SH', '603758.SH', '301215.SZ', '300614.SZ', '002664.SZ', '300258.SZ', '603035.SH', '300835.SZ', '300328.SZ', '002167.SZ', '301201.SZ', '688230.SH', '301189.SZ', '301086.SZ', '003025.SZ', '300299.SZ', '688045.SH', '000819.SZ', '688323.SH', '301123.SZ', '688079.SH', '003026.SZ', '300829.SZ', '688699.SH', '002238.SZ', '688519.SH', '300902.SZ', '688238.SH', '688313.SH', '300727.SZ', '300787.SZ', '688071.SH', '688150.SH', '002971.SZ', '301096.SZ', '300862.SZ', '002886.SZ', '688049.SH', '688277.SH', '002765.SZ', '002975.SZ', '300656.SZ', '300848.SZ', '603002.SH', '002943.SZ', '688010.SH', '688020.SH', '605399.SH', '605366.SH', '688299.SH', '688181.SH', '603966.SH', '603633.SH', '300852.SZ', '300739.SZ', '688766.SH', '688209.SH', '002119.SZ', '603936.SH', '002957.SZ', '300793.SZ', '603666.SH', '603070.SH', '688322.SH', '002580.SZ', '603191.SH', '002892.SZ', '688148.SH', '688510.SH', '002346.SZ', '002733.SZ', '300900.SZ']"
2023-09-18,2023-09-15,2023-09-25,-0.011608005165934878,93,0.7073170731707317,,"['600382.SH', '603878.SH', '000090.SZ', '603787.SH', '002969.SZ', '600386.SH', '002870.SZ', '002328.SZ', '600785.SH', '605377.SH', '603758.SH', '002162.SZ', '301215.SZ', '002752.SZ', '002662.SZ', '601968.SH', '600694.SH', '603035.SH', '300835.SZ', '603518.SH', '603003.SH', '002416.SZ', '002062.SZ', '301116.SZ', '001338.SZ', '603399.SH', '002852.SZ', '001205.SZ', '002772.SZ', '300815.SZ', '688267.SH', '605577.SH', '301149.SZ', '601666.SH', '300801.SZ', '301189.SZ', '300829.SZ', '003025.SZ', '000833.SZ', '002956.SZ', '000404.SZ', '301086.SZ', '002971.SZ', '000885.SZ', '301123.SZ', '000529.SZ', '301093.SZ', '603697.SH', '002238.SZ', '300439.SZ', '300791.SZ', '688089.SH', '002543.SZ', '688211.SH', '002923.SZ', '688238.SH', '300858.SZ', '600731.SH', '000707.SZ', '603722.SH', '002170.SZ', '002695.SZ', '301216.SZ', '301047.SZ', '002947.SZ', '600101.SH', '603966.SH', '300196.SZ', '002765.SZ', '603689.SH', '605399.SH', '600777.SH', '605366.SH', '002757.SZ', '688181.SH', '688299.SH', '603867.SH', '603181.SH', '600618.SH', '300852.SZ', '600982.SH', '002108.SZ', '000823.SZ', '002258.SZ', '000902.SZ', '000672.SZ', '000012.SZ', '688510.SH', '002580.SZ', '601636.SH', '603618.SH', '002733.SZ', '000049.SZ']"
2023-09-25,2023-09-22,2023-10-09,0.0006665422907591688,59,0.5806451612903226,,"['605555.SH', '003026.SZ', '600618.SH', '601666.SH', '601918.SH', '300349.SZ', '000707.SZ', '600251.SH', '000902.SZ', '603393.SH', '002662.SZ', '605016.SH', '002162.SZ', '600509.SH', '300439.SZ', '000090.SZ', '300852.SZ', '688181.SH', '300815.SZ', '600368.SH', '600777.SH', '688398.SH', '301189.SZ', '600731.SH', '605377.SH', '688089.SH', '301109.SZ', '600971.SH', '300196.SZ', '688580.SH', '688799.SH', '300522.SZ', '603867.SH', '000833.SZ', '603697.SH', '603689.SH', '688510.SH', '002757.SZ', '002328.SZ', '603966.SH', '001205.SZ', '600101.SH', '301215.SZ', '605577.SH', '002128.SZ', '301086.SZ', '600054.SH', '002956.SZ', '002772.SZ', '688338.SH', '000885.SZ', '002852.SZ', '002238.SZ', '300829.SZ', '603518.SH', '603339.SH', '603878.SH', '301216.SZ', '300729.SZ']"
2023-10-09,2023-09-28,2023-10-16,-0.00686752487647373,52,0.7457627118644068,,"['605555.SH', '002977.SZ', '002543.SZ', '000707.SZ', '002162.SZ', '000672.SZ', '300227.SZ', '002026.SZ', '002662.SZ', '688087.SH', '002448.SZ', '000731.SZ', '300439.SZ', '300815.SZ', '603697.SH', '300441.SZ', '600368.SH', '300787.SZ', '002346.SZ', '002469.SZ', '000655.SZ', '600382.SH', '300522.SZ', '603811.SH', '603966.SH', '300994.SZ', '002328.SZ', '300121.SZ', '300801.SZ', '688330.SH', '300041.SZ', '300481.SZ', '600774.SH', '603217.SH', '603823.SH', '002940.SZ', '000885.SZ', '603109.SH', '600731.SH', '300873.SZ', '603758.SH', '605399.SH', '603663.SH', '603096.SH', '300727.SZ', '688722.SH', '603878.SH', '603067.SH', '301188.SZ', '603309.SH', '300729.SZ', '603787.SH']"
2023-10-16,2023-10-13,2023-10-23,-0.05742514617875953,100,0.8269230769230769,,"['301086.SZ', '301189.SZ', '301123.SZ', '688519.SH', '688662.SH', '688699.SH', '003026.SZ', '688079.SH', '688550.SH', '300739.SZ', '688299.SH', '688135.SH', '688181.SH', '603626.SH', '300429.SZ', '688127.SH', '000823.SZ', '300671.SZ', '688798.SH', '300657.SZ', '603328.SH', '300655.SZ', '300679.SZ', '688106.SH', '300115.SZ', '002643.SZ', '002273.SZ', '603160.SH', '002238.SZ', '002940.SZ', '300439.SZ', '688068.SH', '603138.SH', '688687.SH', '688580.SH', '688238.SH', '688336.SH', '603189.SH', '600410.SH', '300149.SZ', '688277.SH', '301047.SZ', '688060.SH', '300047.SZ', '002970.SZ', '000503.SZ', '688076.SH', '688739.SH', '002373.SZ', '300383.SZ', '603803.SH', '300081.SZ', '603118.SH', '600643.SH', '603881.SH', '688177.SH', '300681.SZ', '002653.SZ', '002448.SZ', '002328.SZ', '603758.SH', '002662.SZ', '301215.SZ', '002664.SZ', '002283.SZ', '300558.SZ', '603393.SH', '601222.SH', '600483.SH', '600863.SH', '600155.SH', '601101.SH', '000655.SZ', '603878.SH', '601666.SH', '601918.SH', '600971.SH', '601001.SH', '000833.SZ', '600295.SH', '000923.SZ', '002128.SZ', '300191.SZ', '001338.SZ', '002852.SZ', '600777.SH', '002889.SZ', '600694.SH', '603281.SH', '002886.SZ', '688089.SH', '300758.SZ', '600368.SH', '002632.SZ', '300177.SZ', '300397.SZ', '002383.SZ', '603477.SH', '603010.SH', '301011.SZ']"
2023-10-23,2023-10-20,2023-10-30,0.05990052969852253,54,0.88,,"['603626.SH', '603890.SH', '000926.SZ', '002208.SZ', '600094.SH', '600185.SH', '600266.SH', '300147.SZ', '000504.SZ', '000919.SZ', '603803.SH', '688235.SH', '600643.SH', '600101.SH', '600052.SH', '600509.SH', '000686.SZ', '000833.SZ', '601162.SH', '600676.SH', '002852.SZ', '601101.SH', '600694.SH', '002277.SZ', '603477.SH', '601666.SH', '600777.SH', '603518.SH', '002053.SZ', '000726.SZ', '000850.SZ', '300215.SZ', '603377.SH', '601007.SH', '601566.SH', '002168.SZ', '000755.SZ', '002889.SZ', '600611.SH', '600368.SH', '601008.SH', '300506.SZ', '600033.SH', '600717.SH', '601333.SH', '600017.SH', '600548.SH', '600269.SH', '000089.SZ', '300011.SZ', '002565.SZ', '002162.SZ', '600308.SH', '600720.SH']"
2023-10-30,2023-10-27,2023-11-06,0.025577826795766277,91,0.9074074074074074,,"['688230.SH', '301189.SZ', '301123.SZ', '003026.SZ', '688079.SH', '688049.SH', '688135.SH', '688662.SH', '002655.SZ', '688519.SH', '688183.SH', '688299.SH', '688010.SH', '002741.SZ', '688181.SH', '300582.SZ', '688127.SH', '688020.SH', '688595.SH', '603633.SH', '301051.SZ', '603890.SH', '603626.SH', '300656.SZ', '603186.SH', '300752.SZ', '300903.SZ', '603825.SH', '300739.SZ', '688262.SH', '603595.SH', '002036.SZ', '300115.SZ', '300623.SZ', '301248.SZ', '603189.SH', '300436.SZ', '002900.SZ', '603990.SH', '603232.SH', '300790.SZ', '300324.SZ', '688030.SH', '300149.SZ', '000803.SZ', '688136.SH', '300683.SZ', '688238.SH', '688277.SH', '300733.SZ', '603803.SH', '600386.SH', '300681.SZ', '603982.SH', '688280.SH', '300571.SZ', '300738.SZ', '605333.SH', '300191.SZ', '001201.SZ', '002982.SZ', '300589.SZ', '300614.SZ', '688788.SH', '688510.SH', '300616.SZ', '002735.SZ', '002868.SZ', '300796.SZ', '002455.SZ', '300758.SZ', '300848.SZ', '603477.SH', '000812.SZ', '002189.SZ', '300397.SZ', '002100.SZ', '300581.SZ', '300648.SZ', '300423.SZ', '002306.SZ', '600152.SH', '003025.SZ', '300432.SZ', '002685.SZ', '002529.SZ', '300011.SZ', '002795.SZ', '002009.SZ', '300471.SZ', '002840.SZ']"
2023-11-06,2023-11-03,2023-11-13,0.026044476920089724,99,0.6703296703296703,,"['301123.SZ', '688079.SH', '688699.SH', '300582.SZ', '688010.SH', '300656.SZ', '688183.SH', '603626.SH', '603068.SH', '688233.SH', '688595.SH', '300671.SZ', '002741.SZ', '300128.SZ', '300077.SZ', '000665.SZ', '000056.SZ', '300205.SZ', '300565.SZ', '600198.SH', '000710.SZ', '300006.SZ', '688302.SH', '688176.SH', '300497.SZ', '688027.SH', '002900.SZ', '300149.SZ', '688192.SH', '603636.SH', '688277.SH', '002197.SZ', '600797.SH', '300324.SZ', '600855.SH', '603869.SH', '688158.SH', '002298.SZ', '603138.SH', '300344.SZ', '300479.SZ', '300368.SZ', '300078.SZ', '603189.SH', '688206.SH', '300790.SZ', '300249.SZ', '688030.SH', '688039.SH', '688225.SH', '300365.SZ', '603232.SH', '300311.SZ', '300469.SZ', '301248.SZ', '300386.SZ', '300830.SZ', '688280.SH', '603085.SH', '688509.SH', '600800.SH', '300673.SZ', '001201.SZ', '688788.SH', '300581.SZ', '002735.SZ', '300082.SZ', '002341.SZ', '688323.SH', '688199.SH', '300505.SZ', '603722.SH', '300423.SZ', '002350.SZ', '300648.SZ', '300222.SZ', '002090.SZ', '002364.SZ', '300853.SZ', '300432.SZ', '300062.SZ', '000428.SZ', '603377.SH', '688609.SH', '688003.SH', '002819.SZ', '600984.SH', '600172.SH', '002009.SZ', '300471.SZ', '688306.SH', '300227.SZ', '688170.SH', '688211.SH', '300011.SZ', '603956.SH', '002529.SZ', '300370.SZ', '300667.SZ']"
2023-11-13,2023-11-10,2023-11-20,0.04094855529284595,57,0.797979797979798,,"['002137.SZ', '002388.SZ', '300331.SZ', '300128.SZ', '300582.SZ', '688010.SH', '002436.SZ', '000607.SZ', '300188.SZ', '300353.SZ', '688158.SH', '300098.SZ', '300310.SZ', '300598.SZ', '300369.SZ', '603206.SH', '300663.SZ', '002530.SZ', '300344.SZ', '688039.SH', '300377.SZ', '688207.SH', '300249.SZ', '300248.SZ', '603232.SH', '301201.SZ', '300520.SZ', '688277.SH', '002279.SZ', '002512.SZ', '300479.SZ', '300275.SZ', '300659.SZ', '688228.SH', '300996.SZ', '300830.SZ', '300386.SZ', '301248.SZ', '301117.SZ', '300561.SZ', '002380.SZ', '300511.SZ', '300875.SZ', '300581.SZ', '002735.SZ', '002886.SZ', '002339.SZ', '002364.SZ', '301136.SZ', '688609.SH', '300648.SZ', '300499.SZ', '300607.SZ', '603912.SH', '300276.SZ', '300227.SZ', '300667.SZ']"
2023-11-20,2023-11-17,2023-11-27,-0.026613913379191587,95,0.43859649122807015,,"['002137.SZ', '300752.SZ', '300582.SZ', '002388.SZ', '002587.SZ', '300120.SZ', '000607.SZ', '002655.SZ', '002876.SZ', '300493.SZ', '300128.SZ', '300516.SZ', '300671.SZ', '300205.SZ', '300292.SZ', '300183.SZ', '300353.SZ', '300513.SZ', '300560.SZ', '300310.SZ', '688176.SH', '688277.SH', '300497.SZ', '688266.SH', '600797.SH', '002421.SZ', '688206.SH', '300377.SZ', '301095.SZ', '002530.SZ', '688369.SH', '688030.SH', '300663.SZ', '002197.SZ', '300468.SZ', '688039.SH', '600855.SH', '603138.SH', '603232.SH', '300523.SZ', '300768.SZ', '002308.SZ', '300479.SZ', '300872.SZ', '300344.SZ', '300790.SZ', '688509.SH', '300542.SZ', '300249.SZ', '300311.SZ', '300365.SZ', '300386.SZ', '300469.SZ', '300996.SZ', '300830.SZ', '301248.SZ', '300561.SZ', '002813.SZ', '603085.SH', '300589.SZ', '300875.SZ', '301302.SZ', '002977.SZ', '688788.SH', '300581.SZ', '002383.SZ', '300123.SZ', '605299.SH', '002735.SZ', '603324.SH', '002341.SZ', '002886.SZ', '300631.SZ', '300222.SZ', '300062.SZ', '002364.SZ', '002090.SZ', '002339.SZ', '301136.SZ', '301046.SZ', '688165.SH', '300400.SZ', '002819.SZ', '300607.SZ', '603956.SH', '300276.SZ', '300011.SZ', '301021.SZ', '603076.SH', '002529.SZ', '300227.SZ', '002903.SZ', '300540.SZ', '300667.SZ', '688170.SH']"
2023-11-27,2023-11-24,2023-12-04,0.02642587625902659,63,0.8210526315789474,,"['002388.SZ', '002587.SZ', '603068.SH', '603890.SH', '300102.SZ', '300404.SZ', '002642.SZ', '688302.SH', '603803.SH', '688176.SH', '002279.SZ', '300204.SZ', '002750.SZ', '688369.SH', '300287.SZ', '300078.SZ', '300324.SZ', '000813.SZ', '603138.SH', '300785.SZ', '688030.SH', '603189.SH', '603825.SH', '603999.SH', '300479.SZ', '300550.SZ', '000892.SZ', '300148.SZ', '300344.SZ', '300311.SZ', '002253.SZ', '300469.SZ', '300542.SZ', '003005.SZ', '002425.SZ', '300448.SZ', '300386.SZ', '300546.SZ', '000868.SZ', '300673.SZ', '600354.SH', '688788.SH', '300875.SZ', '300437.SZ', '000151.SZ', '002640.SZ', '300505.SZ', '605136.SH', '300359.SZ', '002339.SZ', '300423.SZ', '000978.SZ', '002762.SZ', '600730.SH', '603399.SH', '002009.SZ', '002529.SZ', '300370.SZ', '300667.SZ', '300902.SZ', '600381.SH', '603777.SH', '600326.SH']"
2023-12-04,2023-12-01,2023-12-11,-0.015421885183014787,47,0.9365079365079365,,"['688550.SH', '002161.SZ', '688010.SH', '603890.SH', '300546.SZ', '002788.SZ', '300439.SZ', '002462.SZ', '600829.SH', '603368.SH', '603999.SH', '000028.SZ', '002478.SZ', '600386.SH', '002328.SZ', '301039.SZ', '600742.SH', '000550.SZ', '603318.SH', '601918.SH', '601101.SH', '002772.SZ', '002852.SZ', '300727.SZ', '600785.SH', '002697.SZ', '000417.SZ', '600694.SH', '603686.SH', '600817.SH', '600897.SH', '002416.SZ', '000905.SZ', '000026.SZ', '002083.SZ', '603518.SH', '000850.SZ', '000910.SZ', '603897.SH', '002042.SZ', '000159.SZ', '300902.SZ', '002026.SZ', '300349.SZ', '300536.SZ', '000404.SZ', '000521.SZ']"
2023-12-11,2023-12-08,2023-12-18,-0.015484759967218799,100,0.7021276595744681,,"['688230.SH', '603068.SH', '002288.SZ', '300102.SZ', '688550.SH', '688055.SH', '000926.SZ', '000797.SZ', '000560.SZ', '000517.SZ', '600603.SH', '002376.SZ', '300078.SZ', '000503.SZ', '300368.SZ', '600185.SH', '300550.SZ', '300579.SZ', '603825.SH', '603236.SH', '603881.SH', '600936.SH', '603421.SH', '002788.SZ', '002940.SZ', '002462.SZ', '000504.SZ', '600556.SH', '600959.SH', '300383.SZ', '600488.SH', '600686.SH', '300733.SZ', '000597.SZ', '603766.SH', '603093.SH', '002961.SZ', '002583.SZ', '002093.SZ', '600375.SH', '002755.SZ', '600664.SH', '301039.SZ', '000507.SZ', '600216.SH', '002332.SZ', '000601.SZ', '000550.SZ', '600420.SH', '300071.SZ', '600581.SH', '300426.SZ', '000951.SZ', '603300.SH', '600335.SH', '002039.SZ', '600380.SH', '000959.SZ', '002075.SZ', '601162.SH', '600126.SH', '600758.SH', '000761.SZ', '600617.SH', '601101.SH', '600403.SH', '601015.SH', '601918.SH', '600635.SH', '002772.SZ', '600354.SH', '600583.SH', '002221.SZ', '000911.SZ', '300867.SZ', '603686.SH', '603363.SH', '000639.SZ', '600817.SH', '300761.SZ', '600610.SH', '000735.SZ', '002100.SZ', '300727.SZ', '000930.SZ', '002187.SZ', '600785.SH', '601606.SH', '600590.SH', '603708.SH', '002280.SZ', '002697.SZ', '600694.SH', '002427.SZ', '600828.SH', '600230.SH', '002419.SZ', '002519.SZ', '000829.SZ', '002935.SZ']"
2023-12-18,2023-12-15,2023-12-25,-0.03594357738566509,73,0.77,,"['000926.SZ', '603096.SH', '000560.SZ', '300426.SZ', '600094.SH', '000517.SZ', '600185.SH', '600774.SH', '002462.SZ', '600789.SH', '600488.SH', '600375.SH', '600742.SH', '603093.SH', '600686.SH', '002616.SZ', '002479.SZ', '000040.SZ', '600617.SH', '000507.SZ', '002039.SZ', '600758.SH', '600583.SH', '002772.SZ', '601001.SH', '601101.SH', '002852.SZ', '600292.SH', '000151.SZ', '600327.SH', '600694.SH', '000639.SZ', '600785.SH', '000417.SZ', '600828.SH', '002277.SZ', '603708.SH', '603518.SH', '600866.SH', '002419.SZ', '603808.SH', '002416.SZ', '601007.SH', '600655.SH', '000850.SZ', '002083.SZ', '000026.SZ', '002029.SZ', '603697.SH', '002042.SZ', '601956.SH', '600190.SH', '600279.SH', '600368.SH', '600611.SH', '600035.SH', '600897.SH', '601008.SH', '002026.SZ', '000900.SZ', '000910.SZ', '600033.SH', '600020.SH', '002489.SZ', '600717.SH', '600308.SH', '300355.SZ', '002614.SZ', '002062.SZ', '000404.SZ', '000521.SZ', '002398.SZ', '000789.SZ']"
2023-12-25,2023-12-22,2024-01-02,0.038954228230399596,100,0.7808219178082192,,"['605277.SH', '603386.SH', '300852.SZ', '603611.SH', '000517.SZ', '000090.SZ', '002788.SZ', '002462.SZ', '002940.SZ', '600829.SH', '603368.SH', '603689.SH', '600101.SH', '600182.SH', '000028.SZ', '002448.SZ', '600469.SH', '300994.SZ', '600742.SH', '605090.SH', '300435.SZ', '002283.SZ', '002662.SZ', '002048.SZ', '000589.SZ', '600546.SH', '000550.SZ', '601163.SH', '603787.SH', '002128.SZ', '601001.SH', '002478.SZ', '600123.SH', '600971.SH', '603766.SH', '000937.SZ', '601101.SH', '601666.SH', '603878.SH', '601918.SH', '002852.SZ', '600777.SH', '603619.SH', '002986.SZ', '600251.SH', '300622.SZ', '600785.SH', '603360.SH', '000417.SZ', '603227.SH', '600737.SH', '603639.SH', '000707.SZ', '603299.SH', '002588.SZ', '300815.SZ', '003002.SZ', '603281.SH', '002768.SZ', '300121.SZ', '600731.SH', '300109.SZ', '600961.SH', '605167.SH', '600531.SH', '002416.SZ', '603518.SH', '600729.SH', '600873.SH', '000878.SZ', '600461.SH', '600888.SH', '000905.SZ', '605196.SH', '603165.SH', '603889.SH', '002255.SZ', '600368.SH', '600035.SH', '000885.SZ', '603610.SH', '002752.SZ', '000888.SZ', '600210.SH', '000026.SZ', '002083.SZ', '603966.SH', '002483.SZ', '603757.SH', '300193.SZ', '603339.SH', '603012.SH', '600761.SH', '601717.SH', '603519.SH', '000404.SZ', '002035.SZ', '000521.SZ', '000921.SZ', '002543.SZ']"
2024-01-02,2023-12-29,2024-01-08,-0.028659887071998572,95,0.36,,"['003000.SZ', '000829.SZ', '603689.SH', '000550.SZ', '603386.SH', '002870.SZ', '603619.SH', '002083.SZ', '002940.SZ', '000700.SZ', '603809.SH', '002973.SZ', '002588.SZ', '002140.SZ', '300160.SZ', '600507.SH', '603360.SH', '603303.SH', '301149.SZ', '000026.SZ', '600283.SH', '600737.SH', '002206.SZ', '002668.SZ', '000888.SZ', '002790.SZ', '603757.SH', '688398.SH', '603618.SH', '600961.SH', '300815.SZ', '603368.SH', '002462.SZ', '600101.SH', '002035.SZ', '000707.SZ', '000921.SZ', '600785.SH', '603611.SH', '002752.SZ', '603165.SH', '002398.SZ', '603878.SH', '002860.SZ', '603766.SH', '300829.SZ', '600731.SH', '300121.SZ', '603889.SH', '002225.SZ', '603012.SH', '600531.SH', '600829.SH', '002986.SZ', '600784.SH', '002662.SZ', '603093.SH', '002283.SZ', '300092.SZ', '600182.SH', '002852.SZ', '600609.SH', '002922.SZ', '600729.SH', '002543.SZ', '603966.SH', '603551.SH', '603180.SH', '002116.SZ', '603299.SH', '603808.SH', '603339.SH', '000885.SZ', '605196.SH', '603639.SH', '603519.SH', '002048.SZ', '000417.SZ', '300193.SZ', '000913.SZ', '300435.SZ', '000905.SZ', '002448.SZ', '002255.SZ', '600469.SH', '000521.SZ', '000589.SZ', '603610.SH', '603787.SH', '002788.SZ', '000090.SZ', '002483.SZ', '600210.SH', '300852.SZ', '002478.SZ']"
2024-01-08,2024-01-05,2024-01-15,0.012737029520274968,100,0.5368421052631579,,"['002443.SZ', '002616.SZ', '002478.SZ', '605158.SH', '605196.SH', '000880.SZ', '603689.SH', '300625.SZ', '002479.SZ', '000517.SZ', '002196.SZ', '603167.SH', '002398.SZ', '600982.SH', '603759.SH', '300453.SZ', '300272.SZ', '002264.SZ', '603071.SH', '605066.SH', '300435.SZ', '002225.SZ', '300439.SZ', '002471.SZ', '002852.SZ', '002790.SZ', '600368.SH', '002392.SZ', '000905.SZ', '002404.SZ', '600784.SH', '000417.SZ', '002788.SZ', '605009.SH', '000090.SZ', '300121.SZ', '000531.SZ', '000968.SZ', '002062.SZ', '603618.SH', '002448.SZ', '603519.SH', '600731.SH', '601956.SH', '002768.SZ', '603808.SH', '603619.SH', '300193.SZ', '603360.SH', '300355.SZ', '002674.SZ', '300194.SZ', '603319.SH', '603165.SH', '002462.SZ', '600035.SH', '603339.SH', '000068.SZ', '000404.SZ', '600526.SH', '600694.SH', '600479.SH', '603012.SH', '000026.SZ', '000731.SZ', '600822.SH', '600829.SH', '600507.SH', '002697.SZ', '000885.SZ', '600594.SH', '600509.SH', '002083.SZ', '603757.SH', '600300.SH', '002206.SZ', '603611.SH', '002393.SZ', '300664.SZ', '002035.SZ', '600866.SH', '002228.SZ', '600351.SH', '002483.SZ', '600469.SH', '000521.SZ', '600017.SH', '600575.SH', '603610.SH', '600283.SH', '601101.SH', '002611.SZ', '603639.SH', '300138.SZ', '601968.SH', '600508.SH', '002543.SZ', '603386.SH', '002662.SZ', '600073.SH']"
2024-01-15,2024-01-12,2024-01-22,-0.09911207594916643,100,0.23,,"['603093.SH', '000755.SZ', '002616.SZ', '603408.SH', '002443.SZ', '000880.SZ', '002478.SZ', '605196.SH', '603878.SH', '000655.SZ', '000517.SZ', '603689.SH', '002398.SZ', '300272.SZ', '600531.SH', '603071.SH', '002452.SZ', '002264.SZ', '600368.SH', '000612.SZ', '605066.SH', '002225.SZ', '002790.SZ', '002471.SZ', '000905.SZ', '002392.SZ', '603136.SH', '300439.SZ', '002852.SZ', '600784.SH', '002788.SZ', '000090.SZ', '000417.SZ', '000968.SZ', '002404.SZ', '300121.SZ', '002448.SZ', '002918.SZ', '002062.SZ', '603519.SH', '600327.SH', '600731.SH', '601956.SH', '000707.SZ', '605009.SH', '600035.SH', '300193.SZ', '002768.SZ', '603619.SH', '603808.SH', '603360.SH', '603165.SH', '002674.SZ', '002462.SZ', '003016.SZ', '600888.SH', '603676.SH', '603339.SH', '000850.SZ', '000404.SZ', '600594.SH', '600694.SH', '600822.SH', '600479.SH', '000885.SZ', '000888.SZ', '000731.SZ', '603012.SH', '002697.SZ', '000068.SZ', '000026.SZ', '600829.SH', '600507.SH', '603757.SH', '002393.SZ', '002206.SZ', '600300.SH', '600125.SH', '600509.SH', '002083.SZ', '002035.SZ', '603611.SH', '600866.SH', '002746.SZ', '600020.SH', '300664.SZ', '002228.SZ', '600054.SH', '600351.SH', '601619.SH', '600469.SH', '603610.SH', '002483.SZ', '600033.SH', '600575.SH', '601968.SH', '600283.SH', '000521.SZ', '300138.SZ', '601101.SH']"
2024-01-22,2024-01-19,2024-01-29,0.06869297499334165,100,0.56,,"['605158.SH', '002443.SZ', '002478.SZ', '000517.SZ', '603878.SH', '603689.SH', '002264.SZ', '603071.SH', '300435.SZ', '600368.SH', '002225.SZ', '002694.SZ', '002471.SZ', '600784.SH', '000055.SZ', '000417.SZ', '002392.SZ', '300121.SZ', '002818.SZ', '000048.SZ', '002448.SZ', '600731.SH', '002404.SZ', '603357.SH', '603519.SH', '000707.SZ', '600035.SH', '603619.SH', '600901.SH', '600064.SH', '300194.SZ', '603018.SH', '603360.SH', '600888.SH', '603339.SH', '603165.SH', '300888.SZ', '000552.SZ', '601512.SH', '603012.SH', '000885.SZ', '605090.SH', '603886.SH', '600479.SH', '000731.SZ', '002393.SZ', '600694.SH', '600125.SH', '600829.SH', '603757.SH', '002697.SZ', '603611.SH', '002035.SZ', '600020.SH', '601101.SH', '300664.SZ', '601619.SH', '600351.SH', '600508.SH', '600780.SH', '600033.SH', '600269.SH', '000068.SZ', '000822.SZ', '002543.SZ', '600997.SH', '002752.SZ', '000680.SZ', '600428.SH', '603368.SH', '603227.SH', '600971.SH', '603299.SH', '600251.SH', '600717.SH', '000429.SZ', '603367.SH', '300815.SZ', '603587.SH', '601918.SH', '601156.SH', '002274.SZ', '002668.SZ', '600548.SH', '600123.SH', '002233.SZ', '000589.SZ', '601326.SH', '600497.SH', '600210.SH', '000650.SZ', '600295.SH', '605599.SH', '601038.SH', '601001.SH', '002091.SZ', '603013.SH', '000937.SZ', '600729.SH', '600285.SH']"
2024-01-29,2024-01-26,2024-02-05,-0.16680181620836632,100,0.58,,"['600173.SH', '002443.SZ', '002478.SZ', '002616.SZ', '601921.SH', '000517.SZ', '002264.SZ', '600510.SH', '300485.SZ', '000612.SZ', '600531.SH', '002471.SZ', '000993.SZ', '002225.SZ', '603071.SH', '301358.SZ', '300435.SZ', '600784.SH', '000055.SZ', '600368.SH', '600982.SH', '000968.SZ', '002788.SZ', '002392.SZ', '603697.SH', '000417.SZ', '002448.SZ', '605050.SH', '600551.SH', '000529.SZ', '000411.SZ', '002404.SZ', '000048.SZ', '600327.SH', '603357.SH', '002768.SZ', '603018.SH', '300194.SZ', '002658.SZ', '600180.SH', '002462.SZ', '600064.SH', '600594.SH', '600888.SH', '600814.SH', '600639.SH', '001914.SZ', '600479.SH', '300888.SZ', '000922.SZ', '000731.SZ', '002135.SZ', '002393.SZ', '000404.SZ', '600829.SH', '600694.SH', '002375.SZ', '603611.SH', '601512.SH', '600125.SH', '600336.SH', '002758.SZ', '002083.SZ', '002697.SZ', '600782.SH', '600866.SH', '600496.SH', '002029.SZ', '600351.SH', '601677.SH', '600713.SH', '600425.SH', '300664.SZ', '000910.SZ', '000789.SZ', '605222.SH', '600595.SH', '600575.SH', '600780.SH', '600577.SH', '600269.SH', '000822.SZ', '603187.SH', '000498.SZ', '600429.SH', '000778.SZ', '000690.SZ', '300217.SZ', '600073.SH', '603368.SH', '600682.SH', '603227.SH', '600787.SH', '600997.SH', '600740.SH', '600742.SH', '603367.SH', '601311.SH', '600251.SH', '600717.SH']"
2024-02-05,2024-02-02,2024-02-19,0.13332873343172882,100,0.72,,"['002478.SZ', '601921.SH', '000718.SZ', '002918.SZ', '688778.SH', '600982.SH', '600125.SH', '603071.SH', '600681.SH', '000600.SZ', '601677.SH', '002697.SZ', '600603.SH', '600866.SH', '600782.SH', '605507.SH', '600595.SH', '000048.SZ', '002083.SZ', '600033.SH', '601619.SH', '603693.SH', '301301.SZ', '000552.SZ', '300888.SZ', '603128.SH', '600073.SH', '600648.SH', '001914.SZ', '300138.SZ', '300755.SZ', '600429.SH', '603187.SH', '605266.SH', '002155.SZ', '603367.SH', '603227.SH', '600742.SH', '600575.SH', '002543.SZ', '603368.SH', '000778.SZ', '600869.SH', '002541.SZ', '603299.SH', '601512.SH', '601101.SH', '600428.SH', '000915.SZ', '688425.SH', '002010.SZ', '000672.SZ', '000690.SZ', '002048.SZ', '600508.SH', '600717.SH', '002216.SZ', '002911.SZ', '002081.SZ', '603529.SH', '601156.SH', '002727.SZ', '600740.SH', '301039.SZ', '603056.SH', '600997.SH', '600586.SH', '002203.SZ', '002226.SZ', '600167.SH', '002233.SZ', '600548.SH', '000539.SZ', '605377.SH', '600007.SH', '600710.SH', '601330.SH', '002191.SZ', '600987.SH', '600267.SH', '603871.SH', '002690.SZ', '601326.SH', '601339.SH', '600116.SH', '300244.SZ', '600057.SH', '600295.SH', '000960.SZ', '002293.SZ', '601869.SH', '601918.SH', '601975.SH', '000878.SZ', '002091.SZ', '600480.SH', '000869.SZ', '603567.SH', '688006.SH', '600549.SH']"
2024-02-19,2024-02-08,2024-02-26,0.0678013003007079,100,0.9,,"['605158.SH', '002443.SZ', '002953.SZ', '002540.SZ', '002478.SZ', '601921.SH', '605066.SH', '300504.SZ', '601188.SH', '603689.SH', '002441.SZ', '000779.SZ', '300773.SZ', '301238.SZ', '002469.SZ', '600229.SH', '600368.SH', '688799.SH', '605050.SH', '300592.SZ', '600784.SH', '002990.SZ', '300200.SZ', '600327.SH', '600180.SH', '002448.SZ', '000417.SZ', '300403.SZ', '603339.SH', '002918.SZ', '002818.SZ', '002026.SZ', '000707.SZ', '603808.SH', '688252.SH', '300792.SZ', '600829.SH', '002983.SZ', '600035.SH', '603165.SH', '300194.SZ', '601177.SH', '002632.SZ', '603519.SH', '688569.SH', '603357.SH', '600814.SH', '600986.SH', '600592.SH', '600106.SH', '603366.SH', '000517.SZ', '000719.SZ', '002757.SZ', '002393.SZ', '000026.SZ', '000404.SZ', '000923.SZ', '000888.SZ', '600590.SH', '600469.SH', '600488.SH', '601116.SH', '002491.SZ', '002367.SZ', '600694.SH', '000885.SZ', '000922.SZ', '300307.SZ', '603758.SH', '600125.SH', '300341.SZ', '600780.SH', '601137.SH', '002697.SZ', '603686.SH', '601677.SH', '600866.SH', '301215.SZ', '002519.SZ', '603118.SH', '600020.SH', '000910.SZ', '002035.SZ', '603053.SH', '002641.SZ', '300133.SZ', '300770.SZ', '300349.SZ', '603508.SH', '002583.SZ', '600757.SH', '600603.SH', '600033.SH', '600595.SH', '002611.SZ', '002649.SZ', '605118.SH', '002438.SZ', '300182.SZ']"
2024-02-26,2024-02-23,2024-03-04,0.020642291202760843,100,0.79,,"['603353.SH', '000892.SZ', '300933.SZ', '300805.SZ', '001319.SZ', '605289.SH', '002953.SZ', '300853.SZ', '301286.SZ', '002878.SZ', '300978.SZ', '300860.SZ', '002988.SZ', '688551.SH', '603999.SH', '601999.SH', '600173.SH', '300426.SZ', '300968.SZ', '300902.SZ', '688799.SH', '300552.SZ', '002358.SZ', '601086.SH', '000558.SZ', '603897.SH', '603861.SH', '000863.SZ', '601188.SH', '600725.SH', '600222.SH', '605188.SH', '002686.SZ', '002970.SZ', '603390.SH', '000802.SZ', '002137.SZ', '300225.SZ', '300213.SZ', '002561.SZ', '300550.SZ', '300798.SZ', '600293.SH', '600229.SH', '600327.SH', '605050.SH', '688658.SH', '300840.SZ', '002908.SZ', '600805.SH', '300809.SZ', '000721.SZ', '300011.SZ', '603015.SH', '300027.SZ', '603949.SH', '002640.SZ', '002520.SZ', '600218.SH', '603569.SH', '688252.SH', '603278.SH', '601177.SH', '002983.SZ', '002632.SZ', '600814.SH', '002577.SZ', '002115.SZ', '002427.SZ', '300536.SZ', '603366.SH', '600468.SH', '002785.SZ', '605299.SH', '600590.SH', '600592.SH', '688010.SH', '601116.SH', '600106.SH', '600215.SH', '002533.SZ', '688590.SH', '688192.SH', '002366.SZ', '603421.SH', '600125.SH', '600203.SH', '600278.SH', '000922.SZ', '002453.SZ', '002552.SZ', '300341.SZ', '300783.SZ', '603266.SH', '300201.SZ', '002356.SZ', '002583.SZ', '603969.SH', '600556.SH', '301215.SZ']"
2024-03-04,2024-03-01,2024-03-11,0.01315867640569082,100,0.76,,"['300697.SZ', '603162.SH', '601022.SH', '301376.SZ', '300328.SZ', '688489.SH', '001319.SZ', '000892.SZ', '300853.SZ', '301102.SZ', '688143.SH', '301246.SZ', '300978.SZ', '300448.SZ', '000962.SZ', '002878.SZ', '301221.SZ', '301091.SZ', '600301.SH', '688170.SH', '300299.SZ', '603999.SH', '002970.SZ', '300447.SZ', '300550.SZ', '300603.SZ', '603897.SH', '601999.SH', '300790.SZ', '300504.SZ', '002095.SZ', '300752.SZ', '002599.SZ', '300592.SZ', '300590.SZ', '603390.SH', '002908.SZ', '002849.SZ', '002137.SZ', '300368.SZ', '300213.SZ', '301188.SZ', '002561.SZ', '300225.SZ', '300292.SZ', '002933.SZ', '300241.SZ', '002328.SZ', '300975.SZ', '300691.SZ', '002990.SZ', '002869.SZ', '000409.SZ', '000868.SZ', '688049.SH', '300044.SZ', '688258.SH', '300802.SZ', '300100.SZ', '688252.SH', '603003.SH', '688668.SH', '002026.SZ', '300160.SZ', '002189.SZ', '002632.SZ', '300531.SZ', '688219.SH', '300536.SZ', '002642.SZ', '002577.SZ', '300031.SZ', '600218.SH', '000524.SZ', '603366.SH', '603686.SH', '688259.SH', '688687.SH', '688035.SH', '300287.SZ', '002587.SZ', '002609.SZ', '002845.SZ', '300872.SZ', '688588.SH', '002885.SZ', '300860.SZ', '301096.SZ', '002757.SZ', '688589.SH', '688590.SH', '300377.SZ', '688496.SH', '300507.SZ', '300307.SZ', '688381.SH', '600237.SH', '300113.SZ', '300493.SZ', '688311.SH']"
2024-03-11,2024-03-08,2024-03-18,0.04746063852264629,100,0.87,,"['603162.SH', '601022.SH', '301046.SZ', '000532.SZ', '301381.SZ', '605598.SH', '301376.SZ', '601279.SH', '605289.SH', '301208.SZ', '301325.SZ', '301246.SZ', '605365.SH', '301180.SZ', '605167.SH', '301262.SZ', '605133.SH', '301168.SZ', '603213.SH', '605319.SH', '003038.SZ', '301085.SZ', '300969.SZ', '301257.SZ', '001311.SZ', '603324.SH', '002988.SZ', '300491.SZ', '603219.SH', '301149.SZ', '688147.SH', '605056.SH', '002860.SZ', '300592.SZ', '300092.SZ', '002970.SZ', '300063.SZ', '688376.SH', '300444.SZ', '002103.SZ', '300654.SZ', '605555.SH', '003032.SZ', '002790.SZ', '603929.SH', '603168.SH', '300882.SZ', '002990.SZ', '001308.SZ', '301188.SZ', '001269.SZ', '300691.SZ', '002783.SZ', '301127.SZ', '603619.SH', '002116.SZ', '002886.SZ', '002184.SZ', '605088.SH', '300533.SZ', '600961.SH', '603003.SH', '300100.SZ', '605577.SH', '002803.SZ', '301391.SZ', '003000.SZ', '300129.SZ', '600822.SH', '301239.SZ', '300532.SZ', '603598.SH', '300545.SZ', '603158.SH', '002584.SZ', '002757.SZ', '605090.SH', '600237.SH', '603663.SH', '601137.SH', '300847.SZ', '000068.SZ', '002965.SZ', '002843.SZ', '300842.SZ', '300779.SZ', '300258.SZ', '300201.SZ', '300693.SZ', '603767.SH', '002232.SZ', '300304.SZ', '603408.SH', '002896.SZ', '605218.SH', '002997.SZ', '300389.SZ', '002150.SZ', '300729.SZ', '000700.SZ']"
2024-03-18,2024-03-15,2024-03-25,-0.01440237637982014,100,0.74,,"['301136.SZ', '301102.SZ', '301046.SZ', '301338.SZ', '301266.SZ', '301021.SZ', '301180.SZ', '605167.SH', '300461.SZ', '605133.SH', '301168.SZ', '301099.SZ', '300990.SZ', '300561.SZ', '003043.SZ', '301085.SZ', '301311.SZ', '301123.SZ', '300337.SZ', '300538.SZ', '300063.SZ', '301221.SZ', '300921.SZ', '300654.SZ', '301013.SZ', '300491.SZ', '002877.SZ', '300051.SZ', '300589.SZ', '300831.SZ', '300540.SZ', '300444.SZ', '002970.SZ', '300752.SZ', '002943.SZ', '300790.SZ', '300571.SZ', '300537.SZ', '002137.SZ', '002783.SZ', '300222.SZ', '603390.SH', '003032.SZ', '300177.SZ', '300798.SZ', '300691.SZ', '002886.SZ', '688365.SH', '688359.SH', '688039.SH', '002184.SZ', '300656.SZ', '603396.SH', '603003.SH', '002813.SZ', '002866.SZ', '300100.SZ', '300684.SZ', '002708.SZ', '001270.SZ', '300566.SZ', '688313.SH', '002362.SZ', '688173.SH', '300847.SZ', '300402.SZ', '002897.SZ', '300047.SZ', '605128.SH', '002587.SZ', '688233.SH', '300846.SZ', '603158.SH', '603212.SH', '600237.SH', '300779.SZ', '000762.SZ', '300032.SZ', '002197.SZ', '300507.SZ', '002123.SZ', '002876.SZ', '002657.SZ', '002354.SZ', '002655.SZ', '002965.SZ', '300331.SZ', '300342.SZ', '300201.SZ', '688158.SH', '300429.SZ', '300351.SZ', '000070.SZ', '300258.SZ', '300123.SZ', '000681.SZ', '688025.SH', '002232.SZ', '300739.SZ', '002119.SZ']"
2024-03-25,2024-03-22,2024-04-01,0.02002400145596835,14,0.94,,"['002578.SZ', '301021.SZ', '300538.SZ', '301282.SZ', '002613.SZ', '002380.SZ', '002852.SZ', '603803.SH', '002877.SZ', '002799.SZ', '002783.SZ', '002115.SZ', '002137.SZ', '300047.SZ']"
2024-04-01,2024-03-29,2024-04-08,-0.03945719102449842,27,0.6428571428571429,,"['002416.SZ', '600742.SH', '002614.SZ', '001338.SZ', '002483.SZ', '002969.SZ', '300047.SZ', '002877.SZ', '300911.SZ', '605167.SH', '603507.SH', '002788.SZ', '600336.SH', '603158.SH', '300990.SZ', '301120.SZ', '301086.SZ', '301201.SZ', '300863.SZ', '000880.SZ', '002228.SZ', '002852.SZ', '301122.SZ', '002870.SZ', '002783.SZ', '002666.SZ', '002578.SZ']"
2024-04-08,2024-04-03,2024-04-15,-0.034999498120847156,69,0.6666666666666666,,"['301086.SZ', '001208.SZ', '002479.SZ', '001283.SZ', '603209.SH', '605365.SH', '600979.SH', '605133.SH', '301122.SZ', '300863.SZ', '300664.SZ', '301211.SZ', '300873.SZ', '300625.SZ', '300787.SZ', '002560.SZ', '300575.SZ', '002469.SZ', '002614.SZ', '301201.SZ', '603507.SH', '603739.SH', '603237.SH', '600279.SH', '002443.SZ', '000899.SZ', '003016.SZ', '002224.SZ', '301093.SZ', '000570.SZ', '600731.SH', '300918.SZ', '300121.SZ', '002083.SZ', '300681.SZ', '300858.SZ', '301216.SZ', '002398.SZ', '600222.SH', '000690.SZ', '002768.SZ', '603995.SH', '002637.SZ', '000973.SZ', '002969.SZ', '600668.SH', '002462.SZ', '301071.SZ', '605018.SH', '600866.SH', '002799.SZ', '002662.SZ', '600327.SH', '600742.SH', '603301.SH', '601113.SH', '600876.SH', '002048.SZ', '002539.SZ', '603180.SH', '002228.SZ', '603610.SH', '000910.SZ', '600308.SH', '601968.SH', '603008.SH', '601636.SH', '603801.SH', '003012.SZ']"
2024-04-15,2024-04-12,2024-04-22,0.003240972025673756,100,0.6231884057971014,,"['301175.SZ', '603759.SH', '002479.SZ', '605365.SH', '603689.SH', '600283.SH', '603057.SH', '605196.SH', '603209.SH', '300625.SZ', '301149.SZ', '300815.SZ', '002469.SZ', '300873.SZ', '002300.SZ', '002614.SZ', '002034.SZ', '605090.SH', '603237.SH', '002224.SZ', '000899.SZ', '002733.SZ', '600731.SH', '603071.SH', '300918.SZ', '600279.SH', '300121.SZ', '600780.SH', '300439.SZ', '000707.SZ', '600368.SH', '002852.SZ', '600874.SH', '301216.SZ', '300453.SZ', '002768.SZ', '000026.SZ', '001338.SZ', '300908.SZ', '002443.SZ', '002083.SZ', '002035.SZ', '601089.SH', '002788.SZ', '000973.SZ', '002706.SZ', '603886.SH', '002978.SZ', '000731.SZ', '003039.SZ', '300217.SZ', '002206.SZ', '000690.SZ', '000823.SZ', '605338.SH', '600866.SH', '002955.SZ', '002478.SZ', '600508.SH', '603889.SH', '002462.SZ', '000048.SZ', '000552.SZ', '603010.SH', '600575.SH', '600594.SH', '002543.SZ', '002911.SZ', '002541.SZ', '000049.SZ', '603867.SH', '605018.SH', '603995.SH', '601101.SH', '002635.SZ', '601677.SH', '603639.SH', '605009.SH', '002969.SZ', '300138.SZ', '600479.SH', '002746.SZ', '600971.SH', '002662.SZ', '300888.SZ', '300109.SZ', '600351.SH', '002468.SZ', '002106.SZ', '601827.SH', '002108.SZ', '600713.SH', '600956.SH', '600428.SH', '603328.SH', '600323.SH', '300416.SZ', '002283.SZ', '300390.SZ', '600777.SH']"
2024-04-22,2024-04-19,2024-04-29,0.03973916894211707,100,0.78,,"['002651.SZ', '002658.SZ', '002519.SZ', '600526.SH', '003038.SZ', '603686.SH', '605066.SH', '301050.SZ', '300286.SZ', '001269.SZ', '000935.SZ', '002540.SZ', '001308.SZ', '603300.SH', '601199.SH', '002554.SZ', '605123.SH', '000567.SZ', '603057.SH', '300625.SZ', '300815.SZ', '301090.SZ', '300852.SZ', '300443.SZ', '300272.SZ', '300820.SZ', '603380.SH', '601700.SH', '603170.SH', '600780.SH', '300860.SZ', '300355.SZ', '300160.SZ', '002125.SZ', '603931.SH', '600279.SH', '603053.SH', '301195.SZ', '600435.SH', '603136.SH', '300775.SZ', '002940.SZ', '300776.SZ', '002533.SZ', '003039.SZ', '002206.SZ', '300219.SZ', '002035.SZ', '000922.SZ', '002955.SZ', '301207.SZ', '002766.SZ', '600866.SH', '605338.SH', '600888.SH', '603676.SH', '603886.SH', '300217.SZ', '301263.SZ', '001322.SZ', '603867.SH', '603878.SH', '000049.SZ', '603063.SH', '301035.SZ', '002613.SZ', '000523.SZ', '002851.SZ', '601137.SH', '002276.SZ', '002045.SZ', '300019.SZ', '002345.SZ', '002543.SZ', '300303.SZ', '301101.SZ', '603639.SH', '688556.SH', '603360.SH', '300791.SZ', '300319.SZ', '603590.SH', '601677.SH', '002965.SZ', '603989.SH', '603587.SH', '600054.SH', '002335.SZ', '600123.SH', '002897.SZ', '300888.SZ', '002746.SZ', '002096.SZ', '002184.SZ', '300109.SZ', '002993.SZ', '603056.SH', '605009.SH', '300802.SZ', '002487.SZ']"
2024-04-29,2024-04-26,2024-05-06,0.013915601737411508,100,0.75,,"['002933.SZ', '002651.SZ', '300933.SZ', '688102.SH', '002658.SZ', '300726.SZ', '300631.SZ', '600391.SH', '300173.SZ', '600526.SH', '601218.SH', '300831.SZ', '603686.SH', '002471.SZ', '000880.SZ', '605196.SH', '300286.SZ', '603507.SH', '001269.SZ', '300909.SZ', '605319.SH', '600130.SH', '301017.SZ', '002149.SZ', '000935.SZ', '688601.SH', '002845.SZ', '002733.SZ', '002614.SZ', '601956.SH', '300129.SZ', '600468.SH', '603053.SH', '300493.SZ', '600435.SH', '603949.SH', '300320.SZ', '603815.SH', '605277.SH', '002570.SZ', '002107.SZ', '300830.SZ', '002449.SZ', '002852.SZ', '002125.SZ', '600698.SH', '688248.SH', '002206.SZ', '000931.SZ', '002632.SZ', '603886.SH', '002613.SZ', '000155.SZ', '600576.SH', '600230.SH', '603158.SH', '603002.SH', '600106.SH', '300698.SZ', '603738.SH', '601137.SH', '605056.SH', '002543.SZ', '603530.SH', '300925.SZ', '002851.SZ', '300398.SZ', '002345.SZ', '002990.SZ', '603758.SH', '002045.SZ', '002115.SZ', '603989.SH', '002276.SZ', '600577.SH', '002965.SZ', '300531.SZ', '002756.SZ', '002201.SZ', '002096.SZ', '002106.SZ', '002103.SZ', '301188.SZ', '603328.SH', '002184.SZ', '300011.SZ', '002609.SZ', '002993.SZ', '601126.SH', '002491.SZ', '600651.SH', '603718.SH', '002079.SZ', '002487.SZ', '002077.SZ', '603227.SH', '300118.SZ', '600609.SH', '600229.SH', '002197.SZ']"
2024-05-06,2024-04-30,2024-05-13,-0.02636923655673073,100,0.8,,"['002651.SZ', '002297.SZ', '300697.SZ', '301123.SZ', '002953.SZ', '002616.SZ', '300752.SZ', '300831.SZ', '002988.SZ', '600864.SH', '603689.SH', '605066.SH', '300173.SZ', '605319.SH', '300880.SZ', '301111.SZ', '002358.SZ', '300852.SZ', '301149.SZ', '002845.SZ', '300389.SZ', '300286.SZ', '603380.SH', '300939.SZ', '300403.SZ', '603897.SH', '600237.SH', '300840.SZ', '300680.SZ', '002161.SZ', '600961.SH', '688799.SH', '688155.SH', '603053.SH', '688150.SH', '603949.SH', '002655.SZ', '002448.SZ', '600468.SH', '300547.SZ', '002852.SZ', '002119.SZ', '000045.SZ', '002083.SZ', '600698.SH', '300893.SZ', '002613.SZ', '300219.SZ', '603929.SH', '002170.SZ', '300951.SZ', '002991.SZ', '300217.SZ', '002632.SZ', '605128.SH', '301015.SZ', '300019.SZ', '300700.SZ', '002333.SZ', '300131.SZ', '002510.SZ', '300360.SZ', '300184.SZ', '603158.SH', '002345.SZ', '002907.SZ', '002947.SZ', '002969.SZ', '301391.SZ', '603867.SH', '688621.SH', '688159.SH', '002782.SZ', '603239.SH', '603530.SH', '600351.SH', '600469.SH', '300102.SZ', '603758.SH', '002851.SZ', '300809.SZ', '688279.SH', '300341.SZ', '002045.SZ', '600523.SH', '300718.SZ', '601702.SH', '603629.SH', '605018.SH', '300783.SZ', '002681.SZ', '603950.SH', '605188.SH', '002937.SZ', '000409.SZ', '002011.SZ', '300319.SZ', '002283.SZ', '002017.SZ', '603328.SH']"
2024-05-13,2024-05-10,2024-05-20,0.020187386123179177,100,0.78,,"['002651.SZ', '600052.SH', '300435.SZ', '301050.SZ', '002267.SZ', '601199.SH', '300384.SZ', '300773.SZ', '688601.SH', '300873.SZ', '688589.SH', '002469.SZ', '603300.SH', '600163.SH', '300852.SZ', '603693.SH', '603535.SH', '603811.SH', '300389.SZ', '603380.SH', '002107.SZ', '002404.SZ', '000567.SZ', '300453.SZ', '300566.SZ', '600794.SH', '300160.SZ', '300121.SZ', '601008.SH', '002140.SZ', '002161.SZ', '002940.SZ', '601089.SH', '603878.SH', '000707.SZ', '002852.SZ', '301087.SZ', '688358.SH', '000788.SZ', '300320.SZ', '002695.SZ', '000557.SZ', '001338.SZ', '603929.SH', '002677.SZ', '002206.SZ', '000155.SZ', '002612.SZ', '688219.SH', '603309.SH', '002950.SZ', '300041.SZ', '300636.SZ', '003000.SZ', '002035.SZ', '300005.SZ', '603676.SH', '300019.SZ', '002613.SZ', '002345.SZ', '688628.SH', '002534.SZ', '300110.SZ', '002810.SZ', '688621.SH', '603867.SH', '002907.SZ', '002543.SZ', '300590.SZ', '002969.SZ', '603239.SH', '603587.SH', '600351.SH', '002646.SZ', '300303.SZ', '600400.SH', '002970.SZ', '002965.SZ', '603387.SH', '603279.SH', '600738.SH', '605018.SH', '002707.SZ', '300319.SZ', '300341.SZ', '002959.SZ', '601827.SH', '002264.SZ', '002937.SZ', '603067.SH', '000833.SZ', '300718.SZ', '002550.SZ', '002662.SZ', '002242.SZ', '000822.SZ', '603998.SH', '600428.SH', '300143.SZ', '603328.SH']"
2024-05-20,2024-05-17,2024-05-27,-0.03475022711467835,100,0.76,,"['002616.SZ', '002651.SZ', '301278.SZ', '000532.SZ', '600052.SH', '002383.SZ', '000601.SZ', '688137.SH', '688247.SH', '603315.SH', '300752.SZ', '688073.SH', '688737.SH', '688275.SH', '000755.SZ', '000558.SZ', '301257.SZ', '603219.SH', '300773.SZ', '301050.SZ', '002551.SZ', '002364.SZ', '688252.SH', '300575.SZ', '002358.SZ', '300404.SZ', '000686.SZ', '603170.SH', '002869.SZ', '002582.SZ', '688601.SH', '301333.SZ', '300203.SZ', '688348.SH', '300016.SZ', '301195.SZ', '603811.SH', '000750.SZ', '600490.SH', '002783.SZ', '688155.SH', '002107.SZ', '688293.SH', '001337.SZ', '600604.SH', '600288.SH', '600222.SH', '002116.SZ', '002852.SZ', '002186.SZ', '002161.SZ', '002198.SZ', '001338.SZ', '300206.SZ', '300578.SZ', '601069.SH', '688358.SH', '002677.SZ', '600369.SH', '603777.SH', '301367.SZ', '000788.SZ', '300249.SZ', '688219.SH', '688410.SH', '000639.SZ', '300481.SZ', '000599.SZ', '300550.SZ', '603676.SH', '002707.SZ', '300248.SZ', '688621.SH', '300110.SZ', '000688.SZ', '300318.SZ', '300590.SZ', '002907.SZ', '600351.SH', '600507.SH', '300341.SZ', '000802.SZ', '300011.SZ', '603998.SH', '002641.SZ', '603711.SH', '002123.SZ', '000735.SZ', '002550.SZ', '002537.SZ', '300039.SZ', '002631.SZ', '300499.SZ', '000813.SZ', '002565.SZ', '300115.SZ', '002349.SZ', '300233.SZ', '603088.SH', '603229.SH']"
2024-05-27,2024-05-24,2024-06-03,-0.028444553287746182,100,0.73,,"['688281.SH', '002824.SZ', '000532.SZ', '002196.SZ', '301122.SZ', '000558.SZ', '000042.SZ', '603209.SH', '688275.SH', '603359.SH', '300863.SZ', '300582.SZ', '000965.SZ', '000601.SZ', '002805.SZ', '300752.SZ', '002582.SZ', '300767.SZ', '002864.SZ', '300203.SZ', '300860.SZ', '300314.SZ', '300996.SZ', '300745.SZ', '000415.SZ', '300855.SZ', '601008.SH', '300016.SZ', '603507.SH', '002869.SZ', '300681.SZ', '600604.SH', '300850.SZ', '600228.SH', '600288.SH', '600222.SH', '300578.SZ', '600491.SH', '002852.SZ', '002923.SZ', '603777.SH', '601069.SH', '003020.SZ', '002161.SZ', '688468.SH', '000736.SZ', '688157.SH', '603633.SH', '002121.SZ', '600636.SH', '300249.SZ', '002082.SZ', '300550.SZ', '605337.SH', '601778.SH', '002928.SZ', '000402.SZ', '300248.SZ', '002940.SZ', '603931.SH', '000639.SZ', '688170.SH', '002688.SZ', '600266.SH', '300005.SZ', '000688.SZ', '688258.SH', '688116.SH', '688138.SH', '600675.SH', '688772.SH', '600325.SH', '688533.SH', '002585.SZ', '688028.SH', '301296.SZ', '300655.SZ', '601155.SH', '600383.SH', '688677.SH', '000813.SZ', '000735.SZ', '002631.SZ', '300499.SZ', '300598.SZ', '688536.SH', '688389.SH', '300115.SZ', '300910.SZ', '688059.SH', '688019.SH', '000860.SZ', '300188.SZ', '002791.SZ', '300487.SZ', '002489.SZ', '688099.SH', '600037.SH', '300529.SZ', '600343.SH']"
2024-06-03,2024-05-31,2024-06-11,-0.029582486403720964,100,0.8,,"['688636.SH', '688281.SH', '003038.SZ', '688510.SH', '002824.SZ', '002953.SZ', '301127.SZ', '605133.SH', '001283.SZ', '300752.SZ', '001217.SZ', '300706.SZ', '300051.SZ', '300191.SZ', '300863.SZ', '688182.SH', '002983.SZ', '301149.SZ', '300777.SZ', '000962.SZ', '301330.SZ', '000819.SZ', '301155.SZ', '300852.SZ', '688135.SH', '603507.SH', '688079.SH', '301048.SZ', '600237.SH', '300238.SZ', '301270.SZ', '300739.SZ', '300681.SZ', '688233.SH', '300618.SZ', '300830.SZ', '003020.SZ', '002971.SZ', '688071.SH', '603633.SH', '688468.SH', '688661.SH', '688157.SH', '002940.SZ', '002119.SZ', '003039.SZ', '000966.SZ', '603309.SH', '300586.SZ', '605108.SH', '300793.SZ', '002688.SZ', '300636.SZ', '002992.SZ', '000762.SZ', '605337.SH', '002878.SZ', '001203.SZ', '300708.SZ', '002182.SZ', '603990.SH', '000537.SZ', '002990.SZ', '300700.SZ', '300131.SZ', '688403.SH', '688116.SH', '301215.SZ', '002943.SZ', '300507.SZ', '002846.SZ', '002815.SZ', '688362.SH', '688772.SH', '688566.SH', '300790.SZ', '300568.SZ', '688028.SH', '002045.SZ', '688138.SH', '301205.SZ', '603138.SH', '002481.SZ', '688533.SH', '301062.SZ', '603950.SH', '301188.SZ', '300179.SZ', '688127.SH', '688626.SH', '300655.SZ', '603439.SH', '300802.SZ', '605016.SH', '002922.SZ', '688059.SH', '300666.SZ', '301308.SZ', '603327.SH', '688308.SH']"
2024-06-11,2024-06-07,2024-06-17,-0.0036069443819212055,100,0.79,,"['688281.SH', '002519.SZ', '301175.SZ', '300617.SZ', '605123.SH', '688439.SH', '603209.SH', '001308.SZ', '601199.SH', '300815.SZ', '300863.SZ', '603057.SH', '603535.SH', '001311.SZ', '301219.SZ', '301155.SZ', '603300.SH', '000567.SZ', '603507.SH', '000819.SZ', '300618.SZ', '300855.SZ', '603170.SH', '300938.SZ', '688401.SH', '300034.SZ', '000885.SZ', '601619.SH', '002978.SZ', '600888.SH', '300693.SZ', '003039.SZ', '300775.SZ', '300893.SZ', '301071.SZ', '300395.SZ', '601089.SH', '605020.SH', '002182.SZ', '003000.SZ', '603693.SH', '603309.SH', '002706.SZ', '001203.SZ', '300708.SZ', '300360.SZ', '002170.SZ', '600603.SH', '300636.SZ', '605337.SH', '301035.SZ', '000828.SZ', '300699.SZ', '000088.SZ', '000899.SZ', '603588.SH', '002033.SZ', '300019.SZ', '003035.SZ', '002025.SZ', '603713.SH', '301096.SZ', '002965.SZ', '000582.SZ', '000035.SZ', '603889.SH', '688138.SH', '688116.SH', '300109.SZ', '002635.SZ', '600475.SH', '000966.SZ', '002943.SZ', '300748.SZ', '605108.SH', '002937.SZ', '002959.SZ', '300303.SZ', '603896.SH', '002015.SZ', '000534.SZ', '002215.SZ', '605507.SH', '300596.SZ', '603035.SH', '601827.SH', '000155.SZ', '002324.SZ', '002154.SZ', '002481.SZ', '300568.SZ', '002011.SZ', '300179.SZ', '600389.SH', '603297.SH', '300463.SZ', '000552.SZ', '605009.SH', '601016.SH', '600929.SH']"
2024-06-17,2024-06-14,2024-06-24,-0.07219690936985336,100,0.79,,"['301278.SZ', '301168.SZ', '688376.SH', '300629.SZ', '002824.SZ', '301325.SZ', '002519.SZ', '001269.SZ', '301127.SZ', '605133.SH', '605598.SH', '003043.SZ', '603213.SH', '301122.SZ', '688102.SH', '002983.SZ', '002860.SZ', '300978.SZ', '301155.SZ', '301069.SZ', '300286.SZ', '300545.SZ', '301201.SZ', '603396.SH', '301102.SZ', '603209.SH', '300873.SZ', '603105.SH', '603507.SH', '300389.SZ', '688035.SH', '300404.SZ', '300795.SZ', '002864.SZ', '300870.SZ', '300034.SZ', '301031.SZ', '688401.SH', '300314.SZ', '301330.SZ', '300820.SZ', '000819.SZ', '688800.SH', '301195.SZ', '300566.SZ', '600237.SH', '300712.SZ', '300775.SZ', '002923.SZ', '603380.SH', '688697.SH', '300852.SZ', '300990.SZ', '300395.SZ', '300693.SZ', '300586.SZ', '002876.SZ', '605337.SH', '300811.SZ', '603633.SH', '300918.SZ', '301071.SZ', '000821.SZ', '000155.SZ', '603309.SH', '300793.SZ', '002877.SZ', '300275.SZ', '300951.SZ', '002878.SZ', '300776.SZ', '300847.SZ', '300660.SZ', '300507.SZ', '300708.SZ', '300636.SZ', '002990.SZ', '603931.SH', '002975.SZ', '300019.SZ', '300041.SZ', '300700.SZ', '002965.SZ', '301162.SZ', '301018.SZ', '002045.SZ', '300416.SZ', '300092.SZ', '600353.SH', '300568.SZ', '688258.SH', '300343.SZ', '688533.SH', '688579.SH', '300341.SZ', '003021.SZ', '300790.SZ', '688138.SH', '300390.SZ', '300303.SZ']"
2024-06-24,2024-06-21,2024-07-01,0.020294367647911614,58,0.76,,"['002578.SZ', '603759.SH', '301122.SZ', '002824.SZ', '301127.SZ', '603213.SH', '605133.SH', '300491.SZ', '300940.SZ', '002860.SZ', '603209.SH', '688391.SH', '301201.SZ', '300873.SZ', '301102.SZ', '301093.SZ', '002864.SZ', '301330.SZ', '300443.SZ', '301195.SZ', '603811.SH', '688181.SH', '605068.SH', '688179.SH', '300797.SZ', '600419.SH', '600237.SH', '000819.SZ', '688468.SH', '300121.SZ', '603633.SH', '300918.SZ', '003039.SZ', '002876.SZ', '300239.SZ', '301071.SZ', '300852.SZ', '688233.SH', '603990.SH', '603309.SH', '002515.SZ', '000537.SZ', '300700.SZ', '301296.SZ', '300636.SZ', '002045.SZ', '603035.SH', '300179.SZ', '300655.SZ', '603306.SH', '300488.SZ', '603165.SH', '603339.SH', '300802.SZ', '000503.SZ', '603912.SH', '688308.SH', '688333.SH']"
2024-07-01,2024-06-28,2024-07-08,-0.026826501253506392,82,0.8620689655172413,,"['600682.SH', '300194.SZ', '002565.SZ', '002489.SZ', '000990.SZ', '002688.SZ', '002083.SZ', '600017.SH', '600269.SH', '000822.SZ', '300664.SZ', '605133.SH', '603012.SH', '000731.SZ', '002662.SZ', '000875.SZ', '300381.SZ', '600021.SH', '002423.SZ', '600694.SH', '600308.SH', '002478.SZ', '600717.SH', '301296.SZ', '600064.SH', '000501.SZ', '300121.SZ', '000718.SZ', '600020.SH', '002404.SZ', '603166.SH', '002393.SZ', '002969.SZ', '300569.SZ', '002004.SZ', '002582.SZ', '300752.SZ', '600035.SH', '603035.SH', '600173.SH', '688317.SH', '002328.SZ', '002303.SZ', '002283.SZ', '600693.SH', '000900.SZ', '603916.SH', '002029.SZ', '600603.SH', '000507.SZ', '000417.SZ', '300016.SZ', '600711.SH', '002344.SZ', '601008.SH', '002277.SZ', '002448.SZ', '601218.SH', '000862.SZ', '000735.SZ', '600390.SH', '002551.SZ', '002932.SZ', '001217.SZ', '002538.SZ', '000639.SZ', '601512.SH', '002398.SZ', '000042.SZ', '603808.SH', '688737.SH', '603777.SH', '300120.SZ', '002578.SZ', '301122.SZ', '002034.SZ', '603759.SH', '002082.SZ', '300873.SZ', '600643.SH', '002666.SZ', '002852.SZ']"
2024-07-08,2024-07-05,2024-07-15,0.022048990084356342,44,0.8170731707317073,,"['600173.SH', '000880.SZ', '688737.SH', '601218.SH', '002364.SZ', '002358.SZ', '688137.SH', '002551.SZ', '000570.SZ', '000599.SZ', '300632.SZ', '600130.SH', '300016.SZ', '002107.SZ', '000045.SZ', '600288.SH', '688068.SH', '603803.SH', '600613.SH', '002582.SZ', '600327.SH', '300981.SZ', '002578.SZ', '600824.SH', '002277.SZ', '603697.SH', '002398.SZ', '300095.SZ', '603601.SH', '002686.SZ', '600292.SH', '002666.SZ', '300011.SZ', '300099.SZ', '300873.SZ', '603015.SH', '002282.SZ', '002443.SZ', '000639.SZ', '002565.SZ', '603808.SH', '603116.SH', '003016.SZ', '002029.SZ']"
2024-07-15,2024-07-12,2024-07-22,-0.020415426518007488,100,0.9545454545454546,,"['000042.SZ', '600603.SH', '301179.SZ', '000517.SZ', '300617.SZ', '600064.SH', '601512.SH', '002441.SZ', '001311.SZ', '605133.SH', '603897.SH', '002423.SZ', '301330.SZ', '002328.SZ', '002448.SZ', '301191.SZ', '300680.SZ', '301122.SZ', '301339.SZ', '301180.SZ', '300439.SZ', '002662.SZ', '603035.SH', '002950.SZ', '301086.SZ', '301282.SZ', '301366.SZ', '301123.SZ', '002245.SZ', '600729.SH', '300592.SZ', '300194.SZ', '600351.SH', '300481.SZ', '603936.SH', '603013.SH', '600694.SH', '300390.SZ', '002815.SZ', '300398.SZ', '000501.SZ', '002583.SZ', '000589.SZ', '002727.SZ', '002913.SZ', '002745.SZ', '600580.SH', '300755.SZ', '002540.SZ', '300182.SZ', '600267.SH', '601579.SH', '300092.SZ', '300383.SZ', '000581.SZ', '601801.SH', '000951.SZ', '000758.SZ', '000021.SZ', '300403.SZ', '600420.SH', '002558.SZ', '301116.SZ', '002757.SZ', '000860.SZ', '002035.SZ', '002738.SZ', '002034.SZ', '300307.SZ', '002852.SZ', '002969.SZ', '000707.SZ', '002206.SZ', '301071.SZ', '301296.SZ', '600586.SH', '601022.SH', '300041.SZ', '300873.SZ', '300343.SZ', '000936.SZ', '000822.SZ', '300109.SZ', '301376.SZ', '002478.SZ', '002215.SZ', '600315.SH', '002539.SZ', '601717.SH', '600866.SH', '002008.SZ', '002429.SZ', '002404.SZ', '002274.SZ', '000600.SZ', '002588.SZ', '603299.SH', '600780.SH', '600251.SH', '002029.SZ']"
2024-07-22,2024-07-19,2024-07-29,0.005752351160357369,8,0.99,,"['301179.SZ', '300423.SZ', '300448.SZ', '300459.SZ', '002281.SZ', '688235.SH', '301136.SZ', '301368.SZ']"
2024-07-29,2024-07-26,2024-08-05,0.0266483745202454,92,0.875,,"['000838.SZ', '600638.SH', '600173.SH', '600658.SH', '600510.SH', '002961.SZ', '000718.SZ', '000886.SZ', '000036.SZ', '300423.SZ', '600603.SH', '600064.SH', '601512.SH', '688737.SH', '300173.SZ', '002358.SZ', '002255.SZ', '688137.SH', '301166.SZ', '002551.SZ', '000892.SZ', '000833.SZ', '000570.SZ', '600784.SH', '300365.SZ', '002905.SZ', '300583.SZ', '002425.SZ', '600390.SH', '000710.SZ', '300016.SZ', '301080.SZ', '688391.SH', '300426.SZ', '688068.SH', '603538.SH', '300434.SZ', '002454.SZ', '002932.SZ', '603987.SH', '300532.SZ', '688317.SH', '002329.SZ', '600738.SH', '002534.SZ', '002277.SZ', '600682.SH', '300792.SZ', '600488.SH', '300725.SZ', '002583.SZ', '600811.SH', '600490.SH', '002344.SZ', '600814.SH', '000917.SZ', '600633.SH', '002398.SZ', '300572.SZ', '300095.SZ', '300664.SZ', '002849.SZ', '300092.SZ', '603601.SH', '600292.SH', '000530.SZ', '002535.SZ', '000785.SZ', '000546.SZ', '002616.SZ', '301177.SZ', '603359.SH', '002607.SZ', '601177.SH', '002282.SZ', '000639.SZ', '002443.SZ', '603081.SH', '002483.SZ', '600758.SH', '002478.SZ', '000779.SZ', '603116.SH', '300982.SZ', '002062.SZ', '000735.SZ', '003016.SZ', '600629.SH', '600846.SH', '002191.SZ', '002051.SZ', '002029.SZ']"
2024-08-05,2024-08-02,2024-08-12,0.022515792835279512,100,0.7065217391304348,,"['600716.SH', '600173.SH', '000965.SZ', '600510.SH', '000718.SZ', '000036.SZ', '000886.SZ', '600748.SH', '002961.SZ', '000006.SZ', '301349.SZ', '000631.SZ', '000048.SZ', '600657.SH', '301327.SZ', '002546.SZ', '300093.SZ', '688663.SH', '600848.SH', '002090.SZ', '688509.SH', '301391.SZ', '688137.SH', '301166.SZ', '000570.SZ', '000816.SZ', '301060.SZ', '002551.SZ', '002905.SZ', '002425.SZ', '002926.SZ', '301093.SZ', '301103.SZ', '300426.SZ', '000710.SZ', '002125.SZ', '688293.SH', '300513.SZ', '002376.SZ', '688428.SH', '600770.SH', '301080.SZ', '688391.SH', '688068.SH', '002932.SZ', '300271.SZ', '603538.SH', '002277.SZ', '300683.SZ', '688317.SH', '002022.SZ', '000802.SZ', '300326.SZ', '300639.SZ', '002181.SZ', '600824.SH', '300267.SZ', '002212.SZ', '300981.SZ', '000665.SZ', '002644.SZ', '688105.SH', '300027.SZ', '600628.SH', '002344.SZ', '002581.SZ', '301367.SZ', '600100.SH', '600271.SH', '688085.SH', '002793.SZ', '600682.SH', '605168.SH', '600490.SH', '688298.SH', '002127.SZ', '300244.SZ', '002658.SZ', '600366.SH', '002030.SZ', '000917.SZ', '688161.SH', '600616.SH', '002099.SZ', '300026.SZ', '002724.SZ', '002614.SZ', '603126.SH', '600238.SH', '002186.SZ', '600739.SH', '002624.SZ', '300676.SZ', '600292.SH', '600880.SH', '600826.SH', '688696.SH', '000789.SZ', '301177.SZ', '000862.SZ']"
2024-08-12,2024-08-09,2024-08-19,0.015089063161737672,61,0.8,,"['600716.SH', '002208.SZ', '000982.SZ', '000863.SZ', '301349.SZ', '300853.SZ', '600748.SH', '600657.SH', '301150.SZ', '688509.SH', '002546.SZ', '002805.SZ', '688667.SH', '601218.SH', '688707.SH', '688137.SH', '002933.SZ', '688246.SH', '002169.SZ', '000816.SZ', '600960.SH', '603887.SH', '002425.SZ', '300485.SZ', '002376.SZ', '300271.SZ', '300241.SZ', '600770.SH', '300513.SZ', '688010.SH', '600410.SH', '600676.SH', '688209.SH', '688068.SH', '300683.SZ', '000665.SZ', '002022.SZ', '300639.SZ', '002382.SZ', '603366.SH', '600826.SH', '000789.SZ', '300575.SZ', '600172.SH', '300317.SZ', '600984.SH', '600798.SH', '600644.SH', '002627.SZ', '300616.SZ', '000401.SZ', '000655.SZ', '000993.SZ', '002246.SZ', '300355.SZ', '002575.SZ', '002162.SZ', '000910.SZ', '003016.SZ', '002678.SZ', '000850.SZ']"
2024-08-19,2024-08-16,2024-08-26,-0.03181667762918908,64,0.7213114754098361,,"['600716.SH', '000042.SZ', '000965.SZ', '301349.SZ', '000863.SZ', '000631.SZ', '688737.SH', '600649.SH', '688667.SH', '002546.SZ', '688663.SH', '601218.SH', '688137.SH', '002358.SZ', '600626.SH', '000570.SZ', '002551.SZ', '603861.SH', '002298.SZ', '300222.SZ', '002187.SZ', '300409.SZ', '688699.SH', '002376.SZ', '600693.SH', '603803.SH', '300035.SZ', '002636.SZ', '600327.SH', '688162.SH', '002277.SZ', '002589.SZ', '000417.SZ', '600682.SH', '002344.SZ', '600238.SH', '600526.SH', '603519.SH', '002686.SZ', '002666.SZ', '600292.SH', '600826.SH', '600819.SH', '000789.SZ', '300575.SZ', '600215.SH', '603359.SH', '002132.SZ', '002616.SZ', '002443.SZ', '600798.SH', '000993.SZ', '600121.SH', '000507.SZ', '300355.SZ', '002062.SZ', '002162.SZ', '603116.SH', '003016.SZ', '600966.SH', '000850.SZ', '600751.SH', '600403.SH', '002029.SZ']"
2024-08-26,2024-08-23,2024-09-02,0.005677702220858072,77,0.78125,,"['002560.SZ', '000517.SZ', '002471.SZ', '600537.SH', '002441.SZ', '603618.SH', '603897.SH', '600626.SH', '000570.SZ', '002187.SZ', '002905.SZ', '600973.SH', '300582.SZ', '600693.SH', '600469.SH', '603386.SH', '000823.SZ', '002758.SZ', '002788.SZ', '000417.SZ', '300226.SZ', '601113.SH', '000652.SZ', '600829.SH', '688162.SH', '002589.SZ', '002462.SZ', '603399.SH', '002330.SZ', '000727.SZ', '603708.SH', '600278.SH', '600531.SH', '000078.SZ', '600335.SH', '002419.SZ', '002849.SZ', '002183.SZ', '002398.SZ', '301116.SZ', '002225.SZ', '600699.SH', '601956.SH', '000530.SZ', '000010.SZ', '600710.SH', '002520.SZ', '002535.SZ', '600579.SH', '600619.SH', '002666.SZ', '600610.SH', '002852.SZ', '000404.SZ', '002483.SZ', '002616.SZ', '688219.SH', '002918.SZ', '600644.SH', '002637.SZ', '000505.SZ', '002404.SZ', '603116.SH', '603612.SH', '600121.SH', '002062.SZ', '002556.SZ', '002565.SZ', '600180.SH', '600617.SH', '002228.SZ', '001896.SZ', '002301.SZ', '600966.SH', '000488.SZ', '603609.SH', '600403.SH']"
2024-09-02,2024-08-30,2024-09-09,0.0012987816729720084,97,0.4935064935064935,,"['002196.SZ', '688737.SH', '601218.SH', '000517.SZ', '600537.SH', '002441.SZ', '002551.SZ', '002328.SZ', '603897.SH', '603758.SH', '002187.SZ', '605136.SH', '601086.SH', '300582.SZ', '002454.SZ', '300409.SZ', '002940.SZ', '600784.SH', '600081.SH', '000823.SZ', '002082.SZ', '603987.SH', '600327.SH', '002283.SZ', '002803.SZ', '002788.SZ', '600829.SH', '002462.SZ', '603399.SH', '000417.SZ', '002589.SZ', '601113.SH', '000751.SZ', '002330.SZ', '600742.SH', '601116.SH', '002570.SZ', '603708.SH', '600278.SH', '002419.SZ', '603278.SH', '002849.SZ', '300095.SZ', '000028.SZ', '301116.SZ', '603519.SH', '000951.SZ', '002225.SZ', '600699.SH', '601956.SH', '300662.SZ', '002686.SZ', '603601.SH', '600073.SH', '000530.SZ', '002645.SZ', '600819.SH', '600579.SH', '600215.SH', '002666.SZ', '000404.SZ', '002616.SZ', '002852.SZ', '002132.SZ', '603359.SH', '001338.SZ', '002522.SZ', '000626.SZ', '002479.SZ', '002768.SZ', '002443.SZ', '002969.SZ', '603353.SH', '603878.SH', '002918.SZ', '688219.SH', '000601.SZ', '002637.SZ', '600617.SH', '002250.SZ', '002799.SZ', '002674.SZ', '002404.SZ', '603808.SH', '600180.SH', '603116.SH', '002228.SZ', '603610.SH', '000488.SZ', '002301.SZ', '600251.SH', '601003.SH', '601686.SH', '002345.SZ', '600507.SH', '600612.SH', '600787.SH']"
2024-09-09,2024-09-06,2024-09-18,-0.02803483147626372,72,0.979381443298969,,"['000056.SZ', '300853.SZ', '300648.SZ', '300423.SZ', '301152.SZ', '002196.SZ', '688509.SH', '688680.SH', '300477.SZ', '300173.SZ', '002339.SZ', '300093.SZ', '002995.SZ', '688207.SH', '000892.SZ', '002905.SZ', '002553.SZ', '300448.SZ', '300078.SZ', '002298.SZ', '002178.SZ', '300533.SZ', '603887.SH', '300280.SZ', '300044.SZ', '300528.SZ', '301369.SZ', '688416.SH', '002524.SZ', '002425.SZ', '002355.SZ', '002642.SZ', '603803.SH', '300052.SZ', '002729.SZ', '300578.SZ', '301169.SZ', '300903.SZ', '300241.SZ', '300032.SZ', '300061.SZ', '300656.SZ', '002766.SZ', '600624.SH', '002291.SZ', '002055.SZ', '600841.SH', '300149.SZ', '000710.SZ', '600280.SH', '300111.SZ', '605188.SH', '002579.SZ', '002173.SZ', '002354.SZ', '300204.SZ', '300027.SZ', '300639.SZ', '300172.SZ', '600706.SH', '300572.SZ', '000068.SZ', '000010.SZ', '000428.SZ', '002607.SZ', '600579.SH', '002453.SZ', '002717.SZ', '300011.SZ', '002037.SZ', '002599.SZ', '002235.SZ']"
2024-09-18,2024-09-13,2024-09-23,0.051065004845573386,100,0.8611111111111112,,"['002647.SZ', '600658.SH', '000863.SZ', '600604.SH', '000006.SZ', '301150.SZ', '600675.SH', '300093.SZ', '002471.SZ', '002546.SZ', '002339.SZ', '003005.SZ', '300311.SZ', '600537.SH', '300659.SZ', '688707.SH', '300745.SZ', '600960.SH', '002298.SZ', '300249.SZ', '002178.SZ', '300542.SZ', '300248.SZ', '300513.SZ', '600822.SH', '000599.SZ', '300550.SZ', '600288.SH', '300485.SZ', '002524.SZ', '603906.SH', '002383.SZ', '600676.SH', '603803.SH', '688660.SH', '688176.SH', '300523.SZ', '002582.SZ', '300271.SZ', '600410.SH', '300369.SZ', '000561.SZ', '300581.SZ', '300035.SZ', '300081.SZ', '688068.SH', '600797.SH', '002212.SZ', '600624.SH', '688103.SH', '300085.SZ', '002121.SZ', '301051.SZ', '300598.SZ', '600594.SH', '002413.SZ', '300525.SZ', '002181.SZ', '000555.SZ', '002291.SZ', '300188.SZ', '300393.SZ', '600728.SH', '600446.SH', '600718.SH', '000665.SZ', '002268.SZ', '603927.SH', '002491.SZ', '603466.SH', '688428.SH', '603322.SH', '002589.SZ', '002194.SZ', '688185.SH', '600550.SH', '601606.SH', '300887.SZ', '688536.SH', '002795.SZ', '002030.SZ', '688170.SH', '603127.SH', '000428.SZ', '600636.SH', '002044.SZ', '600435.SH', '002184.SZ', '300203.SZ', '002707.SZ', '000911.SZ', '603956.SH', '300616.SZ', '600172.SH', '600579.SH', '002689.SZ', '600984.SH', '300317.SZ', '603429.SH', '002480.SZ']"
2024-09-23,2024-09-20,2024-09-30,0.26197182320057044,100,0.54,,"['002647.SZ', '000863.SZ', '600604.SH', '000006.SZ', '301150.SZ', '688680.SH', '600185.SH', '688499.SH', '002560.SZ', '688509.SH', '300093.SZ', '002471.SZ', '002546.SZ', '600675.SH', '002339.SZ', '600537.SH', '688280.SH', '603982.SH', '000701.SZ', '600960.SH', '688373.SH', '300078.SZ', '600590.SH', '603106.SH', '300249.SZ', '603660.SH', '300533.SZ', '603906.SH', '688221.SH', '000599.SZ', '688023.SH', '600288.SH', '688176.SH', '688660.SH', '002187.SZ', '600676.SH', '002383.SZ', '603803.SH', '600841.SH', '300523.SZ', '600973.SH', '300035.SZ', '300271.SZ', '600624.SH', '300426.SZ', '002121.SZ', '000561.SZ', '002582.SZ', '002413.SZ', '002212.SZ', '600594.SH', '000151.SZ', '300393.SZ', '600446.SH', '000802.SZ', '688382.SH', '600936.SH', '600151.SH', '603466.SH', '002589.SZ', '002160.SZ', '002405.SZ', '600869.SH', '000639.SZ', '603118.SH', '002793.SZ', '603123.SH', '688185.SH', '600550.SH', '600335.SH', '000078.SZ', '600706.SH', '002614.SZ', '000547.SZ', '001313.SZ', '000068.SZ', '000428.SZ', '603711.SH', '000010.SZ', '600259.SH', '000016.SZ', '000626.SZ', '000911.SZ', '600172.SH', '600579.SH', '600984.SH', '300616.SZ', '002689.SZ', '600644.SH', '002480.SZ', '600792.SH', '600800.SH', '002548.SZ', '601011.SH', '603429.SH', '000401.SZ', '600758.SH', '600495.SH', '600581.SH', '600343.SH']"
2024-09-30,2024-09-27,2024-10-08,0.09136794490000001,100,0.88,,"['600435.SH', '300850.SZ', '002819.SZ', '601011.SH', '002698.SZ', '300123.SZ', '300072.SZ', '603108.SH', '300821.SZ', '300639.SZ', '002624.SZ', '300443.SZ', '002099.SZ', '300458.SZ', '300887.SZ', '300027.SZ', '002405.SZ', '300244.SZ', '002741.SZ', '000636.SZ', '002717.SZ', '002277.SZ', '603127.SH', '300252.SZ', '600691.SH', '300769.SZ', '603421.SH', '002030.SZ', '002151.SZ', '002607.SZ', '600859.SH', '301327.SZ', '000547.SZ', '300393.SZ', '000868.SZ', '300363.SZ', '600811.SH', '000415.SZ', '603887.SH', '300767.SZ', '002562.SZ', '002387.SZ', '600151.SH', '600649.SH', '300296.SZ', '688348.SH', '002338.SZ', '300510.SZ', '301060.SZ', '300276.SZ', '000816.SZ', '601828.SH', '601155.SH', '688185.SH', '600155.SH', '300888.SZ', '600004.SH', '600100.SH', '002805.SZ', '300459.SZ', '002670.SZ', '600258.SH', '600403.SH', '002190.SZ', '600621.SH', '600676.SH', '600446.SH', '002829.SZ', '600675.SH', '600855.SH', '300456.SZ', '002413.SZ', '600266.SH', '000813.SZ', '600770.SH', '000665.SZ', '003005.SZ', '600172.SH', '000050.SZ', '600864.SH', '688033.SH', '000488.SZ', '300355.SZ', '688380.SH', '000900.SZ', '002797.SZ', '000514.SZ', '300065.SZ', '688232.SH', '600271.SH', '600095.SH', '002961.SZ', '002421.SZ', '000560.SZ', '000799.SZ', '600491.SH', '600072.SH', '600683.SH', '000006.SZ', '688536.SH']"
2024-10-08,2024-09-30,2024-10-14,-0.11514946565641479,100,0.73,,"['300382.SZ', '300346.SZ', '300072.SZ', '300260.SZ', '002819.SZ', '300604.SZ', '301078.SZ', '300850.SZ', '300767.SZ', '300123.SZ', '300726.SZ', '300079.SZ', '688091.SH', '688270.SH', '300821.SZ', '300672.SZ', '301021.SZ', '002698.SZ', '300113.SZ', '688252.SH', '301165.SZ', '300341.SZ', '300458.SZ', '300820.SZ', '688179.SH', '300348.SZ', '300339.SZ', '688002.SH', '002405.SZ', '688383.SH', '688368.SH', '688161.SH', '300613.SZ', '300252.SZ', '300081.SZ', '300045.SZ', '300655.SZ', '300459.SZ', '300769.SZ', '002624.SZ', '300722.SZ', '002741.SZ', '688185.SH', '688037.SH', '300590.SZ', '300432.SZ', '300065.SZ', '688033.SH', '688046.SH', '300725.SZ', '300537.SZ', '301221.SZ', '688348.SH', '300803.SZ', '603127.SH', '300253.SZ', '688247.SH', '300527.SZ', '300456.SZ', '688318.SH', '688311.SH', '300510.SZ', '600763.SH', '688088.SH', '301267.SZ', '688262.SH', '688380.SH', '300451.SZ', '688392.SH', '300682.SZ', '300581.SZ', '688147.SH', '688559.SH', '301153.SZ', '300768.SZ', '688049.SH', '002338.SZ', '688536.SH', '300398.SZ', '300627.SZ', '300183.SZ', '300377.SZ', '600199.SH', '688152.SH', '300357.SZ', '688208.SH', '688017.SH', '688258.SH', '688337.SH', '300797.SZ', '601828.SH', '300229.SZ', '688418.SH', '688385.SH', '300687.SZ', '603662.SH', '688232.SH', '300468.SZ', '600649.SH', '301117.SZ']"
2024-10-14,2024-10-11,2024-10-21,0.07089251130379454,100,0.86,,"['600053.SH', '300921.SZ', '301338.SZ', '301349.SZ', '301312.SZ', '001319.SZ', '301179.SZ', '300560.SZ', '301128.SZ', '301117.SZ', '688205.SH', '300990.SZ', '000880.SZ', '301086.SZ', '300461.SZ', '002889.SZ', '003005.SZ', '301099.SZ', '300317.SZ', '300504.SZ', '301217.SZ', '002878.SZ', '301085.SZ', '688147.SH', '301221.SZ', '300712.SZ', '688418.SH', '300812.SZ', '300081.SZ', '002670.SZ', '301013.SZ', '002792.SZ', '002553.SZ', '300299.SZ', '301183.SZ', '301339.SZ', '300213.SZ', '300250.SZ', '300582.SZ', '002881.SZ', '300537.SZ', '688332.SH', '300448.SZ', '000816.SZ', '688173.SH', '002474.SZ', '002689.SZ', '300510.SZ', '301091.SZ', '002194.SZ', '003026.SZ', '000868.SZ', '002315.SZ', '300590.SZ', '301021.SZ', '688049.SH', '300550.SZ', '002797.SZ', '002708.SZ', '301171.SZ', '688150.SH', '300503.SZ', '002771.SZ', '301101.SZ', '688258.SH', '603912.SH', '002452.SZ', '002562.SZ', '300684.SZ', '688025.SH', '688381.SH', '688579.SH', '002829.SZ', '002929.SZ', '300400.SZ', '300386.SZ', '688380.SH', '002292.SZ', '300222.SZ', '300027.SZ', '300790.SZ', '300276.SZ', '300566.SZ', '002577.SZ', '300113.SZ', '603918.SH', '688247.SH', '002642.SZ', '300331.SZ', '300688.SZ', '300007.SZ', '600556.SH', '300359.SZ', '603533.SH', '002428.SZ', '603256.SH', '603189.SH', '688400.SH', '600636.SH', '300766.SZ']"
2024-10-21,2024-10-18,2024-10-28,0.04823788980628196,100,0.66,,"['603206.SH', '300921.SZ', '688376.SH', '301266.SZ', '301117.SZ', '300461.SZ', '001208.SZ', '688244.SH', '301046.SZ', '688152.SH', '603191.SH', '301165.SZ', '301127.SZ', '603324.SH', '688147.SH', '003005.SZ', '300317.SZ', '688489.SH', '688205.SH', '600345.SH', '002670.SZ', '600228.SH', '688246.SH', '002792.SZ', '300830.SZ', '300582.SZ', '301030.SZ', '300712.SZ', '688418.SH', '300250.SZ', '002881.SZ', '002882.SZ', '688332.SH', '300299.SZ', '300213.SZ', '300802.SZ', '300444.SZ', '688049.SH', '300448.SZ', '300953.SZ', '002977.SZ', '300698.SZ', '603912.SH', '688201.SH', '301155.SZ', '002265.SZ', '688035.SH', '688206.SH', '301085.SZ', '688380.SH', '300996.SZ', '301297.SZ', '002771.SZ', '300447.SZ', '300222.SZ', '300011.SZ', '300353.SZ', '603629.SH', '300129.SZ', '301171.SZ', '003029.SZ', '002929.SZ', '300589.SZ', '688232.SH', '688209.SH', '300820.SZ', '300007.SZ', '688258.SH', '688252.SH', '300225.SZ', '688400.SH', '301078.SZ', '688270.SH', '300359.SZ', '300386.SZ', '688179.SH', '300688.SZ', '688579.SH', '600520.SH', '002119.SZ', '603138.SH', '000922.SZ', '002428.SZ', '688697.SH', '300042.SZ', '001270.SZ', '300693.SZ', '605056.SH', '688403.SH', '688595.SH', '002657.SZ', '688311.SH', '300797.SZ', '688383.SH', '688262.SH', '600571.SH', '300620.SZ', '688351.SH', '300814.SZ', '300342.SZ']"
2024-10-28,2024-10-25,2024-11-04,-0.013145060357932049,100,0.92,,"['301159.SZ', '688509.SH', '300513.SZ', '301150.SZ', '300560.SZ', '301311.SZ', '301217.SZ', '688147.SH', '688170.SH', '688369.SH', '603982.SH', '301123.SZ', '300533.SZ', '688280.SH', '688499.SH', '688207.SH', '002184.SZ', '300745.SZ', '300712.SZ', '002339.SZ', '603956.SH', '300081.SZ', '300490.SZ', '300619.SZ', '300043.SZ', '300365.SZ', '688496.SH', '002163.SZ', '002298.SZ', '300659.SZ', '603660.SH', '002689.SZ', '301302.SZ', '688232.SH', '300078.SZ', '688339.SH', '600936.SH', '603990.SH', '301268.SZ', '600658.SH', '300291.SZ', '300328.SZ', '603466.SH', '600604.SH', '300608.SZ', '601908.SH', '688206.SH', '688259.SH', '688033.SH', '600841.SH', '600288.SH', '300480.SZ', '300353.SZ', '001330.SZ', '000925.SZ', '300616.SZ', '002912.SZ', '688365.SH', '300093.SZ', '300887.SZ', '300203.SZ', '300248.SZ', '603666.SH', '688258.SH', '603068.SH', '301051.SZ', '300479.SZ', '002453.SZ', '002514.SZ', '300311.SZ', '688388.SH', '300589.SZ', '600984.SH', '603918.SH', '688660.SH', '002055.SZ', '000032.SZ', '300359.SZ', '300696.SZ', '300098.SZ', '688661.SH', '603906.SH', '002121.SZ', '688699.SH', '002642.SZ', '000006.SZ', '688707.SH', '000572.SZ', '300323.SZ', '603429.SH', '300593.SZ', '002279.SZ', '688167.SH', '688165.SH', '300523.SZ', '688023.SH', '300271.SZ', '688503.SH', '688158.SH', '603711.SH']"
2024-11-04,2024-11-01,2024-11-11,0.15869717088825405,100,0.67,,"['688112.SH', '301150.SZ', '600770.SH', '688147.SH', '300648.SZ', '300317.SZ', '688489.SH', '688499.SH', '000068.SZ', '002480.SZ', '300345.SZ', '688306.SH', '688292.SH', '300712.SZ', '002339.SZ', '688371.SH', '300533.SZ', '688337.SH', '600280.SH', '688369.SH', '002792.SZ', '688680.SH', '002689.SZ', '688207.SH', '301268.SZ', '301302.SZ', '603196.SH', '300426.SZ', '300499.SZ', '600658.SH', '688418.SH', '603098.SH', '688246.SH', '603123.SH', '300093.SZ', '688259.SH', '688033.SH', '601908.SH', '603322.SH', '603396.SH', '002298.SZ', '002527.SZ', '300548.SZ', '002291.SZ', '300608.SZ', '000509.SZ', '600604.SH', '600936.SH', '688365.SH', '300698.SZ', '000599.SZ', '688206.SH', '603466.SH', '688261.SH', '688258.SH', '300353.SZ', '300222.SZ', '688232.SH', '688035.SH', '300203.SZ', '300850.SZ', '688252.SH', '603906.SH', '300225.SZ', '600984.SH', '688313.SH', '000032.SZ', '300027.SZ', '002121.SZ', '300531.SZ', '688270.SH', '002427.SZ', '688209.SH', '600590.SH', '688066.SH', '603256.SH', '002453.SZ', '688400.SH', '300523.SZ', '002631.SZ', '002383.SZ', '600185.SH', '600696.SH', '600636.SH', '603528.SH', '688262.SH', '688311.SH', '300465.SZ', '300393.SZ', '300382.SZ', '688351.SH', '301153.SZ', '688176.SH', '688141.SH', '002819.SZ', '600410.SH', '300302.SZ', '600343.SH', '600675.SH', '688003.SH']"
2024-11-11,2024-11-08,2024-11-18,-0.11600012465926429,100,0.59,,"['688376.SH', '600770.SH', '688112.SH', '688147.SH', '301152.SZ', '688489.SH', '000068.SZ', '003005.SZ', '300317.SZ', '002339.SZ', '000892.SZ', '688337.SH', '000558.SZ', '300250.SZ', '603032.SH', '300712.SZ', '688320.SH', '600725.SH', '688207.SH', '300940.SZ', '300213.SZ', '300093.SZ', '688246.SH', '300480.SZ', '603396.SH', '600658.SH', '603123.SH', '603718.SH', '688332.SH', '603322.SH', '002771.SZ', '688232.SH', '688259.SH', '002514.SZ', '002194.SZ', '688035.SH', '603466.SH', '688258.SH', '000665.SZ', '600490.SH', '002915.SZ', '002366.SZ', '300572.SZ', '002562.SZ', '300353.SZ', '300862.SZ', '688206.SH', '000058.SZ', '688295.SH', '603985.SH', '688261.SH', '300696.SZ', '300593.SZ', '603068.SH', '688400.SH', '300042.SZ', '002933.SZ', '002530.SZ', '688153.SH', '300359.SZ', '300541.SZ', '002642.SZ', '688383.SH', '002599.SZ', '603106.SH', '002453.SZ', '002912.SZ', '603256.SH', '688209.SH', '600590.SH', '002122.SZ', '300393.SZ', '600756.SH', '688387.SH', '688403.SH', '300523.SZ', '600880.SH', '002174.SZ', '688270.SH', '688248.SH', '603636.SH', '300382.SZ', '600773.SH', '300134.SZ', '600185.SH', '688281.SH', '688032.SH', '301153.SZ', '002819.SZ', '300087.SZ', '300287.SZ', '688311.SH', '688141.SH', '600797.SH', '600343.SH', '300271.SZ', '688003.SH', '688351.SH', '000561.SZ', '688110.SH']"
2024-11-18,2024-11-15,2024-11-25,0.03443914247910092,100,0.87,,"['600927.SH', '600805.SH', '688376.SH', '603206.SH', '001313.SZ', '002480.SZ', '600682.SH', '600716.SH', '301150.SZ', '603191.SH', '300513.SZ', '603126.SH', '002640.SZ', '002314.SZ', '001201.SZ', '002582.SZ', '600792.SH', '002560.SZ', '300057.SZ', '603378.SH', '000546.SZ', '000779.SZ', '000751.SZ', '603956.SH', '300345.SZ', '000514.SZ', '000570.SZ', '000926.SZ', '605158.SH', '000863.SZ', '002339.SZ', '600278.SH', '600510.SH', '601921.SH', '002471.SZ', '600658.SH', '600960.SH', '000011.SZ', '601999.SH', '002375.SZ', '002554.SZ', '603421.SH', '002127.SZ', '000505.SZ', '600579.SH', '600218.SH', '600876.SH', '001298.SZ', '002689.SZ', '603018.SH', '600058.SH', '601015.SH', '000789.SZ', '002562.SZ', '601908.SH', '000925.SZ', '603990.SH', '600748.SH', '300616.SZ', '600490.SH', '000850.SZ', '002771.SZ', '002915.SZ', '000599.SZ', '002181.SZ', '002163.SZ', '688232.SH', '600992.SH', '300737.SZ', '000665.SZ', '002369.SZ', '600604.SH', '002929.SZ', '002933.SZ', '600984.SH', '300479.SZ', '601226.SH', '603118.SH', '603660.SH', '601828.SH', '300353.SZ', '300129.SZ', '600841.SH', '600495.SH', '601003.SH', '600590.SH', '600207.SH', '600756.SH', '600740.SH', '002110.SZ', '600639.SH', '688388.SH', '301090.SZ', '002051.SZ', '600449.SH', '000852.SZ', '600648.SH', '601028.SH', '002111.SZ', '000948.SZ']"
2024-11-25,2024-11-22,2024-12-02,0.06648087657024561,43,0.87,,"['688170.SH', '300518.SZ', '300853.SZ', '002578.SZ', '688244.SH', '002795.SZ', '300317.SZ', '300513.SZ', '000068.SZ', '688509.SH', '688280.SH', '603378.SH', '603803.SH', '301302.SZ', '300767.SZ', '603956.SH', '002813.SZ', '002471.SZ', '002163.SZ', '002686.SZ', '002339.SZ', '688369.SH', '603466.SH', '300616.SZ', '603990.SH', '688373.SH', '603118.SH', '000428.SZ', '002369.SZ', '002361.SZ', '002689.SZ', '688670.SH', '300479.SZ', '300359.SZ', '600207.SH', '002279.SZ', '002374.SZ', '300523.SZ', '688302.SH', '603429.SH', '688176.SH', '688221.SH', '688277.SH']"
2024-12-02,2024-11-29,2024-12-09,0.01764641617293807,71,0.7441860465116279,,"['301338.SZ', '301120.SZ', '688244.SH', '300853.SZ', '300631.SZ', '300518.SZ', '300461.SZ', '688489.SH', '301282.SZ', '301221.SZ', '688416.SH', '301391.SZ', '300560.SZ', '000068.SZ', '300648.SZ', '688260.SH', '300423.SZ', '300250.SZ', '300317.SZ', '301013.SZ', '300787.SZ', '688369.SH', '300538.SZ', '300477.SZ', '002977.SZ', '002902.SZ', '688680.SH', '300578.SZ', '688207.SH', '002908.SZ', '002339.SZ', '603399.SH', '002805.SZ', '688039.SH', '002771.SZ', '300447.SZ', '000868.SZ', '688035.SH', '300510.SZ', '688365.SH', '300402.SZ', '603739.SH', '300696.SZ', '688206.SH', '300078.SZ', '603186.SH', '300011.SZ', '300400.SZ', '300359.SZ', '300531.SZ', '002427.SZ', '300739.SZ', '600207.SH', '600696.SH', '300032.SZ', '002642.SZ', '300404.SZ', '300523.SZ', '688302.SH', '300366.SZ', '300324.SZ', '300252.SZ', '002855.SZ', '000710.SZ', '688141.SH', '600855.SH', '300149.SZ', '300016.SZ', '300343.SZ', '300238.SZ', '300123.SZ']"
2024-12-09,2024-12-06,2024-12-16,0.01411834500073247,54,0.7464788732394366,,"['002647.SZ', '301349.SZ', '301120.SZ', '300631.SZ', '000911.SZ', '002905.SZ', '002795.SZ', '300560.SZ', '688416.SH', '300538.SZ', '300491.SZ', '688280.SH', '688260.SH', '300095.SZ', '603803.SH', '300375.SZ', '300423.SZ', '300533.SZ', '000546.SZ', '688509.SH', '603378.SH', '002977.SZ', '300648.SZ', '300733.SZ', '300767.SZ', '002184.SZ', '301166.SZ', '603399.SH', '688173.SH', '603390.SH', '603118.SH', '600706.SH', '300135.SZ', '600152.SH', '300616.SZ', '300249.SZ', '600579.SH', '002339.SZ', '300078.SZ', '603011.SH', '688670.SH', '002805.SZ', '002642.SZ', '000428.SZ', '300032.SZ', '600610.SH', '600135.SH', '688373.SH', '002786.SZ', '000670.SZ', '002855.SZ', '600172.SH', '000710.SZ', '300123.SZ']"
2024-12-16,2024-12-13,2024-12-23,-0.07668661832293815,48,0.8703703703703703,,"['000010.SZ', '603318.SH', '603359.SH', '000626.SZ', '002852.SZ', '000056.SZ', '000911.SZ', '603665.SH', '603353.SH', '002905.SZ', '300767.SZ', '603808.SH', '300138.SZ', '002686.SZ', '002582.SZ', '600668.SH', '603421.SH', '601218.SH', '000701.SZ', '600800.SH', '600579.SH', '300426.SZ', '600581.SH', '300582.SZ', '002724.SZ', '002918.SZ', '603767.SH', '300402.SZ', '002614.SZ', '600537.SH', '600610.SH', '000428.SZ', '002551.SZ', '600288.SH', '600367.SH', '002524.SZ', '601686.SH', '000045.SZ', '000639.SZ', '600636.SH', '002786.SZ', '002637.SZ', '600081.SH', '002121.SZ', '002631.SZ', '000957.SZ', '002250.SZ', '002228.SZ']"
2024-12-23,2024-12-20,2024-12-30,0.004805599154962512,82,0.9583333333333334,,"['301278.SZ', '301128.SZ', '603162.SH', '300873.SZ', '002479.SZ', '300092.SZ', '603105.SH', '300606.SZ', '688292.SH', '000935.SZ', '300787.SZ', '300990.SZ', '002729.SZ', '002953.SZ', '001283.SZ', '301162.SZ', '600106.SH', '300752.SZ', '300698.SZ', '301073.SZ', '603158.SH', '002792.SZ', '001339.SZ', '300272.SZ', '002866.SZ', '300582.SZ', '300228.SZ', '603110.SH', '300203.SZ', '002355.SZ', '300659.SZ', '003026.SZ', '603136.SH', '300179.SZ', '605088.SH', '300505.SZ', '300608.SZ', '300031.SZ', '002886.SZ', '002845.SZ', '300550.SZ', '000719.SZ', '002735.SZ', '688155.SH', '002689.SZ', '300066.SZ', '000716.SZ', '300446.SZ', '300248.SZ', '600367.SH', '002100.SZ', '002150.SZ', '301099.SZ', '001217.SZ', '301230.SZ', '002955.SZ', '300662.SZ', '002590.SZ', '688588.SH', '605056.SH', '603890.SH', '600576.SH', '300302.SZ', '000672.SZ', '600520.SH', '300761.SZ', '300441.SZ', '600595.SH', '300342.SZ', '300364.SZ', '002383.SZ', '301180.SZ', '300729.SZ', '300598.SZ', '002967.SZ', '603801.SH', '688596.SH', '600552.SH', '300724.SZ', '300475.SZ', '600206.SH', '300604.SZ']"
2024-12-30,2024-12-27,2025-01-06,-0.07081513025761389,100,0.7926829268292683,,"['002961.SZ', '603162.SH', '300873.SZ', '603209.SH', '301175.SZ', '603300.SH', '002824.SZ', '605167.SH', '600301.SH', '002140.SZ', '300833.SZ', '603929.SH', '002255.SZ', '300488.SZ', '600961.SH', '600729.SH', '300815.SZ', '603158.SH', '300680.SZ', '300272.SZ', '002833.SZ', '600531.SH', '605088.SH', '300880.SZ', '002757.SZ', '605555.SH', '605319.SH', '000612.SZ', '000707.SZ', '002835.SZ', '301061.SZ', '002150.SZ', '301219.SZ', '003000.SZ', '601107.SH', '300545.SZ', '002541.SZ', '002380.SZ', '001339.SZ', '000899.SZ', '300842.SZ', '002303.SZ', '000885.SZ', '300446.SZ', '301291.SZ', '300031.SZ', '603969.SH', '002590.SZ', '300481.SZ', '300441.SZ', '300320.SZ', '301099.SZ', '300926.SZ', '605305.SH', '002955.SZ', '000404.SZ', '603950.SH', '002100.SZ', '300019.SZ', '601101.SH', '002536.SZ', '301376.SZ', '002035.SZ', '601975.SH', '600576.SH', '002605.SZ', '600428.SH', '000957.SZ', '002947.SZ', '603619.SH', '000700.SZ', '002468.SZ', '300770.SZ', '688550.SH', '300856.SZ', '002703.SZ', '300620.SZ', '601156.SH', '002543.SZ', '300304.SZ', '603661.SH', '603067.SH', '300811.SZ', '000875.SZ', '300360.SZ', '002997.SZ', '300761.SZ', '002073.SZ', '000521.SZ', '002043.SZ', '002970.SZ', '603871.SH', '300729.SZ', '002539.SZ', '603063.SH', '000737.SZ', '603309.SH', '601677.SH', '601918.SH', '002106.SZ']"
2025-01-06,2025-01-03,2025-01-13,-0.014670027858962183,100,0.64,,"['002478.SZ', '603995.SH', '000923.SZ', '603619.SH', '002988.SZ', '002540.SZ', '300873.SZ', '603209.SH', '600961.SH', '600361.SH', '600531.SH', '002083.SZ', '000612.SZ', '002870.SZ', '603889.SH', '002978.SZ', '002237.SZ', '603158.SH', '002479.SZ', '603105.SH', '301149.SZ', '603689.SH', '002043.SZ', '605088.SH', '603166.SH', '600469.SH', '605133.SH', '603713.SH', '603128.SH', '605319.SH', '603071.SH', '601677.SH', '300908.SZ', '000707.SZ', '000552.SZ', '000551.SZ', '601137.SH', '002590.SZ', '603035.SH', '605338.SH', '603055.SH', '002662.SZ', '300815.SZ', '603213.SH', '000899.SZ', '601918.SH', '000426.SZ', '000700.SZ', '601666.SH', '002538.SZ', '605167.SH', '002048.SZ', '002100.SZ', '601975.SH', '002003.SZ', '300019.SZ', '000960.SZ', '603507.SH', '601156.SH', '002468.SZ', '000885.SZ', '002116.SZ', '000878.SZ', '000966.SZ', '000589.SZ', '601500.SH', '300453.SZ', '000404.SZ', '300761.SZ', '603866.SH', '601113.SH', '600549.SH', '603067.SH', '002140.SZ', '600389.SH', '300439.SZ', '000543.SZ', '002120.SZ', '605090.SH', '603929.SH', '605196.SH', '002539.SZ', '002035.SZ', '002788.SZ', '600866.SH', '600461.SH', '002533.SZ', '002274.SZ', '300092.SZ', '000550.SZ', '002543.SZ', '603309.SH', '002588.SZ', '000521.SZ', '002541.SZ', '603227.SH', '600863.SH', '002984.SZ', '603757.SH', '300481.SZ']"
2025-01-13,2025-01-10,2025-01-20,0.06836417547391598,80,0.88,,"['000819.SZ', '600796.SH', '603162.SH', '603057.SH', '300855.SZ', '603209.SH', '300893.SZ', '601599.SH', '301149.SZ', '603170.SH', '605088.SH', '300680.SZ', '001215.SZ', '301278.SZ', '603324.SH', '603319.SH', '688269.SH', '300446.SZ', '000707.SZ', '300908.SZ', '003000.SZ', '300863.SZ', '688510.SH', '300973.SZ', '002991.SZ', '300272.SZ', '001217.SZ', '301127.SZ', '000899.SZ', '601500.SH', '600609.SH', '300761.SZ', '003043.SZ', '600186.SH', '605167.SH', '300453.SZ', '300880.SZ', '301099.SZ', '300109.SZ', '300238.SZ', '301128.SZ', '603929.SH', '603309.SH', '002568.SZ', '002264.SZ', '300206.SZ', '002186.SZ', '002655.SZ', '603998.SH', '000422.SZ', '603931.SH', '605218.SH', '300179.SZ', '002947.SZ', '000812.SZ', '688138.SH', '603088.SH', '605108.SH', '603058.SH', '300856.SZ', '301062.SZ', '002922.SZ', '002835.SZ', '300441.SZ', '301162.SZ', '300729.SZ', '003006.SZ', '688588.SH', '603099.SH', '605007.SH', '605116.SH', '300576.SZ', '300181.SZ', '688127.SH', '688076.SH', '301101.SZ', '300666.SZ', '002517.SZ', '300136.SZ', '300857.SZ']"
2025-01-20,2025-01-17,2025-01-27,-0.008270281371678517,100,0.525,,"['301160.SZ', '603995.SH', '000819.SZ', '002986.SZ', '002996.SZ', '002824.SZ', '301116.SZ', '300978.SZ', '603162.SH', '001205.SZ', '600182.SH', '300577.SZ', '300855.SZ', '601599.SH', '603057.SH', '002870.SZ', '600531.SH', '001258.SZ', '300893.SZ', '603085.SH', '300801.SZ', '605088.SH', '603170.SH', '603105.SH', '605133.SH', '600101.SH', '300507.SZ', '000707.SZ', '603319.SH', '300727.SZ', '003000.SZ', '300272.SZ', '300815.SZ', '000677.SZ', '605166.SH', '300863.SZ', '300973.SZ', '002590.SZ', '300218.SZ', '001217.SZ', '601137.SH', '002953.SZ', '000913.SZ', '000899.SZ', '603213.SH', '601500.SH', '600609.SH', '600186.SH', '002468.SZ', '300019.SZ', '605167.SH', '300761.SZ', '301489.SZ', '603193.SH', '300453.SZ', '300880.SZ', '603929.SH', '301099.SZ', '603067.SH', '300842.SZ', '605333.SH', '603309.SH', '300445.SZ', '300113.SZ', '301028.SZ', '002615.SZ', '300976.SZ', '000521.SZ', '003019.SZ', '300818.SZ', '002655.SZ', '300962.SZ', '003025.SZ', '300481.SZ', '300662.SZ', '300720.SZ', '605218.SH', '000422.SZ', '000526.SZ', '002134.SZ', '002668.SZ', '300488.SZ', '301031.SZ', '300179.SZ', '002947.SZ', '300859.SZ', '301011.SZ', '300641.SZ', '301062.SZ', '000524.SZ', '603610.SH', '300705.SZ', '603058.SH', '002922.SZ', '002835.SZ', '301162.SZ', '300441.SZ', '300729.SZ', '605286.SH', '002970.SZ']"
2025-01-27,2025-01-24,2025-02-05,-0.006230034529999994,100,0.5,,"['601121.SH', '603995.SH', '002986.SZ', '000819.SZ', '603300.SH', '002996.SZ', '002824.SZ', '603619.SH', '001311.SZ', '601083.SH', '603162.SH', '301345.SZ', '001205.SZ', '300873.SZ', '603057.SH', '603558.SH', '600531.SH', '601599.SH', '301305.SZ', '001258.SZ', '002345.SZ', '002870.SZ', '603170.SH', '300893.SZ', '002083.SZ', '300801.SZ', '603889.SH', '002479.SZ', '603689.SH', '603105.SH', '603158.SH', '300230.SZ', '600101.SH', '300908.SZ', '003000.SZ', '605088.SH', '000707.SZ', '605133.SH', '003028.SZ', '001217.SZ', '300973.SZ', '002590.SZ', '300218.SZ', '002662.SZ', '605166.SH', '601918.SH', '603213.SH', '300815.SZ', '601137.SH', '001207.SZ', '603055.SH', '603193.SH', '002100.SZ', '000899.SZ', '300286.SZ', '002606.SZ', '300880.SZ', '300019.SZ', '603043.SH', '300761.SZ', '601975.SH', '603866.SH', '605167.SH', '300453.SZ', '002468.SZ', '002140.SZ', '601113.SH', '000404.SZ', '300439.SZ', '605598.SH', '300596.SZ', '603067.SH', '605090.SH', '002035.SZ', '002697.SZ', '603929.SH', '002539.SZ', '600866.SH', '300445.SZ', '002588.SZ', '603309.SH', '301028.SZ', '000521.SZ', '002615.SZ', '003025.SZ', '301296.SZ', '300360.SZ', '300962.SZ', '003019.SZ', '300481.SZ', '002655.SZ', '000422.SZ', '002955.SZ', '603998.SH', '603676.SH', '603339.SH', '300228.SZ', '300193.SZ', '603600.SH', '300856.SZ']"
2025-02-05,2025-01-27,2025-02-10,0.04394284382488874,90,0.53,,"['301160.SZ', '300881.SZ', '002986.SZ', '000819.SZ', '301323.SZ', '301345.SZ', '603162.SH', '001205.SZ', '300873.SZ', '600796.SH', '300918.SZ', '601599.SH', '300893.SZ', '001258.SZ', '300801.SZ', '603889.SH', '605133.SH', '603105.SH', '300230.SZ', '605088.SH', '603324.SH', '003028.SZ', '300507.SZ', '000707.SZ', '300908.SZ', '003000.SZ', '001217.SZ', '002590.SZ', '605399.SH', '300863.SZ', '002224.SZ', '300973.SZ', '000899.SZ', '605166.SH', '300815.SZ', '603213.SH', '601500.SH', '300848.SZ', '003043.SZ', '603193.SH', '001283.SZ', '300787.SZ', '001207.SZ', '603230.SH', '300453.SZ', '301489.SZ', '300444.SZ', '002606.SZ', '300761.SZ', '300019.SZ', '605167.SH', '605598.SH', '300439.SZ', '300592.SZ', '300445.SZ', '603067.SH', '300818.SZ', '301028.SZ', '002876.SZ', '003025.SZ', '603309.SH', '600237.SH', '002615.SZ', '003019.SZ', '300797.SZ', '300179.SZ', '002655.SZ', '603339.SH', '000422.SZ', '300228.SZ', '301180.SZ', '300763.SZ', '301062.SZ', '002922.SZ', '000812.SZ', '301162.SZ', '605286.SH', '603600.SH', '688138.SH', '002967.SZ', '300441.SZ', '688588.SH', '605116.SH', '300475.SZ', '300666.SZ', '300698.SZ', '300136.SZ', '300604.SZ', '603733.SH', '603220.SH']"
2025-02-10,2025-02-07,2025-02-17,0.01057614493753777,100,0.8444444444444444,,"['000935.SZ', '603057.SH', '002355.SZ', '300189.SZ', '000962.SZ', '300507.SZ', '002510.SZ', '002716.SZ', '301121.SZ', '600106.SH', '300690.SZ', '688716.SH', '301127.SZ', '300522.SZ', '300505.SZ', '600217.SH', '000716.SZ', '300629.SZ', '300727.SZ', '300203.SZ', '300787.SZ', '002886.SZ', '001389.SZ', '001308.SZ', '001283.SZ', '002383.SZ', '301285.SZ', '600367.SH', '300537.SZ', '002580.SZ', '002606.SZ', '301536.SZ', '301128.SZ', '300444.SZ', '300752.SZ', '002866.SZ', '300831.SZ', '002885.SZ', '300582.SZ', '002617.SZ', '300154.SZ', '300592.SZ', '300990.SZ', '002962.SZ', '300031.SZ', '300342.SZ', '300101.SZ', '300545.SZ', '300227.SZ', '002892.SZ', '300179.SZ', '002845.SZ', '002094.SZ', '603656.SH', '300228.SZ', '002079.SZ', '300409.SZ', '300066.SZ', '300976.SZ', '600593.SH', '300035.SZ', '002292.SZ', '300684.SZ', '300351.SZ', '002402.SZ', '300499.SZ', '301180.SZ', '002615.SZ', '300797.SZ', '600764.SH', '603890.SH', '600520.SH', '600576.SH', '002765.SZ', '300201.SZ', '603078.SH', '002400.SZ', '002245.SZ', '300315.SZ', '002103.SZ', '300503.SZ', '300793.SZ', '300441.SZ', '301330.SZ', '605056.SH', '002334.SZ', '300763.SZ', '603099.SH', '300659.SZ', '002426.SZ', '002175.SZ', '300319.SZ', '300275.SZ', '002967.SZ', '002045.SZ', '300058.SZ', '002681.SZ', '002046.SZ', '300550.SZ', '600288.SH']"
2025-02-17,2025-02-14,2025-02-24,0.041826233276403134,100,0.8,,"['600830.SH', '000935.SZ', '688102.SH', '001270.SZ', '002716.SZ', '603256.SH', '002746.SZ', '000011.SZ', '688281.SH', '000688.SZ', '688716.SH', '600279.SH', '301217.SZ', '600595.SH', '688147.SH', '000561.SZ', '600604.SH', '002383.SZ', '600106.SH', '300848.SZ', '688371.SH', '300203.SZ', '001283.SZ', '600367.SH', '300581.SZ', '300444.SZ', '300065.SZ', '002585.SZ', '600391.SH', '600675.SH', '600133.SH', '688155.SH', '300291.SZ', '688707.SH', '600720.SH', '002366.SZ', '688351.SH', '601606.SH', '688079.SH', '301200.SZ', '002876.SZ', '300045.SZ', '688352.SH', '603656.SH', '300342.SZ', '002079.SZ', '300066.SZ', '688503.SH', '000032.SZ', '002689.SZ', '688270.SH', '300981.SZ', '600116.SH', '600860.SH', '688331.SH', '300499.SZ', '688595.SH', '301180.SZ', '688382.SH', '002389.SZ', '300263.SZ', '600764.SH', '600685.SH', '002176.SZ', '002527.SZ', '002497.SZ', '603002.SH', '000519.SZ', '688277.SH', '688518.SH', '688167.SH', '300161.SZ', '600200.SH', '300364.SZ', '300763.SZ', '688207.SH', '688262.SH', '002819.SZ', '688321.SH', '300365.SZ', '688690.SH', '600343.SH', '002771.SZ', '688192.SH', '688400.SH', '300655.SZ', '688177.SH', '688206.SH', '688409.SH', '300659.SZ', '300236.SZ', '300608.SZ', '300456.SZ', '688003.SH', '300550.SZ', '688110.SH', '600288.SH', '603698.SH', '600552.SH', '601615.SH']"
2025-02-24,2025-02-21,2025-03-03,-0.030343843812133543,100,0.88,,"['001311.SZ', '688552.SH', '000819.SZ', '688523.SH', '603132.SH', '300893.SZ', '688102.SH', '603300.SH', '001270.SZ', '605133.SH', '002182.SZ', '605088.SH', '002973.SZ', '300863.SZ', '601133.SH', '301030.SZ', '300918.SZ', '300680.SZ', '688281.SH', '300926.SZ', '603119.SH', '688543.SH', '603686.SH', '603200.SH', '002664.SZ', '603319.SH', '601500.SH', '603950.SH', '002965.SZ', '300815.SZ', '688147.SH', '603809.SH', '301489.SZ', '300848.SZ', '301439.SZ', '603197.SH', '688603.SH', '600186.SH', '300444.SZ', '301325.SZ', '605555.SH', '688458.SH', '300580.SZ', '688478.SH', '002568.SZ', '605016.SH', '603305.SH', '688046.SH', '688620.SH', '688685.SH', '002876.SZ', '002906.SZ', '605020.SH', '600933.SH', '688146.SH', '002575.SZ', '600237.SH', '688352.SH', '301200.SZ', '300492.SZ', '002126.SZ', '300031.SZ', '688653.SH', '688135.SH', '002892.SZ', '301261.SZ', '688629.SH', '300818.SZ', '002655.SZ', '300852.SZ', '002975.SZ', '688549.SH', '000032.SZ', '688562.SH', '603888.SH', '688048.SH', '603596.SH', '002617.SZ', '301162.SZ', '603505.SH', '300143.SZ', '688372.SH', '688652.SH', '688167.SH', '603901.SH', '688222.SH', '301368.SZ', '001339.SZ', '603002.SH', '000534.SZ', '688507.SH', '688486.SH', '688548.SH', '300568.SZ', '688258.SH', '301413.SZ', '300814.SZ', '300488.SZ', '000893.SZ', '603629.SH']"
2025-03-03,2025-02-28,2025-03-10,0.026215758313659066,100,0.91,,"['603223.SH', '000819.SZ', '002986.SZ', '002694.SZ', '600399.SH', '605006.SH', '301526.SZ', '002785.SZ', '603107.SH', '600796.SH', '301500.SZ', '601022.SH', '001201.SZ', '300893.SZ', '603162.SH', '605228.SH', '002182.SZ', '600259.SH', '300891.SZ', '301215.SZ', '600965.SH', '001270.SZ', '002971.SZ', '000762.SZ', '002840.SZ', '301216.SZ', '002515.SZ', '000657.SZ', '600805.SH', '002240.SZ', '603069.SH', '600178.SH', '002016.SZ', '605399.SH', '601279.SH', '002171.SZ', '300796.SZ', '603722.SH', '688281.SH', '300587.SZ', '600195.SH', '600305.SH', '603877.SH', '300900.SZ', '300848.SZ', '603348.SH', '600313.SH', '301217.SZ', '600882.SH', '002549.SZ', '300586.SZ', '601500.SH', '603477.SH', '002041.SZ', '603010.SH', '003009.SZ', '601636.SH', '000930.SZ', '301246.SZ', '600389.SH', '002356.SZ', '300129.SZ', '300748.SZ', '002169.SZ', '688639.SH', '002738.SZ', '600207.SH', '000799.SZ', '605020.SH', '603997.SH', '605296.SH', '000998.SZ', '603985.SH', '002324.SZ', '002728.SZ', '002385.SZ', '000035.SZ', '002846.SZ', '002568.SZ', '600006.SH', '300850.SZ', '301071.SZ', '603061.SH', '600395.SH', '301062.SZ', '600903.SH', '300034.SZ', '301051.SZ', '301155.SZ', '002080.SZ', '002068.SZ', '002959.SZ', '000547.SZ', '300740.SZ', '300775.SZ', '301239.SZ', '601096.SH', '603520.SH', '000812.SZ', '605011.SH']"
2025-03-10,2025-03-07,2025-03-17,0.011748738025090761,100,0.77,,"['002986.SZ', '300191.SZ', '000819.SZ', '301345.SZ', '003038.SZ', '002785.SZ', '605158.SH', '603107.SH', '300893.SZ', '001205.SZ', '603162.SH', '603085.SH', '300801.SZ', '002973.SZ', '300973.SZ', '001270.SZ', '002182.SZ', '688533.SH', '605133.SH', '601133.SH', '300863.SZ', '300997.SZ', '603324.SH', '300918.SZ', '301030.SZ', '002971.SZ', '301266.SZ', '002481.SZ', '688429.SH', '605088.SH', '300522.SZ', '301509.SZ', '002664.SZ', '605399.SH', '601500.SH', '003028.SZ', '300900.SZ', '300926.SZ', '301332.SZ', '603213.SH', '688510.SH', '002536.SZ', '301381.SZ', '300848.SZ', '300592.SZ', '301439.SZ', '603197.SH', '605555.SH', '300314.SZ', '300586.SZ', '301281.SZ', '300787.SZ', '605077.SH', '688603.SH', '601636.SH', '300890.SZ', '600186.SH', '301096.SZ', '688196.SH', '300748.SZ', '003043.SZ', '688239.SH', '301508.SZ', '301062.SZ', '300444.SZ', '688581.SH', '603305.SH', '300712.SZ', '003032.SZ', '605016.SH', '688046.SH', '002906.SZ', '600389.SH', '000812.SZ', '605598.SH', '300019.SZ', '688478.SH', '600933.SH', '301069.SZ', '003013.SZ', '688512.SH', '688685.SH', '688639.SH', '301058.SZ', '688401.SH', '301188.SZ', '300818.SZ', '002068.SZ', '002876.SZ', '688653.SH', '605020.SH', '688135.SH', '688146.SH', '301162.SZ', '600237.SH', '301155.SZ', '688352.SH', '301028.SZ', '002655.SZ', '002975.SZ']"
2025-03-17,2025-03-14,2025-03-24,-0.00724171947818214,100,0.62,,"['603995.SH', '301141.SZ', '002986.SZ', '603619.SH', '000819.SZ', '003038.SZ', '301345.SZ', '001311.SZ', '603162.SH', '300978.SZ', '603399.SH', '600796.SH', '001205.SZ', '002540.SZ', '603558.SH', '002988.SZ', '300873.SZ', '002889.SZ', '601599.SH', '002973.SZ', '600361.SH', '603535.SH', '601133.SH', '603889.SH', '600531.SH', '300801.SZ', '300893.SZ', '002870.SZ', '601609.SH', '002154.SZ', '301030.SZ', '000713.SZ', '603324.SH', '002237.SZ', '300918.SZ', '002971.SZ', '002556.SZ', '600469.SH', '603085.SH', '603105.SH', '600459.SH', '300230.SZ', '300973.SZ', '301116.SZ', '603158.SH', '000707.SZ', '002182.SZ', '603128.SH', '603686.SH', '001217.SZ', '003028.SZ', '603713.SH', '300388.SZ', '603970.SH', '301332.SZ', '603035.SH', '605399.SH', '301381.SZ', '605555.SH', '603213.SH', '603055.SH', '300592.SZ', '605166.SH', '605133.SH', '002455.SZ', '601137.SH', '300815.SZ', '002441.SZ', '002664.SZ', '605077.SH', '300444.SZ', '605167.SH', '000589.SZ', '601636.SH', '000899.SZ', '001308.SZ', '301096.SZ', '300121.SZ', '300787.SZ', '300926.SZ', '603507.SH', '601500.SH', '603197.SH', '603861.SH', '300019.SZ', '605598.SH', '603897.SH', '002140.SZ', '600389.SH', '003013.SZ', '300428.SZ', '002539.SZ', '002615.SZ', '000878.SZ', '601886.SH', '002048.SZ', '300109.SZ', '300596.SZ', '300842.SZ', '002588.SZ']"
2025-03-24,2025-03-21,2025-03-31,-0.014269723697887595,100,0.49,,"['603995.SH', '000923.SZ', '002961.SZ', '001203.SZ', '002986.SZ', '603619.SH', '002996.SZ', '603162.SH', '003038.SZ', '000819.SZ', '001205.SZ', '603535.SH', '603170.SH', '301305.SZ', '002540.SZ', '002988.SZ', '002973.SZ', '603558.SH', '600531.SH', '603876.SH', '300908.SZ', '300801.SZ', '603889.SH', '002978.SZ', '003000.SZ', '300893.SZ', '002666.SZ', '002870.SZ', '002237.SZ', '603713.SH', '600368.SH', '600459.SH', '002971.SZ', '002182.SZ', '300973.SZ', '301116.SZ', '300230.SZ', '600469.SH', '600987.SH', '000707.SZ', '000012.SZ', '001217.SZ', '300791.SZ', '300388.SZ', '002481.SZ', '603158.SH', '002783.SZ', '600073.SH', '601107.SH', '605399.SH', '600017.SH', '603689.SH', '600727.SH', '603105.SH', '601677.SH', '300815.SZ', '002455.SZ', '603055.SH', '603035.SH', '605166.SH', '603213.SH', '300592.SZ', '000731.SZ', '601113.SH', '603866.SH', '002206.SZ', '002662.SZ', '605077.SH', '002615.SZ', '605133.SH', '002034.SZ', '002441.SZ', '301296.SZ', '601975.SH', '000885.SZ', '300041.SZ', '000822.SZ', '601636.SH', '600742.SH', '603010.SH', '603708.SH', '301062.SZ', '000589.SZ', '002538.SZ', '603507.SH', '000552.SZ', '000899.SZ', '000913.SZ', '603588.SH', '000690.SZ', '300926.SZ', '002468.SZ', '601500.SH', '002140.SZ', '600509.SH', '603600.SH', '000404.SZ', '002101.SZ', '603197.SH', '002120.SZ']"
2025-03-31,2025-03-28,2025-04-07,-0.0941966157793903,100,0.51,,"['603995.SH', '001203.SZ', '002986.SZ', '603619.SH', '601969.SH', '603057.SH', '603162.SH', '002318.SZ', '001205.SZ', '603170.SH', '301345.SZ', '603237.SH', '301305.SZ', '300873.SZ', '603558.SH', '300577.SZ', '603365.SH', '603535.SH', '002973.SZ', '600182.SH', '002991.SZ', '603889.SH', '300908.SZ', '003000.SZ', '002083.SZ', '002978.SZ', '002043.SZ', '603697.SH', '300801.SZ', '300893.SZ', '605338.SH', '600368.SH', '300973.SZ', '603132.SH', '002870.SZ', '002971.SZ', '600283.SH', '300791.SZ', '603158.SH', '000707.SZ', '300388.SZ', '603689.SH', '300218.SZ', '600987.SH', '603105.SH', '601065.SH', '003028.SZ', '002458.SZ', '605128.SH', '605599.SH', '000920.SZ', '601137.SH', '601113.SH', '605555.SH', '002937.SZ', '603866.SH', '603055.SH', '605166.SH', '688510.SH', '300815.SZ', '002662.SZ', '300863.SZ', '603213.SH', '002946.SZ', '600269.SH', '002034.SZ', '001207.SZ', '002615.SZ', '300304.SZ', '605167.SH', '000885.SZ', '000899.SZ', '605077.SH', '600428.SH', '601975.SH', '301296.SZ', '605009.SH', '603507.SH', '000700.SZ', '601619.SH', '603230.SH', '301062.SZ', '300926.SZ', '603871.SH', '000913.SZ', '300453.SZ', '002468.SZ', '600461.SH', '002140.SZ', '000812.SZ', '002053.SZ', '300856.SZ', '600389.SH', '000429.SZ', '605016.SH', '002539.SZ', '603600.SH', '603929.SH', '601089.SH', '000966.SZ']"
2025-04-07,2025-04-03,2025-04-14,0.10045408611688332,28,0.98,,"['600834.SH', '600794.SH', '002930.SZ', '600644.SH', '600769.SH', '603237.SH', '603101.SH', '002728.SZ', '600238.SH', '002561.SZ', '603222.SH', '605188.SH', '002198.SZ', '002404.SZ', '300138.SZ', '300427.SZ', '603199.SH', '601366.SH', '605337.SH', '600182.SH', '605098.SH', '603998.SH', '000526.SZ', '603722.SH', '603061.SH', '603031.SH', '603922.SH', '002847.SZ']"
2025-04-14,2025-04-11,2025-04-21,0.011043770801823248,72,0.8214285714285714,,"['000520.SZ', '603117.SH', '600834.SH', '600644.SH', '600725.SH', '600463.SH', '000863.SZ', '688073.SH', '300295.SZ', '000551.SZ', '002628.SZ', '301017.SZ', '002457.SZ', '600635.SH', '603669.SH', '600724.SH', '600817.SH', '600864.SH', '600838.SH', '000006.SZ', '002095.SZ', '601375.SH', '002989.SZ', '688325.SH', '002542.SZ', '000151.SZ', '002562.SZ', '601366.SH', '000421.SZ', '002404.SZ', '600491.SH', '600730.SH', '300808.SZ', '003016.SZ', '001313.SZ', '002500.SZ', '600078.SH', '688090.SH', '600439.SH', '603991.SH', '600828.SH', '603016.SH', '600386.SH', '603386.SH', '600826.SH', '600230.SH', '600822.SH', '601002.SH', '603922.SH', '600626.SH', '603988.SH', '600366.SH', '002579.SZ', '603615.SH', '600679.SH', '688219.SH', '600676.SH', '002246.SZ', '603050.SH', '603758.SH', '002379.SZ', '600184.SH', '002869.SZ', '600268.SH', '000970.SZ', '600151.SH', '600983.SH', '688608.SH', '688778.SH', '000901.SZ', '000553.SZ', '002232.SZ']"
2025-04-21,2025-04-18,2025-04-28,0.00847634700698812,18,0.8194444444444444,,"['600834.SH', '600463.SH', '002082.SZ', '300295.SZ', '300111.SZ', '600730.SH', '601366.SH', '000421.SZ', '300808.SZ', '002404.SZ', '603656.SH', '603386.SH', '600386.SH', '603095.SH', '600822.SH', '601002.SH', '603701.SH', '600626.SH']"
2025-04-28,2025-04-25,2025-05-06,0.06256429375183734,73,0.8333333333333334,,"['600758.SH', '002658.SZ', '300425.SZ', '301408.SZ', '600819.SH', '002593.SZ', '000789.SZ', '301323.SZ', '300835.SZ', '002824.SZ', '301123.SZ', '301121.SZ', '600965.SH', '002918.SZ', '600266.SH', '002846.SZ', '301296.SZ', '000716.SZ', '300831.SZ', '688275.SH', '001283.SZ', '300582.SZ', '000421.SZ', '002339.SZ', '002885.SZ', '300265.SZ', '002055.SZ', '300571.SZ', '002689.SZ', '001217.SZ', '000686.SZ', '002090.SZ', '300830.SZ', '600386.SH', '002631.SZ', '301216.SZ', '603386.SH', '300659.SZ', '002355.SZ', '000850.SZ', '002845.SZ', '000599.SZ', '002771.SZ', '600558.SH', '300473.SZ', '002614.SZ', '688155.SH', '301086.SZ', '600520.SH', '600367.SH', '300608.SZ', '603595.SH', '000925.SZ', '002733.SZ', '000816.SZ', '605218.SH', '300550.SZ', '002175.SZ', '603890.SH', '002250.SZ', '600288.SH', '600075.SH', '300996.SZ', '300479.SZ', '002044.SZ', '300541.SZ', '688588.SH', '301095.SZ', '300369.SZ', '300248.SZ', '002649.SZ', '603636.SH', '300598.SZ']"
2025-05-06,2025-04-30,2025-05-12,0.02563923773040101,56,0.8082191780821918,,"['301116.SZ', '000819.SZ', '301251.SZ', '002824.SZ', '603038.SH', '301152.SZ', '301086.SZ', '301121.SZ', '002593.SZ', '301489.SZ', '300891.SZ', '300706.SZ', '300460.SZ', '600255.SH', '300903.SZ', '688275.SH', '002975.SZ', '300565.SZ', '002805.SZ', '300582.SZ', '688620.SH', '001217.SZ', '600992.SH', '600078.SH', '002339.SZ', '002148.SZ', '002962.SZ', '600386.SH', '300337.SZ', '688312.SH', '300909.SZ', '002885.SZ', '003005.SZ', '002845.SZ', '000599.SZ', '603602.SH', '688135.SH', '600367.SH', '688653.SH', '000868.SZ', '300956.SZ', '002766.SZ', '603626.SH', '688246.SH', '600698.SH', '002676.SZ', '002175.SZ', '002134.SZ', '002579.SZ', '300681.SZ', '603773.SH', '603660.SH', '300814.SZ', '300691.SZ', '002045.SZ', '600756.SH']"
2025-05-12,2025-05-09,2025-05-19,-0.010075762560354704,49,0.6428571428571429,,"['301281.SZ', '301128.SZ', '301326.SZ', '301251.SZ', '301121.SZ', '300381.SZ', '301296.SZ', '301086.SZ', '002846.SZ', '301036.SZ', '300407.SZ', '300805.SZ', '300460.SZ', '300891.SZ', '300654.SZ', '300632.SZ', '300154.SZ', '688620.SH', '300752.SZ', '301011.SZ', '300179.SZ', '688478.SH', '001217.SZ', '300578.SZ', '688312.SH', '300241.SZ', '300337.SZ', '603602.SH', '002137.SZ', '300063.SZ', '002885.SZ', '300571.SZ', '688135.SH', '000868.SZ', '688246.SH', '300956.SZ', '600367.SH', '300503.SZ', '300275.SZ', '002175.SZ', '002676.SZ', '002134.SZ', '300681.SZ', '688652.SH', '688591.SH', '688698.SH', '300657.SZ', '300249.SZ', '300738.SZ']"
2025-05-19,2025-05-16,2025-05-26,-0.007973587309432276,29,0.9795918367346939,,"['001258.SZ', '600052.SH', '600310.SH', '000068.SZ', '300425.SZ', '605006.SH', '603222.SH', '002641.SZ', '300639.SZ', '603978.SH', '300043.SZ', '300497.SZ', '688275.SH', '300460.SZ', '300071.SZ', '300510.SZ', '300318.SZ', '300903.SZ', '600992.SH', '000720.SZ', '600386.SH', '603386.SH', '600984.SH', '002169.SZ', '002786.SZ', '000670.SZ', '688520.SH', '002474.SZ', '600172.SH']"
2025-05-26,2025-05-23,2025-06-03,0.007375255663834901,18,0.896551724137931,,"['300314.SZ', '301323.SZ', '300690.SZ', '301318.SZ', '002264.SZ', '300908.SZ', '300916.SZ', '603058.SH', '603339.SH', '000720.SZ', '300939.SZ', '688609.SH', '603386.SH', '605060.SH', '603266.SH', '688520.SH', '688025.SH', '688233.SH']"
2025-06-03,2025-05-30,2025-06-09,0.03074153233467054,60,0.7777777777777778,,"['300435.SZ', '603167.SH', '300172.SZ', '600897.SH', '688247.SH', '002694.SZ', '600758.SH', '600293.SH', '600965.SH', '600638.SH', '603718.SH', '000755.SZ', '300664.SZ', '603601.SH', '002198.SZ', '600838.SH', '600668.SH', '002728.SZ', '002561.SZ', '000514.SZ', '000788.SZ', '600865.SH', '002785.SZ', '603558.SH', '600724.SH', '605338.SH', '603387.SH', '603058.SH', '600351.SH', '002356.SZ', '002644.SZ', '603230.SH', '002849.SZ', '600229.SH', '600675.SH', '603429.SH', '603365.SH', '300540.SZ', '600593.SH', '600261.SH', '002349.SZ', '603587.SH', '002587.SZ', '002546.SZ', '000720.SZ', '002282.SZ', '000509.SZ', '603922.SH', '603266.SH', '603380.SH', '603103.SH', '688155.SH', '605060.SH', '600983.SH', '603155.SH', '603081.SH', '300550.SZ', '002739.SZ', '002322.SZ', '000688.SZ']"
2025-06-09,2025-06-06,2025-06-16,-0.015451618098161498,33,0.85,,"['000520.SZ', '600463.SH', '002694.SZ', '000514.SZ', '300902.SZ', '300056.SZ', '301089.SZ', '600838.SH', '600620.SH', '002561.SZ', '600865.SH', '300589.SZ', '603815.SH', '600630.SH', '000151.SZ', '600965.SH', '300985.SZ', '301058.SZ', '000812.SZ', '002514.SZ', '603032.SH', '002356.SZ', '603610.SH', '000721.SZ', '603922.SH', '001217.SZ', '000509.SZ', '603186.SH', '002771.SZ', '603800.SH', '603703.SH', '605228.SH', '002512.SZ']"
2025-06-16,2025-06-13,2025-06-23,-0.014463101847270066,29,0.8181818181818182,,"['603535.SH', '300774.SZ', '301030.SZ', '300105.SZ', '600463.SH', '300664.SZ', '000514.SZ', '300434.SZ', '300982.SZ', '600638.SH', '603230.SH', '301120.SZ', '688046.SH', '301318.SZ', '000544.SZ', '002839.SZ', '300985.SZ', '605577.SH', '600620.SH', '300427.SZ', '301260.SZ', '688378.SH', '002771.SZ', '603922.SH', '688486.SH', '603611.SH', '000688.SZ', '688100.SH', '300532.SZ']"
2025-06-23,2025-06-20,2025-06-30,0.05641174123930177,68,0.7931034482758621,,"['300881.SZ', '300425.SZ', '002694.SZ', '300795.SZ', '688581.SH', '300860.SZ', '688337.SH', '300719.SZ', '301123.SZ', '300942.SZ', '300654.SZ', '300423.SZ', '603222.SH', '000514.SZ', '301120.SZ', '300359.SZ', '688489.SH', '300497.SZ', '688602.SH', '300107.SZ', '002975.SZ', '301348.SZ', '300688.SZ', '300603.SZ', '688046.SH', '603466.SH', '300891.SZ', '300081.SZ', '688478.SH', '301221.SZ', '300177.SZ', '300011.SZ', '300510.SZ', '688173.SH', '688733.SH', '300471.SZ', '300956.SZ', '688626.SH', '688439.SH', '688035.SH', '688711.SH', '300862.SZ', '300830.SZ', '688378.SH', '300032.SZ', '688352.SH', '688259.SH', '688252.SH', '300067.SZ', '600734.SH', '002474.SZ', '300559.SZ', '688486.SH', '603138.SH', '688359.SH', '300691.SZ', '688233.SH', '300825.SZ', '688100.SH', '002362.SZ', '688093.SH', '688095.SH', '688409.SH', '603516.SH', '301153.SZ', '688200.SH', '300229.SZ', '688568.SH']"
2025-06-30,2025-06-27,2025-07-07,-0.007507810804234504,100,0.7647058823529411,,"['300040.SZ', '600830.SH', '001236.SZ', '301030.SZ', '603324.SH', '002201.SZ', '300210.SZ', '688429.SH', '301025.SZ', '300560.SZ', '301120.SZ', '301086.SZ', '300654.SZ', '688108.SH', '300407.SZ', '300025.SZ', '688325.SH', '300781.SZ', '300690.SZ', '688602.SH', '301172.SZ', '688202.SH', '300985.SZ', '300712.SZ', '301268.SZ', '688147.SH', '688620.SH', '603602.SH', '301036.SZ', '300359.SZ', '002952.SZ', '002975.SZ', '300632.SZ', '300917.SZ', '300424.SZ', '301266.SZ', '000812.SZ', '688046.SH', '301179.SZ', '300460.SZ', '301191.SZ', '301058.SZ', '300471.SZ', '300891.SZ', '301073.SZ', '300629.SZ', '300011.SZ', '600620.SH', '300411.SZ', '301099.SZ', '688733.SH', '300241.SZ', '003005.SZ', '688173.SH', '300880.SZ', '603801.SH', '300522.SZ', '300862.SZ', '300444.SZ', '688133.SH', '300656.SZ', '688699.SH', '300894.SZ', '688207.SH', '603206.SH', '688711.SH', '300200.SZ', '688653.SH', '300900.SZ', '688392.SH', '002559.SZ', '300727.SZ', '300711.SZ', '300365.SZ', '688458.SH', '300045.SZ', '688383.SH', '300275.SZ', '688259.SH', '301128.SZ', '688535.SH', '002009.SZ', '301085.SZ', '300082.SZ', '603595.SH', '300133.SZ', '300758.SZ', '603131.SH', '688261.SH', '300559.SZ', '300293.SZ', '688359.SH', '688595.SH', '300342.SZ', '688503.SH', '688246.SH', '603629.SH', '301162.SZ', '688559.SH', '300827.SZ']"
2025-07-07,2025-07-04,2025-07-14,0.048776839955712234,41,0.98,,"['600638.SH', '000514.SZ', '300332.SZ', '000507.SZ', '300291.SZ', '601188.SH', '600675.SH', '603610.SH', '002561.SZ', '000726.SZ', '000779.SZ', '600758.SH', '002029.SZ', '300867.SZ', '000417.SZ', '300996.SZ', '300664.SZ', '600336.SH', '300550.SZ', '600593.SH', '300434.SZ', '002645.SZ', '000789.SZ', '600668.SH', '600288.SH', '300505.SZ', '000501.SZ', '600727.SH', '301266.SZ', '688046.SH', '002448.SZ', '002585.SZ', '002355.SZ', '300569.SZ', '688155.SH', '002121.SZ', '603612.SH', '688015.SH', '300499.SZ', '000688.SZ', '002383.SZ']"
2025-07-14,2025-07-11,2025-07-21,0.016343667795102837,72,0.6829268292682927,,"['600658.SH', '002918.SZ', '600094.SH', '600604.SH', '300291.SZ', '300027.SZ', '002631.SZ', '601908.SH', '300659.SZ', '002561.SZ', '000850.SZ', '600661.SH', '600336.SH', '300425.SZ', '300215.SZ', '300608.SZ', '300550.SZ', '002694.SZ', '000639.SZ', '002932.SZ', '600593.SH', '002869.SZ', '300583.SZ', '002791.SZ', '002728.SZ', '002298.SZ', '300381.SZ', '300423.SZ', '300639.SZ', '000789.SZ', '600288.SH', '300560.SZ', '300890.SZ', '300158.SZ', '300427.SZ', '002585.SZ', '300565.SZ', '688298.SH', '301266.SZ', '300302.SZ', '301095.SZ', '600449.SH', '688733.SH', '300504.SZ', '300510.SZ', '300369.SZ', '002759.SZ', '300571.SZ', '600133.SH', '688598.SH', '300244.SZ', '300079.SZ', '300443.SZ', '688556.SH', '300569.SZ', '688381.SH', '600075.SH', '603386.SH', '688348.SH', '300667.SZ', '300072.SZ', '603595.SH', '002184.SZ', '002121.SZ', '300540.SZ', '688299.SH', '300862.SZ', '688063.SH', '300499.SZ', '002009.SZ', '002519.SZ', '002383.SZ']"
2025-07-21,2025-07-18,2025-07-28,0.04037991735509035,35,0.8055555555555556,,"['600463.SH', '600658.SH', '301172.SZ', '002561.SZ', '300673.SZ', '300314.SZ', '000850.SZ', '600336.SH', '000639.SZ', '300608.SZ', '301060.SZ', '002453.SZ', '002791.SZ', '301266.SZ', '301307.SZ', '300407.SZ', '688133.SH', '300158.SZ', '002302.SZ', '300571.SZ', '002339.SZ', '300057.SZ', '688298.SH', '688023.SH', '300727.SZ', '300265.SZ', '300079.SZ', '603256.SH', '000599.SZ', '688598.SH', '300902.SZ', '688005.SH', '300667.SZ', '688779.SH', '002297.SZ']"
2025-07-28,2025-07-25,2025-08-04,-0.0009313104558273516,65,0.5428571428571428,,"['002918.SZ', '600641.SH', '300712.SZ', '301172.SZ', '300275.SZ', '603324.SH', '300107.SZ', '300381.SZ', '300797.SZ', '300342.SZ', '300891.SZ', '301060.SZ', '300210.SZ', '301086.SZ', '300407.SZ', '688496.SH', '688238.SH', '001217.SZ', '300571.SZ', '301266.SZ', '300057.SZ', '688133.SH', '300578.SZ', '300787.SZ', '688298.SH', '002302.SZ', '300727.SZ', '002339.SZ', '688488.SH', '688733.SH', '002952.SZ', '688315.SH', '300880.SZ', '001313.SZ', '000059.SZ', '600620.SH', '300711.SZ', '688339.SH', '688326.SH', '300460.SZ', '002766.SZ', '300183.SZ', '688105.SH', '688598.SH', '300939.SZ', '300393.SZ', '688381.SH', '300902.SZ', '688378.SH', '300667.SZ', '688259.SH', '300843.SZ', '300985.SZ', '688005.SH', '301090.SZ', '688661.SH', '688779.SH', '688312.SH', '603185.SH', '300480.SZ', '688090.SH', '603960.SH', '300735.SZ', '688001.SH', '688097.SH']"
2025-08-04,2025-08-01,2025-08-11,0.029709258099695542,15,0.9230769230769231,,"['300359.SZ', '300942.SZ', '300111.SZ', '688325.SH', '688133.SH', '688238.SH', '300423.SZ', '688046.SH', '688179.SH', '688202.SH', '300902.SZ', '300667.SZ', '688699.SH', '300471.SZ', '688661.SH']"
2025-08-11,2025-08-08,2025-08-18,0.055787385047343326,47,0.8,,"['002615.SZ', '003028.SZ', '300938.SZ', '688602.SH', '300797.SZ', '301162.SZ', '000707.SZ', '300891.SZ', '300942.SZ', '688603.SH', '301121.SZ', '301188.SZ', '300752.SZ', '301439.SZ', '300893.SZ', '300956.SZ', '300890.SZ', '688133.SH', '300909.SZ', '003043.SZ', '688533.SH', '300818.SZ', '300656.SZ', '688179.SH', '688108.SH', '603061.SH', '603701.SH', '688181.SH', '688135.SH', '300507.SZ', '301028.SZ', '300852.SZ', '002892.SZ', '688079.SH', '605218.SH', '002655.SZ', '300227.SZ', '688312.SH', '300976.SZ', '688195.SH', '301031.SZ', '688138.SH', '300857.SZ', '688531.SH', '688698.SH', '688510.SH', '688239.SH']"
2025-08-18,2025-08-15,2025-08-25,0.030328109553054202,100,0.6595744680851063,,"['300031.SZ', '601022.SH', '300182.SZ', '600986.SH', '301162.SZ', '605555.SH', '300191.SZ', '002015.SZ', '301565.SZ', '300797.SZ', '300938.SZ', '300758.SZ', '300791.SZ', '300416.SZ', '300075.SZ', '301188.SZ', '001311.SZ', '688799.SH', '688351.SH', '300143.SZ', '300752.SZ', '003043.SZ', '300656.SZ', '688603.SH', '688046.SH', '300109.SZ', '301127.SZ', '000534.SZ', '603061.SH', '300587.SZ', '300893.SZ', '000801.SZ', '688621.SH', '688626.SH', '688352.SH', '301439.SZ', '300634.SZ', '688135.SH', '301293.SZ', '688549.SH', '301325.SZ', '688150.SH', '688690.SH', '300507.SZ', '300049.SZ', '300815.SZ', '300181.SZ', '688475.SH', '300446.SZ', '300595.SZ', '301205.SZ', '300357.SZ', '301015.SZ', '300337.SZ', '688717.SH', '300926.SZ', '688146.SH', '301031.SZ', '002892.SZ', '688343.SH', '301297.SZ', '688016.SH', '688050.SH', '300179.SZ', '601089.SH', '301291.SZ', '300258.SZ', '688372.SH', '002882.SZ', '301368.SZ', '603220.SH', '688661.SH', '300618.SZ', '300677.SZ', '688652.SH', '001301.SZ', '002664.SZ', '301219.SZ', '688088.SH', '300827.SZ', '603171.SH', '301155.SZ', '688301.SH', '688523.SH', '300913.SZ', '002568.SZ', '688548.SH', '301260.SZ', '002978.SZ', '688295.SH', '688138.SH', '603083.SH', '300303.SZ', '300496.SZ', '002815.SZ', '688300.SH', '605196.SH', '688102.SH', '300304.SZ', '688668.SH']"
2025-08-25,2025-08-22,2025-09-01,0.007329455987708105,100,0.48,,"['688562.SH', '300881.SZ', '300182.SZ', '300133.SZ', '600986.SH', '301162.SZ', '688507.SH', '301091.SZ', '605555.SH', '300191.SZ', '688631.SH', '300962.SZ', '300797.SZ', '300758.SZ', '688258.SH', '688429.SH', '688326.SH', '688351.SH', '688687.SH', '300075.SZ', '688443.SH', '300571.SZ', '688799.SH', '300143.SZ', '301127.SZ', '003043.SZ', '301366.SZ', '688046.SH', '300019.SZ', '301439.SZ', '002876.SZ', '300166.SZ', '688533.SH', '688478.SH', '300890.SZ', '000534.SZ', '300916.SZ', '301325.SZ', '603061.SH', '688147.SH', '300698.SZ', '603701.SH', '688621.SH', '300711.SZ', '688626.SH', '301293.SZ', '600589.SH', '300634.SZ', '300852.SZ', '688639.SH', '688717.SH', '301205.SZ', '300507.SZ', '002655.SZ', '688690.SH', '300183.SZ', '605218.SH', '688549.SH', '000555.SZ', '300446.SZ', '002892.SZ', '688079.SH', '688131.SH', '002703.SZ', '301291.SZ', '688050.SH', '301028.SZ', '002882.SZ', '688016.SH', '300337.SZ', '603220.SH', '300975.SZ', '688248.SH', '688146.SH', '300926.SZ', '300179.SZ', '688593.SH', '301268.SZ', '688182.SH', '301155.SZ', '300827.SZ', '301031.SZ', '688503.SH', '688295.SH', '688088.SH', '688661.SH', '300035.SZ', '301368.SZ', '688548.SH', '002568.SZ', '688300.SH', '688523.SH', '688668.SH', '300438.SZ', '688408.SH', '300913.SZ', '688102.SH', '688195.SH', '300229.SZ', '300558.SZ']"
2025-09-01,2025-08-29,2025-09-08,-0.01420479370880454,100,0.58,,"['600641.SH', '301160.SZ', '300113.SZ', '002400.SZ', '600986.SH', '301162.SZ', '605555.SH', '301101.SZ', '300191.SZ', '301565.SZ', '301091.SZ', '300768.SZ', '002777.SZ', '300525.SZ', '688326.SH', '300783.SZ', '688799.SH', '301177.SZ', '301127.SZ', '603099.SH', '300143.SZ', '300348.SZ', '300598.SZ', '301080.SZ', '000801.SZ', '300916.SZ', '688351.SH', '300587.SZ', '605118.SH', '688621.SH', '300893.SZ', '301439.SZ', '300634.SZ', '603061.SH', '688553.SH', '605016.SH', '603701.SH', '688150.SH', '688626.SH', '688079.SH', '300341.SZ', '300711.SZ', '002708.SZ', '688549.SH', '688475.SH', '605218.SH', '002655.SZ', '605228.SH', '688690.SH', '002703.SZ', '002324.SZ', '301205.SZ', '688050.SH', '300337.SZ', '300357.SZ', '002892.SZ', '301291.SZ', '300926.SZ', '600882.SH', '002153.SZ', '301031.SZ', '603985.SH', '688103.SH', '002882.SZ', '301550.SZ', '688029.SH', '688248.SH', '600850.SH', '605133.SH', '603067.SH', '688661.SH', '300674.SZ', '688503.SH', '688612.SH', '301155.SZ', '002847.SZ', '603256.SH', '000962.SZ', '300323.SZ', '603950.SH', '688300.SH', '688182.SH', '688138.SH', '002568.SZ', '605196.SH', '688652.SH', '300676.SZ', '688295.SH', '688088.SH', '688102.SH', '688290.SH', '603002.SH', '603171.SH', '605376.SH', '300390.SZ', '002410.SZ', '600779.SH', '300580.SZ', '688301.SH', '688190.SH']"
2025-09-08,2025-09-05,2025-09-15,0.0019058774408743562,100,0.85,,"['001376.SZ', '300917.SZ', '301558.SZ', '301062.SZ', '002919.SZ', '601022.SH', '603162.SH', '300881.SZ', '001896.SZ', '301376.SZ', '605011.SH', '301160.SZ', '300592.SZ', '300729.SZ', '600643.SH', '002961.SZ', '301381.SZ', '688609.SH', '301500.SZ', '300182.SZ', '601096.SH', '300492.SZ', '300191.SZ', '000761.SZ', '301508.SZ', '605555.SH', '300107.SZ', '003035.SZ', '300795.SZ', '603708.SH', '003000.SZ', '301408.SZ', '301004.SZ', '301393.SZ', '300891.SZ', '301589.SZ', '688351.SH', '001311.SZ', '301017.SZ', '300962.SZ', '001217.SZ', '605108.SH', '301060.SZ', '300848.SZ', '300973.SZ', '603056.SH', '000829.SZ', '603170.SH', '300797.SZ', '300791.SZ', '300969.SZ', '301239.SZ', '688212.SH', '300758.SZ', '002840.SZ', '300416.SZ', '300705.SZ', '301267.SZ', '301071.SZ', '300571.SZ', '688799.SH', '300790.SZ', '688621.SH', '301439.SZ', '002408.SZ', '605116.SH', '300298.SZ', '002416.SZ', '300916.SZ', '300880.SZ', '300893.SZ', '300882.SZ', '300595.SZ', '300529.SZ', '605018.SH', '603897.SH', '300109.SZ', '605218.SH', '605016.SH', '300573.SZ', '688549.SH', '002937.SZ', '300183.SZ', '300633.SZ', '603477.SH', '603193.SH', '603882.SH', '688639.SH', '688595.SH', '301015.SZ', '688378.SH', '688050.SH', '300818.SZ', '300863.SZ', '300049.SZ', '002892.SZ', '300761.SZ', '002847.SZ', '605198.SH', '603220.SH']"
2025-09-15,2025-09-12,2025-09-22,0.015461835582620159,100,0.79,,"['603598.SH', '301296.SZ', '301011.SZ', '301160.SZ', '300592.SZ', '002803.SZ', '603499.SH', '300113.SZ', '301162.SZ', '300492.SZ', '605555.SH', '300847.SZ', '301004.SZ', '301101.SZ', '002970.SZ', '300938.SZ', '603219.SH', '300058.SZ', '300002.SZ', '300662.SZ', '002315.SZ', '000829.SZ', '300797.SZ', '300320.SZ', '688588.SH', '300969.SZ', '002320.SZ', '002824.SZ', '300791.SZ', '300787.SZ', '300727.SZ', '300783.SZ', '688458.SH', '000723.SZ', '300143.SZ', '301127.SZ', '003043.SZ', '688533.SH', '300341.SZ', '300916.SZ', '301061.SZ', '301439.SZ', '688621.SH', '688478.SH', '600626.SH', '002416.SZ', '688603.SH', '300681.SZ', '688150.SH', '300286.SZ', '300711.SZ', '688690.SH', '605016.SH', '603061.SH', '300181.SZ', '300444.SZ', '300446.SZ', '002708.SZ', '688639.SH', '300507.SZ', '300337.SZ', '002655.SZ', '605118.SH', '300863.SZ', '300976.SZ', '300855.SZ', '000420.SZ', '688016.SH', '688146.SH', '002703.SZ', '300573.SZ', '301028.SZ', '600301.SH', '688050.SH', '300842.SZ', '300357.SZ', '603737.SH', '300354.SZ', '688378.SH', '300926.SZ', '688598.SH', '688131.SH', '603613.SH', '301015.SZ', '688033.SH', '301031.SZ', '002847.SZ', '688029.SH', '688548.SH', '603067.SH', '603088.SH', '688138.SH', '688300.SH', '605376.SH', '688523.SH', '688401.SH', '688612.SH', '300351.SZ', '002947.SZ', '002782.SZ']"
2025-09-22,2025-09-19,2025-09-29,-0.0027565355469444095,100,0.61,,"['002615.SZ', '300873.SZ', '301296.SZ', '003028.SZ', '002605.SZ', '301011.SZ', '605167.SH', '002986.SZ', '300182.SZ', '301109.SZ', '301162.SZ', '601969.SH', '300962.SZ', '000155.SZ', '300858.SZ', '605555.SH', '300848.SZ', '002970.SZ', '301004.SZ', '603722.SH', '300797.SZ', '002810.SZ', '002201.SZ', '605337.SH', '003038.SZ', '600819.SH', '301180.SZ', '688087.SH', '301188.SZ', '300787.SZ', '002983.SZ', '300416.SZ', '002824.SZ', '300758.SZ', '300791.SZ', '300656.SZ', '688315.SH', '300783.SZ', '300571.SZ', '301099.SZ', '300174.SZ', '300143.SZ', '688799.SH', '300166.SZ', '300752.SZ', '301439.SZ', '000534.SZ', '002876.SZ', '000810.SZ', '688603.SH', '688533.SH', '301127.SZ', '300563.SZ', '300956.SZ', '300916.SZ', '000949.SZ', '300286.SZ', '688690.SH', '300909.SZ', '300681.SZ', '300818.SZ', '688352.SH', '002937.SZ', '603061.SH', '300444.SZ', '002662.SZ', '605218.SH', '002655.SZ', '605118.SH', '300337.SZ', '300012.SZ', '300183.SZ', '688639.SH', '300446.SZ', '603733.SH', '605016.SH', '301028.SZ', '300976.SZ', '300863.SZ', '688050.SH', '603348.SH', '688153.SH', '300855.SZ', '300852.SZ', '601500.SH', '301015.SZ', '002590.SZ', '688146.SH', '300833.SZ', '300708.SZ', '001288.SZ', '300677.SZ', '300913.SZ', '002847.SZ', '300227.SZ', '300926.SZ', '688523.SH', '301031.SZ', '002922.SZ', '002101.SZ']"
2025-09-29,2025-09-26,2025-10-09,0.019231190600006512,100,0.72,,"['688568.SH', '300623.SZ', '002106.SZ', '000925.SZ', '300507.SZ', '002922.SZ', '300373.SZ', '002312.SZ', '000410.SZ', '002960.SZ', '002036.SZ', '002655.SZ', '301029.SZ', '001337.SZ', '688150.SH', '300735.SZ', '300143.SZ', '688208.SH', '688548.SH', '002615.SZ', '300444.SZ', '300415.SZ', '688239.SH', '603290.SH', '688478.SH', '688019.SH', '300627.SZ', '003043.SZ', '002892.SZ', '688333.SH', '001288.SZ', '300337.SZ', '601137.SH', '688138.SH', '300787.SZ', '603328.SH', '300580.SZ', '688127.SH', '300691.SZ', '002006.SZ', '688772.SH', '300913.SZ', '603220.SH', '300956.SZ', '688698.SH', '301180.SZ', '300729.SZ', '002906.SZ', '300054.SZ', '603596.SH', '300286.SZ', '688363.SH', '603132.SH', '300073.SZ', '301015.SZ', '301028.SZ', '605218.SH', '002876.SZ', '688401.SH', '688337.SH', '300567.SZ', '300811.SZ', '688361.SH', '002472.SZ', '000422.SZ', '688351.SH', '300390.SZ', '688525.SH', '002859.SZ', '688106.SH', '300251.SZ', '688050.SH', '688510.SH', '301162.SZ', '300681.SZ', '300833.SZ', '688095.SH', '300101.SZ', '688146.SH', '688378.SH', '300783.SZ', '301268.SZ', '300848.SZ', '300916.SZ', '605333.SH', '300446.SZ', '603728.SH', '300777.SZ', '300957.SZ', '688533.SH', '300573.SZ', '688685.SH', '688639.SH', '301155.SZ', '002978.SZ', '002222.SZ', '301296.SZ', '605108.SH', '603219.SH', '603197.SH']"
2025-10-09,2025-09-30,2025-10-13,-0.01960908647733951,100,0.48,,"['300319.SZ', '688568.SH', '600361.SH', '000925.SZ', '002106.SZ', '000727.SZ', '600552.SH', '002334.SZ', '002456.SZ', '300058.SZ', '300232.SZ', '000009.SZ', '300677.SZ', '002139.SZ', '603236.SH', '002533.SZ', '600667.SH', '603005.SH', '300373.SZ', '002655.SZ', '002922.SZ', '600458.SH', '688097.SH', '000410.SZ', '300975.SZ', '002036.SZ', '688002.SH', '002312.SZ', '002960.SZ', '300143.SZ', '301029.SZ', '688333.SH', '600389.SH', '688548.SH', '000555.SZ', '603290.SH', '002615.SZ', '605222.SH', '688138.SH', '601226.SH', '603638.SH', '300627.SZ', '000878.SZ', '601500.SH', '000032.SZ', '002892.SZ', '002073.SZ', '688239.SH', '300735.SZ', '300737.SZ', '000059.SZ', '300444.SZ', '600331.SH', '300787.SZ', '001288.SZ', '688533.SH', '688698.SH', '688019.SH', '301180.SZ', '300337.SZ', '003043.SZ', '002006.SZ', '002300.SZ', '300415.SZ', '603220.SH', '601137.SH', '688772.SH', '603328.SH', '603327.SH', '300438.SZ', '300567.SZ', '002472.SZ', '002841.SZ', '688363.SH', '603596.SH', '300054.SZ', '600399.SH', '688510.SH', '300001.SZ', '688106.SH', '600589.SH', '603132.SH', '603912.SH', '002845.SZ', '000707.SZ', '603002.SH', '600728.SH', '002859.SZ', '000420.SZ', '688050.SH', '300101.SZ', '688518.SH', '301162.SZ', '688401.SH', '601615.SH', '601969.SH', '000422.SZ', '002971.SZ', '300956.SZ', '688146.SH']"
2025-10-13,2025-10-10,2025-10-20,-0.021641110295467475,100,0.78,,"['000723.SZ', '600395.SH', '600740.SH', '000552.SZ', '600782.SH', '600058.SH', '002110.SZ', '600399.SH', '603128.SH', '002683.SZ', '603225.SH', '600331.SH', '000886.SZ', '600278.SH', '300058.SZ', '603000.SH', '000422.SZ', '002400.SZ', '688568.SH', '000420.SZ', '600155.SH', '600037.SH', '600100.SH', '600435.SH', '002405.SZ', '600748.SH', '000878.SZ', '688281.SH', '600998.SH', '603533.SH', '603927.SH', '600075.SH', '601611.SH', '002203.SZ', '600271.SH', '600728.SH', '000555.SZ', '000032.SZ', '002386.SZ', '600056.SH', '600916.SH', '002238.SZ', '002439.SZ', '000703.SZ', '000881.SZ', '300166.SZ', '600667.SH', '605006.SH', '300737.SZ', '600339.SH', '300082.SZ', '002171.SZ', '002060.SZ', '688685.SH', '688087.SH', '002585.SZ', '300451.SZ', '002237.SZ', '000948.SZ', '002421.SZ', '000950.SZ', '600459.SH', '600135.SH', '002413.SZ', '603220.SH', '603970.SH', '000561.SZ', '600158.SH', '000951.SZ', '300143.SZ', '688563.SH', '000707.SZ', '603711.SH', '000998.SZ', '601226.SH', '603876.SH', '600830.SH', '002929.SZ', '600713.SH', '688333.SH', '603126.SH', '002362.SZ', '002869.SZ', '600477.SH', '300358.SZ', '000546.SZ', '300428.SZ', '300691.SZ', '000410.SZ', '300497.SZ', '603609.SH', '603698.SH', '300337.SZ', '601615.SH', '603197.SH', '002006.SZ', '000059.SZ', '002135.SZ', '002101.SZ', '000411.SZ']"
2025-10-20,2025-10-17,2025-10-27,0.02758883368143798,42,0.89,,"['600704.SH', '600782.SH', '002110.SZ', '600694.SH', '002244.SZ', '600675.SH', '600649.SH', '600037.SH', '000850.SZ', '600435.SH', '600668.SH', '600551.SH', '000726.SZ', '000514.SZ', '000906.SZ', '000789.SZ', '603598.SH', '600075.SH', '600728.SH', '605006.SH', '000601.SZ', '600982.SH', '600168.SH', '000507.SZ', '603126.SH', '601886.SH', '600593.SH', '002037.SZ', '600526.SH', '600135.SH', '600713.SH', '603970.SH', '002375.SZ', '603978.SH', '000779.SZ', '600345.SH', '000713.SZ', '603081.SH', '002121.SZ', '688015.SH', '000530.SZ', '002346.SZ']"
2025-10-27,2025-10-24,2025-11-03,0.007987352328375009,43,0.8333333333333334,,"['600075.SH', '002561.SZ', '603000.SH', '002645.SZ', '300494.SZ', '600668.SH', '600675.SH', '300041.SZ', '000789.SZ', '002791.SZ', '002585.SZ', '600288.SH', '002613.SZ', '002383.SZ', '600526.SH', '300796.SZ', '605166.SH', '300172.SZ', '002614.SZ', '002567.SZ', '300550.SZ', '301500.SZ', '600975.SH', '300048.SZ', '600127.SH', '600495.SH', '301509.SZ', '002996.SZ', '002121.SZ', '601133.SH', '002689.SZ', '300673.SZ', '688015.SH', '002741.SZ', '301260.SZ', '002849.SZ', '300569.SZ', '603191.SH', '603032.SH', '002090.SZ', '600212.SH', '300787.SZ', '603628.SH']"
2025-11-03,2025-10-31,2025-11-10,0.02515432466341577,79,0.9534883720930233,,"['000886.SZ', '600792.SH', '000759.SZ', '600810.SH', '000665.SZ', '002238.SZ', '601908.SH', '002068.SZ', '600748.SH', '000881.SZ', '600391.SH', '000514.SZ', '002405.SZ', '002421.SZ', '002218.SZ', '000822.SZ', '000998.SZ', '002037.SZ', '600855.SH', '603711.SH', '002585.SZ', '601718.SH', '002413.SZ', '002672.SZ', '603719.SH', '300523.SZ', '000802.SZ', '600135.SH', '600158.SH', '603777.SH', '002307.SZ', '300397.SZ', '000721.SZ', '603222.SH', '002567.SZ', '300894.SZ', '300479.SZ', '600501.SH', '300006.SZ', '002989.SZ', '600734.SH', '300215.SZ', '002631.SZ', '300497.SZ', '600676.SH', '300887.SZ', '002491.SZ', '300639.SZ', '301116.SZ', '600626.SH', '002759.SZ', '300213.SZ', '002575.SZ', '300825.SZ', '002819.SZ', '000505.SZ', '603421.SH', '002148.SZ', '000713.SZ', '300565.SZ', '002902.SZ', '300081.SZ', '600072.SH', '603081.SH', '600481.SH', '600984.SH', '002426.SZ', '000530.SZ', '002184.SZ', '688707.SH', '300671.SZ', '688339.SH', '002339.SZ', '300510.SZ', '300345.SZ', '002369.SZ', '300903.SZ', '002855.SZ', '301285.SZ']"
2025-11-10,2025-11-07,2025-11-17,0.02561147654813571,88,0.7215189873417721,,"['000723.SZ', '603056.SH', '600758.SH', '000829.SZ', '002419.SZ', '600792.SH', '603708.SH', '601366.SH', '300592.SZ', '600810.SH', '000401.SZ', '000517.SZ', '600217.SH', '000881.SZ', '600310.SH', '000520.SZ', '002218.SZ', '600505.SH', '600073.SH', '603108.SH', '002694.SZ', '601118.SH', '002637.SZ', '603636.SH', '603711.SH', '002672.SZ', '000566.SZ', '002037.SZ', '300358.SZ', '002726.SZ', '603719.SH', '002758.SZ', '300523.SZ', '300123.SZ', '600727.SH', '002455.SZ', '002382.SZ', '002727.SZ', '600966.SH', '000068.SZ', '603138.SH', '002666.SZ', '300359.SZ', '001205.SZ', '000421.SZ', '002678.SZ', '600686.SH', '002989.SZ', '000639.SZ', '300056.SZ', '002462.SZ', '300887.SZ', '000050.SZ', '300639.SZ', '601279.SH', '301116.SZ', '301370.SZ', '600676.SH', '000505.SZ', '605266.SH', '600626.SH', '000713.SZ', '002506.SZ', '300565.SZ', '300583.SZ', '300504.SZ', '603178.SH', '300161.SZ', '600481.SH', '001201.SZ', '002870.SZ', '002387.SZ', '603085.SH', '600984.SH', '002520.SZ', '600386.SH', '300128.SZ', '600992.SH', '002169.SZ', '600207.SH', '000720.SZ', '603396.SH', '002855.SZ', '300510.SZ', '301051.SZ', '603386.SH', '002845.SZ', '300460.SZ']"
2025-11-17,2025-11-14,2025-11-24,-0.07164149143257573,87,0.4090909090909091,,"['000723.SZ', '601015.SH', '603056.SH', '600758.SH', '600792.SH', '600279.SH', '000415.SZ', '000759.SZ', '000761.SZ', '600500.SH', '002419.SZ', '000553.SZ', '002930.SZ', '600185.SH', '000401.SZ', '600748.SH', '600810.SH', '600657.SH', '001330.SZ', '000402.SZ', '000665.SZ', '600708.SH', '601366.SH', '600075.SH', '600217.SH', '600310.SH', '000881.SZ', '002694.SZ', '002480.SZ', '001205.SZ', '600505.SH', '603113.SH', '000822.SZ', '002672.SZ', '000802.SZ', '603108.SH', '000998.SZ', '603126.SH', '002109.SZ', '603711.SH', '002037.SZ', '001217.SZ', '002726.SZ', '605399.SH', '000068.SZ', '603719.SH', '002307.SZ', '600135.SH', '002382.SZ', '002455.SZ', '000059.SZ', '600727.SH', '000639.SZ', '002678.SZ', '603138.SH', '600308.SH', '002989.SZ', '300887.SZ', '002666.SZ', '601279.SH', '301116.SZ', '300639.SZ', '000505.SZ', '600626.SH', '003038.SZ', '000713.SZ', '000812.SZ', '603421.SH', '002387.SZ', '300161.SZ', '603178.SH', '001201.SZ', '600800.SH', '600984.SH', '600481.SH', '600386.SH', '002520.SZ', '688033.SH', '600992.SH', '600207.SH', '002169.SZ', '002805.SZ', '000720.SZ', '300510.SZ', '002855.SZ', '301051.SZ', '603386.SH']"
2025-11-24,2025-11-21,2025-12-01,0.03710212479335638,58,0.9655172413793104,,"['600546.SH', '600368.SH', '600757.SH', '000520.SZ', '688002.SH', '688235.SH', '688192.SH', '603038.SH', '603918.SH', '002959.SZ', '600865.SH', '000514.SZ', '300067.SZ', '002912.SZ', '002519.SZ', '600052.SH', '300448.SZ', '688046.SH', '603138.SH', '300386.SZ', '300479.SZ', '301517.SZ', '688247.SH', '300119.SZ', '600620.SH', '603429.SH', '300688.SZ', '301038.SZ', '300359.SZ', '605268.SH', '002989.SZ', '688200.SH', '603566.SH', '688337.SH', '000713.SZ', '002575.SZ', '688489.SH', '301318.SZ', '300603.SZ', '688484.SH', '301509.SZ', '300673.SZ', '603922.SH', '300669.SZ', '688093.SH', '002757.SZ', '603912.SH', '300466.SZ', '688015.SH', '603095.SH', '002346.SZ', '688173.SH', '603016.SH', '603991.SH', '300032.SZ', '002952.SZ', '688252.SH', '300868.SZ']"
2025-12-01,2025-11-28,2025-12-08,0.013203185944276235,39,0.9482758620689655,,"['600834.SH', '600792.SH', '603708.SH', '001205.SZ', '002637.SZ', '001217.SZ', '600189.SH', '300177.SZ', '603138.SH', '603719.SH', '002666.SZ', '300691.SZ', '605108.SH', '603237.SH', '000421.SZ', '300729.SZ', '002989.SZ', '603058.SH', '605266.SH', '000812.SZ', '002870.SZ', '301376.SZ', '603178.SH', '300636.SZ', '300603.SZ', '003028.SZ', '603085.SH', '600386.SH', '300504.SZ', '603339.SH', '600992.SH', '002169.SZ', '600071.SH', '000720.SZ', '603386.SH', '300510.SZ', '003043.SZ', '300831.SZ', '300787.SZ']"
2025-12-08,2025-12-05,2025-12-15,-0.022828953779311264,100,0.8205128205128205,,"['600546.SH', '600057.SH', '603613.SH', '601156.SH', '002416.SZ', '002091.SZ', '600710.SH', '600787.SH', '002624.SZ', '002183.SZ', '600058.SH', '002110.SZ', '603708.SH', '603128.SH', '000830.SZ', '600060.SH', '000886.SZ', '603225.SH', '600278.SH', '600792.SH', '002429.SZ', '002697.SZ', '000960.SZ', '600808.SH', '002738.SZ', '000878.SZ', '002155.SZ', '000034.SZ', '600612.SH', '600916.SH', '002203.SZ', '600998.SH', '605599.SH', '600737.SH', '000060.SZ', '000703.SZ', '002225.SZ', '300043.SZ', '600699.SH', '603466.SH', '601083.SH', '601677.SH', '002396.SZ', '600662.SH', '300082.SZ', '603995.SH', '600361.SH', '605179.SH', '000028.SZ', '603230.SH', '600429.SH', '002237.SZ', '002878.SZ', '002831.SZ', '002758.SZ', '688668.SH', '002637.SZ', '600459.SH', '000951.SZ', '002404.SZ', '600789.SH', '600835.SH', '603876.SH', '300226.SZ', '688510.SH', '000521.SZ', '600073.SH', '600861.SH', '000756.SZ', '300925.SZ', '300911.SZ', '000421.SZ', '002100.SZ', '600480.SH', '600966.SH', '002970.SZ', '688608.SH', '301101.SZ', '603719.SH', '002897.SZ', '603008.SH', '300428.SZ', '688686.SH', '000404.SZ', '300662.SZ', '601096.SH', '603169.SH', '688037.SH', '002990.SZ', '002462.SZ', '002301.SZ', '002850.SZ', '000411.SZ', '000050.SZ', '002556.SZ', '605128.SH', '003028.SZ', '603600.SH', '605266.SH', '603185.SH']"
2025-12-15,2025-12-12,2025-12-22,0.01781167320192608,100,0.85,,"['002320.SZ', '600428.SH', '600012.SH', '601156.SH', '603613.SH', '601022.SH', '603444.SH', '600486.SH', '002683.SZ', '688295.SH', '002624.SZ', '600331.SH', '002895.SZ', '688002.SH', '002315.SZ', '600323.SH', '603486.SH', '000902.SZ', '603713.SH', '002065.SZ', '000422.SZ', '002429.SZ', '605599.SH', '600909.SH', '000997.SZ', '688300.SH', '000685.SZ', '002738.SZ', '603345.SH', '600757.SH', '600410.SH', '000960.SZ', '603979.SH', '603355.SH', '002324.SZ', '000935.SZ', '300596.SZ', '000791.SZ', '002170.SZ', '603678.SH', '002803.SZ', '002155.SZ', '600621.SH', '002612.SZ', '603236.SH', '603129.SH', '688301.SH', '600866.SH', '300677.SZ', '600699.SH', '300012.SZ', '002588.SZ', '000737.SZ', '603179.SH', '300627.SZ', '002432.SZ', '603766.SH', '002011.SZ', '603899.SH', '600598.SH', '002472.SZ', '603267.SH', '603816.SH', '603456.SH', '601717.SH', '002626.SZ', '603786.SH', '002008.SZ', '000887.SZ', '603298.SH', '603596.SH', '002126.SZ', '601083.SH', '601020.SH', '600211.SH', '002396.SZ', '300533.SZ', '300041.SZ', '688016.SH', '002967.SZ', '600776.SH', '300726.SZ', '301061.SZ', '601702.SH', '603733.SH', '000951.SZ', '002891.SZ', '002701.SZ', '002756.SZ', '000528.SZ', '002831.SZ', '600933.SH', '300811.SZ', '600499.SH', '601137.SH', '601677.SH', '002941.SZ', '002984.SZ', '603025.SH', '600480.SH']"
2025-12-22,2025-12-19,2025-12-29,0.009310361070051934,100,0.6,,"['600575.SH', '603613.SH', '002468.SZ', '600428.SH', '600057.SH', '002091.SZ', '002416.SZ', '600710.SH', '600808.SH', '000830.SZ', '000825.SZ', '600787.SH', '600486.SH', '600282.SH', '603871.SH', '600578.SH', '600863.SH', '600060.SH', '605090.SH', '601156.SH', '603979.SH', '000960.SZ', '000902.SZ', '002429.SZ', '600098.SH', '002043.SZ', '300770.SZ', '000543.SZ', '600612.SH', '600125.SH', '600916.SH', '605599.SH', '002293.SZ', '002155.SZ', '600987.SH', '002911.SZ', '601022.SH', '002803.SZ', '600273.SH', '000034.SZ', '002203.SZ', '000791.SZ', '601619.SH', '002324.SZ', '600737.SH', '300596.SZ', '000060.SZ', '002170.SZ', '603889.SH', '000600.SZ', '603233.SH', '601678.SH', '603713.SH', '300533.SZ', '600866.SH', '603129.SH', '002588.SZ', '002171.SZ', '002039.SZ', '600598.SH', '002668.SZ', '002705.SZ', '603899.SH', '002011.SZ', '601677.SH', '603456.SH', '603816.SH', '603766.SH', '600662.SH', '600780.SH', '601717.SH', '603043.SH', '600361.SH', '000887.SZ', '002299.SZ', '002237.SZ', '300041.SZ', '603298.SH', '600211.SH', '002008.SZ', '002396.SZ', '000655.SZ', '600216.SH', '002758.SZ', '600267.SH', '600459.SH', '603883.SH', '002701.SZ', '002206.SZ', '002831.SZ', '001207.SZ', '600531.SH', '002637.SZ', '000951.SZ', '301219.SZ', '000528.SZ', '000421.SZ', '002666.SZ', '600961.SH', '600933.SH']"
