date,signal_date,next_date,strategy_return,style_factor_return,residual_return,universe_equal_weight_return,csi500_return,csi1000_return,selected_stock_count,stock_model_style_return,stock_model_residual_return,style_static_vs_stock_gap,residual_static_vs_stock_gap,residual_after_universe,residual_after_csi500,residual_after_csi1000,strategy_excess_universe
2020-02-17,2020-02-14,2020-02-24,0.0878636274947736,0.0188457946693435,0.06901783282543,0.05497432132460947,0.04844631455516568,0.0747800043123199,50,0.018845794669343566,0.06901783282543007,-6.591949208711867e-17,-6.938893903907228e-17,0.014043511500820532,0.020571518270264322,-0.0057621714868899,0.032889306170164126
2020-02-24,2020-02-21,2020-03-02,-0.0617476635022847,-0.031928228920701,-0.0298194345815836,-0.028218623841453894,-0.035640792638953034,-0.04184684056353749,50,-0.03192822892070075,-0.02981943458158396,-2.498001805406602e-16,3.608224830031759e-16,-0.0016008107401297052,0.005821358057369434,0.012027405981953891,-0.0335290396608308
2020-03-02,2020-02-28,2020-03-09,0.006672474787328,0.0015177572491304,0.0051547175381976,0.006298902420900674,-0.023088808822541496,-0.010434438390358292,50,0.0015177572491304689,0.005154717538197568,-6.895525817007808e-17,3.209238430557093e-17,-0.0011441848827030742,0.028243526360739096,0.015589155928555892,0.00037357236642732595
2020-03-09,2020-03-06,2020-03-16,-0.0552207011120552,-0.0020338272852126,-0.0531868738268425,-0.05609181203454128,-0.0589432880549855,-0.06477266340695775,50,-0.0020338272852126913,-0.05318687382684253,9.150666335777657e-17,2.7755575615628914e-17,0.0029049382076987776,0.005756414228142999,0.011585789580115254,0.000871110922486075
2020-03-16,2020-03-13,2020-03-23,-0.0322814858021923,0.0010630216999742,-0.0333445075021665,-0.03487577949937795,-0.0386914892184973,-0.042631637553311785,50,0.0010630216999741229,-0.033344507502166436,7.719519468096792e-17,-6.245004513516506e-17,0.001531271997211453,0.005346981716330801,0.009287130051145287,0.002594293697185654
2020-03-23,2020-03-20,2020-03-30,0.0270003651013423,0.006413212380494,0.0205871527208482,0.0067618237045511615,0.005717246359706385,-0.00021415766804455671,50,0.006413212380493992,0.0205871527208484,7.806255641895632e-18,-1.97758476261356e-16,0.013825329016297041,0.014869906361141817,0.020801310388892758,0.02023854139679114
2020-03-30,2020-03-27,2020-04-07,0.0422690464611599,-0.0093897443786291,0.051658790839789,0.04241308072006285,0.0476539983172517,0.051659985116547125,50,-0.009389744378629218,0.05165879083978917,1.1796119636642288e-16,-1.734723475976807e-16,0.00924571011972615,0.004004792522537298,-1.1942767581263336e-06,-0.0001440342589029489
2020-04-07,2020-04-03,2020-04-13,0.0084303429000823,0.0164742659211604,-0.0080439230210781,-0.019017823860263364,-0.018585285557245146,-0.020422568597601165,50,0.016474265921160178,-0.008043923021077837,2.220446049250313e-16,-2.636779683484747e-16,0.010973900839185263,0.010541362536167045,0.012378645576523064,0.027448166760345664
2020-04-13,2020-04-10,2020-04-20,0.0263901830939568,0.0016817212108034,0.0247084618831533,0.028177313792195062,0.041130314672733315,0.040248366153658566,50,0.0016817212108034372,0.024708461883153458,-3.707971429900425e-17,-1.5612511283791264e-16,-0.0034688519090417605,-0.016421852789580013,-0.015539904270505264,-0.0017871306982382637
2020-04-20,2020-04-17,2020-04-27,-0.0246547612082618,-0.0002593203509547,-0.024395440857307,-0.023120837760290364,-0.02156717374702466,-0.027180618258262346,50,-0.000259320350954831,-0.024395440857307008,1.310258325448732e-16,6.938893903907228e-18,-0.001274603097016637,-0.002828267110282341,0.002785177400955345,-0.0015339234479714373
2020-04-27,2020-04-24,2020-05-06,0.0055340141554834,-0.0124865881411324,0.0180206022966158,0.019562973185603807,0.03524684183739346,0.02776646131718885,49,-0.011693465425085292,0.017227479580568722,-0.000793122716047109,0.0007931227160470795,-0.001542370888988006,-0.01722623954077766,-0.00974585902057305,-0.014028959030120407
2020-05-06,2020-04-30,2020-05-11,0.0195066586600175,0.002080416427322,0.0174262422326954,0.010633828362589479,0.008231033951410005,0.008510242278221947,50,0.0020804164273219186,0.01742624223269559,8.153200337090993e-17,-1.9081958235744878e-16,0.00679241387010592,0.009195208281285394,0.008915999954473453,0.00887283029742802
2020-05-11,2020-05-08,2020-05-18,-0.000932734347823,-0.000339837524899,-0.0005928968229239,-0.0021988605558324143,-0.0031603710934301477,0.0014081137427799373,50,-0.0003398375248992905,-0.0005928968229237295,2.905119721174909e-16,-1.7054500173196985e-16,0.0016059637329085144,0.0025674742705062478,-0.002001010565703837,0.0012661262080094144
2020-05-18,2020-05-15,2020-05-25,-0.0257442614922745,0.0033424098697868,-0.0290866713620613,-0.021803308653196674,-0.029608565348012816,-0.03209363758609152,50,0.0033424098697868243,-0.029086671362061396,-2.42861286636753e-17,9.71445146547012e-17,-0.007283362708864625,0.0005218939859515173,0.003006966224030218,-0.003940952839077826
2020-05-25,2020-05-22,2020-06-01,0.0692080388522808,0.0089904209529405,0.0602176178993402,0.05284794077618667,0.04756423278034827,0.056738663991523275,50,0.008990420952940524,0.06021761789934034,-2.42861286636753e-17,-1.3877787807814457e-16,0.007369677123153527,0.01265338511899193,0.0034789539078169257,0.016360098076094128
2020-06-01,2020-05-29,2020-06-08,0.0139749307331832,0.0098098464521801,0.004165084281003,0.007807792291693399,0.0010449808599726218,0.0012746525987730184,50,0.009809846452179846,0.004165084281003405,2.5326962749261384e-16,-4.0505793164058446e-16,-0.003642708010690399,0.003120103421030378,0.0028904316822299814,0.006167138441489801
2020-06-08,2020-06-05,2020-06-15,0.0047540106628442,-0.005293386627736,0.0100473972905802,-0.0006409164915901866,0.002751421448173197,0.0045872400411235414,50,-0.0052933866277360955,0.01004739729058032,9.540979117872439e-17,-1.196959198423997e-16,0.010688313782170387,0.007295975842407003,0.005460157249456659,0.005394927154434386
2020-06-15,2020-06-12,2020-06-22,0.0126181825628847,-0.0066953261395038,0.0193135087023885,0.028127619698391147,0.03459174620437011,0.03301730315012885,50,-0.006695326139503546,0.01931350870238832,-2.5413698923060224e-16,1.8041124150158794e-16,-0.008814110996002645,-0.015278237501981609,-0.01370379444774035,-0.015509437135506447
2020-06-22,2020-06-19,2020-06-29,0.0004443917807724,0.0073043265326816,-0.0068599347519092,-0.008510361546748604,-0.0037326915662608817,-0.0026717961727804607,50,0.007304326532681606,-0.006859934751909167,-6.071532165918825e-18,-3.2959746043559335e-17,0.0016504267948394043,-0.003127243185648318,-0.004188138579128739,0.008954753327521004
2020-06-29,2020-06-24,2020-07-06,0.0543965492534361,-0.0138810341355678,0.0682775833890039,0.09260860127459762,0.09326257626977452,0.08285115384986907,50,-0.013881034135567823,0.06827758338900398,2.2551405187698492e-17,-8.326672684688674e-17,-0.02433101788559372,-0.02498499288077062,-0.014573570460865173,-0.03821205202116152
2020-07-06,2020-07-03,2020-07-13,0.0929786723100984,0.0053791026983158,0.0875995696117825,0.08942910996118227,0.09518624223395444,0.10066755872732691,50,0.005379102698315937,0.08759956961178253,-1.3704315460216776e-16,-2.7755575615628914e-17,-0.0018295403493997636,-0.007586672622171942,-0.01306798911554441,0.003549562348916138
2020-07-13,2020-07-10,2020-07-20,-0.0213223970119268,-0.0130457374832787,-0.008276659528648,-0.04083354188168988,-0.05401680116877705,-0.053953146591490864,50,-0.013045737483278632,-0.008276659528648237,-6.765421556309548e-17,2.3592239273284576e-16,0.03255688235304188,0.04574014164012905,0.045676487062842865,0.019511144869763082
2020-07-20,2020-07-17,2020-07-27,-0.0149968358183872,0.0074108300586578,-0.022407665877045,-0.03396008237790483,-0.03494652074590576,-0.031003745179313147,50,0.007410830058657643,-0.022407665877044854,1.5699247457590104e-16,-1.457167719820518e-16,0.011552416500859829,0.012538854868860763,0.008596079302268148,0.01896324655951763
2020-07-27,2020-07-24,2020-08-03,0.0647738158145679,-0.0003149341844606,0.0650887499990285,0.08197439706211185,0.07002511613433815,0.08646686893007183,50,-0.00031493418446084564,0.06508874999902878,2.4562600217659103e-16,-2.7755575615628914e-16,-0.016885647063083348,-0.00493636613530965,-0.021378118931043327,-0.01720058124754395
2020-08-03,2020-07-31,2020-08-10,0.0256895824254607,0.0112520153306753,0.0144375670947853,-0.00041859544092950044,-0.0021528796805845296,-0.0019638318591033155,50,0.011252015330675111,0.014437567094785638,1.8908485888147197e-16,-3.382710778154774e-16,0.0148561625357148,0.01659044677536983,0.016401398953888615,0.026108177866390202
2020-08-10,2020-08-07,2020-08-17,0.0160255060087628,0.0008166504977051,0.0152088555110576,0.006666481818086751,0.0028623258442002086,-0.002605023060637146,50,0.0008166504977050251,0.015208855511057781,7.491837011874836e-17,-1.8214596497756474e-16,0.008542373692970848,0.01234652966685739,0.017813878571694745,0.00935902419067605
2020-08-17,2020-08-14,2020-08-24,-0.001182822554952,0.0008164218112329,-0.0019992443661849,-0.005820523858497317,-0.008242210377267578,-0.011723928394795857,50,0.0008164218112328297,-0.0019992443661849017,7.025630077706069e-17,1.734723475976807e-18,0.003821279492312417,0.006242966011082678,0.009724684028610958,0.004637701303545317
2020-08-24,2020-08-21,2020-08-31,-0.0075957399082577,0.0041045169962132,-0.0117002569044709,0.001690094718631996,-0.0030692364732334276,-0.0040793312047469055,50,0.004104516996213211,-0.011700256904470912,-1.0408340855860843e-17,1.214306433183765e-17,-0.013390351623102896,-0.008631020431237472,-0.007620925699723995,-0.009285834626889696
2020-08-31,2020-08-28,2020-09-07,0.0018803723023713,0.0116216076732716,-0.0097412353709003,-0.0058883860132078625,-0.028435478815853177,-0.023097846775700703,50,0.011621607673271491,-0.00974123537090019,1.0928757898653885e-16,-1.0928757898653885e-16,-0.0038528493576924366,0.01869424344495288,0.013356611404800404,0.007768758315579162
2020-09-07,2020-09-04,2020-09-14,-0.0163604253079698,0.0007989944872083,-0.0171594197951781,-0.02575810775260455,-0.019690344368796242,-0.029591097873232775,50,0.0007989944872082807,-0.017159419795178155,1.929879867024198e-17,5.551115123125783e-17,0.008598687957426451,0.002530924573618143,0.012431678078054675,0.00939768244463475
2020-09-14,2020-09-11,2020-09-21,0.0233600747683075,0.0012435884832137,0.0221164862850937,0.012889584853800906,0.014913623166499912,0.011510785063869378,50,0.001243588483213537,0.02211648628509401,1.6306400674181987e-16,-3.0878077872387166e-16,0.009226901431292794,0.007202863118593788,0.010605701221224322,0.010470489914506593
2020-09-21,2020-09-18,2020-09-28,-0.0631923085048479,0.0088482175794617,-0.0720405260843096,-0.05360439099596747,-0.04149730994297196,-0.05439723755231196,50,0.008848217579461486,-0.07204052608430943,2.1337098754514727e-16,-1.6653345369377348e-16,-0.018436135088342125,-0.030543216141337634,-0.017643288531997633,-0.009587917508880432
2020-09-28,2020-09-25,2020-10-09,0.0476176287907658,0.0003001803644896,0.0473174484262761,0.03637980917018526,0.02905250005260207,0.041522845274388986,50,0.00030018036448958764,0.04731744842627627,1.235990476633475e-17,-1.6653345369377348e-16,0.010937639256090842,0.018264948373674032,0.005794603151887116,0.011237819620580541
2020-10-09,2020-09-30,2020-10-12,0.043019969,0.0038847681646565,0.0391352008353434,0.03097567278309785,0.02881580126990224,0.03135571854900654,50,0.003884768164656624,0.039135200835343394,-1.240327285323417e-16,6.938893903907228e-18,0.00815952805224555,0.010319399565441159,0.007779482286336861,0.012044296216902148
2020-10-12,2020-10-09,2020-10-19,-0.0076260030966855,0.0106021146072256,-0.0182281177039111,-0.013164163896285554,-0.02795520074359681,-0.025286088671855,50,0.010602114607225445,-0.018228117703910963,1.5612511283791264e-16,-1.3877787807814457e-16,-0.0050639538076255475,0.009727083039685707,0.007057970967943899,0.005538160799600054
2020-10-19,2020-10-16,2020-10-26,-0.0143930148860323,0.002949013911624,-0.0173420287976563,-0.015264064519325281,-0.022638055335371554,-0.030596235834805863,50,0.002949013911623942,-0.01734202879765628,5.811323644522304e-17,-2.0816681711721685e-17,-0.0020779642783310195,0.005296026537715253,0.013254207037149562,0.000871049633292981
2020-10-26,2020-10-23,2020-11-02,-0.0158872565860298,0.0075813489436553,-0.0234686055296851,-0.02515162914522274,-0.011466952455434054,-0.020264660405624135,50,0.007581348943655428,-0.0234686055296853,-1.2836953722228372e-16,1.97758476261356e-16,0.001683023615537637,-0.012001653074251047,-0.003203945124060966,0.009264372559192938
2020-11-02,2020-10-30,2020-11-09,0.0664154259994325,0.0045427091770468,0.0618727168223856,0.05025371278571204,0.04534015288648119,0.051919082438948605,50,0.00454270917704676,0.06187271682238573,3.9898639947466563e-17,-1.3183898417423734e-16,0.011619004036673555,0.01653256393590441,0.009953634383436993,0.016161713213720452
2020-11-09,2020-11-06,2020-11-16,0.0110038503828844,0.0002617661504709,0.0107420842324134,-0.00987256919422149,-0.005338191897721001,-0.015202904853779398,50,0.00026176615047084745,0.010742084232413626,5.252959525692269e-17,-2.255140518769849e-16,0.02061465342663489,0.0160802761301344,0.025944989086192798,0.02087641957710589
2020-11-16,2020-11-13,2020-11-23,0.0450415429839301,0.0048835139978997,0.0401580289860303,0.00953303044879602,0.01339518455952926,0.008878436114828414,50,0.004883513997899662,0.04015802898603051,3.8163916471489756e-17,-2.1510571102112408e-16,0.03062499853723428,0.026762844426501037,0.03127959287120188,0.03550851253513408
2020-11-23,2020-11-20,2020-11-30,-0.0214316540514196,-0.0032151517295065,-0.018216502321913,-0.0210821715724173,-0.023480865697605324,-0.02722791184126261,50,-0.0032151517295064833,-0.018216502321913207,-1.691355389077387e-17,2.0816681711721685e-16,0.0028656692505043026,0.0052643633756923255,0.00901140951934961,-0.0003494824790022978
2020-11-30,2020-11-27,2020-12-07,0.0138831856237706,-0.0005942608168756,0.0144774464406462,0.010672499205056751,0.016412115919467674,0.016707034954306366,50,-0.0005942608168756341,0.014477446440646295,3.404394821604484e-17,-9.540979117872439e-17,0.0038049472355894485,-0.0019346694788214738,-0.002229588513660166,0.003210686418713849
2020-12-07,2020-12-04,2020-12-14,-0.0215984852557003,-0.0006321528173462,-0.020966332438354,-0.03074263938559357,-0.02578494181811386,-0.023196197831575893,50,-0.0006321528173461054,-0.020966332438354225,-9.465084965798454e-17,2.255140518769849e-16,0.00977630694723957,0.0048186093797598605,0.0022298653932218936,0.009144154129893271
2020-12-14,2020-12-11,2020-12-21,0.0207830430052371,0.0160559181742651,0.0047271248309719,0.0026540761880215987,0.022300615751347674,0.017450682852807375,50,0.016055918174265077,0.004727124830972059,2.42861286636753e-17,-1.5872719805187785e-16,0.002073048642950301,-0.017573490920375773,-0.012723558021835476,0.0181289668172155
2020-12-21,2020-12-18,2020-12-28,-0.0181518769142854,0.0154895125688737,-0.0336413894831591,-0.037685899088877206,-0.02408651892601521,-0.025721838905252703,50,0.015489512568873744,-0.03364138948315915,-4.336808689942018e-17,5.551115123125783e-17,0.004044509605718109,-0.009554870557143887,-0.007919550577906394,0.019534022174591804
2020-12-28,2020-12-25,2021-01-04,0.0279204912472387,0.0162020180515825,0.0117184731956561,0.032003240519532905,0.03816330583171057,0.04283937191213405,50,0.01620201805158239,0.01171847319565641,1.1102230246251565e-16,-3.0878077872387166e-16,-0.020284767323876803,-0.026444832636054467,-0.031120898716477947,-0.004082749272294205
2021-01-04,2020-12-31,2021-01-11,-0.0112788306252148,0.0286559651829757,-0.0399347958081905,-0.06037533132849209,-0.004225032740533097,-0.047480717071936684,50,0.02865596518297557,-0.03993479580819041,1.2836953722228372e-16,-9.020562075079397e-17,0.02044053552030159,-0.035709763067657406,0.007545921263746182,0.04909650070327729
2021-01-11,2021-01-08,2021-01-18,0.0583049930828948,-0.016795612062142,0.0751006051450368,0.02560360835924014,0.009148929578337572,0.027200642376794315,50,-0.016795612062141987,0.07510060514503682,-1.3877787807814457e-17,-1.3877787807814457e-17,0.049496996785796665,0.06595167556669923,0.04789996276824249,0.032701384723654664
2021-01-18,2021-01-15,2021-01-25,-0.0110484222810045,0.0099805347968629,-0.0210289570778674,-0.010200858178032495,0.020086085416135768,0.0007771981780189119,50,0.00998053479686289,-0.021028957077867443,1.0408340855860843e-17,4.163336342344337e-17,-0.010828098899834906,-0.04111504249400317,-0.021806155255886313,-0.0008475641029720045
2021-01-25,2021-01-22,2021-02-01,-0.02230045999267,0.0106674119281082,-0.0329678719207782,-0.02932355705441616,-0.037925995927955314,-0.0467849433776909,50,0.010667411928108179,-0.03296787192077827,2.0816681711721685e-17,6.938893903907228e-17,-0.0036443148663620403,0.004958124007177114,0.013817071456912702,0.007023097061746159
2021-02-01,2021-01-29,2021-02-08,-0.0090238369432965,0.008473553187848,-0.0174973901311445,-0.04287255753206769,-0.010967766154462155,-0.04049758817235316,50,0.008473553187848036,-0.01749739013114454,-3.642919299551295e-17,4.163336342344337e-17,0.025375167400923188,-0.006529623976682344,0.02300019804120866,0.03384872058877118
2021-02-08,2021-02-05,2021-02-18,0.0406031244059923,-0.0038603182010619,0.0444634426070542,0.05174112665610334,0.046081389684904384,0.05186062324062801,50,-0.0038603182010620418,0.044463442607054364,1.4181364416110398e-16,-1.6653345369377348e-16,-0.007277684049049139,-0.0016179470778501862,-0.007397180633573815,-0.011138002250111037
2021-02-18,2021-02-10,2021-02-22,0.0651649114801672,0.0116695854052342,0.0534953260749329,0.03566844569681683,0.006428262585153277,0.02029481980891812,50,0.011669585405234068,0.053495326074933146,1.3183898417423734e-16,-2.42861286636753e-16,0.01782688037811607,0.047067063489779626,0.033200506266014784,0.02949646578335037
2021-02-22,2021-02-19,2021-03-01,0.0094179022649401,0.0046657638918407,0.0047521383730993,0.004003087653784757,-0.025329499809225164,-0.0060310012747586406,50,0.0046657638918409655,0.004752138373099191,-2.654126918244515e-16,1.0928757898653885e-16,0.0007490507193145431,0.030081638182324465,0.010783139647857942,0.005414814611155343
2021-03-01,2021-02-26,2021-03-08,0.0193770744270243,0.0349142543288791,-0.0155371799018548,-0.007121207121005082,-0.03576052178952105,-0.025789972841315678,50,0.03491425432887888,-0.015537179901854494,2.220446049250313e-16,-3.0704605524789486e-16,-0.008415972780849719,0.02022334188766625,0.010252792939460877,0.02649828154802938
2021-03-08,2021-03-05,2021-03-15,0.0089857435896906,0.0134916043878339,-0.0045058607981433,-0.01924248343772007,-0.013192869393150342,-0.02369125978838904,50,0.013491604387833834,-0.004505860798143175,6.591949208711867e-17,-1.249000902703301e-16,0.01473662263957677,0.008687008595007041,0.01918539899024574,0.02822822702741067
2021-03-15,2021-03-12,2021-03-22,0.0157002059056532,-0.0088733615907075,0.0245735674963607,0.0348238180245533,0.021351275618048282,0.029437949800412477,50,-0.008873361590707477,0.024573567496360776,-2.2551405187698492e-17,-7.632783294297951e-17,-0.010250250528192603,0.003222291878312418,-0.004864382304051777,-0.019123612118900103
2021-03-22,2021-03-19,2021-03-29,-0.0166842176802215,-0.0058049935447274,-0.010879224135494,-0.009210101162289937,-0.008048286547546746,-0.005187433171897737,50,-0.005804993544727289,-0.01087922413549428,-1.1102230246251565e-16,2.8102520310824275e-16,-0.0016691229732040628,-0.0028309375879472538,-0.005691790963596262,-0.007474116517931562
2021-03-29,2021-03-26,2021-04-06,0.0047727409790033,-0.0047482196346241,0.0095209606136274,0.012513062697570531,0.014094459739022458,0.014996973102498812,50,-0.0047482196346240076,0.009520960613627323,-9.280770596475918e-17,7.806255641895632e-17,-0.00299210208394313,-0.004573499125395057,-0.005476012488871411,-0.007740321718567231
2021-04-06,2021-04-02,2021-04-12,0.0060448873162087,0.0060850408507635,-4.015353455483553e-05,-0.011843239036443342,-0.018394791190427418,-0.024618896860385986,50,0.006085040850763419,-4.015353455464124e-05,8.153200337090993e-17,-1.942890293094024e-16,0.011803085501888506,0.018354637655872582,0.02457874332583115,0.017888126352652044
2021-04-12,2021-04-09,2021-04-19,0.0325898759679245,0.0026354116451645,0.02995446432276,0.03127674927256043,0.03193488393009147,0.03416514991857467,50,0.0026354116451643853,0.029954464322760183,1.1492543028346347e-16,-1.8388068845354155e-16,-0.0013222849498004327,-0.001980419607331474,-0.004210685595814667,0.0013131266953640697
2021-04-19,2021-04-16,2021-04-26,-0.0189364464209318,-0.0060435290615181,-0.0128929173594136,-0.015436083605476932,0.0027065052620438568,-0.007147940760090177,50,-0.006043529061518173,-0.012892917359413723,7.28583859910259e-17,1.231653667943533e-16,0.0025431662460633324,-0.015599422621457457,-0.005744976599323423,-0.0035003628154548667
2021-04-26,2021-04-23,2021-05-06,0.0078747999123698,-0.0055679180425719,0.0134427179549417,-0.009775861251267615,0.007248570075978122,-0.005076899872338947,50,-0.005567918042571945,0.013442717954941806,4.5102810375396984e-17,-1.0581813203458523e-16,0.023218579206209317,0.006194147878963578,0.01851961782728065,0.017650661163637414
2021-05-06,2021-04-30,2021-05-10,0.0050714549357325,0.0052042525607187,-0.0001327976249862,-4.498327217273399e-05,-0.002058757810874834,-0.00935696826101362,50,0.0052042525607186845,-0.0001327976249860972,1.5612511283791264e-17,-1.0280947100593796e-16,-8.781435281346602e-05,0.001925960185888634,0.00922417063602742,0.005116438207905234
2021-05-10,2021-05-07,2021-05-17,-0.0057285158674685,-0.0143370089582498,0.0086084930907813,0.01706156421915498,0.015773650051961186,0.01872819894708111,50,-0.014337008958249985,0.008608493090781467,1.8388068845354155e-16,-1.682681771697503e-16,-0.008453071128373681,-0.007165156961179886,-0.01011970585629981,-0.02279008008662348
2021-05-17,2021-05-14,2021-05-24,-0.0045470688534605,-0.0102504658413136,0.0057033969878531,0.009934576157603252,-0.005171674667915349,0.012478938500421144,50,-0.010250465841313419,0.0057033969878529,-1.8214596497756474e-16,2.0036056147532122e-16,-0.004231179169750152,0.01087507165576845,-0.006775541512568044,-0.014481645011063752
2021-05-24,2021-05-21,2021-05-31,0.0281067542591833,0.0035453105474323,0.0245614437117509,0.03418237514250673,0.028249787595582054,0.04229212616972533,50,0.0035453105474324348,0.024561443711750924,-1.3487475025719675e-16,-2.42861286636753e-17,-0.00962093143075583,-0.0036883438838311543,-0.01773068245797443,-0.006075620883323429
2021-05-31,2021-05-28,2021-06-07,0.0009137404687756,0.0019046331529313,-0.0009908926841557,0.007921702881808072,-0.0011130942385112474,0.006969106416450099,50,0.001904633152931427,-0.0009908926841557721,-1.2706849461530112e-16,7.22078646875346e-17,-0.008912595565963771,0.00012220155435554753,-0.007959999100605799,-0.007007962413032472
2021-06-07,2021-06-04,2021-06-15,0.0150403867714671,0.0160009784980153,-0.0009605917265482,-0.00790803949086754,-0.008605222048649885,-0.0068101168052348005,50,0.016000978498015184,-0.000960591726548004,1.1796119636642288e-16,-1.960237527853792e-16,0.006947447764319339,0.007644630322101685,0.0058495250786866,0.02294842626233464
2021-06-15,2021-06-11,2021-06-21,0.0331104508075082,0.0112889458743836,0.0218215049331245,0.01682638489115785,0.006530945456400872,0.022476493443989387,50,0.011288945874383373,0.02182150493312487,2.2724877535296173e-16,-3.712308238590367e-16,0.004995120041966651,0.015290559476723628,-0.0006549885108648873,0.01628406591635035
2021-06-21,2021-06-18,2021-06-28,0.0347556710813092,0.002077682763627,0.0326779883176821,0.011812587303456044,0.01809106062458432,0.013657563537735173,50,0.002077682763626944,0.0326779883176823,5.594483210025203e-17,-2.0122792321330962e-16,0.020865401014226057,0.01458692769309778,0.019020424779946928,0.022943083777853153
2021-06-28,2021-06-25,2021-07-05,-0.0087278899818535,0.0080303718405465,-0.0167582618224,-0.006661326033185123,-0.01720870701118249,-0.008037126228326974,50,0.008030371840546495,-0.016758261822400065,5.204170427930421e-18,6.591949208711867e-17,-0.010096935789214875,0.00045044518878249035,-0.008721135594073025,-0.002066563948668378
2021-07-05,2021-07-02,2021-07-12,0.0597962471033311,0.0228493973251963,0.0369468497781347,0.023469406349306544,0.02881384471189885,0.039609231164456915,50,0.022849397325196138,0.03694684977813502,1.6306400674181987e-16,-3.191891195797325e-16,0.013477443428828156,0.008133005066235849,-0.0026623813863222157,0.03632684075402455
2021-07-12,2021-07-09,2021-07-19,-0.0010821709896125,0.004205448999063,-0.0052876199886755,-0.010752483103632287,-0.002178327380590317,-0.010839855413681265,50,0.004205448999063142,-0.005287619988675667,-1.4137996329210978e-16,1.6653345369377348e-16,0.005464863114956787,-0.0031092926080851834,0.005552235425005765,0.009670312114019787
2021-07-19,2021-07-16,2021-07-26,0.025872399501702,0.0086193209227397,0.0172530785789622,-0.0035604423565457934,-0.0030670572217368353,0.011225117171181465,50,0.008619320922739804,0.01725307857896223,-1.0408340855860843e-16,-3.122502256758253e-17,0.020813520935507993,0.020320135800699034,0.006027961407780735,0.029432841858247794
2021-07-26,2021-07-23,2021-08-02,0.0322016295310978,-0.0036839990118441,0.0358856285429419,0.011765379543733374,0.0005518177225216636,0.015948065850963866,50,-0.0036839990118440516,0.035885628542941854,-4.8138576458356397e-17,4.85722573273506e-17,0.02412024899920853,0.03533381082042024,0.019937562691978036,0.020436249987364426
2021-08-02,2021-07-30,2021-08-09,0.0037072441819183,0.0118904632755259,-0.0081832190936076,0.013717972251873928,0.015647555296856686,0.014148209690165947,50,0.011890463275525856,-0.008183219093607537,4.336808689942018e-17,-6.245004513516506e-17,-0.021901191345481526,-0.023830774390464285,-0.022331428783773546,-0.010010728069955628
2021-08-09,2021-08-06,2021-08-16,0.0473140777593163,0.0048209116838156,0.0424931660755006,0.020687949360000592,0.010453425947019257,0.008133655162859688,50,0.0048209116838155335,0.042493166075500834,6.678685382510707e-17,-2.3592239273284576e-16,0.021805216715500005,0.03203974012848134,0.03435951091264091,0.026626128399315708
2021-08-16,2021-08-13,2021-08-23,0.0073973645836195,-0.0009923883439177,0.0083897529275372,0.000638277700682745,-0.003960303382209651,0.01115465622993228,50,-0.0009923883439178114,0.008389752927537412,1.1145598333150986e-16,-2.1163626406917047e-16,0.007751475226854455,0.012350056309746851,-0.0027649033023950803,0.006759086882936755
2021-08-23,2021-08-20,2021-08-30,0.0430926879147256,0.0175739189599569,0.0255187689547686,0.006218804795107456,0.028801803956404415,0.00982547016945956,50,0.01757391895995675,0.025518768954768928,1.491862189340054e-16,-3.2612801348363973e-16,0.019299964159661145,-0.003283035001635813,0.01569329878530904,0.036873883119618145
2021-08-30,2021-08-27,2021-09-06,0.0521837979582665,0.0150073792603289,0.0371764186979375,0.018952115815380803,0.01778360786397437,0.0009511177250818292,50,0.01500737926032874,0.037176418697937835,1.5959455978986625e-16,-3.3306690738754696e-16,0.0182243028825567,0.01939281083396313,0.03622530097285567,0.033231682142885695
2021-09-06,2021-09-03,2021-09-13,0.1043040425532833,0.0214126785029622,0.0828913640503209,0.01995688743238758,0.03988226337112866,0.0274566586081626,50,0.021412678502961777,0.08289136405032155,4.2327252813834093e-16,-6.522560269672795e-16,0.06293447661793332,0.04300910067919224,0.0554347054421583,0.08434715512089572
2021-09-13,2021-09-10,2021-09-22,0.0039795438230135,0.0163513498424145,-0.012371806019401,-0.01776019839065995,-0.025511358065043344,-0.02244988348507948,50,0.01635134984241457,-0.012371806019401044,-6.938893903907228e-17,4.336808689942018e-17,0.0053883923712589495,0.013139552045642343,0.01007807746567848,0.02173974221367345
2021-09-22,2021-09-17,2021-09-27,-0.0685582228876098,-0.0147242995010466,-0.0538339233865631,-0.03583869583225218,-0.03797215312827862,-0.03877431761371397,50,-0.014724299501046461,-0.05383392338656342,-1.3877787807814457e-16,3.191891195797325e-16,-0.01799522755431092,-0.01586177025828448,-0.015059605772849129,-0.03271952705535761
2021-09-27,2021-09-24,2021-10-08,0.0085450372046851,-0.0042445149923641,0.0127895521970492,0.008841486772200152,-0.01105208915863265,-0.005644217455696543,50,-0.0042445149923640004,0.01278955219704916,-9.974659986866641e-17,4.163336342344337e-17,0.003948065424849049,0.02384164135568185,0.018433769652745742,-0.0002964495675150513
2021-10-08,2021-09-30,2021-10-11,0.00223275838,0.0087860771229601,-0.0065533187429601,-0.002386292765011601,-0.00012268485222821646,-0.005498493738612109,50,0.008786077122960019,-0.006553318742960005,8.153200337090993e-17,-9.540979117872439e-17,-0.0041670259779484995,-0.006430633890731884,-0.0010548250043479913,0.004619051145011601
2021-10-11,2021-10-08,2021-10-18,-0.0001798026665935,-0.0170651518622883,0.0168853491956948,-0.006631967765648348,-0.0031549389532710137,0.006065128019022703,50,-0.01706515186228813,0.016885349195694628,-1.700029006457271e-16,1.734723475976807e-16,0.023517316961343147,0.020040288148965815,0.010820221176672098,0.006452165099054848
2021-10-18,2021-10-15,2021-10-25,-0.0065845439071944,-0.001636435644215,-0.0049481082629793,-0.0035775790081753476,0.005077743665199863,0.013828414066380024,50,-0.0016364356442151846,-0.004948108262979251,1.8453120975703285e-16,-4.9439619065339e-17,-0.0013705292548039528,-0.010025851928179164,-0.018776522329359325,-0.0030069648990190528
2021-10-25,2021-10-22,2021-11-01,0.0125006186250663,0.0148893037892554,-0.0023886851641891,-0.01070546298970852,-0.0060853126200909324,-0.010190683675921464,50,0.014889303789255346,-0.002388685164189031,5.377642775528102e-17,-6.895525817007808e-17,0.008316777825519421,0.0036966274559018324,0.007801998511732364,0.02320608161477482
2021-11-01,2021-10-29,2021-11-08,0.0303443945126159,0.0079136073463084,0.0224307871663074,0.00994057842457986,-0.004785603816019779,-0.004385959029509334,50,0.007913607346308329,0.02243078716630765,7.112366251504909e-17,-2.498001805406602e-16,0.01249020874172754,0.027216390982327178,0.026816746195816733,0.020403816088036042
2021-11-08,2021-11-05,2021-11-15,0.060273447870589,0.0106788323480947,0.0495946155224942,0.048386718245374986,0.0101380822744368,0.03416045728696693,50,0.01067883234809445,0.0495946155224946,2.498001805406602e-16,-3.95516952522712e-16,0.001207897277119216,0.0394565332480574,0.015434158235527275,0.011886729625214011
2021-11-15,2021-11-12,2021-11-22,0.0515633107710548,0.007809881791843,0.0437534289792117,0.019980483029358894,0.02209852906577847,0.03528830922506154,50,0.007809881791842973,0.04375342897921187,2.688821387764051e-17,-1.6653345369377348e-16,0.023772945949852808,0.02165489991343323,0.008465119754150159,0.03158282774169591
2021-11-22,2021-11-19,2021-11-29,0.0289431465346049,0.0075117836624718,0.021431362872133,0.006351944260496769,-0.004571975184250454,0.006600925840875682,50,0.007511783662471673,0.02143136287213325,1.2663481374630692e-16,-2.498001805406602e-16,0.015079418611636232,0.026003338056383454,0.014830437031257318,0.022591202274108133
2021-11-29,2021-11-26,2021-12-06,-0.0243932347515189,-0.0265541460170369,0.002160911265518,-0.006285452563199343,0.0025699608136362517,-0.011633997222440962,50,-0.026554146017036668,0.002160911265517705,-2.3245294578089215e-16,2.949029909160572e-16,0.008446363828717343,-0.0004090495481182516,0.013794908487958961,-0.018107782188319557
2021-12-06,2021-12-03,2021-12-13,0.0138809865760337,-0.0042416077063139,0.0181225942823476,0.019783340066036367,0.01554735472608093,0.009882682666477738,50,-0.004241607706313923,0.01812259428234764,2.2551405187698492e-17,-4.163336342344337e-17,-0.0016607457836887683,0.002575239556266668,0.008239911615869861,-0.005902353490002668
2021-12-13,2021-12-10,2021-12-20,0.0105946981228362,0.0234300069749662,-0.01283530885213,-0.0005878290840478746,-0.021359901972384132,-0.029173815576901352,50,0.0234300069749662,-0.012835308852129922,0.0,-7.806255641895632e-17,-0.012247479768082126,0.008524593120254132,0.01633850672477135,0.011182527206884074
2021-12-20,2021-12-17,2021-12-27,0.0175823126147051,-0.0143478465693403,0.0319301591840454,0.0027623307796392463,0.010669861047225115,0.003157915105231668,50,-0.01434784656934034,0.03193015918404547,3.9898639947466563e-17,-7.632783294297951e-17,0.02916782840440615,0.02126029813682028,0.02877224407881373,0.014819981835065853
2021-12-27,2021-12-24,2022-01-04,0.0510261063223294,0.0216696025874328,0.0293565037348965,0.03317347704942439,0.011235089890344163,0.026572604652777665,50,0.02166960258743296,0.029356503734896535,-1.5959455978986625e-16,-3.469446951953614e-17,-0.0038169733145278877,0.018121413844552337,0.0027838990821188354,0.017852629272905013
2022-01-04,2021-12-31,2022-01-10,0.0070923238438983,0.0116418361385069,-0.0045495122946086,-0.013050429117886588,-0.022164781642703968,-0.031175976159547703,50,0.011641836138506776,-0.004549512294608405,1.231653667943533e-16,-1.951563910473908e-16,0.008500916823277988,0.017615269348095368,0.026626463864939102,0.020142752961784888
2022-01-10,2022-01-07,2022-01-17,-0.0145207451545404,-0.0236878828522529,0.0091671376977125,0.013151520835203165,-0.0046708243817310535,0.009554976022052797,50,-0.02368788285225236,0.00916713769771195,-5.412337245047638e-16,5.499073418846478e-16,-0.003984383137490666,0.013837962079443553,-0.0003878383243402974,-0.027672265989743566
2022-01-17,2022-01-14,2022-01-24,-0.0440866275293038,2.078783738513197e-05,-0.0441074153666889,-0.04972029771460543,-0.024952988742445337,-0.04901198628601877,50,2.078783738515902e-05,-0.044107415366689,-2.7050844203513336e-17,1.0408340855860843e-16,0.0056128823479165285,-0.019154426624243562,0.004904570919329873,0.0056336701853016286
2022-01-24,2022-01-21,2022-02-07,-0.0141767619849013,0.0379032168104821,-0.0520799787953834,-0.04126468215679214,-0.04336282551850135,-0.04899130013197939,50,0.03790321681048199,-0.052079978795383355,1.1102230246251565e-16,-4.163336342344337e-17,-0.010815296638591258,-0.00871715327688205,-0.0030886786634040098,0.027087920171890836
2022-02-07,2022-01-28,2022-02-14,0.0464002278573296,-0.0052859564706826,0.0516861843280122,0.005314364384885927,0.0028592354503258477,-0.00786505079570976,50,-0.005285956470682756,0.05168618432801244,1.5612511283791264e-16,-2.42861286636753e-16,0.046371819943126266,0.04882694887768635,0.05955123512372196,0.04108586347244367
2022-02-14,2022-02-11,2022-02-21,0.066779754494958,0.003098269140986,0.0636814853539719,0.036885375085597964,0.025600011947966683,0.04688927331689041,50,0.0030982691409857832,0.06368148535397224,2.1684043449710089e-16,-3.3306690738754696e-16,0.02679611026837394,0.03808147340600522,0.01679221203708149,0.029894379409360038
2022-02-21,2022-02-18,2022-02-28,-0.0378080711028075,-0.0254132902132887,-0.0123947808895187,-0.007745412983367312,-0.0020095789932008667,0.011621644836316669,50,-0.025413290213288385,-0.012394780889519145,-3.157196726277789e-16,4.458239333260394e-16,-0.004649367906151387,-0.010385201896317833,-0.02401642572583537,-0.030062658119440186
2022-02-28,2022-02-25,2022-03-07,-0.0152490434181359,0.0037259708272035,-0.0189750142453394,-0.01611370160279956,-0.02829581618225352,-0.04502798581638667,50,0.003725970827203474,-0.018975014245339383,2.6020852139652106e-17,-1.734723475976807e-17,-0.0028613126425398386,0.00932080193691412,0.026052971571047273,0.0008646581846636619
2022-03-07,2022-03-04,2022-03-14,-0.0392963750500518,-0.0180295829968957,-0.021266792053156,-0.047521461393018195,-0.050426540569031175,-0.04024144301292876,50,-0.018029582996895412,-0.02126679205315641,-2.8796409701215e-16,4.0939474033052647e-16,0.026254669339862195,0.029159748515875175,0.018974650959772757,0.008225086342966398
2022-03-14,2022-03-11,2022-03-21,0.0242285168550013,0.0162675492144322,0.007960967640569,0.024310893950440844,0.005591769219334575,0.022618625736884557,50,0.016267549214432304,0.00796096764056908,-1.0408340855860843e-16,-7.979727989493313e-17,-0.016349926309871844,0.0023691984212344253,-0.014657658096315557,-8.237709543954322e-05
2022-03-21,2022-03-18,2022-03-28,0.0092379835547057,0.0138549761177717,-0.004616992563066,-0.01888313067524338,-0.01189820945000264,-0.026912419601375248,50,0.013854976117771742,-0.00461699256306598,-4.163336342344337e-17,-2.0816681711721685e-17,0.01426613811217738,0.007281216886936639,0.022295427038309248,0.02812111422994908
2022-03-28,2022-03-25,2022-04-06,0.0572183683835925,0.0337396515846107,0.0234787167989817,0.012150822460949454,0.011721584904699434,-0.00043740071668696423,50,0.03373965158461061,0.023478716798981957,9.020562075079397e-17,-2.5673907444456745e-16,0.011327894338032246,0.011757131894282267,0.023916117515668665,0.045067545922643046
2022-04-06,2022-04-01,2022-04-11,-0.0288756474151201,0.0228706104866527,-0.0517462579017728,-0.05912686709200221,-0.051446216963219604,-0.06448866030285516,50,0.02287061048665242,-0.05174625790177257,2.8102520310824275e-16,-2.2898349882893854e-16,0.007380609190229412,-0.0003000409385531949,0.012742402401082362,0.030251219676882112
2022-04-11,2022-04-08,2022-04-18,0.0036046309089939,0.0108110118365122,-0.0072063809275183,-0.002502185077378429,0.00731688306088496,-0.00032395343287905387,50,0.010811011836512114,-0.007206380927518156,8.673617379884035e-17,-1.43982048506075e-16,-0.004704195850139871,-0.01452326398840326,-0.006882427494639246,0.006106815986372329
2022-04-18,2022-04-15,2022-04-25,-0.120063026137546,0.0201274090798716,-0.1401904352174176,-0.12317554193389424,-0.11595140607275922,-0.14138589508095145,50,0.02012740907987175,-0.14019043521741784,-1.491862189340054e-16,2.220446049250313e-16,-0.017014893283523375,-0.02423902914465839,0.0011954598635338376,0.0031125157963482336
2022-04-25,2022-04-22,2022-05-05,0.059478493427719,-0.014168333919052,0.073646827346771,0.04365745588798828,0.05903101092794394,0.07462244159650644,50,-0.014168333919052058,0.07364682734677111,5.898059818321144e-17,-1.1102230246251565e-16,0.02998937145878272,0.01461581641882706,-0.0009756142497354403,0.01582103753973072
2022-05-05,2022-04-29,2022-05-09,-0.0112993659498748,-0.0081063443391714,-0.0031930216107033,0.006380775484635519,-0.013747867831958693,0.000678438836854367,50,-0.008106344339171312,-0.0031930216107035106,-8.847089727481716e-17,2.1076890233118206e-16,-0.009573797095338819,0.010554846221255394,-0.003871460447557667,-0.01768014143451032
2022-05-09,2022-05-06,2022-05-16,0.0309541091511192,-0.0006843573638539,0.0316384665149731,0.0386202508180063,0.03255047677462142,0.041430329966837265,50,-0.0006843573638540131,0.031638466514973304,1.1308228659023811e-16,-2.0122792321330962e-16,-0.0069817843030332005,-0.0009120102596483146,-0.009791863451864162,-0.007666141666887102
2022-05-16,2022-05-13,2022-05-23,0.0382106837350926,0.0024908642925404,0.0357198194425521,0.03824863539264249,0.03015845058262001,0.04283990478194544,50,0.0024908642925404816,0.03571981944255214,-8.153200337090993e-17,-4.163336342344337e-17,-0.002528815950090392,0.005561368859932088,-0.007120085339393338,-3.795165754989088e-05
2022-05-23,2022-05-20,2022-05-30,0.001330184161162,0.0061733014705905,-0.0048431173094285,-0.00725596907868128,-0.0038385914213348027,-0.009633528652299272,50,0.0061733014705904875,-0.004843117309428422,1.214306433183765e-17,-7.806255641895632e-17,0.00241285176925278,-0.0010045258880936976,0.004790411342870772,0.00858615323984328
2022-05-30,2022-05-27,2022-06-06,0.0516004781594692,-0.0032605375959415,0.0548610157554107,0.0512013441875428,0.04116052453124186,0.051353313086164976,50,-0.0032605375959414516,0.054861015755410664,-4.85722573273506e-17,3.469446951953614e-17,0.0036596715678679018,0.013700491224168838,0.0035077026692457228,0.0003991339719264034
2022-06-06,2022-06-02,2022-06-13,0.0087275794829163,0.012097305708467,-0.0033697262255507,-0.004983723836913572,0.007463506716832935,0.010570811720853168,50,0.012097305708467052,-0.003369726225550711,-5.204170427930421e-17,1.0842021724855044e-17,0.001613997611362872,-0.010833232942383635,-0.013940537946403868,0.013711303319829872
2022-06-13,2022-06-10,2022-06-20,0.0279139220384794,-0.0038416418211757,0.0317555638596551,0.02487742881831379,0.015523884997802329,0.026060705938754758,50,-0.0038416418211756325,0.031755563859655105,-6.765421556309548e-17,-6.938893903907228e-18,0.006878135041341309,0.01623167886185277,0.00569485792090034,0.0030364932201656127
2022-06-20,2022-06-17,2022-06-27,0.0608697672677966,0.0211592152299518,0.0397105520378447,0.023423856203147093,0.012218836438197211,0.022512137251323283,50,0.02115921522995159,0.03971055203784509,2.0816681711721685e-16,-3.885780586188048e-16,0.01628669583469761,0.02749171559964749,0.01719841478652142,0.037445911064649506
2022-06-27,2022-06-24,2022-07-04,0.005530941515046,-0.0060091445293389,0.0115400860443849,0.006025300743622441,0.01800790918482975,0.010479899127936454,50,-0.006009144529338949,0.011540086044385042,4.85722573273506e-17,-1.4224732503009818e-16,0.005514785300762459,-0.006467823140444851,0.001060186916448446,-0.0004943592285764414
2022-07-04,2022-07-01,2022-07-11,-0.0035526418156846,-0.0066752283372072,0.0031225865215226,-0.0159728765603211,-0.031271797434667015,-0.02581709136952537,50,-0.006675228337207116,0.0031225865215224295,-8.413408858487514e-17,1.704365815147213e-16,0.0190954630818437,0.034394383956189614,0.02893967789104797,0.012420234744636499
2022-07-11,2022-07-08,2022-07-18,0.018728228261573,0.0146126990450178,0.0041155292165551,0.011635681244111002,-0.0010729308102053192,0.00874720575371768,50,0.014612699045017887,0.0041155292165551555,-8.673617379884035e-17,-5.551115123125783e-17,-0.0075201520275559024,0.005188460026760419,-0.0046316765371625795,0.0070925470174619965
2022-07-18,2022-07-15,2022-07-25,0.0175495845860312,0.0070272463186351,0.010522338267396,0.004880049465081642,-0.01285097808109803,-0.0007218939506150601,50,0.0070272463186351565,0.01052233826739609,-5.637851296924623e-17,-9.020562075079397e-17,0.005642288802314359,0.02337331634849403,0.01124423221801106,0.012669535120949559
2022-07-25,2022-07-22,2022-08-01,0.0730217398678498,0.0217880031925747,0.051233736675275,0.030366926898541546,0.018612667783619363,0.03332033369262222,50,0.021788003192574533,0.05123373667527533,1.6653345369377348e-16,-3.3306690738754696e-16,0.020866809776733452,0.032621068891655634,0.01791340298265278,0.042654812969308245
2022-08-01,2022-07-29,2022-08-08,-0.0075337085604003,0.0038643999226618,-0.0113981084830621,-0.0033897328281569453,-0.00380481533647814,-0.0006058116134781688,50,0.0038643999226617032,-0.01139810848306209,9.6710833785707e-17,-1.0408340855860843e-17,-0.008008375654905154,-0.0075932931465839595,-0.01079229686958393,-0.004143975732243355
2022-08-08,2022-08-05,2022-08-15,0.0219439369214052,0.0010125551525638,0.0209313817688413,0.019815707284890675,0.018937003702315547,0.014966346622817372,50,0.0010125551525638145,0.020931381768841458,-1.452830911130576e-17,-1.5959455978986625e-16,0.0011156744839506232,0.0019943780665257517,0.005965035146023926,0.002128229636514524
2022-08-15,2022-08-12,2022-08-22,0.0058390866408491,0.001227772456881,0.004611314183968,0.004365257257000803,0.004636175830111444,0.0006974668771881909,50,0.0012277724568809866,0.004611314183968157,1.3444106938820255e-17,-1.5699247457590104e-16,0.00024605692696719715,-2.486164614344446e-05,0.003913847306779809,0.0014738293838482972
2022-08-22,2022-08-19,2022-08-29,-0.0272506771050626,-0.0034675932383845,-0.023783083866678,-0.028208156457484024,-0.025071531421297033,-0.036669694233993355,50,-0.003467593238384585,-0.023783083866678073,8.500145032286355e-17,7.28583859910259e-17,0.004425072590806024,0.0012884475546190328,0.012886610367315355,0.000957479352421426
2022-08-29,2022-08-26,2022-09-05,-0.0071778612317052,0.0126885384442715,-0.0198663996759767,-0.018286444997433406,-0.020244358519269756,-0.03278875309593232,50,0.012688538444271341,-0.019866399675976577,1.5959455978986625e-16,-1.249000902703301e-16,-0.001579954678543296,0.0003779588432930546,0.01292235341995562,0.011108583765728205
2022-09-05,2022-09-02,2022-09-13,0.0171791096524542,0.0033509765425084,0.0138281331099457,0.009535614040914147,0.01904846627255319,0.016637977114130287,50,0.003350976542508579,0.013828133109945644,-1.7911019889460533e-16,5.551115123125783e-17,0.004292519069031553,-0.005220333162607489,-0.0028098440041845873,0.007643495611540053
2022-09-13,2022-09-09,2022-09-19,-0.0802449987937615,0.0031982560573286,-0.0834432548510901,-0.06687149386547607,-0.06146733074937871,-0.07304086858784942,50,0.003198256057328461,-0.08344325485108997,1.3921155894713877e-16,-1.249000902703301e-16,-0.016571760985614026,-0.021975924101711383,-0.010402386263240679,-0.013373504928285429
2022-09-19,2022-09-16,2022-09-26,-0.0172845426978936,0.0017831130760945,-0.0190676557739881,-0.02371254986422545,-0.01806651277238014,-0.018158379949373415,50,0.0017831130760945523,-0.019067655773988182,-5.2258544713801314e-17,8.326672684688674e-17,0.004644894090237352,-0.0010011430016079598,-0.0009092758246146831,0.0064280071663318505
2022-09-26,2022-09-23,2022-10-10,-0.0267013557927259,0.0137313706877032,-0.0404327264804291,-0.037668227038108244,-0.02938349935931872,-0.047598586158549505,50,0.013731370687703246,-0.04043272648042921,-4.683753385137379e-17,1.1102230246251565e-16,-0.002764499442320857,-0.01104922712111038,0.007165859678120404,0.010966871245382346
2022-10-10,2022-09-30,2022-10-17,0.0504468482183136,-0.0315313449665459,0.0819781931848595,0.08719473087109472,0.06740765582331254,0.08153563372044448,50,-0.0315313449665456,0.08197819318485923,-2.983724378680108e-16,2.636779683484747e-16,-0.005216537686235229,0.014570537361546954,0.0004425594644150155,-0.03674788265278112
2022-10-17,2022-10-14,2022-10-24,-0.0166820234695485,0.0037858552719251,-0.0204678787414736,-0.018730996019775598,-0.019732030055189975,-0.014526184057041647,50,0.0037858552719250813,-0.020467878741473607,1.8648277366750676e-17,6.938893903907228e-18,-0.001736882721698002,-0.0007358486862836244,-0.005941694684431953,0.002048972550227096
2022-10-24,2022-10-21,2022-10-31,0.0808964298093176,0.025836023940911,0.0550604058684065,-0.009821963494814174,-0.015226644508131382,-0.01345315383252621,50,0.025836023940910873,0.05506040586840682,1.2836953722228372e-16,-3.191891195797325e-16,0.06488236936322067,0.07028705037653787,0.0685135597009327,0.09071839330413178
2022-10-31,2022-10-28,2022-11-07,0.0326180459119283,-0.0100025966290686,0.0426206425409969,0.06974428992130911,0.05756736138974472,0.0669069481392488,50,-0.010002596629068512,0.04262064254099688,-8.847089727481716e-17,2.0816681711721685e-17,-0.027123647380312213,-0.01494671884874782,-0.0242863055982519,-0.03712624400938081
2022-11-07,2022-11-04,2022-11-14,-0.0142815675909451,-0.0117412409299038,-0.0025403266610412,-0.0013109073087839384,-0.0019376657803337194,-0.01697588789389959,50,-0.011741240929903784,-0.002540326661041374,-1.5612511283791264e-17,1.739060284666749e-16,-0.0012294193522572616,-0.0006026608807074806,0.014435561232858388,-0.012970660282161163
2022-11-14,2022-11-11,2022-11-21,0.0395531290739036,0.0023971332328237,0.0371559958410799,0.018265463802379405,0.009821339715572641,0.013585527761236449,50,0.0023971332328236727,0.03715599584108,2.7321894746634712e-17,-1.0408340855860843e-16,0.018890532038700492,0.027334656125507256,0.02357046807984345,0.021287665271524193
2022-11-21,2022-11-18,2022-11-28,-0.02805642583772,0.0077855189759685,-0.0358419448136885,-0.027385590945911902,-0.02171830344232606,-0.02939307823055526,50,0.007785518975968335,-0.03584194481368841,1.6566609195578508e-16,-9.020562075079397e-17,-0.008456353867776597,-0.01412364137136244,-0.006448866583133241,-0.0006708348918080982
2022-11-28,2022-11-25,2022-12-05,0.0493960743002087,0.0010841153927059,0.0483119589075027,0.04140208154426997,0.02639679750564805,0.034139827591252336,50,0.0010841153927060644,0.048311958907502686,-1.6436504934880247e-16,1.3877787807814457e-17,0.00690987736323273,0.02191516140185465,0.014172131316250364,0.007993992755938734
2022-12-05,2022-12-02,2022-12-12,-0.0015010381222795,0.00869184515434,-0.0101928832766195,-0.010039621449749516,-0.00970375471430951,-0.008742443445922676,50,0.008691845154339945,-0.010192883276619543,5.377642775528102e-17,4.336808689942018e-17,-0.00015326182686998396,-0.0004891285623099904,-0.0014504398306968234,0.008538583327470015
2022-12-12,2022-12-09,2022-12-19,-0.0189884072090651,3.893815484226572e-05,-0.0190273453639073,-0.036007571207479515,-0.03547306903056324,-0.03980065117411169,50,3.8938154842176975e-05,-0.019027345363907308,8.874194781793854e-17,6.938893903907228e-18,0.016980225843572214,0.01644572366665594,0.02077330581020439,0.017019163998414414
2022-12-19,2022-12-16,2022-12-26,-0.0242223758395044,-0.004132922775082,-0.0200894530644223,-0.01317152178093484,-0.015702908120637016,-0.01803382065071968,50,-0.004132922775082034,-0.020089453064422374,3.382710778154774e-17,7.28583859910259e-17,-0.006917931283487461,-0.004386544943785285,-0.0020556324137026225,-0.011050854058569561
2022-12-26,2022-12-23,2023-01-03,0.0113578351149664,0.0083257596880165,0.0030320754269498,0.02006443747066993,0.019276910491745847,0.023612385905869004,50,0.008325759688016207,0.0030320754269502065,2.931682674400804e-16,-4.0635897424756706e-16,-0.01703236204372013,-0.016244835064796046,-0.020580310478919204,-0.008706602355703532
2023-01-03,2022-12-30,2023-01-09,0.009108482046479,-0.0025040663780813,0.0116125484245603,0.014996776400151568,0.014123810003526138,0.017443218083036394,50,-0.0025040663780810934,0.01161254842456015,-2.0643209364124004e-16,1.5092094240998222e-16,-0.0033842279755912676,-0.002511261578965838,-0.005830669658476093,-0.0058882943536725674
2023-01-09,2023-01-06,2023-01-16,0.0096462529508911,0.0014077120771957,0.0082385408736953,0.006440317026555571,0.014264853427637725,0.008577439467543968,50,0.0014077120771956472,0.008238540873695552,5.2692225582795515e-17,-2.5326962749261384e-16,0.001798223847139728,-0.006026312553942426,-0.00033889859384866883,0.0032059359243355283
2023-01-16,2023-01-13,2023-01-30,0.0411155044935372,0.0024068540277942,0.0387086504657429,0.03170861762717603,0.025652200882115617,0.02952755009625574,50,0.0024068540277942673,0.038708650465742934,-6.722053469410127e-17,-3.469446951953614e-17,0.007000032838566872,0.013056449583627283,0.00918110036948716,0.009406886866361173
2023-01-30,2023-01-20,2023-02-06,0.0344804433771454,0.0137794805529219,0.0207009628242234,0.022208275612347957,0.003023874283222483,0.015466112621473682,50,0.013779480552921807,0.020700962824223658,9.194034422677078e-17,-2.5673907444456745e-16,-0.0015073127881245554,0.017677088541000918,0.005234850202749719,0.012272167764797441
2023-02-06,2023-02-03,2023-02-13,0.0218568473320621,0.0001978438606785,0.0216590034713835,0.025441491756797448,0.01293172525081987,0.02332904296798488,50,0.00019784386067845343,0.021659003471383657,4.6566483308252415e-17,-1.5612511283791264e-16,-0.0037824882854139465,0.008727278220563631,-0.0016700394966013797,-0.003584644424735349
2023-02-13,2023-02-10,2023-02-20,-0.0127266371570436,-0.0030407422707566,-0.0096858948862869,-0.012477859826598974,-0.005914944476904993,-0.01316188752981351,50,-0.003040742270756733,-0.00968589488628695,1.3314002678121994e-16,5.0306980803327406e-17,0.002791964940312074,-0.003770950409381907,0.0034759926435266094,-0.00024877733044462516
2023-02-20,2023-02-17,2023-02-27,-0.0156049748443793,0.0017935517632674,-0.0173985266076467,-0.007506156055938075,-0.006123474843485743,-0.009348560787198701,50,0.0017935517632676231,-0.01739852660764696,-2.231288070975168e-16,2.6020852139652106e-16,-0.009892370551708626,-0.011275051764160958,-0.008049965820448,-0.008098818788441224
2023-02-27,2023-02-24,2023-03-06,0.02017540303924,0.002310162046772,0.0178652409924679,0.0158561244896902,0.013953871838736864,0.014902165557054259,50,0.002310162046771993,0.017865240992468088,6.938893903907228e-18,-1.8735013540549517e-16,0.0020091165027776997,0.003911369153731036,0.0029630754354136417,0.004319278549549801
2023-03-06,2023-03-03,2023-03-13,-0.008952267433106,0.0029072010372105,-0.0118594684703165,-0.020594114019138715,-0.023489418659561445,-0.023498507940500568,50,0.0029072010372104534,-0.011859468470316461,4.683753385137379e-17,-3.9898639947466563e-17,0.008734645548822214,0.011629950189244944,0.011639039470184067,0.011641846586032715
2023-03-13,2023-03-10,2023-03-20,-0.0186088480751748,0.0112142012508638,-0.0298230493260386,-0.014508111674694228,-0.013554843875099976,-0.016270478967072677,50,0.01121420125086366,-0.02982304932603854,1.4051260155412137e-16,-5.898059818321144e-17,-0.015314937651344371,-0.016268205450938624,-0.013552570358965923,-0.004100736400480573
2023-03-20,2023-03-17,2023-03-27,0.0581447022015466,0.0079157133728635,0.050228988828683,0.02350816298912677,0.024552176418547678,0.024583981135023025,50,0.007915713372863585,0.05022898882868303,-8.500145032286355e-17,-2.7755575615628914e-17,0.02672082583955623,0.025676812410135322,0.025645007693659974,0.034636539212419826
2023-03-27,2023-03-24,2023-04-03,0.0171760079150545,0.0114040691116895,0.0057719388033649,0.003895598832964141,0.016193992014703174,0.010964628871054094,50,0.011404069111689338,0.005771938803365229,1.6306400674181987e-16,-3.2959746043559335e-16,0.0018763399704007588,-0.010422053211338274,-0.005192690067689194,0.01328040908209036
2023-04-03,2023-03-31,2023-04-10,-0.016968151641026,0.0032662621728721,-0.0202344138138981,-0.010498531738361424,-0.0005129556379125377,0.0009149406796702397,50,0.003266262172872066,-0.020234413813898122,3.426078865054194e-17,2.0816681711721685e-17,-0.009735882075536677,-0.019721458175985564,-0.02114935449356834,-0.006469619902664576
2023-04-10,2023-04-07,2023-04-17,0.0260571001174364,-0.0115728739338044,0.0376299740512408,0.009866378133682166,0.007600007487692073,0.006342764727914174,50,-0.011572873933804247,0.037629974051240696,-1.5265566588595902e-16,1.0408340855860843e-16,0.027763595917558635,0.030029966563548727,0.031287209323326626,0.016190721983754236
2023-04-17,2023-04-14,2023-04-24,-0.0028084462996423,0.0158691722599412,-0.0186776185595835,-0.04493396232812818,-0.0387754596515999,-0.04099663898858796,50,0.0158691722599412,-0.018677618559583515,0.0,1.3877787807814457e-17,0.026256343768544677,0.020097841092016396,0.022319020429004462,0.042125516028485875
2023-04-24,2023-04-21,2023-05-04,0.080499969503123,0.0183204585036107,0.0621795109995122,0.013296178661167763,0.008634546561482326,0.0012936283599023213,50,0.018320458503610648,0.06217951099951234,5.204170427930421e-17,-1.3877787807814457e-16,0.04888333233834444,0.05354496443802988,0.06088588263960988,0.06720379084195524
2023-05-04,2023-04-28,2023-05-08,0.0018729903465467,0.004615903195124,-0.0027429128485773,-0.002099113018095272,-0.002205228355308453,-0.004673320492963318,50,0.004615903195123938,-0.0027429128485772065,6.158268339717665e-17,-9.367506770274758e-17,-0.0006437998304820282,-0.0005376844932688473,0.0019304076443860175,0.003972103364641972
2023-05-08,2023-05-05,2023-05-15,-0.0010777052505702,-0.0132451727686535,0.0121674675180833,-0.004675670438620651,-0.014273642971683098,-0.01739500186497578,50,-0.013245172768653484,0.012167467518083236,-1.5612511283791264e-17,6.418476861114186e-17,0.01684313795670395,0.026441110489766398,0.02956246938305908,0.003597965188050451
2023-05-15,2023-05-12,2023-05-22,0.0036244759537504,-0.0101196649103146,0.013744140864065,0.015023632244847982,-0.0071565528404597956,0.0015290218056425164,50,-0.010119664910314652,0.013744140864065096,5.204170427930421e-17,-9.540979117872439e-17,-0.0012794913807829822,0.020900693704524798,0.012215119058422484,-0.011399156291097582
2023-05-22,2023-05-19,2023-05-29,-0.0109821008518287,0.0020191351342518,-0.0130012359860805,-0.008132692397653024,-0.014741689301114858,-0.009378439595026045,50,0.0020191351342519434,-0.013001235986080663,-1.4354836763708079e-16,1.6306400674181987e-16,-0.004868543588427476,0.0017404533150343574,-0.0036227963910544555,-0.0028494084541756757
2023-05-29,2023-05-26,2023-06-05,0.0211577828241546,0.0027945581399242,0.0183632246842303,0.017476039640166183,0.011941591592588452,0.015126750044382353,50,0.0027945581399242293,0.018363224684230385,-2.905661822261152e-17,-8.673617379884035e-17,0.0008871850440641156,0.006421633091641846,0.003236474639847945,0.003681743183988416
2023-06-05,2023-06-02,2023-06-12,-0.0001968299783507,0.0066925901840122,-0.0068894201623629,-0.007534945909536296,-0.011382441845398827,-0.015498359706677012,50,0.0066925901840122455,-0.0068894201623630105,-4.597017211338539e-17,1.1015494072452725e-16,0.0006455257471733953,0.004493021683035927,0.00860893954431411,0.007338115931185596
2023-06-12,2023-06-09,2023-06-19,0.007711726529867,-0.0188490188145546,0.0265607453444216,0.017379567146959575,0.01719890306600691,0.024982542541071018,50,-0.01884901881455435,0.02656074534442139,-2.498001805406602e-16,2.0816681711721685e-16,0.009181178197462024,0.00936184227841469,0.0015782028033505813,-0.009667840617092575
2023-06-19,2023-06-16,2023-06-26,-0.0529869719789616,-0.0175263805326877,-0.0354605914462738,-0.03641784742468079,-0.03985236602526676,-0.04068695561232871,50,-0.017526380532687545,-0.035460591446274115,-1.5612511283791264e-16,3.122502256758253e-16,0.0009572559784069845,0.004391774578992959,0.00522636416605491,-0.016569124554280813
2023-06-26,2023-06-21,2023-07-03,0.0437878372524691,0.0060211164709465,0.0377667207815225,0.04205191893750009,0.026376627943122566,0.02988800757517951,50,0.0060211164709465135,0.037766720781522586,-1.3877787807814457e-17,-8.326672684688674e-17,-0.004285198155977589,0.011390092838399937,0.007878713206342994,0.0017359183149690052
2023-07-03,2023-06-30,2023-07-10,-0.0073613412734585,7.340717571017964e-05,-0.0074347484491686,-0.004586365540882565,-0.009603942862911774,-0.013009460325909439,50,7.340717571011123e-05,-0.007434748449168617,6.841315708383533e-17,1.734723475976807e-17,-0.002848382908286035,0.0021691944137431744,0.005574711876740839,-0.0027749757325759355
2023-07-10,2023-07-07,2023-07-17,0.0052023423540889,0.0064667562204575,-0.0012644138663686,0.004914988837783849,0.004747438288315253,-0.0015765644989542693,50,0.006466756220457404,-0.0012644138663684395,9.627715291671279e-17,-1.6046192152785466e-16,-0.006179402704152449,-0.006011852154683853,0.00031215063258566936,0.0002873535163050514
2023-07-17,2023-07-14,2023-07-24,-0.0114817477661227,0.0030265950599829,-0.0145083428261056,-0.015674266694387765,-0.015962905122332893,-0.018839694562775566,50,0.003026595059982924,-0.014508342826105651,-2.3852447794681098e-17,5.204170427930421e-17,0.001165923868282166,0.001454562296227294,0.004331351736669967,0.004192518928265065
2023-07-24,2023-07-21,2023-07-31,0.0432491982493093,0.027132388279904,0.0161168099694052,0.021847112241059286,0.028990773588700502,0.019090398652442442,50,0.02713238827990381,0.01611680996940556,1.9081958235744878e-16,-3.5735303605122226e-16,-0.005730302271654084,-0.012873963619295301,-0.0029735886830372406,0.021402086008250013
2023-07-31,2023-07-28,2023-08-07,-0.0088281702555382,-0.0094483331906458,0.0006201629351076,-0.00961201894195517,0.00040898519112242404,-0.001821711672306936,50,-0.00944833319064581,0.0006201629351075693,1.0408340855860843e-17,3.0682921481339775e-17,0.01023218187706277,0.00021117774398517598,0.002441874607414536,0.0007838486864169703
2023-08-07,2023-08-04,2023-08-14,-0.0115339900326877,-0.0003580515323283,-0.0111759385003593,-0.018258594691138528,-0.028556511288466147,-0.02837800854246164,50,-0.00035805153232825756,-0.011175938500359512,-4.24465150528075e-17,2.1163626406917047e-16,0.007082656190779227,0.017380572788106848,0.017202070042102342,0.006724604658450827
2023-08-14,2023-08-11,2023-08-21,-0.0338316047007126,-0.001885167802369,-0.0319464368983435,-0.022780733170147855,-0.0348194970254192,-0.04149754486573898,50,-0.0018851678023689084,-0.031946436898343734,-9.150666335777657e-17,2.3592239273284576e-16,-0.009165703728195643,0.002873060127075701,0.00955110796739548,-0.011050871530564745
2023-08-21,2023-08-18,2023-08-28,0.0067509748306864,0.0042914378359128,0.0024595369947735,-0.025339395484981667,-0.01166915902906418,-0.022289286911214345,50,0.004291437835912834,0.0024595369947735877,-3.382710778154774e-17,-8.760353553682876e-17,0.027798932479755168,0.01412869602383768,0.024748823905987847,0.03209037031566807
2023-08-28,2023-08-25,2023-09-04,0.0208387577714557,-0.0215672978101482,0.0424060555816039,0.05344001575016017,0.032890750406616265,0.04670593161954417,50,-0.021567297810148038,0.04240605558160377,-1.6306400674181987e-16,1.3183898417423734e-16,-0.011033960168556269,0.009515305174987637,-0.00429987603794027,-0.03260125797870447
2023-09-04,2023-09-01,2023-09-11,0.0090395779944025,0.0086062843618757,0.0004332936325267,-0.004775782159634617,-0.009442894929139745,-0.002600520104020787,50,0.008606284361875742,0.00043329363252678004,-4.163336342344337e-17,-8.00683304380545e-17,0.005209075792161317,0.009876188561666445,0.003033813736547487,0.013815360154037117
2023-09-11,2023-09-08,2023-09-18,-0.0136621562339082,-0.0118029991367808,-0.0018591570971273,-0.011869710990036152,-0.009531181544418565,-0.015959201894336417,50,-0.011802999136780892,-0.0018591570971273294,9.194034422677078e-17,2.927345865710862e-17,0.010010553892908853,0.007672024447291265,0.014100044797209117,-0.0017924452438720477
2023-09-18,2023-09-15,2023-09-25,-0.0166391659762719,-0.0025032196426439,-0.0141359463336279,-0.009854222354005784,-0.0092714814963748,-0.009299848618582907,50,-0.0025032196426440024,-0.014135946333627997,1.0234868508263162e-16,9.71445146547012e-17,-0.0042817239796221155,-0.004864464837253099,-0.004836097715044993,-0.006784943622266117
2023-09-25,2023-09-22,2023-10-09,0.0011181327572224,-0.0028564463466531,0.0039745791038755,0.0052086468834958545,-0.0015141194283757597,0.005405324692777436,50,-0.0028564463466533244,0.00397457910387582,2.246466901389965e-16,-3.200564813177209e-16,-0.0012340677796203545,0.00548869853225126,-0.0014307455889019357,-0.004090514126273454
2023-10-09,2023-09-28,2023-10-16,-0.0140464780681889,0.0038392419210924,-0.0178857199892813,-0.00754569844771151,-0.013681319458190733,-0.005876266714191725,50,0.0038392419210923857,-0.01788571998928129,1.431146867680866e-17,-1.0408340855860843e-17,-0.01034002154156979,-0.004204400531090568,-0.012009453275089576,-0.00650077962047739
2023-10-16,2023-10-13,2023-10-23,-0.0665228999057611,-0.0100101905712343,-0.0565127093345267,-0.05981962919292003,-0.05202601121370731,-0.0641097145588908,50,-0.010010190571234229,-0.056512709334526894,-7.112366251504909e-17,1.942890293094024e-16,0.003306919858393334,-0.0044866981208193865,0.007597005224364108,-0.006703270712841068
2023-10-23,2023-10-20,2023-10-30,0.0709080511084426,-0.0001638540989608,0.0710719052074034,0.07125239838804608,0.04840151748567667,0.06534424473319222,50,-0.00016385409896093353,0.07107190520740354,1.3351949754158987e-16,-1.3877787807814457e-16,-0.00018049318064267128,0.022670387721726734,0.00572766047421118,-0.0003443472796034741
2023-10-30,2023-10-27,2023-11-06,0.0325143693386747,0.0177237549067281,0.0147906144319465,0.020589412239324093,0.01057805166964454,0.014985282757518315,50,0.017723754906728163,0.01479061443194662,-6.245004513516506e-17,-1.196959198423997e-16,-0.005798797807377593,0.004212562762301961,-0.00019466832557181457,0.011924957099350608
2023-11-06,2023-11-03,2023-11-13,0.0211830313256579,0.0120350841879249,0.0091479471377329,0.009929556574835378,9.098921331784915e-05,0.007883121164851792,50,0.012035084187925016,0.00914794713773296,-1.1622647289044608e-16,-6.071532165918825e-17,-0.0007816094371024783,0.00905695792441505,0.001264825972881108,0.011253474750822523
2023-11-13,2023-11-10,2023-11-20,0.0355577848620681,0.0020753685623572,0.0334824162997108,0.022295029184804162,0.009668954272268548,0.01768210616424426,50,0.0020753685623576476,0.033482416299710466,-4.475586568020162e-16,3.3306690738754696e-16,0.011187387114906636,0.02381346202744225,0.01580031013546654,0.013262755677263937
2023-11-20,2023-11-17,2023-11-27,-0.02490262425388,-0.0032592329464375,-0.0216433913074424,-0.01810691822586103,-0.0164777013906926,-0.02269528951206412,50,-0.003259232946437207,-0.021643391307442892,-2.927345865710862e-16,4.926614671774132e-16,-0.0035364730815813684,-0.005165689916749799,0.0010518982046217214,-0.006795706028018968
2023-11-27,2023-11-24,2023-12-04,0.0115715427810361,0.0082005401935616,0.0033710025874744,0.0029478413027172815,-0.0013365645619967115,0.000495797989318314,50,0.008200540193561564,0.003371002587474596,3.642919299551295e-17,-1.960237527853792e-16,0.0004231612847571185,0.004707567149471112,0.002875204598156086,0.008623701478318818
2023-12-04,2023-12-01,2023-12-11,-0.0027811269706013,0.0030154401757372,-0.0057965671463385,-0.01432950906852614,0.0010397422590471272,-0.0064290959523354285,50,0.003015440175737228,-0.005796567146338543,-2.8189256484623115e-17,4.2500725161431774e-17,0.008532941922187641,-0.0068363094053856275,0.0006325288059969283,0.011548382097924841
2023-12-11,2023-12-08,2023-12-18,-0.0178972393735046,-0.0006593350492884,-0.0172379043242161,-0.021401026450381774,-0.03227041160139088,-0.03589582359409249,50,-0.0006593350492882093,-0.017237904324216433,-1.9071116214020023e-16,3.3306690738754696e-16,0.004163122126165673,0.01503250727717478,0.01865791926987639,0.0035037870768771726
2023-12-18,2023-12-15,2023-12-25,-0.0405569840220597,-0.0027024273068425,-0.0378545567152171,-0.017612715385158472,-0.012979850592449549,-0.020706811154497018,50,-0.0027024273068426757,-0.03785455671521703,1.7564075194265172e-16,-6.938893903907228e-17,-0.020241841330058626,-0.02487470612276755,-0.01714774556072008,-0.022944268636901227
2023-12-25,2023-12-22,2024-01-02,0.0292548073762087,0.010055146487957,0.0191996608882516,0.029983220765195995,0.017701495850712234,0.020750628080471012,50,0.010055146487956768,0.019199660888252017,2.3245294578089215e-16,-4.163336342344337e-16,-0.010783559876944394,0.0014981650375393667,-0.0015509671922194108,-0.0007284133889872944
2024-01-02,2023-12-29,2024-01-08,-0.022272437902496,0.015537379824418,-0.037809817726914,-0.04313132918296069,-0.044692076473437314,-0.05315000640505574,50,0.015537379824417857,-0.03780981772691387,1.4224732503009818e-16,-1.249000902703301e-16,0.0053215114560466945,0.006882258746523318,0.015340188678141742,0.02085889128046469
2024-01-08,2024-01-05,2024-01-15,0.0124779464869815,0.0060028501773716,0.0064750963096098,0.0038389301471044696,0.004953847940089462,0.00285195280297712,50,0.0060028501773714965,0.006475096309610061,1.0321604682062002e-16,-2.6107588313450947e-16,0.0026361661625053305,0.0015212483695203382,0.00362314350663268,0.00863901633987703
2024-01-15,2024-01-12,2024-01-22,-0.0955157169644544,-0.0089381659087118,-0.0865775510557425,-0.10330330519329042,-0.07939653014460935,-0.10046983656450903,50,-0.008938165908711918,-0.08657755105574255,1.1796119636642288e-16,5.551115123125783e-17,0.016725754137547927,-0.007181020911133151,0.013892285508766533,0.007787588228836018
2024-01-22,2024-01-19,2024-01-29,0.0592719890252787,0.033487871806514,0.0257841172187646,0.020026816927815952,0.030734348887359486,0.026079670774651342,50,0.03348787180651397,0.025784117218764724,2.7755575615628914e-17,-1.249000902703301e-16,0.005757300290948647,-0.004950231668594887,-0.00029555355588674337,0.03924517209746275
2024-01-29,2024-01-26,2024-02-05,-0.1855839025978933,0.0136604780030906,-0.1992443806009839,-0.19959405421316262,-0.09489824286563664,-0.16334811205846533,50,0.013660478003090573,-0.1992443806009839,2.6020852139652106e-17,0.0,0.0003496736121787192,-0.10434613773534726,-0.03589626854251857,0.014010151615269306
2024-02-05,2024-02-02,2024-02-19,0.1402099750578901,-0.0192755219706179,0.1594854970285081,0.11744296208720391,0.15275791097379976,0.17156021215586992,50,-0.019275521970618128,0.15948549702850823,2.2898349882893854e-16,-1.3877787807814457e-16,0.04204253494130418,0.006727586054708329,-0.01207471512736183,0.022767012970686187
2024-02-19,2024-02-08,2024-02-26,0.0808133537663266,-0.0057965088838636,0.0866098626501902,0.09927020516211531,0.01047533841605719,0.0448963036748522,50,-0.005796508883863441,0.08660986265019004,-1.5872719805187785e-16,1.6653345369377348e-16,-0.012660342511925105,0.07613452423413301,0.041713558975338,-0.018456851395788704
2024-02-26,2024-02-23,2024-03-04,0.0039960151522681,-0.0009220900988717,0.0049181052511398,0.014953422066593704,0.03721710878343787,0.03290710507287753,50,-0.0009220900988716818,0.004918105251139877,-1.8214596497756474e-17,-7.719519468096792e-17,-0.010035316815453905,-0.032299003532298066,-0.02798899982173773,-0.010957406914325604
2024-03-04,2024-03-01,2024-03-11,0.0228946527893914,0.0166180064293854,0.0062766463600059,0.01571624231441298,0.009692288849878272,0.007057406131524502,50,0.016618006429385445,0.0062766463600060374,-4.5102810375396984e-17,-1.3704315460216776e-16,-0.00943959595440708,-0.003415642489872372,-0.0007807597715186014,0.007178410474978421
2024-03-11,2024-03-08,2024-03-18,0.0603122785493401,0.0127118070768485,0.0476004714724915,0.04363034856724759,0.0160630760606868,0.0331757109015578,50,0.012711807076848596,0.04760047147249158,-9.540979117872439e-17,-7.632783294297951e-17,0.003970122905243914,0.031537395411804704,0.014424760570933705,0.01668192998209251
2024-03-18,2024-03-15,2024-03-25,-0.0120758297378833,-0.0047368461936922,-0.007338983544191,-0.028948696407865293,-0.04227224628964721,-0.03221488630508795,50,-0.004736846193692211,-0.007338983544191149,1.1275702593849246e-17,1.491862189340054e-16,0.021609712863674295,0.03493326274545621,0.024875902760896955,0.016872866669981994
2024-03-25,2024-03-22,2024-04-01,0.0234503030395926,0.0083498217786469,0.0151004812609456,0.02529402916619097,0.020110486802965122,0.017014083270216585,50,0.008349821778646831,0.015100481260945814,6.938893903907228e-17,-2.1337098754514727e-16,-0.010193547905245369,-0.005010005542019521,-0.0019136020092709836,-0.001843726126598371
2024-04-01,2024-03-29,2024-04-08,-0.0299892289631764,0.0062903915891574,-0.0362796205523338,-0.033239144901734435,-0.019003078928318096,-0.02862714199882721,50,0.0062903915891573785,-0.036279620552333795,2.168404344971009e-17,-6.938893903907228e-18,-0.003040475650599367,-0.017276541624015707,-0.007652478553506592,0.003249915938558036
2024-04-08,2024-04-03,2024-04-15,-0.0366170730311619,0.0002766473723728,-0.0368937204035347,-0.04480221291759963,0.007762442461107577,-0.020816975066297205,50,0.0002766473723727805,-0.036893720403534704,1.951563910473908e-17,6.938893903907228e-18,0.007908492514064933,-0.044656162864642274,-0.01607674533723749,0.00818513988643773
2024-04-15,2024-04-12,2024-04-22,-0.0033078530819445,-0.0018631566296291,-0.0014446964523153,-0.02181443510904928,-0.013510071689152303,-0.00783544617409715,50,-0.001863156629629206,-0.0014446964523153667,1.0581813203458523e-16,6.657001339060997e-17,0.02036973865673398,0.012065375236837003,0.006390749721781849,0.01850658202710478
2024-04-22,2024-04-19,2024-04-29,0.0455671323454933,-0.0076561053040755,0.0532232376495688,0.07580378042700073,0.040039259014575945,0.05702352994998172,50,-0.0076561053040753195,0.053223237649568655,-1.8041124150158794e-16,1.457167719820518e-16,-0.022580542777431926,0.013183978634992856,-0.0038002923004129205,-0.03023664808150743
2024-04-29,2024-04-26,2024-05-06,0.0040784024475489,0.0009590098771016,0.0031193925704472,0.016665526353335257,0.009146680928504125,0.011110449882151041,50,0.0009590098771015431,0.003119392570447363,5.692061405548898e-17,-1.6306400674181987e-16,-0.013546133782888057,-0.006027288358056925,-0.007991057311703841,-0.012587123905786358
2024-05-06,2024-04-30,2024-05-13,-0.010457684134082,-0.0012972254751833,-0.0091604586588986,-0.017474375494308293,-0.004221683608870319,-0.015345542230561282,50,-0.001297225475183476,-0.009160458658898573,1.7607443281164592e-16,-2.7755575615628914e-17,0.008313916835409692,-0.004938775050028281,0.006185083571662682,0.007016691360226292
2024-05-13,2024-05-10,2024-05-20,0.0156381782997454,-0.0037571282759024,0.0193953065756478,0.023705407142089904,0.0033131950171290114,0.013762498188668149,50,-0.0037571282759023147,0.0193953065756478,-8.543513119185775e-17,0.0,-0.004310100566442102,0.01608211155851879,0.005632808386979653,-0.008067228842344502
2024-05-20,2024-05-17,2024-05-27,-0.0267297457271019,-0.0028802117285579,-0.0238495339985439,-0.02953432508181262,-0.027542319181678265,-0.03433402778025929,50,-0.002880211728557901,-0.02384953399854402,8.673617379884035e-19,1.214306433183765e-16,0.00568479108326872,0.003692785183134366,0.010484493781715391,0.0028045793547107206
2024-05-27,2024-05-24,2024-06-03,-0.0255708245637537,-0.0096482776681521,-0.0159225468956015,-0.02299718051733864,-0.0181145592279065,-0.02220322612875647,50,-0.00964827766815202,-0.015922546895601766,-7.979727989493313e-17,2.671474153004283e-16,0.007074633621737141,0.002192012332305003,0.006280679233154972,-0.0025736440464150592
2024-06-03,2024-05-31,2024-06-11,-0.0335051667487469,0.0029701177196301,-0.036475284468377,-0.03744011875100402,-0.010731749863008955,-0.016216870844071973,50,0.0029701177196301493,-0.036475284468377056,-4.9439619065339e-17,5.551115123125783e-17,0.0009648342826270168,-0.025743534605368046,-0.020258413624305027,0.003934952002257117
2024-06-11,2024-06-07,2024-06-17,-0.0030380491934613,-0.0006688896361402,-0.002369159557321,0.006108795750640945,-0.0019818034411314134,-0.0028755972394266527,50,-0.0006688896361403113,-0.002369159557321084,1.113475631142613e-16,8.370040771588094e-17,-0.008477955307961946,-0.00038735611618958676,0.0005064376821056525,-0.009146844944102245
2024-06-17,2024-06-14,2024-06-24,-0.070952866839077,-0.0138622437482687,-0.0570906230908082,-0.04939936349807328,-0.04113974492666794,-0.05713574731335258,50,-0.013862243748268754,-0.05709062309080831,5.377642775528102e-17,1.1102230246251565e-16,-0.0076912595927349225,-0.01595087816414026,4.512422254437931e-05,-0.021553503341003727
2024-06-24,2024-06-21,2024-07-01,0.0238140207050901,0.0045228331912666,0.0192911875138234,0.023317802033891426,0.002052911027837556,0.010734934878411151,50,0.004522833191266594,0.019291187513823513,6.071532165918825e-18,-1.1449174941446927e-16,-0.004026614520068028,0.017238276485985842,0.008556252635412247,0.0004962186711986727
2024-07-01,2024-06-28,2024-07-08,-0.0318410016960787,0.0039681631230397,-0.0358091648191184,-0.05072455561270666,-0.043880267670831974,-0.04985375234046863,50,0.0039681631230400645,-0.035809164819118805,-3.642919299551295e-16,4.0245584642661925e-16,0.014915390793588258,0.008071102851713571,0.014044587521350224,0.01888355391662796
2024-07-08,2024-07-05,2024-07-15,0.0334575225680721,0.0020897141426423,0.0313678084254297,0.024226791405441397,0.020963203598947988,0.028470630341971503,50,0.0020897141426424355,0.031367808425429744,-1.3530843112619095e-16,-4.163336342344337e-17,0.007141017019988306,0.010404604826481714,0.002897178083458199,0.009230731162630703
2024-07-15,2024-07-12,2024-07-22,-0.0134344463949381,-0.00800542505704,-0.005429021337898,0.0007241915029705854,-0.003669198796044215,-0.0001512138536747809,50,-0.008005425057040057,-0.005429021337898058,5.724587470723463e-17,5.724587470723463e-17,-0.006153212840868586,-0.0017598225418537852,-0.0052778074842232195,-0.014158637897908687
2024-07-22,2024-07-19,2024-07-29,0.0016875115442606,0.0156665804693102,-0.0139790689250496,-0.013296839760347267,-0.032293597589796774,-0.02925705477876972,50,0.01566658046931032,-0.013979068925049635,-1.1796119636642288e-16,3.469446951953614e-17,-0.0006822291647023328,0.018314528664747174,0.01527798585372012,0.014984351304607867
2024-07-29,2024-07-26,2024-08-05,0.0170937631755141,0.0075835561441172,0.0095102070313968,0.0016748625809958149,-0.0031833742492842765,-0.0014661786518412878,50,0.007583556144117276,0.009510207031396888,-7.632783294297951e-17,-8.847089727481716e-17,0.007835344450400985,0.012693581280681076,0.010976385683238088,0.015418900594518286
2024-08-05,2024-08-02,2024-08-12,0.0067102215963709,0.0068317587172438,-0.0001215371208729,0.002366091210469664,0.004326938440725625,-0.0010002607517343165,50,0.006831758717243901,-0.00012153712087293202,-1.0061396160665481e-16,3.202462166979059e-17,-0.002487628331342564,-0.004448475561598525,0.0008787236308614165,0.004344130385901236
2024-08-12,2024-08-09,2024-08-19,0.0143793986263827,0.0036601052127383,0.0107192934136443,0.0022312707266912537,-0.006618358307736605,-0.002244282321730573,48,0.004337977264215707,0.010041421362167027,-0.0006778720514774073,0.0006778720514772733,0.008488022686953048,0.017337651721380905,0.012963575735374874,0.012148127899691448
2024-08-19,2024-08-16,2024-08-26,-0.0288377393461259,0.0032349048263294,-0.0320726441724553,-0.029203094849982448,-0.029596665356953822,-0.032318311351077655,50,0.0032349048263295493,-0.03207264417245545,-1.491862189340054e-16,1.5265566588595902e-16,-0.0028695493224728495,-0.0024759788155014756,0.000245667178622358,0.000365355503856548
2024-08-26,2024-08-23,2024-09-02,0.0113830044570109,0.0102269421698293,0.0011560622871815,0.006954063004727663,0.0005545335316745614,0.004347546694025262,50,0.010226942169829343,0.0011560622871816548,-4.336808689942018e-17,-1.5482407023093003e-16,-0.0057980007175461624,0.0006015287555069385,-0.0031914844068437614,0.004428941452283237
2024-09-02,2024-08-30,2024-09-09,0.0102678503184227,0.0044097818700545,0.0058580684483681,-0.008723040270664789,-0.008729062565979384,-0.01257140083529884,50,0.004409781870054612,0.005858068448368178,-1.1275702593849246e-16,-7.806255641895632e-17,0.014581108719032888,0.014587131014347485,0.01842946928366694,0.01899089058908749
2024-09-09,2024-09-06,2024-09-18,-0.0223053076205721,0.0046011339492853,-0.0269064415698574,-0.021052020420750817,-0.009833177656144887,-0.01707060392847315,50,0.004601133949285213,-0.026906441569857387,8.673617379884035e-17,-1.3877787807814457e-17,-0.005854421149106583,-0.017073263913712514,-0.009835837641384251,-0.0012532871998212833
2024-09-18,2024-09-13,2024-09-23,0.0493988777394004,0.0068914948304693,0.042507382908931,0.021491753547829825,0.007129941046904786,0.015912237192353906,50,0.0068914948304692825,0.04250738290893113,1.734723475976807e-17,-1.249000902703301e-16,0.021015629361101178,0.03537744186202622,0.026595145716577097,0.027907124191570577
2024-09-23,2024-09-20,2024-09-30,0.2989810219924351,0.0372095892481608,0.2617714327442742,0.2675146365021909,0.277778890201549,0.27739179661365854,50,0.037209589248160625,0.26177143274427445,1.734723475976807e-16,-2.220446049250313e-16,-0.005743203757916648,-0.016007457457274776,-0.015620363869384313,0.03146638549024422
2024-09-30,2024-09-27,2024-10-08,0.1078123659999999,-0.00104653182963,0.1088588978296299,0.08343126305062273,0.07179944351774781,0.08638547653372064,50,-0.001046531829630137,0.10885889782963012,1.3704315460216776e-16,-2.220446049250313e-16,0.02542763477900717,0.037059454311882095,0.022473421295909263,0.024381102949377162
2024-10-08,2024-09-30,2024-10-14,-0.1026026742140783,-0.0322616307880796,-0.0703410434259986,-0.09826894333321698,-0.08893231831931359,-0.09452288700884715,50,-0.03226163078807945,-0.07034104342599888,-1.5265566588595902e-16,2.7755575615628914e-16,0.027927899907218376,0.018591274893314982,0.024181843582848542,-0.004333730880861322
2024-10-14,2024-10-11,2024-10-21,0.068620666573392,0.0346206607142581,0.0340000058591338,0.035246141524696524,0.017132209373857732,0.0435933871817884,50,0.03462066071425785,0.03400000585913418,2.498001805406602e-16,-3.8163916471489756e-16,-0.0012461356655627254,0.016867796485276067,-0.009593381322654602,0.03337452504869547
2024-10-21,2024-10-18,2024-10-28,0.0288020761525887,-0.0112224350041375,0.0400245111567263,0.058857439058942196,0.03146612250908554,0.03779837114819906,50,-0.011222435004137365,0.040024511156726075,-1.3530843112619095e-16,2.220446049250313e-16,-0.0188329279022159,0.00855838864764076,0.002226140008527236,-0.030055362906353494
2024-10-28,2024-10-25,2024-11-04,-0.0264189716736815,0.0168222626622319,-0.0432412343359134,-0.014627130586090114,0.007680515048302805,-0.004764809465167441,50,0.016822262662231854,-0.04324123433591339,4.5102810375396984e-17,-6.938893903907228e-18,-0.02861410374982328,-0.0509217493842162,-0.03847642487074596,-0.011791841087591385
2024-11-04,2024-11-01,2024-11-11,0.1516834157548366,0.0364811266117175,0.115202289143119,0.0897017670957898,0.06775444390284213,0.08688095871378532,50,0.03648112661171754,0.11520228914311903,-4.163336342344337e-17,-2.7755575615628914e-17,0.025500522047329208,0.04744784524027687,0.028321330429333685,0.061981648659046804
2024-11-11,2024-11-08,2024-11-18,-0.1007389323220899,-0.0167729376933547,-0.0839659946287351,-0.07753355229917872,-0.07859893659704731,-0.09187552534499865,50,-0.016772937693354507,-0.08396599462873545,-1.942890293094024e-16,3.608224830031759e-16,-0.006432442329556379,-0.005367058031687785,0.00790953071626356,-0.023205380022911185
2024-11-18,2024-11-15,2024-11-25,0.0503302631313308,0.0121482535487977,0.038182009582533,0.02823537501535724,-0.016696268155198757,0.012983382876730731,50,0.012148253548797516,0.03818200958253334,1.8388068845354155e-16,-3.400058012914542e-16,0.009946634567175757,0.054878277737731754,0.025198626705802266,0.02209488811597356
2024-11-25,2024-11-22,2024-12-02,0.0551124588394975,0.0181478849961566,0.0369645738433408,0.04770616369816069,0.03625918596846045,0.0432046238266528,50,0.018147884996156348,0.03696457384334118,2.5326962749261384e-16,-3.8163916471489756e-16,-0.010741589854819891,0.0007053878748803505,-0.006240049983311999,0.0074062951413368106
2024-12-02,2024-11-29,2024-12-09,0.0050857193363038,0.0156677347601746,-0.0105820154238708,0.010833355684033976,0.0005871842412537021,-0.0016377318206223235,50,0.015667734760174475,-0.010582015423870588,1.249000902703301e-16,-2.1163626406917047e-16,-0.021415371107904778,-0.011169199665124502,-0.008944283603248476,-0.005747636347730177
2024-12-09,2024-12-06,2024-12-16,0.0216164635037959,-0.0079554543978865,0.0295719179016824,0.0087508347640527,-0.005802818511848495,-0.0040851811837347984,50,-0.00795545439788634,0.029571917901682288,-1.6132928326584306e-16,1.1102230246251565e-16,0.020821083137629696,0.035374736413530894,0.0336570990854172,0.0128656287397432
2024-12-16,2024-12-13,2024-12-23,-0.0867874539518953,-0.0381300908064406,-0.0486573631454546,-0.05627302049393726,-0.01590670770896052,-0.028855344148644768,50,-0.03813009080644033,-0.048657363145454983,-2.706168622523819e-16,3.8163916471489756e-16,0.007615657348482657,-0.03275065543649408,-0.019802018996809834,-0.03051443345795804
2024-12-23,2024-12-20,2024-12-30,0.0250263939714339,0.0027296596385043,0.0222967343329295,0.0006192637901868953,0.013805845098864733,0.008127774187304704,50,0.002729659638504109,0.022296734332929825,1.9081958235744878e-16,-3.2612801348363973e-16,0.0216774705427426,0.008490889234064766,0.014168960145624795,0.024407130181247003
2024-12-30,2024-12-27,2025-01-06,-0.0833586775418808,0.0085628959969217,-0.0919215735388025,-0.08161506163501464,-0.07997789410871214,-0.08752133525764216,50,0.008562895996921527,-0.09192157353880238,1.734723475976807e-16,-1.1102230246251565e-16,-0.010306511903787854,-0.011943679430090351,-0.004400238281160332,-0.0017436159068661555
2025-01-06,2025-01-03,2025-01-13,-0.007447505737713,-0.0115095049464555,0.0040619992087425,-0.0010765503571217327,-0.008365425365296497,-0.008659012166482571,50,-0.011509504946455286,0.0040619992087422485,-2.1337098754514727e-16,2.5153490401663703e-16,0.005138549565864233,0.012427424574038996,0.01272101137522507,-0.006370955380591268
2025-01-13,2025-01-10,2025-01-20,0.0629093038580829,0.0172941260259927,0.0456151778320901,0.05937576946715076,0.04322611814110777,0.05750188417241198,50,0.017294126025992732,0.045615177832090265,-3.122502256758253e-17,-1.6653345369377348e-16,-0.01376059163506066,0.002389059690982326,-0.011886706340321879,0.0035335343909321387
2025-01-20,2025-01-17,2025-01-27,-0.0088330704857079,-0.0040032745936318,-0.004829795892076,-0.011206157841973305,-0.004451109927631536,-0.005626663718394709,50,-0.004003274593632026,-0.0048297958920759275,2.255140518769849e-16,-7.28583859910259e-17,0.006376361949897305,-0.00037868596444446453,0.0007968678263187085,0.0023730873562654055
2025-01-27,2025-01-24,2025-02-05,-0.00362796478,-0.0048653735713562,0.0012374087913562,0.010245434478113134,0.004481745608605037,0.00605021835181585,50,-0.004865373571356289,0.0012374087913562773,8.847089727481716e-17,-7.741203511546502e-17,-0.009008025686756934,-0.0032443368172488368,-0.00481280956045965,-0.013873399258113133
2025-02-05,2025-01-27,2025-02-10,0.0420329781003423,-0.0094826750870483,0.0515156531873906,0.0544825534481174,0.04883166292330965,0.0559573845860879,50,-0.00948267508704822,0.051515653187390556,-7.979727989493313e-17,4.163336342344337e-17,-0.0029669002607268027,0.0026839902640809488,-0.004441731398697302,-0.012449575347775098
2025-02-10,2025-02-07,2025-02-17,0.0288109885319045,-0.0049084094281165,0.033719397960021,0.012756314361491399,0.010218135194572486,0.011435380119312999,50,-0.004908409428116578,0.03371939796002117,7.806255641895632e-17,-1.734723475976807e-16,0.0209630835985296,0.023501262765448512,0.022284017840708,0.016054674170413098
2025-02-17,2025-02-14,2025-02-24,0.0275710223605811,0.0112507105715149,0.0163203117890661,0.01984560379640166,0.016179951317258245,0.029045286449088437,50,0.011250710571514892,0.016320311789066216,8.673617379884035e-18,-1.1449174941446927e-16,-0.0035252920073355586,0.00014036047180785577,-0.012724974660022335,0.0077254185641794405
2025-02-24,2025-02-21,2025-03-03,-0.0176830755246241,-0.0100685266456457,-0.0076145488789783,-0.017979087976121907,-0.02633594542239248,-0.029447619283356263,50,-0.010068526645645677,-0.007614548878978447,-2.2551405187698492e-17,1.465841337200402e-16,0.010364539097143606,0.018721396543414183,0.021833070404377965,0.00029601245149780617
2025-03-03,2025-02-28,2025-03-10,0.0368001528044249,-0.0017269570939751,0.0385271098984,0.03384543045157519,0.02172188175888623,0.03941871344842807,50,-0.0017269570939752663,0.03852710989840017,1.6631661325927638e-16,-1.734723475976807e-16,0.004681679446824807,0.016805228139513767,-0.0008916035500280695,0.0029547223528497077
2025-03-10,2025-03-07,2025-03-17,0.0337575752069629,0.0052782841158576,0.0284792910911052,0.019792670431280118,0.015697699555342837,0.010519907314402444,50,0.0052782841158574715,0.02847929109110546,1.2836953722228372e-16,-2.6020852139652106e-16,0.008686620659825083,0.012781591535762363,0.017959383776702757,0.013964904775682786
2025-03-17,2025-03-14,2025-03-24,-0.0214778162818036,0.0249323879412788,-0.0464102042230824,-0.03096286133727986,-0.02274714228178698,-0.034786791854400145,50,0.024932387941278524,-0.04641020422308222,2.7755575615628914e-16,-1.8041124150158794e-16,-0.015447342885802542,-0.023663061941295423,-0.011623412368682258,0.00948504505547626
2025-03-24,2025-03-21,2025-03-31,-0.0172303401002874,0.004253212151703,-0.0214835522519904,-0.022832757646005123,-0.018647764814678225,-0.021019316577415736,50,0.004253212151703249,-0.021483552251990695,-2.489328188026718e-16,2.949029909160572e-16,0.0013492053940147228,-0.0028357874373121754,-0.00046423567457466383,0.005602417545717723
2025-03-31,2025-03-28,2025-04-07,-0.0935194570202432,0.0165487810056687,-0.1100682380259119,-0.1122723352212368,-0.09743298217581109,-0.11727172717271728,50,0.016548781005668988,-0.11006823802591226,-2.8796409701215e-16,3.608224830031759e-16,0.0022040971953248972,-0.012635255850100807,0.007203489146805381,0.018752878200993597
2025-04-07,2025-04-03,2025-04-14,0.0943745372052101,-0.0132048816521962,0.1075794188574063,0.08615334599312618,0.06432912239953259,0.0804320614797942,50,-0.013204881652196217,0.10757941885740631,1.734723475976807e-17,-1.3877787807814457e-17,0.02142607286428011,0.043250296457873705,0.02714735737761209,0.008221191212083909
2025-04-14,2025-04-11,2025-04-21,0.0294790252115535,0.0052746557973456,0.0242043694142078,0.007381642651825656,0.002708302974512744,0.002376008877617908,50,0.005274655797345605,0.02420436941420798,-5.204170427930421e-18,-1.8041124150158794e-16,0.016822726762382143,0.021496066439695056,0.021828360536589892,0.022097382559727843
2025-04-21,2025-04-18,2025-04-28,-0.0096134713656885,0.0025460026878433,-0.0121594740535318,-0.00936518852249087,-0.007814078456254259,-0.012696887431459025,50,0.0025460026878432154,-0.01215947405353176,8.456776945386935e-17,-3.9898639947466563e-17,-0.0027942855310409305,-0.004345395597277542,0.0005374133779272247,-0.0002482828431976305
2025-04-28,2025-04-25,2025-05-06,0.0395186253399492,0.0059713782468788,0.0335472470930703,0.04630250801024009,0.025372033245866232,0.03843078001585831,50,0.005971378246878717,0.03354724709307055,8.239936510889834e-17,-2.498001805406602e-16,-0.012755260917169796,0.008175213847204064,-0.004883532922788016,-0.00678388267029089
2025-05-06,2025-04-30,2025-05-12,0.029663827208757,0.0022543206745856,0.0274095065341713,0.019586360382548487,0.009292148709220571,0.010575265610560214,49,0.001891097415865689,0.027772729792891332,0.0003632232587199109,-0.00036322325872003083,0.007823146151622815,0.01811735782495073,0.016834240923611087,0.010077466826208515
2025-05-12,2025-05-09,2025-05-19,-0.0031649810351144,-0.0010516643060451,-0.0021133167290692,0.004757422160187467,-0.012579245970170905,-0.011693630765339358,50,-0.0010516643060449733,-0.0021133167290694616,-1.2663481374630692e-16,2.6150956400350367e-16,-0.006870738889256668,0.010465929241101705,0.009580314036270158,-0.007922403195301866
2025-05-19,2025-05-16,2025-05-26,-0.0131783072270032,0.0048446493188738,-0.018022956545877,-0.007589336334707378,-0.008972537009748649,-0.01091817683673102,50,0.004844649318873709,-0.018022956545876996,9.107298248878237e-17,-3.469446951953614e-18,-0.010433620211169621,-0.00905041953612835,-0.00710477970914598,-0.005588970892295822
2025-05-26,2025-05-23,2025-06-03,0.014602324040315,0.0102270375182435,0.0043752865220714,0.011594199946926733,0.004476616820649593,0.006842168992451159,50,0.010227037518243448,0.004375286522071621,5.204170427930421e-17,-2.211772431870429e-16,-0.007218913424855333,-0.00010133029857819272,-0.0024668824703797587,0.0030081240933882668
2025-06-03,2025-05-30,2025-06-09,0.0277623271213833,-0.0024489197630504,0.0302112468844337,0.0272713125575609,0.01945796545644818,0.024533610981146703,50,-0.0024489197630505467,0.030211246884433874,1.465841337200402e-16,-1.734723475976807e-16,0.0029399343268728013,0.010753281427985522,0.005677635903286998,0.0004910145638223999
2025-06-09,2025-06-06,2025-06-16,-0.0096613450410295,-0.0002963177528265,-0.0093650272882029,-0.00818847703801611,-0.00651778870582953,-0.011497099193434224,50,-0.0002963177528265577,-0.009365027288203025,5.767955557622884e-17,1.249000902703301e-16,-0.0011765502501867899,-0.00284723858237337,0.002132071905231323,-0.0014728680030133886
2025-06-16,2025-06-13,2025-06-23,-0.0122056435135257,0.004814505695011,-0.0170201492085367,-0.011341903223349417,-0.016234931455786583,-0.011263188373734856,50,0.004814505695011049,-0.017020149208536832,-4.85722573273506e-17,1.3183898417423734e-16,-0.005678245985187283,-0.000785217752750117,-0.005756960834801844,-0.0008637402901762823
2025-06-23,2025-06-20,2025-06-30,0.0450587433865174,0.0068747333296721,0.0381840100568452,0.04695784904277038,0.042511944478223374,0.04573049346683744,50,0.006874733329672107,0.03818401005684532,-7.806255641895632e-18,-1.1796119636642288e-16,-0.00877383898592518,-0.004327934421378174,-0.007546483409992241,-0.0018991056562529807
2025-06-30,2025-06-27,2025-07-07,0.0062133864583228,0.0030318856285032,0.0031815008298195,0.003707600143357349,-0.0025323774087592232,-0.0045687818784238,50,0.0030318856285031,0.00318150082981979,9.974659986866641e-17,-2.90132501357121e-16,-0.0005260993135378493,0.005713878238578723,0.0077502827082433,0.002505786314965451
2025-07-07,2025-07-04,2025-07-14,0.0484396944155766,0.0063074524875276,0.0421322419280489,0.022933578839525497,0.020413835648709133,0.021363522855508243,50,0.006307452487527659,0.04213224192804898,-5.898059818321144e-17,-7.632783294297951e-17,0.019198663088523405,0.02171840627933977,0.02076871907254066,0.025506115576051102
2025-07-14,2025-07-11,2025-07-21,0.0174877995624542,0.004055933792678,0.0134318657697761,0.02319968920987211,0.023327232322293057,0.023203776977582358,50,0.004055933792677855,0.01343186576977638,1.448494102440634e-16,-2.7929047963226594e-16,-0.009767823440096008,-0.009895366552516957,-0.009771911207806258,-0.005711889647417909
2025-07-21,2025-07-18,2025-07-28,0.034119837261723,0.0074718437405077,0.0266479935212152,0.01654433379584064,0.026310963090641293,0.017803292671491944,50,0.007471843740507649,0.02664799352121536,5.117434254131581e-17,-1.5959455978986625e-16,0.01010365972537456,0.00033703043057390844,0.008844700849723258,0.017575503465882356
2025-07-28,2025-07-25,2025-08-04,0.0068215467263918,0.0076072934272319,-0.0007857467008401,0.004183070670551103,-0.00975579670494775,0.001442797749770408,50,0.007607293427231973,-0.0007857467008401458,-7.28583859910259e-17,4.586175189613684e-17,-0.004968817371391203,0.00897005000410765,-0.002228544450610508,0.0026384760558406974
2025-08-04,2025-08-01,2025-08-11,0.0405441221635194,0.0062888301989854,0.0342552919645339,0.03272265573935723,0.020765826696456102,0.030305548178031883,50,0.006288830198985468,0.03425529196453402,-6.852157730108388e-17,-1.249000902703301e-16,0.001532636225176666,0.013489465268077795,0.003949743786502015,0.00782146642416217
2025-08-11,2025-08-08,2025-08-18,0.0369438937182882,0.0101675310785429,0.0267763626397452,0.02365024414745017,0.04324474010288237,0.042290111953732445,50,0.01016753107854265,0.02677636263974564,2.498001805406602e-16,-4.40619762898109e-16,0.0031261184922950283,-0.016468377463137174,-0.015513749313987246,0.013293649570838027
2025-08-18,2025-08-15,2025-08-25,0.0199707943381602,0.0012139466008954,0.0187568477372647,0.027970239763681865,0.042549904996423304,0.0331781253454182,50,0.001213946600895379,0.018756847737264895,2.1033522146218786e-17,-1.942890293094024e-16,-0.009213392026417164,-0.023793057259158604,-0.014421277608153496,-0.007999445425521664
2025-08-25,2025-08-22,2025-09-01,-0.0141574621606874,0.0016281743882174,-0.0157856365489048,-0.007179294906437063,0.02278369942030234,0.0031319665192510726,50,0.0016281743882172986,-0.01578563654890472,1.0148132334464322e-16,-7.979727989493313e-17,-0.008606341642467735,-0.03856933596920714,-0.01891760306815587,-0.006978167254250337
2025-09-01,2025-08-29,2025-09-08,-0.0157991898216881,-0.0061499379652225,-0.0096492518564655,-0.007533550884390857,-0.01661957529158442,-0.025345447031455137,50,-0.006149937965222355,-0.009649251856465778,-1.457167719820518e-16,2.7755575615628914e-16,-0.002115700972074643,0.0069703234351189206,0.015696195174989637,-0.008265638937297244
2025-09-08,2025-09-05,2025-09-15,0.0001622007924215,-0.0047517504895929,0.0049139512820144,0.006957082324504517,0.02077195471473603,0.01429894283021671,50,-0.0047517504895930535,0.004913951282014582,1.5352302762394743e-16,-1.8214596497756474e-16,-0.0020431310424901166,-0.01585800343272163,-0.009384991548202309,-0.0067948815320830165
2025-09-15,2025-09-12,2025-09-22,-0.0068858126493366,0.002882775683676,-0.0097685883330126,-0.001582198504021801,0.012297263974354822,0.009966867010897218,50,0.0028827756836759854,-0.009768588333012614,1.474514954580286e-17,1.3877787807814457e-17,-0.008186389828990798,-0.02206585230736742,-0.019735455343909816,-0.005303614145314799
2025-09-22,2025-09-19,2025-09-29,-0.0066508690832303,0.0049560321270269,-0.0116069012102572,-0.00025004267467140687,0.017360241269015253,0.00111489716241997,50,0.004956032127026942,-0.011606901210257333,-4.163336342344337e-17,1.3357370765021415e-16,-0.011356858535585794,-0.028967142479272453,-0.01272179837267717,-0.0064008264085588925
2025-09-29,2025-09-26,2025-10-09,0.0339475307898775,-0.0093035968617651,0.0432511276516426,0.012871165973197112,0.02698569904878001,0.020035130164327564,50,-0.009303596861765056,0.04325112765164256,-4.336808689942018e-17,4.163336342344337e-17,0.03037996167844549,0.01626542860286259,0.023215997487315038,0.02107636481668039
2025-10-09,2025-09-30,2025-10-13,-0.0196759142735474,-0.0116325610662989,-0.0080433532072484,-0.006953821398999555,-0.022832405165242098,-0.016774210419649438,50,-0.011632561066298808,-0.008043353207248619,-9.194034422677078e-17,2.185751579730777e-16,-0.001089531808248845,0.014789051957993697,0.008730857212401038,-0.012722092874547845
2025-10-13,2025-10-10,2025-10-20,-0.0221011769122686,-0.0086201603110201,-0.0134810166012484,-0.01787557675088908,-0.04160747014868715,-0.03731236103279889,50,-0.008620160311020099,-0.013481016601248534,-1.734723475976807e-18,1.3357370765021415e-16,0.0043945601496406805,0.028126453547438753,0.02383134443155049,-0.00422560016137952
2025-10-20,2025-10-17,2025-10-27,0.0198261956105034,-0.0126524937161853,0.0324786893266887,0.031756444466938025,0.043814112175443176,0.03539074867595504,50,-0.012652493716184939,0.03247868932668835,-3.608224830031759e-16,3.5388358909926865e-16,0.0007222448597506773,-0.011335422848754474,-0.0029120593492663396,-0.011930248856434626
2025-10-27,2025-10-24,2025-11-03,0.0143554389968894,0.0062809397592786,0.0080744992376107,0.00817409823809186,-0.006205119935387637,0.005702179209059466,50,0.006280939759278602,0.008074499237610852,-1.734723475976807e-18,-1.5092094240998222e-16,-9.959900048115908e-05,0.014279619172998338,0.002372320028551235,0.006181340758797541
2025-11-03,2025-10-31,2025-11-10,0.010681001239651,0.0097717492167466,0.0009092520229043,0.010767149902803969,0.0013908585142359264,0.0033337224666096787,50,0.009771749216746483,0.0009092520229046054,1.1622647289044608e-16,-3.054197519891666e-16,-0.00985789787989967,-0.0004816064913316264,-0.0024244704437053786,-8.614866315296947e-05
2025-11-10,2025-11-07,2025-11-17,0.0321032410960961,0.0062750653989104,0.0258281756971856,0.006718297602837806,-0.014767559029385313,-0.005311208805738321,50,0.006275065398910398,0.025828175697185773,2.6020852139652106e-18,-1.734723475976807e-16,0.019109878094347794,0.04059573472657091,0.03113938450292392,0.025384943493258295
2025-11-17,2025-11-14,2025-11-24,-0.0844610976116111,-0.0240857440502051,-0.0603753535614059,-0.05132683232020454,-0.05063749507625759,-0.04873934611887687,50,-0.024085744050205082,-0.06037535356140611,-1.734723475976807e-17,2.0816681711721685e-16,-0.009048521241201361,-0.009737858485148312,-0.011636007442529031,-0.033134265291406555
2025-11-24,2025-11-21,2025-12-01,0.0203435064198989,-0.0065285131847676,0.0268720196046665,0.03248192074237662,0.033900279081143125,0.03217674783865099,50,-0.006528513184767543,0.026872019604666494,-5.724587470723463e-17,6.938893903907228e-18,-0.0056099011377101216,-0.007028259476476624,-0.005304728233984486,-0.012138414322477722
2025-12-01,2025-11-28,2025-12-08,-0.0088630203485345,-0.0119338532830823,0.0030708329345478,0.0037426220647591314,0.0099326511617428,0.004923727574498882,50,-0.01193385328308231,0.003070832934547803,1.0408340855860843e-17,-3.0357660829594124e-18,-0.0006717891302113312,-0.006861818227195,-0.0018528946399510816,-0.012605642413293632
2025-12-08,2025-12-05,2025-12-15,-0.0095449463513889,0.0172431069845329,-0.0267880533359218,-0.020489267958474007,-0.008143751646945141,-0.015353527188958771,50,0.017243106984533,-0.026788053335921904,-1.0061396160665481e-16,1.0408340855860843e-16,-0.006298785377447793,-0.01864430168897666,-0.011434526146963029,0.010944321607085108
2025-12-15,2025-12-12,2025-12-22,0.0133863439151223,0.0033691786541727,0.0100171652609495,0.014724162264124367,0.019918582617838743,0.013581736689159296,50,0.0033691786541728093,0.01001716526094949,-1.0928757898653885e-16,1.0408340855860843e-17,-0.004706997003174868,-0.009901417356889243,-0.0035645714282097965,-0.0013378183490020679
2025-12-22,2025-12-19,2025-12-29,0.0096576974210362,-0.0048750048645399,0.0145327022855761,0.01595879498462463,0.02411221032959099,0.025081158422590732,50,-0.0048750048645401015,0.01453270228557632,2.0122792321330962e-16,-2.185751579730777e-16,-0.0014260926990485295,-0.009579508044014888,-0.010548456137014632,-0.00630109756358843
