date,signal_date,next_date,return,num_stocks,turnover,SIZE_factor_return,MIDCAP_factor_return,BETA_factor_return,RESVOL_factor_return,HISTVOL_factor_return,MOMENTUM_factor_return,RESMOM_factor_return,BTOP_factor_return,EYIELD_factor_return,CFP_factor_return,SP_factor_return,LP_factor_return,EGRO_factor_return,SGRO_factor_return,MLEV_factor_return,BLEV_factor_return,LIQUIDITY_factor_return,STOM_factor_return,STOQ_factor_return,ROE_factor_return,ROA_factor_return,CAPX_factor_return,AGRO_factor_return,TOPSI_factor_return,SEASON_factor_return,SIZE_exposure,MIDCAP_exposure,BETA_exposure,RESVOL_exposure,HISTVOL_exposure,MOMENTUM_exposure,RESMOM_exposure,BTOP_exposure,EYIELD_exposure,CFP_exposure,SP_exposure,LP_exposure,EGRO_exposure,SGRO_exposure,MLEV_exposure,BLEV_exposure,LIQUIDITY_exposure,STOM_exposure,STOQ_exposure,ROE_exposure,ROA_exposure,CAPX_exposure,AGRO_exposure,TOPSI_exposure,SEASON_exposure,matched_stock_count,SIZE_contribution,MIDCAP_contribution,BETA_contribution,RESVOL_contribution,HISTVOL_contribution,MOMENTUM_contribution,RESMOM_contribution,BTOP_contribution,EYIELD_contribution,CFP_contribution,SP_contribution,LP_contribution,EGRO_contribution,SGRO_contribution,MLEV_contribution,BLEV_contribution,LIQUIDITY_contribution,STOM_contribution,STOQ_contribution,ROE_contribution,ROA_contribution,CAPX_contribution,AGRO_contribution,TOPSI_contribution,SEASON_contribution,style_factor_return,residual_return
2020-02-17,2020-02-14,2020-02-24,0.0878636274947736,50,0.0,0.0023636825207076217,-0.0015526668604062266,0.016634391388898218,-0.005594646095216427,0.0024715516398847726,-0.01075074144572441,0.020869181332219044,-1.415746123589745e-05,-0.004415789850542251,-0.0009586230208487034,-0.00025211659207247106,-0.004415789850541252,0.0010778485808911054,-0.0009321251829741417,0.002783722966034574,-0.007971650743538228,-0.00549423407122529,-0.0008651089444104976,-0.0018910833825439566,5.9858950489877216e-05,-0.0019528091380923707,0.004499338267556663,0.0006307311460884701,-0.005564986223483559,0.0010713672017335085,-0.015934434754732208,-0.5436182241061767,0.6671156028931792,0.41723493217216606,0.452107793630952,-0.3276826069804987,0.15878913056614943,-0.7803168442523333,-0.33108252875371547,-0.11942891885253382,-0.4761248570058831,-0.33108252875371547,0.06158695114906942,-0.27527497880711704,-0.4170379048007225,-0.409851070569985,0.7087339544297202,0.8685250029129306,0.6114901154825393,0.22205225549621774,0.49348647475850227,0.7673947177857494,0.17934692572225264,0.17965804677588992,-0.08420951678855303,50,-3.766394490711656e-05,0.0008440580012825458,0.011097062040165943,-0.0023342817840648995,0.0011174077587532657,0.0035228309839082706,0.003313799159370378,1.1047305474220237e-05,0.0014619908701625198,0.00011448731096711064,0.00012003897634931584,0.0014619908701621889,6.638140789743431e-05,0.00025659073998878694,-0.0011609179933007117,0.0032671895914491594,-0.003893950239862001,-0.0007513687484641296,-0.001156378795978915,1.3291814967913663e-05,-0.0009636848974333932,0.003452768420054268,0.00011311969200824012,-0.0009997945552457923,-9.021931436108297e-05,0.01884579466934352,0.06901783282543007
2020-02-24,2020-02-21,2020-03-02,-0.0617476635022847,50,0.44,-0.011743788989092563,0.0005894320422641375,-0.0076748571132578824,0.01547630610662254,-0.022793720731590805,0.00012130715358016353,-0.029124380387452464,0.003094684008889237,0.0033934369540880027,-0.002453508328450149,0.004202829145342868,0.0033934369540875586,0.002216691069588661,0.0005814686675247316,0.00028244510888297825,0.00461390649689819,-0.01923530488675429,0.004541810728324602,-0.009018617020309927,0.0006728758376797206,0.0007390350024585324,-0.0012014516235587802,0.002294528894077663,0.022243846356561292,0.003463230977245324,-0.1255729523965831,-0.48461929649701574,0.6027633393150128,0.3349377694127596,0.3815063318323966,-0.3458804776568052,-0.018910787329591235,-0.7212165355312952,-0.4810121392143236,-0.34699632278842196,-0.5135002582131947,-0.4810121392143236,-0.012004341551751738,-0.460956751433578,-0.4047659076442335,-0.3858333334379441,0.7693067569861369,0.5814738146654587,0.5585820549536433,-0.05542219301376552,0.12727173721955842,0.5238456972288573,0.3067007200645242,0.021963002343887105,0.023021160127595995,50,0.001474702255682837,-0.00028565014165484555,-0.0046261225023529005,0.005183599446101223,-0.008695948785121258,-4.195777622349439e-05,0.0005507649636132316,-0.0022319372794551953,-0.0016322843685748086,0.0008513583679029696,-0.0021581538513595028,-0.001632284368574595,-2.6609916714060167e-05,-0.0002680319080426115,-0.00011432415085669305,-0.0017801989238692161,-0.014797850022068534,0.0026409440096874116,-0.005037637628044623,-3.729225455018463e-05,9.405826862895804e-05,-0.0006293752634298919,0.0007037336640224757,0.0004885416496662203,7.972759488601537e-05,-0.031928228920701074,-0.029819434581583627
2020-03-02,2020-02-28,2020-03-09,0.006672474787328,50,0.8,-0.010177606155876928,0.0033679232466938824,-0.01219008867759519,-0.019262841955585253,0.00974293656918146,-0.0026931493393672623,-0.10837870722653753,-9.671365706476198e-05,-0.0007109599066240646,-0.0015380454775916208,-1.5841355708090532e-05,-0.0007109599066242867,-0.0002814724947824976,-0.0010182004392590427,-0.001804598666798718,0.0011201355034877736,-0.005733411500041363,-0.0027643172232518776,-0.004196515758531194,-0.0004721989341054389,7.539463108585664e-05,-7.954551452404868e-05,-0.0004554676237491506,0.10311466945751757,0.006177322462163515,-0.23520094769715308,-0.34265683878890135,0.44885401343105724,0.18593376241344012,0.22747441088134074,-0.4225240898173313,-0.32314884372632063,-0.09815941403528797,-0.3397578104154229,-0.34333891642599346,0.2782463760458509,-0.3397578104154229,0.4310611921349713,0.14097774502194782,-0.1819714742590968,-0.12824872917698127,-0.0760062409287669,-0.007649959283849546,-0.09805296870806325,-0.18341831901395242,-0.26472093362962856,0.5852557507805503,0.9235724095302027,-0.3056641288486814,0.17306052960360457,50,0.0023937826131506324,-0.001154041932995779,-0.00547157022701909,-0.0035816126795774348,0.0022162687563288238,0.0011379204733582996,0.03502245392480903,9.493355906686825e-06,0.0002415541811677457,0.0005280708676902066,-4.407799817429445e-06,0.00024155418116782117,-0.0001213318691541479,-0.00014354360190709658,0.0003283854798433633,-0.00014365595482832504,0.0004357750558159067,2.1146914205520897e-05,0.0004114808283541535,8.660993473379969e-05,-1.9958537131709388e-05,-4.6554469823997274e-05,-0.00042065733072899883,-0.03151845561125184,0.0010690506968342604,0.0015177572491304,0.0051547175381976
2020-03-09,2020-03-06,2020-03-16,-0.0552207011120552,50,0.66,-0.00999659217406057,0.0031961849601942482,-0.00020315479807453407,0.019850078548549588,-0.0398596084055205,-0.0026302192495365473,-0.04808978615968185,-0.0016925106865217643,0.00043901077446539816,-0.00028674749441059966,-0.004564533147576655,0.00043901077446495407,0.00023378482694513814,0.00018063756982078516,0.008892686294848184,4.033248525092681e-05,-0.015432938651402162,0.008742535094683923,-0.008251681653663523,-0.0017534039827346026,-0.006175902925722454,-0.0004412159523771164,-0.000562945098757095,0.04939822566263241,0.003468382668877723,-0.32726982051809683,-0.280385175296232,0.3206052365309104,0.1808324982234344,0.2273246918785528,-0.5280813320897001,-0.1485581004912342,-0.3385646659547834,-0.2857865104447668,-0.44987870992808515,-0.22929241849810908,-0.2857865104447668,-0.01028100337704456,-0.00759574839638191,-0.3284738554751058,-0.3101637198881073,0.14301253162786165,-0.1110201022733325,-0.20009805584162307,0.010894104496591823,0.10304976204192547,0.06959045475361006,0.1275576948975444,-0.1273038882366464,0.7516734899751776,50,0.003271582926597414,-0.0008961628803432446,-6.513249208907534e-05,0.0035895392938656264,-0.00906107319918472,0.0013889696849832313,0.007144127284911979,0.0005730243152071423,-0.00012546335728212067,0.00012900159286055138,0.0010466128447226375,-0.00012546335728199373,-2.403542595324743e-06,-1.3720775312925543e-06,-0.002921014952799417,-1.2509673657759682e-05,-0.0022071036269945003,-0.0009705971403400079,0.0016511454563220601,-1.9101766212651044e-05,-0.0006364253268897302,-3.070441877047069e-05,-7.180797915132552e-05,-0.006288586198844395,0.0026070913052847386,-0.0020338272852126484,-0.053186873826842555
2020-03-16,2020-03-13,2020-03-23,-0.0322814858021923,50,0.76,-0.011534282478798508,0.005602274938956153,0.0029495579296214824,-0.023881449574968072,0.018321276268678632,-0.009277910714400872,0.07431018230595421,-0.008566928247124683,-0.0006235175253099801,0.0014103629783770444,0.002909192750529588,-0.0006235175253102021,0.0022335486496587453,-0.0012082615967684562,0.006569713086127749,-0.00775271628795271,-0.023687052665825492,0.0023648245751635155,0.004328699809215353,0.0004972361836741435,0.005428609174320309,-0.00027791460631554354,-0.0012587541007827996,-0.06304313235705838,-0.0012545775938411774,-0.4366897548942091,-0.1387138118479948,0.21201603439454111,0.07981910019453207,0.08479198177583022,-0.5235369851186327,-0.5375129171077879,0.048240895848384015,-1.1083206784114634,-0.20864817477228484,-0.21756361097955146,-1.1083206784114634,-0.11002472900689263,-0.12710441775574732,-0.22902522694760263,-0.18668545174588708,-0.407465909906315,-0.5074459894278667,-0.5066999757745942,-1.304741296252927,-1.113736921323546,-0.026554777172950638,-0.37040379297395665,-0.5100044810805142,0.3711346783525016,50,0.005036902988547091,-0.0007771129118031004,0.0006253535754553197,-0.001906195816415042,0.0015534973234837494,0.004857329403617292,-0.03994268286208497,-0.0004132762933101209,0.0006910573666529939,-0.00029426966120477376,-0.0006329344798407505,0.00069105736665324,-0.00024574558490241444,0.0001535753867538842,-0.0015046300305310426,0.0014473193424741485,0.009651666467479388,-0.0012000207463671846,-0.00219335208846491,-0.0006487645828308604,-0.006046042468876258,7.379960443817559e-06,0.0004662472933514711,0.03215228000345174,-0.00046561725175850075,0.001063021699974208,-0.033344507502166505
2020-03-23,2020-03-20,2020-03-30,0.0270003651013423,50,0.86,0.000495205980051372,0.001783839122687425,-0.030132328283134946,0.014453123225874664,0.0011277722862761408,-0.0022111084551624804,0.0027740853870750204,0.004863100723382807,-0.0012749592723070302,-0.0003562452476516542,0.00281688110056022,-0.0012749592723068082,-0.0011164312648458408,0.0027185375602454265,0.0017269109958972795,-0.0034025426968791184,-0.013487238606186391,0.002959649757875882,-0.005956844947732187,0.0031905612397435945,0.006635540188677291,0.0030769726728665514,0.002542159360984675,-0.0027836551276030352,0.001907241996380371,-0.5242992531707663,-0.011320648457186708,0.06762687121691593,0.29722342449102185,0.28314249189123014,-0.4825504100871626,-0.46260991997134093,-0.16115824780000268,-0.13340026159870189,-0.42885424596428307,0.03983947413819884,-0.13340026159870189,0.906377504008539,-0.2103834730283051,-0.2397082154870092,-0.2694677498234108,-0.35171685082457205,-0.3195931152124693,-0.3705531325681999,-0.27064634138108795,-0.19943978722820424,-0.08311131091391168,-0.4428458559381078,-0.455057386092252,0.9899503915400217,50,-0.0002596361255066317,-2.019421561212069e-05,-0.0020377550842694005,0.004295806779785192,0.0003193202554220963,0.0010669712917858475,-0.0012833194189084416,-0.0007837287914552987,0.0001700799004534484,0.00015277728706000946,0.00011222306175614998,0.00017007990045341881,-0.0010119081832280694,-0.000571935373482328,-0.00041395475313143077,0.0009168755242060958,0.004743689088887468,-0.0009458836860573835,0.002207327555605217,-0.0008635137264889121,-0.0013233907233739972,-0.0002557312324882218,-0.0011257847381463315,0.0012667228261493313,0.001888074961078321,0.006413212380494028,0.020587152720848274
2020-03-30,2020-03-27,2020-04-07,0.0422690464611599,50,0.86,-0.0033169211724698444,-6.474786133392474e-05,-0.001445767058508518,-0.029183154715319293,0.04269514315498668,0.0075961476045169896,-0.009778565709997356,-0.006924630709310597,0.001451722943617506,0.0009754904565255629,-0.00036668121915539587,0.001451722943617062,-0.0018857530278155732,0.0014198614947174004,0.006773131260763288,-0.005131544262525822,-0.012632140109476886,0.008019682786166715,0.0025862391068689483,-0.006507028492837019,0.002298334353823872,-0.0012963187861138037,0.0013982185198193608,0.006329881644992819,-0.005604749560639721,-0.26646573805164886,-0.33698313813460923,-0.616327919340948,-0.12238396009334096,-0.2227589056002219,-0.22814867824905832,0.24033422636598428,-0.4092921549808458,0.1262954260736184,-0.08373870030584793,-0.31652159512709216,0.1262954260736184,0.47059753540247745,0.7522311547250992,-0.399761174030544,-0.4340547327857604,-0.26280808320295546,-0.2868690662882363,-0.32389765844618323,0.48406487639058965,0.7476491381169715,0.1070548698370877,0.17275733888344155,0.20177627851476163,0.754687400319177,50,0.0008838458482813175,2.1818937499810483e-05,0.0008910666030222375,0.0035715500420774315,-0.009510723363649639,-0.0017330510357553017,-0.0023501240248811565,0.0028341970254602772,0.00018334596770502043,-8.16863029902089e-05,0.00011606252439021276,0.00018334596770496435,-0.0008874307272677683,0.0010680640517209755,-0.0027076349046657104,0.0022273710736489477,0.003319828528922792,-0.002300598912795487,-0.0008376767908968006,-0.0031498239430551964,0.0017183476987410447,-0.0001387772389147848,0.00024155251066153736,0.0012772199617655485,-0.0042298338753592405,-0.009389744378629175,0.051658790839789075
2020-04-07,2020-04-03,2020-04-13,0.0084303429000823,50,0.76,0.00031812701070466076,-0.00013787321638336625,-0.005350566379968447,0.03496649560013054,-0.03991011747460893,-0.0010157674414572604,-0.032514608606227346,-0.0019244964685268817,-0.002090588033254681,0.001271061892485159,0.0005695000746246404,-0.00209058803325457,0.0012823100829824075,0.00018228705078993102,0.004448534430315565,-0.0053807568885034796,-0.016330498241992952,0.0023035009849101673,0.0007799403046964137,0.0034969252496890313,0.00022102229162057618,0.0014275822250733317,-0.0004324226556448041,0.0368663592388252,-0.0002485177122072413,-0.02091987434185243,-0.5501145267202779,-0.8612010373871452,-0.10894611221138563,-0.24684095624347308,0.02116298187678724,0.30902667901846514,-0.6122719084173045,0.002492251645643734,-0.039128122462983354,-0.3558518658702883,0.002492251645643734,-0.05411543233964777,0.25927477463522347,-0.40749045543994666,-0.42661866372293017,-0.04870130300835581,-0.12976734831586778,-0.13906056988837368,0.7217289380600783,0.9963761829814398,0.9561069982915384,0.8177410809555749,0.2780994901953508,-0.21151252513001575,50,-6.655177088690646e-06,7.5846059178138e-05,0.004607913317037608,-0.003809463753290744,0.009851451561221813,-2.1496667954590546e-05,-0.010047881517167642,0.001178315125527317,-5.210271466242076e-06,-4.9734265387190687e-05,-0.0002026576641684467,-5.2102714662417995e-06,-6.93927645340826e-05,4.72624340124789e-05,-0.0018127353210495732,0.002295531313591306,0.0007953165431607206,-0.00029891921465478215,-0.0001084589432499951,0.002523832146933539,0.00022022134727872037,0.0013649213560292185,-0.0003536097698566624,0.010252515709675948,5.2564608848488147e-05,0.01647426592116041,-0.00804392302107811
2020-04-13,2020-04-10,2020-04-20,0.0263901830939568,50,0.56,-0.0016160699873211115,-0.0037320365451275483,0.0044462861345635485,0.01550627788567649,-0.02107659901312653,1.148408422424474e-05,-0.0646547004704271,-0.006845336350112086,0.0017778711068991981,-0.0020212409442744717,0.000152960226058374,0.0017778711068996422,0.0018910701533056962,0.00013987820965155606,0.003937860904364765,-0.00029219132627811284,-0.0039906891881634765,-0.0030246925511131506,0.0043923094873807855,-0.002971154433255796,0.003887526202453806,0.0006724191101319388,0.0016430090470429537,0.07913867780216322,-0.003847073047302252,-0.2938154127191414,-0.29833212844027207,-0.918454972709869,-0.35113499270724324,-0.509413892165984,-0.35416085602449265,-0.16923518559050868,-0.23118683246997904,0.19910524015556974,0.2772764203167106,0.0993712319927451,0.19910524015556974,-0.09350095438633348,0.051565408458008444,-0.312185453809777,-0.36659100692542734,-0.1476912039859788,-0.25989489279861083,-0.26124426068235473,0.4648892976409993,0.7112116462191264,0.25603675149460964,0.16207722275771616,-0.21131486427182214,-0.5633317015497223,50,0.00047482627030777,0.001113386405924781,-0.004083713610380833,-0.0054447967723035015,0.010736712336898522,-4.067213099515889e-06,0.010941850233411479,0.0015825516279740204,0.00035398345370481345,-0.0005604424536259935,1.5199846109309418e-05,0.00035398345370490187,-0.00017681686414559256,7.212877015057427e-06,-0.001229342893468893,0.00010711471251516947,0.0005893896909336922,0.000786102146320309,-0.0011474656447188858,-0.0013812578976592283,0.0027648539101671602,0.00017216400460107775,0.00026629434331052376,-0.016723178958415585,0.002167178205722853,0.0016817212108034088,0.024708461883153388
2020-04-20,2020-04-17,2020-04-27,-0.0246547612082618,50,0.72,0.006005852866271422,-0.0007489917117722289,-0.004003920865845667,-0.005350301591656392,-0.0051001109537082145,-0.0071808035084065525,-0.005426884840371016,-0.006377393579771962,-0.0025619356624084766,0.001506075408314489,1.790379366961581e-05,-0.0025619356624086986,-0.0005166724093579322,-0.0014972014099422504,0.009450490115121113,0.0004281645243102705,-0.0238382108352877,0.009640237620116565,-0.010798897578129685,0.0023319721314689623,0.004423386141187757,0.0005403556535450438,0.0019969563554158576,0.020202121979507437,3.855934307717135e-05,-0.1224730811292216,-0.4496004146047733,-0.014215807544571973,0.2995726825538293,0.27622009710727435,0.3084043374268422,0.4653145101496804,-0.6407843198238687,-0.10566660888671371,0.006352612368647671,-0.34527541990113114,-0.10566660888671371,0.3935220544780347,0.3004788275750951,-0.39012488284162805,-0.3593535851803793,0.2190527988591672,0.2887375375288513,0.5505888385842888,0.5769569431962234,0.7529176210271998,1.1915782178240315,0.7785464894676691,0.4564066028232678,-0.37024335282968684,50,-0.0007355553053410279,0.00033674698414833294,5.691896845255798e-05,-0.001602804200284528,-0.0014087531428911566,-0.002214590948202467,-0.002525208261135966,0.004086533807263284,0.0002707110536326403,9.567513266974714e-06,-6.181739877099812e-06,0.00027071105363266377,-0.00020332198802264966,-0.0004498773243032267,-0.003686871348957588,-0.00015386245685794739,-0.005221826803264697,0.0027834984716254506,-0.0059457524755331115,0.0013454475125911141,0.003330445370307772,0.0006438760266423431,0.001554723360129167,0.00922038186248826,-1.4276340463802094e-05,-0.0002593203509547069,-0.024395440857307094
2020-04-27,2020-04-24,2020-05-06,0.0055340141554834,50,0.7,0.000320694026372248,-0.0040461436742686985,0.01485157624597,-0.024504150817610926,0.021467488820663627,0.005458981883742053,0.07379990007019521,-0.005565745277835599,0.0008745788127320075,0.0007836189462588905,-9.859026296110684e-05,0.0008745788127322296,0.0023458782422731694,-0.005499080273070556,0.012490004442419211,-0.0014459753587190427,-0.010905279629531583,-0.003716084773712436,0.022861512397952533,-0.0062947144613733075,0.008830131024760268,0.003560909651627364,0.0012111033877775235,-0.07340530177760907,-0.0013977698833694818,-0.24345568677923587,-0.38129854329382246,-0.35382071949101757,0.11196450570361255,-0.004379651107239269,-0.4120053349271053,-0.255993977974861,-0.31444603280292044,-0.2564225212129949,-0.13347034641131564,0.12208023949808451,-0.2564225212129949,0.713415000871959,0.5835975704835884,-0.24746292424294233,-0.14695407680045755,-0.18081223766682708,-0.09548952490984366,-0.19491813773477676,-0.20533557016710277,-0.14426890736387643,0.38804937467708994,0.06448536683643684,-0.2577489590552658,-0.1734066798929836,50,-7.807478443645401e-05,0.0015427886889561693,-0.005254795392924811,-0.0027435951339805807,-9.402011118306607e-05,-0.002249129659372145,-0.018892329993116498,0.0017501265222069921,-0.0002242617041602091,-0.00010458989221164424,-1.2035922914471054e-05,-0.00022426170416026605,0.0016735847282568228,-0.0032092498872582044,-0.0030908130231283985,0.00021249197391676736,0.0019718080121980727,0.0003548471695665044,-0.004456123422409418,0.0012925287829651953,-0.0012739133548220305,0.001381808763595613,7.809844623768501e-05,0.018920140122316388,0.00024238263472950477,-0.01248658814113248,0.01802060229661588
2020-05-06,2020-04-30,2020-05-11,0.0195066586600175,50,0.84,-0.000800142932720016,-0.0010729316576133519,0.0030304941366205984,-0.006296930445784055,0.004087178708266803,-0.001516105123913869,0.01809008436038395,-0.005015117190054985,-0.0006342701648461846,0.0002879347756112871,8.896555618487234e-05,-0.0006342701648461846,-0.0014352487500675082,0.00012012092292668086,0.005117777505357912,-0.0035265649353266593,-0.010537711848027098,0.008185559214874294,0.0011871705475703376,0.001554139029689372,0.0007236258550216146,0.0003835037025490262,-0.0006178247001786819,-0.013377513439842614,0.006645886517949062,-0.021875377325424043,-0.5896132745352106,0.5382284556116939,0.391325523994175,0.4511924993282166,0.027794003106252532,0.2508806039388148,-0.6172473603589393,0.06748445288135224,0.13675894539262068,-0.2766914547376599,0.06748445288135224,-0.005952760818847429,-0.3098891460293639,-0.33896117920666774,-0.26999072865908397,0.2998760798328501,0.28835334278831315,0.6316884772798184,0.2663171084808262,0.36649078245440014,1.508630257810553,0.43198896532121334,0.24936424698196025,-0.5861766432686775,50,1.7503428567521733e-05,0.0006326147479978998,0.0016310981788935982,-0.002464149606251319,0.0018441043765839707,-4.213863052346746e-05,0.004538451289637233,0.0030955678474521805,-4.280337505360986e-05,3.93776562544605e-05,-2.461600916233734e-05,-4.280337505360986e-05,8.543692524701609e-06,-3.722417022600817e-05,-0.0017347278981334762,0.0009521398365524201,-0.003160007719394544,0.0023603333622006827,0.0007499219554661547,0.0004138938125640704,0.00026520220581110587,0.0005785652896478391,-0.00026689345298007764,-0.003335873565417406,-0.0038956634506359406,0.0020804164273220413,0.017426242232695458
2020-05-11,2020-05-08,2020-05-18,-0.000932734347823,50,0.46,-0.004097510655613368,-0.0013078596090072558,0.005334601381565829,0.009765382219345087,-0.0136378389146522,-0.007660919339367411,0.027919151563189137,-0.005547176573995949,-0.0013677200081256835,0.001249021516142923,-0.0003556458168157972,-0.0013677200081256835,0.0014593307464816352,-0.0007913428168174752,0.016701577005068913,-0.0057753166743895745,-0.011212014863451358,0.01361802693610259,-0.015130884268457878,-0.00536309735895002,0.010245859298777082,0.0012315605583752554,0.00010170115443552952,-0.017025064774750853,0.018327985683816994,-0.08216526514732775,-0.495040312932913,0.7723880394883212,0.46555609898437084,0.5661629060104086,-0.00016023225522367957,0.3504688451036342,-0.6557107644079321,0.14393572220551717,0.20025034627456453,-0.2637426529216285,0.14393572220551717,-0.34451812285500816,-0.5126565711132212,-0.3468568008566134,-0.27347407579931593,0.2672134492022623,0.2124880288817655,0.48518760081856255,0.5748799499148171,0.6721015294890051,1.1098119858889373,0.38135293045987756,0.40103834675746275,-0.12383240576357023,50,0.00033667304946247313,0.0006474432301152692,0.00412038230255932,0.004546333251129636,-0.007721238511621327,1.2275263828335417e-06,0.00978479280462422,0.0036373433916406573,-0.00019686376714450607,0.0002501169911120019,9.379897122747788e-05,-0.00019686376714450607,-0.0005027658894024507,0.0004056870950447247,-0.005793055569238582,0.0015793993899770678,-0.0029960011641698694,0.0028936677009112274,-0.007341317436476409,-0.003083137141101475,0.006886257705637223,0.0013668006690329307,3.8784033275141757e-05,-0.006827703830704797,-0.002269598560027332,-0.0003398375248990504,-0.0005928968229239496
2020-05-18,2020-05-15,2020-05-25,-0.0257442614922745,50,0.58,-0.00910386856661416,0.0015622587123229614,-0.0017363119724170817,0.01231229060771577,-0.01802652670269389,-0.0038677927457863026,0.0026654772952519057,-0.0046542733902077416,0.00021307405465376128,0.00024047251981795803,-0.00026398364031932076,0.00021307405465376128,-0.0021217116659133506,0.0032837027425842713,0.0037085937661567314,0.0014408167633359614,-0.02343157094262227,0.006185925514133661,0.0005056246291843536,-0.005348826879707835,0.008119465666752923,0.0007450094783145733,-0.0006403217691872687,-0.0016871486281323511,0.006574242054374846,-0.12273076643747448,-0.5025696145290033,0.3685150389585171,0.28396075891436334,0.31280919066436735,-0.11639418136385253,0.30194788417422547,-0.5822627530869703,-0.16432903178673924,0.15695900701426635,-0.45068611093818844,-0.16432903178673924,-0.09716330657026122,-0.24793505128824364,-0.36850933725335905,-0.37638911800358094,0.08789395245838849,0.04405889304432192,0.16362680938815163,0.07202937382412711,0.20525044882102442,1.0124703726216442,0.25403763698180026,0.3079324449296537,0.7010430834209245,50,0.0011173247667265879,-0.0007851437588467277,-0.0006398570741594205,0.003496207384941158,-0.005638863228359282,0.0004501885703308441,0.0008048352296157502,0.002710010037801786,-3.501425310012735e-05,3.774432792484518e-05,0.00011897376020682022,-3.501425310012735e-05,0.00020615252104883854,-0.0008141450078979776,-0.0013666514309083558,-0.0005423077507567967,-0.002059493382456199,0.00027254503060735705,8.273374482150308e-05,-0.00038527265083901504,0.0016665239722879358,0.0007543000241158128,-0.00016266582915233947,-0.000519527802020506,0.004608826920954455,0.00334240986978682,-0.02908667136206132
2020-05-25,2020-05-22,2020-06-01,0.0692080388522808,50,0.34,-0.002805709539087986,-0.0029923296229582563,0.0035272103386738696,-0.03233695428052841,0.03763181477938016,-0.002821941492204716,0.018587102982299708,0.0006724968555689159,-0.0013654443465518362,0.0007769020451113828,-0.0003160960431995985,-0.0013654443465513921,-0.0020823989824990674,0.001378692588526187,0.0029541021509100762,0.003446374435569499,-0.014970317180610482,0.007852519552793424,-0.0015094020172733424,0.006148728990797325,-0.005165285006893838,0.0018202827705651181,-0.0022755499938648116,-0.018092194428674935,0.004137123817725019,-0.22790501050978734,-0.4106229546508432,0.5179041040309859,0.47584191233212253,0.5220064086415459,-0.18766713563393442,0.30080611787037925,-0.6349450345904593,0.014891980745081086,0.19511902945811824,-0.3844106556827316,0.014891980745081086,-0.04781524310320817,-0.24365263095047368,-0.38267014588918014,-0.3941725116380259,0.14707032521750013,0.17456418241840857,0.24569245622162142,0.23614604273742007,0.391545991202715,1.3160528689606164,0.3250607313234161,0.2816831292205646,0.7373381705221814,50,0.0006394352619932581,0.0012287192310683629,0.0018267567101797205,-0.015387278163843053,0.019644048483648084,0.0005295856767686097,0.005591114290562524,-0.0004269985392211804,-2.033417091732977e-05,0.0001515883730261602,0.0001215106872250747,-2.0334170917323157e-05,9.957041358606624e-05,-0.00033592207646632427,-0.0011304467010602997,-0.0013584660673135135,-0.002201689416361513,0.0013707686556579514,-0.00037084868904975775,0.0014519980190416388,-0.0020224466378687706,0.002395588362521803,-0.0007396919451686907,-0.005096265941136021,0.0030504593069851085,0.008990420952940583,0.060217617899340214
2020-06-01,2020-05-29,2020-06-08,0.0139749307331832,50,0.56,-0.0003160467057254923,0.0020527149477171935,0.003246993200883619,0.018310943961849402,-0.01709329997965725,-0.005252029185831009,-0.011925575075794947,-0.0013458358734323994,-0.0026553389934955707,-0.00023838162161715637,-0.00029659814618132607,-0.0026553389934954597,-0.002316085294649217,0.0005411113026545511,-0.00014969168540746036,0.004026260892558309,-0.02349604019417295,0.005550306647608361,0.0019717214863705923,-0.0016498222245306948,0.008753641366118892,0.002581511216489085,-0.0002626297354539897,0.016402306170412606,0.005860535045838722,-0.35652857031011165,-0.21919841067229634,0.6484721599817186,0.5978210086517038,0.6524934072051337,-0.40078938769062916,-0.023916991340121586,-0.4764124466203524,-0.5513767114656106,0.10651000813863458,-0.35945344161892406,-0.5513767114656106,-0.1562505085329232,0.1630916292594692,-0.3095715149840103,-0.16329570972178967,0.0672658427932265,0.28290510356553256,0.2188998361404184,-0.45203251598547234,-0.3518037332474864,0.5426521034555657,-0.42058971037496806,-0.0014651210601178818,0.4766668254096531,50,0.00011267968014353035,-0.0004499518541028747,0.0021055846944229547,0.010946666988637636,-0.011153265544106002,0.0021049575615225235,0.0002852238758137576,0.0006411729612113684,0.0014640920820599922,-2.5390028458544233e-05,0.00010661322442267039,0.001464092082059931,0.0003618895050945654,8.825072396064449e-05,4.634028183209737e-05,-0.0006574711299753953,-0.0015804809459645688,0.001570210076962107,0.0004316095102810649,0.0007457732910833588,-0.003079563712110253,0.0014008624917219382,0.00011045936437044802,-2.4031364204772993e-05,0.0027935226355019593,0.009809846452180138,0.004165084281003062
2020-06-08,2020-06-05,2020-06-15,0.0047540106628442,50,0.48,-0.004919020292449061,-0.004354260637770668,-0.011250993521943808,0.004415716071111353,-0.0002923611016908412,-0.009162986803977202,-0.049721836415369536,-0.00526806006374847,-0.0003232897295935011,0.00010665902587025933,-5.5156907631248586e-05,-0.0003232897295933901,-0.0015215077679897604,0.002559810520784467,0.014875216569840477,-0.009662135270415817,-0.006605998346545738,-0.011536085758056425,0.012313259189173253,-0.002603362359413053,0.010509434341839485,-0.0008486640629243869,0.00041438288426376424,0.06980714946186639,0.002106778448940805,-0.4784046742761771,-0.07674411655665765,1.1472779585660537,0.6544375098407547,0.83020397792099,-0.362732327224176,-0.21934111351666988,-0.3218277612319476,-0.600425890727838,0.18381101218872486,-0.2740988436570583,-0.600425890727838,-0.041462755625164306,0.3838515220492068,-0.28489117133558123,-0.05655802687915207,0.08823621769704404,0.14176746007450317,0.13588526650277655,-0.5127075793275127,-0.3798338316871397,0.4513660445440702,-0.7777518795124617,-0.11093975446121179,0.1089840872362108,50,0.0023532823007669985,0.00033416388590313867,-0.012908016879695589,0.0028898102297419148,-0.00024271934961309942,0.003323711527731065,0.010906042965440859,0.0016954079763516013,0.0001941115238543398,1.9605103504275757e-05,1.511844460142441e-05,0.00019411152385427315,6.308590476594863e-05,0.0009825871645606904,-0.0042378178724523,0.000546471306334181,-0.0005828883082121228,-0.0016354415771213087,0.0016731905064385699,0.0013347636134070284,-0.003991838714925305,-0.0003830581412288804,-0.00032228706707393754,-0.007744388020936571,0.00022960532626673354,-0.005293386627736072,0.010047397290580271
2020-06-15,2020-06-12,2020-06-22,0.0126181825628847,50,0.78,0.00517425430976548,-0.00015984004876246072,0.005761836955648469,-0.0016603857215214957,-0.0014966386963544132,0.00034346802802498466,-0.023661319879227705,-0.007736905438622044,0.0012333940718622927,0.0014937817356317495,-8.531058219951593e-05,0.0012333940718622927,3.141535705464271e-05,-0.00020331782816818134,0.00933532776066004,-0.0037897207032610014,-0.019543562604453224,0.003351531229874194,0.005204839641850478,-0.0062196949644269806,0.007061283338956281,0.0009955786532029887,0.0010847046500106483,0.030697009987724178,0.0017576749864560703,-0.41090828808702234,-0.19294127036859104,-0.29454183903558173,0.4656642310572528,0.322289713231874,-0.38950408753981913,-0.2813073881462713,-0.14741655621371175,-0.7382568740375706,0.1887091421191314,-0.2610850678592054,-0.7382568740375706,-0.0033973369968429788,0.7570575596310951,-0.24944403603617044,-0.10758163588974803,-0.1575527041448216,-0.11834414162135737,0.009724705857691602,-0.6788123505194794,-0.599093527159765,-0.07831420084465048,-0.5062764401067861,-0.2681667509468249,0.23665217503792504,50,-0.002126143980552631,3.083974206400671e-05,-0.0016971020531398777,-0.0007731822402707491,-0.00048235125625978954,-0.00013378220085497267,0.0066561040953189935,0.0011405479555127987,-0.0009105616519495269,0.00028189026984429456,2.2273319142668935e-05,-0.0009105616519495269,-1.0672855479076976e-07,-0.00015392329882249768,-0.002328641834339545,0.0004077043528220649,0.0030791411369552176,-0.00039663408651663363,5.0615534553448803e-05,0.004222005758316849,-0.004230369141809801,-7.796794660358548e-05,-0.0005491604087746683,-0.008231917432190226,0.0004159576085545845,-0.006695326139503896,0.019313508702388595
2020-06-22,2020-06-19,2020-06-29,0.0004443917807724,50,0.9,-0.0003485958187027238,-0.00029358226619924377,0.0034051811087945083,0.009387718552220203,-0.012042667935645568,-0.0014740103497945523,0.00434403368128744,-0.006465174790043049,7.409357609744482e-05,-0.0005530806129906418,0.00017338882048312243,7.409357609722278e-05,0.00029362886078931894,0.0009682305867444452,0.01160062109228166,-0.007262938788664575,-0.0038349638140298126,-0.002544082069741105,0.0029194015683575714,-0.003476024763152452,0.008226892720767376,-0.00020545757678847032,0.001924672988431908,0.0020190637519315047,0.004539208609258161,-0.1531898022029912,-0.4892066919159682,0.5760576195399107,0.36816545867906464,0.4257810374712575,-0.018333106774896718,0.13825450105069448,-0.5196005266963639,0.17087708368332735,0.2651795654235683,-0.21103555519690498,0.17087708368332735,-0.2917942677903623,-0.26109331504098215,-0.36573637055938485,-0.37060644035925255,0.0655135933176043,0.13375699670752084,0.23792321528198973,0.37825167515189256,0.5553784417958074,0.3694362942748441,0.3544945817143334,0.17502945651185012,0.12348788450576835,50,5.340132451586004e-05,0.00014362240925252522,0.0019615805236344384,0.0034562337067281157,-0.0051275396475610165,2.7023189130086387e-05,0.0006005822091538066,0.003359308226090422,1.2660894203200063e-05,-0.00014666567659705915,-3.659120599559223e-05,1.2660894203162121e-05,-8.567921843613755e-05,-0.00025279853361718244,-0.004242769054525741,0.0026916918910141197,-0.00025124225970007784,-0.00034028877702602377,0.000694593407842917,-0.0013148121895318757,0.004569038860081056,-7.59034857994217e-05,0.0006822861459710453,0.00035339563116334826,0.0005605372684876611,0.007304326532681636,-0.006859934751909236
2020-06-29,2020-06-24,2020-07-06,0.0543965492534361,50,0.54,0.015896782687261135,-0.0006439229356016707,0.004728633170821839,-0.02117102666477444,0.03572726284948624,-0.004614386853841301,-0.017688742359229126,0.014453323444393096,0.006270401042738349,-0.00023606842153145458,-4.189583450953105e-05,0.0062704010427385715,0.002005344637766582,-0.0017700948855464693,-0.01154400564647129,0.014063035135716495,-0.007968197583697156,0.007968682171594965,-0.0021689545347960415,-0.004270604224168695,-0.0031097937166868483,-0.002303878094800038,0.0001970004647242618,0.005067303444434179,0.006358508889343639,-0.013103662833910361,-0.5622445719183274,0.3881661609770291,0.613879366440013,0.6039630202313577,0.32773973306773463,0.7630498070783546,-0.6994966294958406,0.021391040517375517,0.16889336097066734,-0.4065921647766794,0.021391040517375517,-0.14463862619822426,-0.09019111885295863,-0.3902930485324324,-0.4109245525719215,0.1586656548001725,0.17218343144538562,0.24676677685543716,0.33819331307191947,0.5633090205064528,0.7688054884732783,0.23966052619763012,0.7914415055598579,0.4974950752628372,50,-0.0002083060804778134,0.00036204217527575406,0.0018354953845865494,-0.012996456435856353,0.021577945575175294,-0.001512317915749212,-0.013497391444668503,-0.010110051034366184,0.00013413040276540972,-3.9870389131487615e-05,1.703451804835574e-05,0.00013413040276541446,-0.00029005029346053406,0.00015964683820333584,0.004505545156036892,-0.005778846420947512,-0.0012642792871944617,0.0013720750404028882,-0.0005352259196976033,-0.0014442897913905452,-0.00175177485252399,-0.0017712341240556293,4.721323503699425e-05,0.00401047426719164,0.0031633268584634333,-0.013881034135567873,0.06827758338900397
2020-07-06,2020-07-03,2020-07-13,0.0929786723100984,50,1.0,-0.009050801317504131,-0.006969479567590864,-0.008026679115134328,-0.002866014385427995,0.011069568764716431,-0.0031591283775447287,-0.027083480071123378,-0.003509241547200337,-0.000700287234845165,0.0010603985217432221,0.00017243577276015998,-0.000700287234845276,0.005624565159777939,-0.0014686101343532876,-0.00786906222127659,0.008365488536813181,-0.020682330505027657,0.010747010615930197,0.003248622698463599,-0.005489633738632538,0.011159971207126862,-0.0009503338503608072,-0.000863292234751345,0.03238827962642965,0.011603568440122336,0.17538192380502393,-0.5977339061632644,0.2216189389250899,-0.2930834887024469,-0.18187910048752773,-0.26449397732055124,-0.3203764645253065,0.138744682164824,0.49031749877187536,0.1545572514157373,0.09741576314520711,0.49031749877187536,0.12957697961618567,0.06769663868422829,-0.15903611115172386,-0.09939097113412157,-0.3074866061084689,-0.36130548522934064,-0.3213139535803611,0.2742803973617192,0.20620695134182057,-0.1688992269770468,1.0429758845951398,-0.2876978801590421,0.34587632341688024,50,-0.0015873469470409198,0.0041658942458611455,-0.0017788641085882493,0.0008399814947526361,-0.002013323209711458,0.0008355704294430253,0.008676909592228105,-0.0004868886031059059,-0.0003433630854111542,0.00016389228092594338,1.67979623969645e-05,-0.0003433630854112086,0.000728814165058454,-9.941996963331047e-05,0.001251465054082775,-0.0008314540296852238,0.00635953961340461,-0.003882953885353535,-0.0010438278029342401,-0.0015056989232024327,0.0023012636396841273,0.0001605106526960608,-0.0009003929822038991,-0.009318039390522101,0.004013399590585658,0.005379102698315867,0.08759956961178253
2020-07-13,2020-07-10,2020-07-20,-0.0213223970119268,50,0.66,-0.01264981460213177,0.000989238629964584,-0.0007168077019132912,-0.012039133757529963,0.005047731833633495,-0.0018403131921844729,0.03270821457942841,-0.000876596289799525,0.0027321016940988763,-0.002077783813210776,-0.0008305853007092301,0.0027321016940990983,-0.0017105342765931786,0.0002177288947409206,-0.0073747397203255405,0.0052457259099520925,-0.035426428229329066,-0.0062479557776663475,0.008813449771973847,-0.005263619011809828,0.002829728137545562,0.004491945788093865,0.00043194840922788913,-0.02510737391174589,0.00482937312093501,0.14811417188136827,-0.6645709113371843,0.3590339123631317,0.16513849728604002,0.24732405855646458,-0.6243713137114034,-0.21589033639901026,-0.36039891552232417,0.12435818744763855,0.10301747338044005,-0.10554748909382557,0.12435818744763855,1.0130713239956588,0.19606773450455298,-0.26889886036549315,-0.1977751397322913,0.21538819841111445,0.13319767870774762,-0.0031238154546490804,0.1910225440542488,0.22794543477604762,-0.2911314651080234,0.3737809588587666,-0.15979304763941077,0.46697503681687197,50,-0.0018736168142475871,-0.0006574192178455111,-0.0002573582736299544,-0.0019881244573441348,0.0012484255235989008,0.0011490387654446458,-0.007061387448563811,0.0003159243521946418,0.0003397592146007589,-0.00021404803866775037,8.766619296809929e-05,0.0003397592146007865,-0.0017328932243282078,4.268961112803258e-05,0.0019830591062876737,-0.0010374741748380761,-0.007630434552455835,-0.0008322132062538176,-2.7531590606465316e-05,-0.0010054698945682243,0.0006450236106108386,-0.0013077467584735817,0.0001614540905787193,0.00401198379558011,0.0022551966909510382,-0.013045737483278709,-0.008276659528648091
2020-07-20,2020-07-17,2020-07-27,-0.0149968358183872,50,0.72,-0.006002776614025485,0.0018371757223094587,-0.009296831339331901,-0.02411181657938921,0.028928417009195906,-0.009354858148489575,0.0327617608077575,-0.009511943690730384,-0.0012514211715423107,-0.00036032769138816256,0.002353423298306234,-0.0012514211715423107,0.0032886630872401845,-0.0015551991341710147,0.0021663331073422665,-0.002084610542434473,-0.002910343114293279,-0.012799215621125293,0.0035503475504115034,0.0005590230914531702,0.0026478135406304837,0.0015714994430395812,-0.0007257123655979303,-0.02561016971174379,0.005100404924889723,-0.1070412461295355,-0.4481847813993831,0.049440074455891894,-0.18781275798652036,-0.13353685107816496,-0.480658811452922,-0.2031442074614618,0.018409197209487648,0.8048759662507213,0.18523876695818223,0.07675631182087189,0.8048759662507213,0.11675970450211909,-0.4173316293399597,-0.3119551650461879,-0.35191011502945635,0.028152406805936,-0.0038303275926454194,-0.07400563055607243,0.721743419242289,0.8921443837376717,0.5362335373036828,0.18099688872489067,-0.2187993623147501,0.34206808181804205,50,0.0006425446890025216,-0.0008233941994955185,-0.0004596360336204384,0.004528506771840195,-0.0038630097140840477,0.004496494998963682,-0.006655361934333878,-0.00017510724724819742,-0.001007238824631727,-6.674665725363165e-05,0.0001806400925312981,-0.001007238824631727,0.00038398333027319065,0.0006490337886116842,-0.0006757988020459778,0.0007335955357797327,-8.193316329843908e-05,4.9025188757814486e-05,-0.00026274570916141047,0.0004034712374608059,0.0023622319794580453,0.000842690705211882,-0.00013135168028240578,0.0056034888017020695,0.0017446857291523224,0.007410830058657844,-0.022407665877045044
2020-07-27,2020-07-24,2020-08-03,0.0647738158145679,50,0.62,-0.004793374470418166,-0.003903251444760336,0.007969631880374806,0.021814945777496764,-0.02525415396596198,-0.00813738196810787,-0.01801643527602026,-0.0034715272251959473,0.0011060687523529733,-0.0011782233773171003,0.00022577431191517228,0.0011060687523527513,-0.0028695294887737255,0.0034181610943719853,0.009430616414699555,-0.0009569398855762135,-0.0056861231549145685,0.008458962441073803,-0.005882872910376702,-0.00027947842828501823,0.0002329859591911898,0.0032358997978489956,-0.00019575802293181344,0.032469534928447175,0.008885887265115633,-0.24793021333282259,-0.3585615828425452,-0.33239949197917407,-0.2617756480797859,-0.3089991875869727,-0.5442901658229493,-0.3269888495144542,0.018077122925061907,0.20203089787578096,-0.21279204042596914,0.5721333885526052,0.20203089787578096,0.675791439871344,0.07134333981235498,-0.2641590340399161,-0.2805986172643005,0.02707714205577429,-0.10689249028793156,-0.16660197687093178,0.13180581635459532,0.2512565147536619,0.7920311214904067,-0.041823115706920294,-0.40770905397104895,0.136209843213866,50,0.0011884223550348812,0.0013995560162657174,-0.002649101588297615,-0.005710621568729605,0.007803513058678576,0.004429096980786111,0.005891173443257494,-6.27552243875662e-05,0.00022346006315021602,0.0002507165565368823,0.00012917302212416034,0.00022346006315017116,-0.0019392034649716777,0.00024386302848915174,-0.002491182522508011,0.00026851600869774343,-0.00015396396441224924,-0.0009041995605784594,0.0009800982565492105,-3.683688239360605e-05,5.853924009291725e-05,0.0025629333459209203,8.18721044363519e-06,-0.013238123368557128,0.001210345311197489,-0.00031493418446064446,0.06508874999902854
2020-08-03,2020-07-31,2020-08-10,0.0256895824254607,50,0.46,-0.0031414404685612407,-0.0008852075132252946,-0.0025507824629726894,-0.02570291894691068,0.027898085895167846,-0.011324554915742358,0.013212675345233071,-0.00357098673723355,0.000667039418262183,-0.0018483324373110843,-0.0004327088753167674,0.000667039418262183,0.002392038216170622,-0.0012785519269487011,0.0015573701673379237,-0.0018894139576894897,-0.014103114925566929,-0.008981540283497735,-0.00013858289616830444,-0.005383869544685171,0.0005124027749290327,0.0014923759985303597,0.0009618246459808244,-0.008096832518731722,0.013770872526286837,-0.18869046979928403,-0.33910616099777113,-0.1180958972921698,-0.05504149384347623,-0.08654926885877784,-0.543887566270181,-0.14463736587792864,-0.1835934612528815,0.4250348486104253,-0.018603659445551604,0.3699640618683933,0.4250348486104253,-0.18640887449955967,-0.2216009029231282,-0.3144870197095832,-0.3300405270609884,-0.13595894064787312,-0.09090286439511129,-0.19639762794129598,0.3665986945775534,0.5342434198332444,0.7667002358377475,-0.5505392379602438,-0.19482199566592864,0.18067052667672448,50,0.0005927598778593035,0.00030017932149621336,0.0003012369437618906,0.0014147270549757526,-0.0024145589367861597,0.006159284612216125,-0.0019110465581347628,0.0006556098151768415,0.0002835149981582531,3.438574720590177e-05,-0.00016008673311869543,0.0002835149981582531,-0.0004458971516363001,0.0002833282614459376,-0.0004897727025107185,0.0006235831784322273,0.0019174445651152876,0.0008164477384500241,2.7217352080689907e-05,-0.0019737195468574305,0.0002737478108101307,0.0011442050300318207,-0.0005295222076496643,0.0015774410698721018,0.002487990792122278,0.011252015330675302,0.014437567094785398
2020-08-10,2020-08-07,2020-08-17,0.0160255060087628,50,0.7,-0.0048547640878554565,0.00123134894787702,0.0026766575594128206,-0.020808118528049313,0.028359937609682806,-0.001050224140248135,0.007930219583800024,0.004689374198487473,0.00240269893505074,0.0004949810372971708,0.001888690824500161,0.002402698935050962,-0.0007868698576763977,0.001121088709372886,-0.011883304621443602,0.009682466974849646,-0.011934014984941621,0.004483327968795692,-0.0017677796344311991,-0.008219661072633722,0.007132638989687745,0.00010202076808574212,-0.0014773773361879128,-0.013498698471878456,1.2588345219333164e-05,-0.06750283505878009,-0.5129106962300459,0.07813719394593216,-0.03560228992388674,-0.021322451538385804,-0.21147972820339297,0.2361348673514957,-0.3228120566028481,0.5596820188219305,0.13354703102834478,-0.02672232891953876,0.5596820188219305,-0.09849029674376897,-0.30026288404390844,-0.3591944181045126,-0.3911559198080708,-0.004961939165843039,0.03055874448062569,-0.0968571792840935,0.540876339229133,0.6962588143010098,1.1315301667092625,0.46351702882185075,0.22656410766030066,0.5682747682891847,50,0.0003277103394717958,-0.0006315720461577369,0.000209146510846685,0.000740816668606211,-0.0006047033953141066,0.00022210111573231763,0.0018726013494888521,-0.0015137865291940736,0.0013447473905905006,6.610324794636755e-05,-5.047021743960816e-05,0.0013447473905906248,7.749904578127566e-05,-0.00033662132914536586,0.0042684166886581,-0.003787354275558582,5.9215856359539556e-05,0.00013700487382127012,0.00017122214898687192,-0.004445820190670336,0.0049661627657971415,0.00011543957671986679,-0.0006847895533185619,-0.0030583205738566066,7.153638962660819e-06,0.0008166504977051029,0.015208855511057698
2020-08-17,2020-08-14,2020-08-24,-0.001182822554952,50,0.46,-0.009178457170010312,0.005072816508457922,-0.0004980875750726366,-0.001303064651671848,-0.004091443939007178,0.007390399395299729,-0.014452003142142456,-0.004057644765943613,0.0015480884984939713,0.000611208160239185,-0.003966252784678104,0.0015480884984941934,-0.0014060953933073828,0.0018702866411943742,-0.00461786933343844,0.0061947177212453575,0.010708228692232202,-0.02046270572654052,0.0039733020882883885,-0.007921883179103029,0.012544477101514184,0.0013603547382599057,-0.0005062875526476995,0.004984434758538603,0.0007968123051416143,-0.1205614012126329,-0.39232024247040875,0.06285675945205563,-0.02918529704165687,-0.00023928261802553196,-0.22162151852856515,-0.016640389174089013,-0.231407476834564,0.6828976441922708,0.2387869936758809,0.26264438346622243,0.6828976441922708,0.7598404326295239,0.5441445706941658,-0.33483136362210425,-0.2699079859823761,-0.05287932228642758,0.21603238977548153,0.07505530482015114,0.6577760050016539,0.7749347168874514,0.9513788572031407,0.7146637781724404,-0.011076941168524335,0.5142502200453195,50,0.0011065676573865804,-0.0019901686026061044,-3.1308170892398417e-05,3.803032892352603e-05,9.790114172303325e-07,-0.0016378715365189156,0.00024048695663040772,0.0009389693371779866,0.0010571859886226828,0.00014594855909368107,-0.0010417140173029683,0.0010571859886228344,-0.0010684081319690623,0.001017706321447746,0.0015462074859438906,-0.0016720037838706687,-0.0005662438761333176,-0.004420607219376979,0.0002982173993790281,-0.005210824669640192,0.009721150811163011,0.0012942127362765867,-0.0003618253752168833,-5.5212290578679905e-05,0.0004097609032538934,0.0008164218112329154,-0.0019992443661849156
2020-08-24,2020-08-21,2020-08-31,-0.0075957399082577,50,0.66,-0.0037566846348465743,0.00526999412133744,0.002283674956518933,-0.011755830122239241,0.015422193368839432,-0.010622629034843567,0.013378437337948856,-0.003744827060750744,0.001041214508019861,-0.00020769960484201544,-0.0009568268536125357,0.001041214508019861,-0.00138481235907284,0.0004563003904751728,-0.00019375357653450553,-0.0007973416391400256,-0.004113802748153539,-0.00024110454328540865,-0.011170400026505711,-0.008565147710597243,0.011733508275351134,-0.0026726371928686987,0.0008353002004284349,-0.004176733195292104,-0.0066992366303240125,-0.27513308607406656,-0.2972467923264397,0.019022604551413982,-0.037679479998725014,-0.05170573529224635,0.020904507690004438,0.10582933724835339,-0.08818511077894044,1.0588252663452997,0.44614015984145977,0.5702669032913594,1.0588252663452997,-0.1312218937105597,-0.1367210035512828,-0.31926564812013597,-0.22508224722219908,-0.18098305836947476,-0.15607331953642448,-0.12974104038100345,0.8125171427723017,0.8608080814461034,1.1581507459132754,-0.038614675176884015,0.03837552034667901,0.08767835804333121,50,0.0010335882369923658,-0.0015664888481467481,4.3441445621827185e-05,0.00044295356595932254,-0.0007974158479550486,-0.00022206083034695176,0.0014158311568937528,0.00033023798920027827,0.0011024642287767194,-9.26631349032248e-05,-0.0005456466867956357,0.0011024642287767194,0.00018171770019132565,-6.238584730660783e-05,6.185886118788328e-05,0.0001794674479414687,0.0007445286028895776,3.762998642586727e-05,0.0014492593209108396,-0.006959329345237193,0.010100298747136988,-0.003095316758476446,-3.225484591473013e-05,-0.00016028430971858177,-0.0005873780678905485,0.004104516996213219,-0.011700256904470917
2020-08-31,2020-08-28,2020-09-07,0.0018803723023713,50,0.82,-0.00942595423204029,0.006776347526527893,-0.008725841163880532,-0.017583543031096327,0.032250947693705845,-0.02242315277288931,-0.03749619273242666,0.00797739229319272,0.0038536295702518153,0.0011599310977681299,-0.004604595480138696,0.0038536295702518153,-0.0015008048822163778,0.0027286567485815816,-0.0148368288958588,0.012420567704125807,0.0280193245555862,-0.015164474500461766,-0.014992511326892055,-0.027137875054714544,0.009144490191290933,-0.0031084280508612006,-0.0016922077252278234,0.042060517553172305,-0.00336998883595796,-0.548378321506137,-0.015650252637631343,0.1391842637304086,-0.2713365161030808,-0.2034242315570493,-0.2457813651873002,-0.3003354935408241,0.009760054590480804,0.48975895287408394,-0.04987483936499096,-0.29032813387678724,0.48975895287408394,-0.11813938142806749,0.040782113197996114,-0.3262428375478863,-0.4207724615877182,-0.32625465544133,-0.33312319687725245,-0.32212157932909313,0.27847844607351574,0.4688773717011424,-0.2965921242439168,-0.33837619019613363,-0.27425076585119557,-0.09686665138662778,50,0.005168988960359923,-0.00010605155075054979,-0.0012144997778232036,0.004771057306806282,-0.006560624251578703,0.00551119310032413,0.011261437550195224,7.78597842712418e-05,0.0018873495830911352,-5.78513771756431e-05,0.0013368436130061566,0.0018873495830911352,0.00017730416042926656,0.00011128038839913008,0.004840409159197448,-0.00522623284718193,-0.009141435078581572,0.005051638224557399,0.004829411426727786,-0.007557313274974132,0.00428764452643937,0.0009219352786643013,0.0005726028030830566,-0.01153512915105516,0.00032643953374956726,0.01162160767327166,-0.00974123537090036
2020-09-07,2020-09-04,2020-09-14,-0.0163604253079698,50,0.42,0.0012903106959929467,0.0030510311867852913,0.005500832947925582,-0.02662216203368095,0.029090976886125164,0.007688503403232572,0.04221990717724511,0.0020101650817077044,-0.0008840588748322276,0.0009990097161933775,-0.0006820342463866869,-0.0008840588748322276,0.0020479440971419294,-0.002121502574664591,0.008608589079885265,-0.007086755682377599,-0.04345565781686089,0.04222166861412546,-0.01311810139088887,0.0035579633747313544,-1.611573047943793e-05,0.000282339690941269,0.0009122150245544081,-0.04160096632987387,-0.0031905211672876854,-0.5109271203698381,-0.03607069263166021,-0.03747025289326686,-0.4920517043733845,-0.4281953820322759,-0.3863621125193154,-0.43402315083858767,0.06332434572773639,0.5290067840982834,0.2759617603922708,-0.19465840882178143,0.5290067840982834,-0.16561284326336995,0.000895548433031732,-0.30511884483929086,-0.35369557281858455,-0.2999114037354051,-0.3419734147363676,-0.4502980655579738,0.3041339123304073,0.39400457808514067,-0.45272940031478265,-0.19606458061893345,-0.4142753879335228,-0.24533253691362117,50,-0.0006592547282860779,-0.00011005280814814172,-0.00020611760168238622,0.013099480202777122,-0.012456621961446474,-0.002970546416984882,-0.018324417141180625,0.00012729238860388213,-0.00046767314232854353,0.0002756884799297073,0.0001327637011635953,-0.00046767314232854353,-0.00033916584477211,-1.8999083064136596e-06,-0.0026266427557507257,0.002506554110503904,0.013032847336100179,-0.014438688191839803,0.005907055680110624,0.001082097321085346,-6.349671588084783e-06,-0.00012782347896490178,-0.0001788530562235501,0.017234256464717917,0.0007827386520472958,0.0007989944872083157,-0.017159419795178116
2020-09-14,2020-09-11,2020-09-21,0.0233600747683075,50,0.42,-0.000502071491108147,-0.0013709177467211564,0.0018407284310264505,0.0007209097798810404,-0.0033766789068888636,0.00656807453822239,-0.003968974576279538,-0.0013840671747743505,0.0014718477624759974,0.00026635041139111415,-0.0002899895923157425,0.0014718477624759974,-0.0006795575390547981,0.00014598753468897385,0.005685166722978918,0.003731535429225108,-0.014149035970543067,0.0023267223023850647,0.010463487537361926,-0.003478217723799415,0.003091573860653396,-0.0025647073189123404,0.0034368662339736566,-0.0013996763476913365,0.001676050450680977,-0.4224136079319635,-0.16058583923308511,-0.18206723260462038,-0.5291571753145914,-0.5129701593361922,-0.2850065508827343,-0.24065890595850747,0.24555466168461162,0.7071200001205956,0.5750919780687987,-0.12613801370712469,0.7071200001205956,-0.19638064251812293,-0.30808514354157285,-0.28006287550020914,-0.39851144566312063,-0.41448908583457855,-0.34704736795733426,-0.3851230805892695,0.42567946268600065,0.630026646240801,-0.25966446328850024,-0.14538542265392296,-0.3228962903436193,-0.20337093102842968,50,0.00021208182999877308,0.00022014997687674692,-0.0003351363314136307,-0.0003814745827785152,0.0017321355168939396,-0.0018719442700794713,0.0009551690793045644,-0.0003398641468504919,0.0010407729899795256,0.00015317598494635416,3.657871117044663e-05,0.0010407729899795256,0.00013345194614761567,-4.4976590579932856e-05,-0.0015922041401355768,-0.001487059578443651,0.005864620984870964,-0.0008074828510103655,-0.004029730554096254,-0.0014806058517718593,0.0019477739110331843,0.0006659633494574612,-0.0004996702500312566,0.0004519503003512384,-0.00034085994060560946,0.0012435884832137252,0.022116486285093773
2020-09-21,2020-09-18,2020-09-28,-0.0631923085048479,50,0.72,0.004682762384588646,0.00022570223324880345,-0.00039826944197940417,-0.02148354172570066,0.01968391630634958,0.004300677823950716,0.021317450034689767,-0.005898834971333811,0.000638114911218679,0.0008919542916234757,-0.0005777896132370675,0.000638114911218679,0.001575330692892285,0.000414891348559987,0.008819821917587678,-0.003828435546176956,-0.027748538216553875,0.010453956141811549,0.0011935467574093472,-0.011536959106823064,0.013429504742789478,0.0014598765887572362,0.0009648829593682517,-0.020737671666746005,0.0025706970497128,-0.11566653695253298,-0.40965488748422885,0.4172114287551592,0.12210580485256144,0.16641673757860545,0.08524409598916921,-0.04999660334902742,0.12276580988297214,0.7760898192030662,0.4752597399186319,0.06677396530373689,0.7760898192030662,0.004294707721589668,-0.17878733051551962,-0.028457226067624113,-0.06436223869724325,-0.22710724193295767,-0.0888444608499259,0.029842769319790973,0.5398431847101232,0.6128948434920319,0.15214967987279565,0.9982376765224314,-0.09530545427592989,-0.5670070912119685,50,-0.000541638908396954,-9.246002296647775e-05,-0.0001661625629177472,-0.002623265153500266,0.0032757331344730107,0.0003666073932433462,-0.001065800093797095,-0.000724175252621794,0.0004952344860784853,0.0004239099646562806,-3.85813035871515e-05,0.0004952344860784853,6.765584890821699e-06,-7.417731666302405e-05,-0.0002509876661849786,0.0002464066824600521,0.0063018939820328225,-0.0009287760971680185,3.5618740553751666e-05,-0.006228148746097821,0.008230874207507458,0.00022211975563320245,0.0009631825234758512,0.0019764132188243083,-0.0014576034565448438,0.008848217579461705,-0.07204052608430961
2020-09-28,2020-09-25,2020-10-09,0.0476176287907658,50,0.98,-0.0019015621905938973,0.001113572930589335,-0.0003330540873370813,-0.027234761665923646,0.039583269270853094,-0.0062827592622443085,0.0065616739569287486,-0.0016102509032795975,-0.0009285088399934027,0.0006625763520600181,0.00019143672334376305,-0.0009285088399936248,0.002250667767966563,-0.0014066578728942902,0.002517262508878071,-0.0010587254600525897,0.006973960633832599,0.011112723557842097,-0.009407909490901978,0.0028323331133794927,0.0013596832453737218,-0.0003575256379544367,0.00048536727318904127,-0.0003515821587739554,0.002424097934442093,0.07403680045011858,-0.6297248668570424,-0.0623604769789194,0.12602760832155677,0.1257516377191897,0.6270580277857527,0.5412938026950238,0.2744672876742556,1.0736741306527167,0.7528349204452706,-0.06861882487275481,1.0736741306527167,0.6328194552034438,-0.06664088399921676,-0.12136794821008616,-0.16890673940821038,-0.2231150359225312,-0.2517214357571256,-0.16912697588226527,0.8464491721697782,0.8009930140266396,-0.3022740626107231,0.6175904207291403,0.5338357596381844,-0.17396821725934472,50,-0.00014078558044849072,-0.0007012445654509755,2.076941174611907e-05,-0.003432331875963974,0.004977660937089453,-0.003939654632035587,0.003551793448190866,-0.0004419611978981712,-0.000996915921583279,0.0004988106152920212,-1.3136162993339689e-05,-0.0009969159215835175,0.0014242663507685516,9.374092413413339e-05,-0.0003055149858087053,0.00017882586538594042,-0.0015559954773398787,-0.0027973107291520455,0.0015911312815703135,0.002397426019129122,0.0010890967808334204,0.00010807072707197812,0.00029975817845697555,-0.00018768712880432722,-0.00042171599611695083,0.0003001803644896523,0.04731744842627615
2020-10-09,2020-09-30,2020-10-12,0.043019969,50,0.66,-0.00094152887864285,0.00030139102286086406,-0.002287625105144575,-0.014813667955696275,0.018251537296615883,0.00036310653342574994,0.009569127435220093,-0.0022758152806833243,4.803055892499408e-05,0.00029093670891033874,0.0007306789601750907,4.803055892499408e-05,1.2665684103740915e-05,0.0003135118027770556,0.0003040898574955264,0.0014153790619728657,-0.001269905804421767,0.010733308744995007,-0.00900752500876667,-0.0023523253712549597,0.0023104605069752537,0.0011803313932301496,-0.00033951603191595403,-0.005806094345872759,0.0009592571063843369,-0.08881466801102039,-0.4926660083372184,0.5103216379894763,0.33814548972565367,0.4495061690396011,0.09487723023334332,0.23417013229758407,-0.2803637219294688,0.30324654962881714,0.33861450232098234,-0.2940085609917475,0.30324654962881714,1.2189705486338085,0.2302529192401942,-0.3634636350630809,-0.3796981990353029,-0.03583321344086989,0.20677095279068344,0.042447797794079506,0.3721318008446627,0.45308193833609195,-0.16397766727665275,0.6520985898641939,0.33220582276883465,-0.05623241031281591,50,8.362157477945303e-05,-0.00014848511218153323,-0.0011674245907632274,-0.00500917500551214,0.008204178609285203,3.445054217106605e-05,0.0022408038374779303,0.0006380560425163355,1.4565101270748044e-05,9.851538889457885e-05,-0.0002148258696280248,1.4565101270748044e-05,1.5439095900759572e-05,7.218700780567308e-05,-0.00011052560499113829,-0.0005374168807833734,4.5504805739644754e-05,0.0022193364757991923,-0.0003823496001972418,-0.0008753750765776978,0.0010468279249493376,-0.00019354798847528144,-0.00022139792564868026,-0.0019288183492441387,-5.394133920168854e-05,0.0038847681646565083,0.03913520083534349
2020-10-12,2020-10-09,2020-10-19,-0.0076260030966855,50,0.92,-0.009740050739782236,0.006237546953691719,-0.0069445806612786765,-0.04430243932378708,0.051096319402726076,0.00043487210947334987,0.022619184726066166,-0.001018721736617323,0.001872939633780657,0.001952681069575135,0.0017342509228002179,0.001872939633780879,-0.0011329433796810617,-0.0009501857245681755,0.0006175223506612593,0.0006138033678626531,-0.010863706696960462,0.02594764592531451,-0.014198528670731236,-0.0023607340060948223,0.0036780754126384263,-0.000276829200928419,0.0006471216556398485,-0.02556988186322906,0.00989271552264448,-0.29944026265993995,-0.26188639017981924,-0.16525095582572186,-0.38044213625138484,-0.34528043020082905,-0.16056912228138118,0.05933810204508504,0.09984010661816933,0.7882910635668938,0.6275318523984083,0.10428430824552998,0.7882910635668938,0.07528670525889077,-0.426320217375306,-0.3400608356334663,-0.4011083512391014,-0.21959661244685702,-0.26763437237763865,-0.2957310955274991,0.564173934551894,0.6954500497299964,-0.05411538905071765,0.732171018086452,-0.009135826249535661,0.19991341036160026,50,0.002916563351841535,-0.0016335286552794524,0.0011475985920851247,0.016854514657488915,-0.01764255914505223,-6.98270329227885e-05,0.001342179491451943,-0.00010170928679812014,0.0014764215759095426,0.0012253695687337897,0.00018085515780839274,0.0014764215759097178,-8.529557430105967e-05,0.00040508338464481723,-0.00020999516658821022,-0.0002462016568683964,0.002385633189268752,-0.006944481931898742,0.004198946438673954,-0.0013318645926489708,0.0025579177286300706,1.4980719908840683e-05,0.0004738037214356183,0.00023360199792361386,0.001977686497868999,0.010602114607225656,-0.018228117703911157
2020-10-19,2020-10-16,2020-10-26,-0.0143930148860323,50,0.34,-0.0034685992003822275,0.0047763327730916405,0.002737786756558336,-0.004114418154362642,-0.002892719400055088,-0.00021670611299862141,0.00501648206965255,-0.0076895742736232675,0.0014606979795732666,0.0007843444196788951,0.0020715717455461746,0.0014606979795732666,0.00107639678478888,0.0008524659594801864,0.016667399693866436,-0.012161478571091622,-0.001603919982413049,0.0031715056898968808,-0.005132149395489782,-0.0010206332135149765,-0.00022058392243096137,-9.229531977228422e-05,-0.0014114286384806496,-0.005625771355750264,0.00335785573567815,-0.36751262997772416,-0.219287990198602,-0.3564767247044175,-0.3413835724101382,-0.3718050002380538,0.04568463292677105,0.2714674113458722,0.13951825130835888,0.9863400815584376,0.7273273677079743,0.32197845271268094,0.9863400815584376,-0.083147236346871,-0.4124004618610998,-0.3379706995934568,-0.38120392012822796,-0.197087273217985,-0.2808660091463792,-0.32187689902349725,0.7405958658759667,0.8261612767961531,0.19464748456199124,0.6291441411123015,0.15943373934604452,-0.02342664444794346,50,0.0012747540144711035,-0.0010473924143309813,-0.000975957255917046,0.0014045947679254464,0.001075527537226105,-9.900139225329389e-06,0.0013618114015115613,-0.0010728359559616621,0.0014407449643045408,0.0005704751621414896,0.000667001465314265,0.0014407449643045408,-8.949941786785305e-05,-0.0003515573554104945,-0.005633092734939807,0.004636003305855566,0.0003161122157936263,-0.000890768146106371,0.001651920332745567,-0.0007558767385048944,-0.00018223789499626666,-1.796505183051974e-05,-0.0008879920584982134,-0.0008969377639531311,-7.866329242721963e-05,0.002949013911624022,-0.017342028797656322
2020-10-26,2020-10-23,2020-11-02,-0.0158872565860298,50,0.5,0.0034524632819132872,0.004997242173343963,0.012774519960339736,0.0025988165111370254,-0.01761147715702427,-0.0007895978785901203,0.013720380118142472,-0.003970010759371756,-0.001534692652305547,0.0020846758436761093,0.004009089562562407,-0.001534692652305547,-6.290111066187265e-05,-0.0012567885395792233,0.004109159448805855,-0.0029031381605999496,0.002342748223586044,-0.004572458169168847,-0.0031210896722571047,0.0016219545130233826,0.0005617419967745008,0.0009329870529117823,0.0008820762261736448,-0.002473643612108112,0.003977707069382719,-0.21767740648294673,-0.33496489997794915,-0.20387042493517954,-0.6613478300555319,-0.6060602106145787,-0.2159920725501521,-0.0680943730869755,0.669897504829094,1.1278098249555657,1.1186836368572017,1.1558181219044585,1.1278098249555657,0.15936321874847784,0.30030977286713656,-0.18224260306567827,-0.26542483564644026,-0.29338051878637544,-0.3449969016195756,-0.3974870851431222,0.4061577321741355,0.3865335311735085,-0.03663932746349072,0.0970574183672313,-0.13468499362860492,0.1382124002165004,50,-0.000751523253184487,-0.00167390072475975,-0.002604346812657395,-0.0017187216603529597,0.01067361555501997,0.00017054688227788345,-0.0009342806826599144,-0.0026595003018477963,-0.0017308414515573118,0.0023320927544719454,0.004633778368747649,-0.0017308414515573118,-1.0024123457930222e-05,-0.00037742588086305684,-0.0007488639143623067,0.0007705649691361505,-0.0006873166892215331,0.0015774839011483694,0.0012405928362957792,0.0006587693666991813,0.0002171321176217054,-3.4184018150831935e-05,8.561204131552398e-05,0.0003331626741362203,0.0005497684414175272,0.0075813489436553205,-0.02346860552968512
2020-11-02,2020-10-30,2020-11-09,0.0664154259994325,50,0.86,0.007230144673319394,0.0009165364836847267,0.007839916819333048,0.011652303657565977,-0.019506296417926783,0.00019834409927188545,-0.02023617812292733,-0.0032446398171657176,-0.0002756422724013996,0.00175944113145321,0.003442080321610863,-0.00027564227240162165,0.00020105918092694353,-0.0008005813592784072,0.0034461539496277727,-0.0034678141636239612,-0.012570629389518917,-0.016545892775137294,0.025401066162768826,0.0007444578537867397,-0.0032856221108547023,0.0033650977232762003,0.00043437876806162734,0.01759546886011565,0.003299613939571122,-0.252045531074643,-0.2762476509592823,0.4465224749389667,0.3468776581332726,0.40606741142089403,-0.36428080908573507,0.038909934135860816,-0.18738898396517542,-0.06111256909421325,0.40732955971149354,0.375822051572065,-0.06111256909421325,0.8499283694990136,0.18639320385655633,-0.21886917849964382,-0.15619535075397134,0.013868930410167457,-0.008993288061982406,-0.10694899745153183,0.04217592676981179,0.016848257216612567,1.0284661463436104,0.43131548947744053,0.16143269893234954,0.5068653561661123,50,-0.001822325653933288,-0.0002531910506363863,0.0035006990614842243,0.0040419238045942526,-0.007920871292836187,-7.22529489601438e-05,-0.0007873883579246499,0.0006080097586716363,1.6845207417416483e-05,0.000716672381413128,0.0012936096881436278,1.6845207417430052e-05,0.0001708859018180443,-0.00014922292450373912,-0.0007542568839383336,0.0005416564496368343,-0.00017434118421524368,0.00014880197996948317,-0.0027166185603081545,3.1398199924520786e-05,-5.5357006440269554e-05,0.0034608890875275308,0.0001873542909651084,0.002840484027068581,0.0016724599946913857,0.0045427091770468084,0.06187271682238569
2020-11-09,2020-11-06,2020-11-16,0.0110038503828844,50,0.62,-0.00621448610577624,-0.0012895060170684536,0.004415624344049629,0.034590908811418464,-0.0500419318693448,-0.008137687591649012,0.0011685198886566273,0.008730184458108026,-0.00014951110867811312,0.001315025968643857,0.004955144648696619,-0.00014951110867833517,-0.00010524473839601534,0.0006913889442057286,-0.01258861327163463,0.008315706578779558,-0.007312045954321111,-0.003876868755336438,0.004355650481939977,8.44713055325741e-06,-0.00010459850022237482,0.0005779965855394753,-0.0025204561814275994,0.004931876265989121,0.009746563507924577,-0.010006390937022326,-0.5116309842305851,0.6563564789384497,0.32001558921632317,0.4465916798358373,-0.023147046162418698,0.37524729726617956,-0.16330665567926567,0.2025810260604478,0.36654696282287186,0.4580013598804602,0.2025810260604478,-0.07803571639010917,-0.0731215630817327,-0.24035946909841155,-0.17888064869115272,0.08670954047837207,-0.08604853137027374,-0.10496322157437601,0.22057090369799234,0.11019679324952941,1.0747768918851681,0.8735055373749826,0.4639029578995369,0.47114813703891195,50,6.218457744709054e-05,0.0006597512326839946,0.002898223646775316,0.011069630064814184,-0.022348310415761217,0.00018836343033924152,0.00043848393002017647,-0.001425697227316724,-3.028811380344728e-05,0.0004820187748396109,0.002269462987507437,-3.0288113803492263e-05,8.212848557022686e-06,-5.0555440297751756e-05,0.0030257924026553173,-0.0014875189871373735,-0.0006340241446559232,0.00033359886271200155,-0.00045718310663640343,1.8631912197869089e-06,-1.1526419303215895e-05,0.000621217373726357,-0.0022016324311880118,0.0022879119877868767,0.004592075239290107,0.0002617661504709587,0.010742084232413442
2020-11-16,2020-11-13,2020-11-23,0.0450415429839301,50,0.6,0.000593461141956686,-0.00028547534846923295,0.0044918915109695146,0.0010787042078168607,-0.005981313657571485,0.00010686075436039388,-0.0024191529519301813,0.0027429221405297355,0.0006034810598363194,0.0014543315575186178,0.002200357801347197,0.0006034810598363194,0.0015093395027150347,8.93324978445964e-05,-0.006206091413253345,0.0034070926076941177,-0.00838674805137607,0.011496351702854568,-0.007185587131768756,-0.004673116386598286,-0.0007369920584798795,0.0006338954408100506,-0.0009951954490796666,0.009220424166190844,-0.0012490513209436616,-0.22645184537833568,-0.31637355299839165,0.25614135797415805,0.03081157457750447,0.08584170970836219,-0.2878913129932105,-0.06625137219082104,0.1866096835053689,-0.2792968155407203,0.5131583745942994,0.7527747570762776,-0.2792968155407203,-0.19395060800308284,-0.4658021178994579,-0.13122881093378108,-0.10675711566102118,-0.15011984157616237,-0.2754068501721264,-0.31156928591132166,-0.28159737704717325,-0.35165704452340124,0.6620514122626473,-0.27466159174911453,-0.044922371252262686,0.6017420585934206,50,-0.000134390370756426,9.03168502886652e-05,0.0011505591914923242,3.323657514621708e-05,-0.0005134461906679135,-3.076428288025874e-05,0.00016027220260484985,0.000511855832524123,-0.00016855033825142286,0.0007463024181774497,0.0016563738093900286,-0.00016855033825142286,-0.0002927373142346517,-4.1611266693261766e-05,0.0008144179967075855,-0.0003637313795874112,0.001259017288811764,-0.003166174010954138,0.0022388082514987733,0.0013159373171022415,0.00025916844912225213,0.00041967137181514734,0.0002733419661456961,-0.0004142033174969597,-0.0007516067131534701,0.00488351399789978,0.04015802898603032
2020-11-23,2020-11-20,2020-11-30,-0.0214316540514196,50,0.58,0.008080426768990234,0.004048963644172732,0.000643274722996301,0.007160434236062274,-0.0038546812930640995,0.002792625792850334,-0.019292950996602776,0.003417794043020894,-0.00037310656644751194,0.0007432738014412354,-0.003256120958402997,-0.00037310656644751194,-0.00018605036837004985,-0.0007302183117837702,0.0001187136365663477,0.003329488936604008,-0.010781546743459991,0.002522466952733504,0.002960277038180248,0.0059686127387605925,-0.005392942114528454,-0.0006224734809063825,-6.1981998425997276e-06,0.006512883119486945,-0.0030993706821836886,-0.2615825055438963,-0.29156585822769665,0.37942592043133827,0.10519592013103032,0.19653119187264792,-0.4345806426432489,-0.15961041131023185,0.4797049696506955,-0.5364036846147632,0.34664736318335637,0.8281171341692872,-0.5364036846147632,0.5876071684999203,-0.1251728323268727,-0.11663201741783448,-0.07836449980212629,-0.08091227371023497,-0.24894734742307084,-0.31327560241374713,-0.5718114971073575,-0.627400955777289,-0.12398384175556783,-0.378481704585256,-0.041958577067219796,0.13829176598170745,50,-0.002113698280096436,-0.0011805395598459647,0.00024407510386308565,0.0007532484680003021,-0.0007575651088150871,-0.0012136211117190106,0.0030793558439559166,0.0016395327876796658,0.00020013573699640837,0.00025765390339287385,-0.002696449556581243,0.00020013573699640837,-0.00010932453015629213,9.140349430292192e-05,-1.3845810927740738e-05,-0.00026091373511368644,0.0008723594611265273,-0.0006279614568453624,-0.0009273825724475002,-0.0034129213858047395,0.0033835370371067463,7.71766535537344e-05,2.34590524178721e-06,-0.00027327130829878787,-0.00042861744507111164,-0.0032151517295065848,-0.018216502321913013
2020-11-30,2020-11-27,2020-12-07,0.0138831856237706,50,0.66,-0.000571352891231558,-0.001030816019499059,-0.0022707687049495773,0.013369729691394827,-0.011211798088362035,0.0021118843689460487,-0.01274767861166426,-0.0018093816134295837,-0.0057673808205130905,0.0006167240128349682,0.0005142998277991584,-0.0057673808205130905,-0.0016062165354617797,0.0005726982000353598,0.002235622844761087,-0.0018402364113260239,-0.010986922294861312,0.005085476209128359,-0.006483018009883823,0.0019030675314637424,0.009560736116885682,0.0028268121122887457,0.0007314814645968948,0.011933434731704384,0.0025376548435864787,-0.23511989384365656,-0.2512913854268588,0.5429718336718325,-0.001575437662857045,0.16509366801815265,-0.39561841300527467,-0.3953723946915732,0.549894681870018,0.06579428378696024,0.5292405743497857,0.7320550056010839,0.06579428378696024,0.5012042665570301,-0.10268010048887696,-0.14614923343270242,-0.18128400422136057,-0.229217834046976,-0.2247210369479029,-0.29374437218517097,-0.256574988952691,-0.3814934707435033,0.9319585656206746,-0.13302237963091565,-0.22380319683170277,0.31921697701945,50,0.00013433643113363016,0.0002590351856601184,-0.0012329634475710845,-2.1063175698041505e-05,-0.0018509968714866003,-0.0008355003424930817,0.005040080219452248,-0.0009949693266983208,-0.00037946069041230987,0.00032639537076808317,0.0003764957633201494,-0.00037946069041230987,-0.0008050425805878952,-5.88047087294297e-05,-0.00032673456500647034,0.00033360542535912835,0.002518398531270541,-0.0011428134870892152,0.00190435005517848,-0.00048827953086153463,-0.0036473584040934834,0.0026344717614477688,-9.730340507658633e-05,-0.0026707408421379145,0.000810062507888441,-0.0005942608168756898,0.01447744644064629
2020-12-07,2020-12-04,2020-12-14,-0.0215984852557003,50,0.7,0.00402529400948648,-3.1503390999887415e-05,-0.0016444954956177371,0.0023297667192681004,-0.003672592487862225,-0.0028060482705848377,0.0193440565590568,0.002900015140030021,-0.0037123333459671004,-0.0002296109482542441,0.0014549545854443124,-0.0037123333459671004,-0.0004383153832777653,0.0016898509129688044,-0.0037016331946018166,0.0023984015199900455,-0.010203796749238436,0.0003056632265647785,0.0024801523316311247,0.007211698982284354,0.00014594026817027483,-0.00014897228192156664,-0.0002918755265127748,-0.007598419978074311,0.0018014606154439505,-0.1236960810065654,-0.35578377878845574,0.6431135214954032,0.3629138701576622,0.46556916505868834,-0.10302576530785197,-0.07824936919356783,0.00820319095357163,-0.668739039547273,0.249844701109847,0.4762437263777591,-0.668739039547273,-0.2122844968588577,0.06743527025434212,-0.18354401346716287,-0.14126071158844142,-0.09800320842877472,0.11797814357772073,-0.01321694819629094,-0.4714374878802654,-0.3845613282293131,0.7904754679146767,-0.3681534177140827,0.10281595283953779,0.04062499595914489,50,-0.000497913093872682,1.1208395494590172e-05,-0.0010575972892700515,0.000845504656654106,-0.0017098458181748271,0.0002890952705677774,-0.0015136602233908928,2.3789377961915033e-05,0.002482582236261353,-5.736707873813017e-05,0.0006929129934824071,0.002482582236261353,9.304756060461777e-05,0.00011395555300559809,0.0006794126129204929,-0.00033879990538859334,0.0010000048195804685,3.606158003008882e-05,-3.278004488607876e-05,-0.0033998652515568025,-5.612298336970304e-05,-0.00011775893425826753,0.00010745497263277542,-0.0007812387901206901,7.318433022296916e-05,-0.0006321528173462071,-0.02096633243835409
2020-12-14,2020-12-11,2020-12-21,0.0207830430052371,50,0.82,0.0038925621194674243,-0.0019478845373182008,-0.007919133775361131,-0.021649598997482533,0.025245074765291697,-0.007817639367197926,0.017020065090164183,0.010258902295348982,-0.0015338109731601879,0.001988665777757914,0.0022060465789650596,-0.0015338109731601879,0.0019593558925283805,-0.00020708496865895487,-0.008704158779333837,0.006572959175799253,4.061164086777147e-05,0.010343264378771533,-0.017553379277957082,-0.0011525287813919372,0.0034212136001012805,-0.0006300476045376646,-0.002416930373422388,0.006257784337359684,0.0010927013024673027,0.1762588425044787,-0.5908036610750073,0.26040169395138174,0.6717744090782793,0.57762545474035,0.7071367072310223,0.9831977606274905,-0.5753452123026589,-0.14252571154537574,0.06355559281684921,-0.31085712857462,-0.14252571154537574,-0.0677772575538699,0.7637379183097497,-0.35167930362222505,-0.3209539373988419,-0.01331068697924339,0.02215857846308946,-0.0979118611060668,0.9051884421260457,1.0118828671817983,0.5251066067540368,0.22673096788084318,0.9175937915866571,1.0721260924839142,50,0.0006860984935541086,0.0011508173159989897,-0.0020621558497316396,-0.014543646573315538,0.01458219779125575,-0.0055281397604399546,0.016734089882383552,-0.0059024103191097944,0.000218607500325761,0.00012639083241998474,-0.0006857653050389421,0.000218607500325761,-0.00013279976896758867,-0.00015815864287682996,0.0030610724981334,-0.0021096171278346173,-5.405688393043544e-07,0.0002291920353014873,0.0017186840338054448,-0.0010432557321335973,0.003461867426911846,-0.00033084215971228233,-0.0005479929628666657,0.005742104057049469,0.0011715135776663528,0.016055918174265153,0.004727124830971947
2020-12-21,2020-12-18,2020-12-28,-0.0181518769142854,50,0.78,0.008504816755802613,0.000792950787561697,0.012982363054575563,0.012536498867809387,-0.025929693121610087,-0.006074429592838104,-0.0065508030634130465,0.008680524248550148,-0.0003880835219894907,0.0006194751147019506,-0.0008241560674840942,-0.0003880835219893797,0.0006467986888183397,-6.982129942489923e-05,-0.017942302755207584,0.015577217047282987,-0.005455529468060383,0.0038118570286851394,-0.011824035316982728,0.0020043614924447617,-0.004516478813438196,-0.00022311466380731115,-0.0016307571669093024,0.021849346939282865,-1.083951562963481e-05,0.09814196199899616,-0.6314869125794658,0.41190789672843137,0.06475824523782084,0.15051566733619076,0.10312039196953701,0.3141259409706677,0.1885300094900162,-0.2590725335358386,0.2846561014088461,0.7216154934084352,-0.2590725335358386,0.033997391559607355,0.3992060621719263,-0.17602598848986495,-0.13128723293603722,-0.21468847905828603,-0.22766842485185965,-0.3148823278815868,-0.04077446196672646,-0.017529999908949937,0.011143260242596487,-0.3612451457600349,0.38665302864722023,0.19770155850808305,50,0.000834679402856406,-0.0005007380446647919,0.0053475378603751135,0.0008118416681052636,-0.0039028250640217774,-0.0006263975606048204,-0.0020577771764081557,0.001636539318957475,0.00010054178126532869,0.00017633737107085502,-0.0005947237872830903,0.00010054178126529992,2.1989468283997726e-05,-2.7873085999141e-05,0.003158311578269842,-0.0020450897229818514,0.0011712393239555437,-0.0008678394854812356,0.003723179765565618,-8.172676144126002e-05,7.91738731883459e-05,-2.4862247627442915e-06,0.0005891031104593726,0.008448116168037591,-2.142989133451527e-06,0.015489512568873733,-0.03364138948315913
2020-12-28,2020-12-25,2021-01-04,0.0279204912472387,50,0.54,0.011050277138655362,-0.0010416460770512614,0.017190993705916036,-0.0010655546708350228,-0.014891097429867606,-0.0018037228367606684,0.00484056842720193,-0.014678840878222132,-0.0011607200221751546,-0.0011519080341815258,0.0025933219472979996,-0.0011607200221750436,0.0008498676116908133,-0.00030117638878635056,0.016234082763914692,-0.013622561732996474,-0.010585163814901044,0.018605753465081643,-0.004924974752822497,0.00034737641139925834,0.000372516829865166,0.0029210344915227004,0.00015687655030749426,0.013599957637506987,0.0011261645454050395,0.20385232923858257,-0.7291120356991274,0.3547874627876061,0.2715836450760899,0.2909069654049566,0.008107405544737614,0.6783177359737536,-0.11687245199820402,-0.24343465516658416,0.19997399611021924,0.1394371607845909,-0.24343465516658416,0.5147005560333385,0.7526194397746012,-0.1800794555612646,-0.11025878692030475,0.30561666453973363,-0.004967283772316397,-0.19776621746315023,-0.07700193264092386,-0.06274873315863351,-0.052984902884282835,-0.29819483794724955,0.680259537794958,0.5288726513954255,50,0.002252624733446755,0.0007594766917168554,0.006099149039719656,-0.0002893872215332286,-0.004331923964872334,-1.46235125279233e-05,0.0032834434163656464,0.001715552125929291,0.0002825594783431587,-0.00023035165274674671,0.0003616054493315995,0.00028255947834313164,0.000437427332291987,-0.00022667120500172064,-0.0029234247856622674,0.0015020071314271557,-0.0032350024587167393,-9.242005725881962e-05,0.0009739936279672186,-2.6748655031611548e-05,-2.337495915430938e-05,-0.00015477072885497077,-4.6779777496666794e-05,0.00925150089652151,0.0005955976290358873,0.016202018051582515,0.011718473195656186
2021-01-04,2020-12-31,2021-01-11,-0.0112788306252148,50,0.98,0.029888225717359607,-0.0006281452166665424,-0.008977178452014623,-0.017780257775486086,0.014997241156914365,-9.035946135604878e-05,-0.0012319464899029908,0.003102373427352534,-0.0007863903356633006,0.001034726793348817,0.001006362152186746,-0.0007863903356633006,0.0018347640364897444,0.0009543615018563489,-0.010673127702035212,0.009343779370720284,-0.0103159937409798,0.005053261290381972,-0.011961790835034236,0.004116873072286253,0.003494665600606517,0.0005460099392111673,-1.3885132029156644e-05,0.007330674735126053,0.002304004242296598,0.6695824779481009,-0.8473717052852,0.3635734474969394,0.3485170515555874,0.4011581691222426,-0.02705253863244446,0.9273154825864057,-0.17150672289126137,-0.013450724853373796,0.2880849839671676,0.45960990644341676,-0.013450724853373796,0.6421558992002082,0.26179664259909546,-0.21807490881222538,-0.1406464643330372,0.14293811192130496,0.08243423627296163,-0.13040117535173867,0.09020066390696826,0.013943793232479726,0.09024990598829241,-0.05874633235030852,1.0367815846529234,0.6214809461874634,50,0.020012632237301802,0.0005322724834134695,-0.003263863718594194,-0.006196723015810718,0.00601626580439251,2.4444528191413818e-06,-0.0011424030538050205,-0.0005320778997101638,1.057752003235932e-05,0.0002980892516722926,0.0004625340146147459,1.057752003235932e-05,0.0011782045496722755,0.0002498486370118226,0.0023275413503625656,-0.0013141695319997793,-0.0014745486679276522,0.00041656173516035845,0.00155983158420012,0.0003713446843409402,4.8728894551516844e-05,4.9277345682481096e-05,8.157005809127499e-07,0.007600308568459138,0.0014318947365224194,0.028655965182975703,-0.0399347958081905
2021-01-11,2021-01-08,2021-01-18,0.0583049930828948,50,0.96,-0.010064056082881412,-0.0001158005317180022,0.005368678264796367,0.01855208543562825,-0.01010869025063832,0.009072705155477312,-0.014652831334319272,-0.0006177191725513786,0.001000890152069056,0.0023781535005291676,-0.00109391048389329,0.001000890152068834,5.0357850508442326e-05,0.0018234803917529518,0.017287899461975176,-0.007022993032415603,-0.005499386500769976,-0.027441737380470954,0.025722574266644482,-0.0035992947842978795,0.002833072983466911,0.002246077581672168,0.0027280892741423646,-0.005864624385577666,-0.004130225457440129,0.21849966928820153,-0.7922203100520477,0.06155159661191765,0.10331366013151014,0.09217542452009983,0.2439525949074135,0.6432571159651836,-0.5329856506613085,0.07700637308024462,-0.10627500419709214,0.008898402432133265,0.07700637308024462,0.2415611960676644,0.6913398186250369,-0.317514018480375,-0.28978307868211184,-0.12998386794888364,-0.17089873130228572,-0.2495770747075375,0.7334035006628764,0.7627091121899211,0.6801346735108572,0.018489252937961637,0.6576804480478257,0.7404281776861703,50,-0.0021989929258075013,9.173953314182769e-05,0.000330450718893916,0.0019166838494272364,-0.0009317728151947815,0.0022133099655085586,-0.009425538024838488,0.00032923545510826167,7.70749204625725e-05,-0.00025273827325006664,-9.734055710412129e-06,7.70749204625554e-05,1.216450260021597e-05,0.001260644603300797,-0.0054891504292564515,0.002035144542496414,0.0007148315287159578,0.004689758103052995,-0.006419764839416512,-0.0026397353947216974,0.0021608105799892988,0.0015276352426906556,5.0440332626958344e-05,-0.0038570487935389234,-0.0030581353088854238,-0.016795612062142036,0.07510060514503683
2021-01-18,2021-01-15,2021-01-25,-0.0110484222810045,50,0.76,0.006595227103910695,0.0011517472881032997,-0.0023081673688322146,-0.00846808450129699,-0.00026513921010740127,0.005027293351052231,0.018722987068693797,-0.011200265885241256,-0.0035978536167114994,0.0021133798669707993,0.0033287847154506167,-0.0035978536167118325,0.0008300838842683067,0.0029710368264643794,0.017610183607661867,-0.009960753213141937,-0.020296480916484394,0.009781604901482721,0.003556567229396901,0.0030765558294754136,0.004522451372144021,0.002896751511809681,-0.00030280423751816166,-0.0030463386223172906,0.0011266019670244098,-0.17464694743450176,-0.4379112400272633,-0.12300468453667655,-0.1713502618505668,-0.17055834498739283,-0.2416483956136943,-0.008995775855639522,-0.23638548921429206,0.702470784217356,0.4798436798425214,-0.03746069414334043,0.702470784217356,0.33359107245812636,1.008559059241409,-0.3249113614599894,-0.3250977757243028,-0.292174818283365,-0.2296860666754358,-0.24573310751264826,0.8383643348062501,0.8551676703500947,0.9092817082480245,0.41683892069649336,-0.022916450257549563,0.11900456504378601,50,-0.0011518362813352924,-0.0005043630831313537,0.0002839153990610573,0.0014510084966699657,4.522170486718298e-05,-0.0012148373725611645,-0.00016842779501800666,0.0026475803306129004,-0.0025273870516305773,0.0010140919722723667,-0.00012469858609452205,-0.0025273870516308115,0.00027690857318327165,0.002996466106670496,-0.005721748731525805,0.0032382187141311463,0.005930120623565614,-0.00224669835559473,-0.0008739663173573501,0.002579274681472446,0.0038674542041879914,0.002633963163028354,-0.00012622059154939513,6.981126750598626e-05,0.00013407077706321363,0.009980534796862985,-0.021028957077867484
2021-01-25,2021-01-22,2021-02-01,-0.02230045999267,50,0.72,-0.003811252218166472,-0.0009135213732079928,0.001724220600772819,-0.007551580293935101,-0.008655391966105763,-0.0047672132905061115,0.012317259088038268,-0.0058263728277982985,-0.0011941269711337466,-8.571458674377919e-05,-0.0005895575503455097,-0.0011941269711338576,0.0007188953747976345,-0.0005403735635265416,0.002034150665612966,-0.0016599327280765186,-0.010680907049776645,-0.010259719469300599,0.018215542312648658,0.011182175744768541,-0.004000854629679695,0.0006418790808717656,-7.921716501446685e-05,-0.002275255737432813,0.006439474493921127,0.052483089240184674,-0.6116911446272223,-0.06378837995987321,0.5257166444768052,0.4694912176805316,0.8189041388029935,1.092270684089855,-0.6244446239462681,0.18967512226302563,0.1867793998412032,-0.28449695298039235,0.18967512226302563,0.26282006829403437,0.9405763714003473,-0.3808525005196481,-0.3486870500189891,-0.04743528210366895,-0.012813337477621445,-0.08355491743166031,0.8805655209364807,0.8947562663245189,1.0334316303106372,0.46290783504597033,1.0823141932862255,0.39343840853721873,50,-0.00020002629028288273,0.000558792934419029,-0.00010998523881673743,-0.003969991452624728,-0.004063630513669285,-0.0039038906941520923,0.013453781010203543,0.003638247189425263,-0.00022649617924736984,-1.600971906963983e-05,0.00016772732667988177,-0.0002264961792473909,0.00018894013150057976,-0.0005082626055824696,-0.0007747113674324046,0.000578797046182974,0.0005066518390292216,0.00013146124798587178,-0.0015219981339062733,0.00984663840989539,-0.0035797897505593698,0.000663338145007602,-3.6670246355326234e-05,-0.002462541577979451,0.0025335365967043403,0.010667411928108274,-0.032967871920778276
2021-02-01,2021-01-29,2021-02-08,-0.0090238369432965,50,0.62,0.010047049880445691,0.0020509557823029656,-0.004915700162529402,0.006318085122033246,-0.012328075041615927,-0.00456965519526864,-0.005514349318955114,0.0042599533045659665,-0.002464064051357906,0.002074404197948576,0.0018793887848986834,-0.002464064051358128,0.0006175023967915916,-0.0008090927048065577,-0.00644696924266297,0.005250861145884578,-0.014425481058088496,-0.006928634713162851,-0.0007295303113556972,0.0021218012561856625,0.00196094557449622,0.0019477502580036443,-0.00044416860817286796,0.018644713448512373,-0.001933881806997051,-0.18958305444430368,-0.4315869090055488,0.09060323232801223,0.2614540608207886,0.18493141054002965,0.14497190283927777,0.6205013294958436,-0.554896908324271,0.3195717346774457,0.14501053479345707,-0.2893313972046278,0.3195717346774457,0.059620212470789025,0.684773164495386,-0.38879406252756127,-0.3626905271868933,-0.26701019973255546,-0.183996386156682,-0.13600005119633443,0.8902349016254761,0.9211051607322892,1.3726059944758648,0.4990003342381549,0.5488298757176421,0.5625131929736317,50,-0.0019047504044891702,-0.0008851656665911942,-0.0004453783238804989,0.0016518890117669998,-0.002279848306689368,-0.0006624716089774863,-0.003421661083716148,-0.0023638349183094163,-0.0007874452232487807,0.0003008104621223154,-0.0005437661830254438,-0.0007874452232488516,3.681562409793616e-05,-0.0005540449718405177,0.002506543362845171,-0.0019044375971860523,0.003851750578558405,0.0012748437482217037,9.921615969365262e-05,0.0018889015325692549,0.001806237088583612,0.0026734936798777143,-0.00022164028393635717,0.010232775764738095,-0.0010878340300875277,0.008473553187848046,-0.017497390131144548
2021-02-08,2021-02-05,2021-02-18,0.0406031244059923,50,0.62,-0.00724546836254214,-0.00040016639930384734,-0.0024481696127369723,-0.00713312577588221,0.02365972271073402,0.00356031601640594,-0.012479265567039821,0.0058865780063883655,0.0020108930385607238,0.0020893518875222394,0.0033014057561684407,0.0020108930385607238,-0.00016779809183764538,-0.0011612816760139255,-0.014510553145701155,0.008512870178041254,-0.0010255372350587155,-0.005864906584790774,0.0062883980179666565,-0.004522122393935346,-0.0008196338150145976,9.833748935150766e-05,-0.0010405902449852622,-0.009389702696039448,-0.0037842622763274436,-0.25138653127373317,-0.37148605559138176,-0.7099806008831325,-0.09281696988237334,-0.2892802715612042,-0.18017939209960454,0.17424560234054645,0.0867317740812046,-0.15381528585285278,0.5298030511314084,0.5606179800100274,-0.15381528585285278,0.13208865412879084,0.4046348731829194,-0.14336524547673749,-0.17841512745457647,-0.37607530121377136,-0.3852872715632127,-0.35372702625056673,0.16855151518708808,0.24524311818422223,1.1133551619413382,0.19836419654958018,0.05457900956476776,0.08927898173446486,50,0.001821413159113044,0.0001486562372575921,0.0017381529327148214,0.00066207512030724,-0.006844291010823928,-0.0006414955755185079,-0.0021744571454964945,0.0005105533537614634,-0.0003093060875457294,0.0011069450048964496,0.0018508274262166282,-0.0003093060875457294,-2.216422411621382e-05,-0.00046989506370354283,0.0020803090137366913,-0.0015188248178194933,0.0003856792245806447,0.0022596738560271574,-0.0022243763307753035,-0.0007622105813592646,-0.00020100955256340992,0.00010948455138185243,-0.00020641584788383234,-0.0005124806732574626,-0.0003378550826466622,-0.003860318201061991,0.04446344260705429
2021-02-18,2021-02-10,2021-02-22,0.0651649114801672,50,0.62,-0.009063789626556296,-0.0031658527249038837,0.0005524701803569787,0.0013534088551139245,-0.003156183185674122,-0.00361201642971698,0.009870390355775527,0.001754982289726259,0.0015633928171523426,0.002746604615954773,0.002139396005533145,0.0015633928171523426,0.0006236279988331983,0.0006633049090227772,-0.008032663174944554,0.006149394000268149,0.0060591386116291,-0.008006292113249103,0.00205113941252022,-0.0024741491494120194,-0.0050890696343022235,7.889194712817904e-05,-0.0007627335437223604,-0.006069399081348292,-0.0019427656008556005,-0.4943325622663572,-0.05792507804060737,-0.332526456652699,0.018971714770045608,-0.0677992665527801,-0.24575815338482077,-0.2877946913340649,0.7023664635167782,-0.7291906862614828,0.8098833771887024,0.947484860419004,-0.7291906862614828,0.46558664319071247,-0.23479961604087304,0.1411230951260255,0.0600536314849538,-0.2964903221267374,-0.3018610981670773,-0.1518357578181419,-0.5641835709752376,-0.4996046103383136,0.46642875258801914,-0.3129541578529487,-0.3222977418934385,0.07753766371838608,50,0.004480526349938802,0.00018338226615512696,-0.00018371095148038367,2.5676486766475356e-05,0.00021398690509492242,0.0008876824877628783,-0.0028406459457871484,0.0012326407043696105,-0.0011400114812355896,0.0022244294221715304,0.002027045325683547,-0.0011400114812355896,0.0002903528665764904,-0.0001557437379565743,-0.0011335942893530224,0.00036929344114788935,-0.0017964759587724645,0.0024167881295517842,-0.00031143630709066594,0.0013958743022406198,0.0025425226516301064,3.679747248823651e-05,0.00023870063384182652,0.0019561536185686646,-0.00015063750584278982,0.011669585405234283,0.05349532607493292
2021-02-22,2021-02-19,2021-03-01,0.0094179022649401,50,0.48,-0.014378259102117208,0.001699458624839112,0.0013164546427488766,0.0024036424179709748,0.0065018705019235234,0.003745467090947585,-0.013943413042797448,0.002361315524124219,0.0045999955858275765,-0.0005397402256512862,-0.002823250776846642,0.0045999955858277985,0.001191789938457477,0.0012072197986954247,-0.004406968836331182,0.003907782590847564,-0.01366577104468858,0.007109174673494589,-0.000905643379703891,-0.005218934313172552,9.723716203891009e-05,-0.0004774270918046497,0.0015509697200071226,-0.0004192751108441639,0.00012104156672632094,-0.45373830927514147,-0.09492143336882235,-0.31321159914286395,-0.18538726741041156,-0.24094133918260713,-0.32953908353299305,-0.30759188803248544,0.8489039284545866,-0.47519091911947314,0.9748904867542332,0.9255366741399845,-0.47519091911947314,0.2389593052873065,-0.23347293430012217,0.13838298053052625,0.03817349064806261,-0.24398638060138783,-0.3255694661673702,-0.2263534216395395,-0.6164192100579999,-0.6034367384362125,0.3135934566400254,-0.48016753145155966,-0.3933484736632951,-0.13546183542904058,50,0.006523966975314576,-0.00016131504862073622,-0.0004123288638544233,-0.0004456046996993933,-0.0015665693859253436,-0.0012342777925538528,0.00428888074345085,0.0020045300247498506,-0.0021858761303749255,-0.0005261876113060221,-0.0026130221342657686,-0.002185876130375031,0.0002847892957422005,-0.0002818531487466236,-0.0006098494826766539,0.00014917370218638134,0.003334262015320813,-0.002314530203340222,0.0002049954777811724,0.003217051366670415,-5.86764759155534e-05,-0.00014971801201261485,-0.0007447253018119368,0.00016492122489556075,-1.6396512791954122e-05,0.004665763891840763,0.0047521383730993365
2021-03-01,2021-02-26,2021-03-08,0.0193770744270243,50,0.78,-0.017015818528572924,-0.0005010345624268941,-0.015588181493176534,-0.025873017153422495,0.03256554909403575,-0.004777094169952867,0.017530139675371537,0.013597581465754516,0.005143354084317764,0.0021478129141629942,0.003399554587010689,0.005143354084318208,0.00028196006347203095,-0.0018682221403563126,-0.026510585962504774,0.021416667086576968,-0.00888961969328561,-0.003396574293579313,0.007788858795916065,-0.010703557809060293,-0.0011639935970350068,-0.0014036139047316487,-0.003372143350114154,-0.025005495844727443,-0.0021253715729533385,-0.4355425343024285,-0.1504029606837697,-0.44672192103371317,-0.618865087547289,-0.6487488717256447,-0.24055149687710345,-0.10325984437917513,0.7472784328639867,1.0878739296288746,0.9297551278439371,0.5323159895651062,1.0878739296288746,0.5252086508675121,0.7361958573319339,-0.13065191162823453,-0.2108747835856135,-0.42343793915896505,-0.39869745925603184,-0.38963361857156037,0.35607698387118647,0.25560722652456097,0.029606119491108397,-0.10719216491333693,-0.17793269708164183,-0.2906081456761736,50,0.007411112725164871,7.535708159390193e-05,0.006963582382053996,0.016011907025765323,-0.021126863231881784,0.0011491371533050461,-0.0018101594948240684,0.010161179368469424,0.005595320819179488,0.0019969400705924737,0.0018096372640651907,0.005595320819179971,0.00014808786453466346,-0.0013753774003061163,0.0034636587343858886,-0.00451623503700705,0.00376420224283181,0.0013542055410244232,-0.003034801237195703,-0.003811290581341074,-0.0002975251750304655,-4.1555560982866427e-05,0.00036146734609684885,0.004449295317516142,0.000617650291688822,0.03491425432887915,-0.015537179901854853
2021-03-08,2021-03-05,2021-03-15,0.0089857435896906,50,0.48,-0.00576100222245457,0.0030329440362641957,0.0036234892479554137,0.006853435214694947,-0.011782554752629348,-0.004858459403953463,0.009274814763607475,0.010530352977455415,0.0015249422142178393,0.0017756736741665335,-0.0004926496359880517,0.0015249422142178393,0.0007793655190662108,-0.000642027399427425,-0.015460491385651087,0.011619250776717438,-0.011499072377294972,0.023753584038455955,-0.01871065303972752,-0.006622364188351937,-0.0005698102891497081,0.0008454735108531786,-0.002486031830072899,0.009968610940855438,0.0013609544936010742,-0.42833754183830064,-0.15972177106719418,-0.3918141665732643,-0.7469087081367214,-0.7360157676372223,-0.37537412621165395,-0.4286152828533052,0.9628904782624217,0.8245732837306048,0.9106738611342254,0.6081044362582196,0.8245732837306048,0.08147802519836851,0.2622881506152204,-0.11158753790211567,-0.2140685310057292,-0.3796544499966938,-0.3745010401328552,-0.4106072206188072,0.07666275585692156,-0.030740990622113117,0.022293177777478402,-0.260202305849727,-0.46712089894323794,-0.18377700196998678,50,0.0024676535304911772,-0.00048442719301980175,-0.0014197344197748347,-0.005118890442506517,0.008672146080984091,0.0018237399534938245,-0.003975327353315629,0.01013957661473416,0.001257426609077023,0.0016170596009676336,-0.00029958242916533126,0.001257426609077023,6.350116340121628e-05,-0.0001683961792401187,0.0017251981684816735,-0.00248731594515908,0.004365673998874097,-0.008895741929284941,0.007682729240605354,-0.0005076886889672451,1.751653275513474e-05,1.8848291283598726e-05,0.000646871214600785,-0.004656546503907789,-0.000250112136651587,0.013491604387833925,-0.004505860798143326
2021-03-15,2021-03-12,2021-03-22,0.0157002059056532,50,0.42,-0.006309310464553852,-0.0028075699087418693,0.0029540817063551383,0.0022588667211838054,-0.0119583223068086,0.00703068684277719,0.008053981613008743,-0.00955693395783963,0.00046340468694094916,-0.0019134535720566337,-0.0016764404827218637,0.00046340468694094916,-0.0003772484564470435,0.0006325724242353115,0.007846494687312022,-0.004535409908411836,-0.012104370849985946,-0.0036128203489916855,0.021702359756049727,-0.00221564339494984,0.005151888351661915,0.0015127406629484863,0.0022471066288647368,-0.013999042777513626,0.0020125982126104613,-0.3643457147675388,-0.2475423851697096,-0.1497001052574686,-0.4884349562323216,-0.47000686064139474,-0.35608237606191145,-0.21707530072957704,0.7263180364901928,0.6266588875775071,0.5599226760436922,1.211323949208569,0.6266588875775071,-0.04724372371105351,-0.2916102324210441,-0.1658677704462387,-0.19275816405733473,-0.20335305955224198,-0.2411605329397353,-0.34538846958267866,0.06355513649978023,-0.05228978651943111,-0.05714867449026202,-0.33009358191431576,-0.2739480871832136,-0.03342812200933442,50,0.0022987702308981854,0.0006949925517406662,-0.00044222634238052664,-0.0011033094680960598,0.005620493525961071,-0.00250350367632332,-0.0017483204807143568,-0.006941373507124527,0.00029039666561661814,-0.0010713860445513122,-0.0020307125061437676,0.00029039666561661814,1.7822621846805528e-05,-0.0001844645916544025,-0.001301480579602702,0.0008742372871929101,0.002461460846299614,0.0008712696807783554,-0.007495744822474731,-0.00014081551840087355,-0.0002693911420803454,-8.645112373502622e-05,-0.000741755476065364,0.00383501099129584,-6.727737860691088e-05,-0.008873361590707538,0.024573567496360738
2021-03-22,2021-03-19,2021-03-29,-0.0166842176802215,50,0.48,0.003979340611542037,0.000596021457445195,-0.007641345996731941,-0.01545624872592144,0.015714289659102265,0.012842384732409284,0.004653028587689789,0.0005663066672794148,-0.0022940595318059476,-0.0005011286315128594,-0.0009117009116484942,-0.0022940595318060586,-1.5263811482313372e-05,0.00018936251045076347,0.0009763995808906856,-0.0012753903583729853,-0.0027009859377065126,-0.011004300592776795,0.007704391012900436,0.0019302470906059632,0.0024389670965858645,-0.0008101479962147051,0.0011076517483572523,-0.0067254675224519556,0.0017860976615009516,-0.3515878440981232,-0.25241399121077046,-0.35158980688137764,-0.45715062521240524,-0.5028605574093494,-0.1843788120638215,0.10049151893212883,0.5130386335789211,0.8138528921571957,0.5855577584802709,0.6706663099446132,0.8138528921571957,-0.08426636494472296,-0.07320359883762316,-0.27625100613777553,-0.3049040973320077,-0.15305553405879782,-0.12855760968891128,-0.24656974290068462,0.21423176705132735,0.1626203720595951,0.8317967258481673,-0.11358737158161394,0.002638170551185428,0.06447990945975002,50,-0.001399087786544172,-0.00015044415492100204,0.002686619363304771,0.007065833768493428,-0.00790209645726814,-0.002367863641028182,0.00046758991041156517,0.0002905371987676637,-0.0018670269847410527,-0.0002934397581789556,-0.0006114470861884354,-0.0018670269847411432,1.2862259088160714e-06,-1.3862017249922912e-05,-0.00026973136661355424,0.0003888717459656609,0.00041340084518097313,0.0014146865805056542,-0.0018996697112572056,0.00041352024506619906,0.00039662573668790366,-0.0006738784507038452,-0.00012581525072367957,-1.774293036068677e-05,0.0001151674154998526,-0.005804993544727489,-0.010879224135494008
2021-03-29,2021-03-26,2021-04-06,0.0047727409790033,50,0.78,-0.005409893334939908,0.0010307395663819996,0.0008324992543695675,0.013649546929713319,-0.009320289656526981,0.006737545815264756,-0.013217082771380118,0.0018852219075033982,-0.0019814858346624,0.0013835462827969103,0.0038040108654180393,-0.0019814858346624,0.0005239132572618654,-0.0007613642963588685,0.009203570513512949,-0.006477507945920946,-0.01337945228303361,0.016555730814220793,0.004991847819839856,-0.0014248878060167947,0.003129451164922026,-0.0004967841715142196,0.0009734858699943505,-0.0013055752396901044,-9.54591303290453e-05,-0.21273241567042092,-0.3890908086614479,-0.1641382180436051,-0.16537979356455806,-0.18481071375377214,0.16346469281842846,0.24048283411599403,-0.26852360912940365,0.6210723320142472,0.10519043447021033,-0.22939374273889176,0.6210723320142472,-0.06019018120272092,0.3999941904051144,-0.4044940124835291,-0.46964724228612537,-0.21297985746291548,-0.0945630694576163,-0.1467012518962822,0.6489440761529014,0.9286184150518628,0.3408897725447703,-0.06914333746839268,0.20245181653211217,0.7350137681854185,50,0.0011508596776610763,-0.0004010512914029224,-0.00013664494413485073,-0.002257359253485736,0.001722489383814651,0.0011013508570423415,-0.0031784815236071675,-0.0005062265906126313,-0.0012306460281869735,0.00014553583459705148,-0.0008726162898376547,-0.0012306460281869735,-3.153443388909942e-05,-0.0003045412953254252,-0.003722789166185947,0.003042143743688237,0.0028495538401723773,-0.0015655607229067593,-0.0007323103244462339,-0.0009246725008971034,0.0029060659807520974,-0.00016934864323132448,-6.731006202973122e-05,-0.0002643160788946094,-7.016377509085455e-05,-0.004748219634624165,0.009520960613627465
2021-04-06,2021-04-02,2021-04-12,0.0060448873162087,50,0.96,-0.003573500119715689,-0.0012214816987579091,-0.010622641202625682,-0.015323061339822974,0.017600177462908206,-0.006135588451467,0.0051865050179160654,-0.0004302793808637073,-0.0028920729072541285,0.0007629576042917918,0.002339182250118199,-0.0028920729072541285,0.00370448866403561,-0.0018796177485610466,0.006463769616170678,-0.005453513465917714,-0.008036593494329058,-0.015627988942714333,0.008764289608609976,0.001538174702971018,5.9338437069511585e-05,-0.0007475277222703802,-0.000836310647142624,-0.001790736898837908,0.0036670946629731027,-0.15073854964087618,-0.4105106173792261,-0.16595461670110878,0.16876887028133708,0.11807436271021554,0.7341399856890916,0.51839239055417,-0.010915576668143405,-0.07879473697810929,-0.3727800542424795,0.47088181125437045,-0.07879473697810929,-0.295886401746277,-0.4854761201787212,-0.23436217932342363,-0.29532944365894787,-0.24441978222677918,-0.061081132963353844,0.09464796151833896,0.2562491743499486,0.5098607148232,-0.26974281743941214,0.24658523662035725,0.544827667347903,0.33364394988187146,50,0.0005386642251874404,0.0005014312062745352,0.0017628763491351503,-0.0025860557515735546,0.0020781297375195846,-0.004504380817954139,0.0026886447348587073,4.696747570539074e-06,0.00022788012404860493,-0.0002844153771126064,0.0011014783747897315,0.00022788012404860493,-0.0010961078211113695,0.00091250953199048,-0.0015148631338902897,0.001610583097876059,0.001964302431729059,0.0009545752705597578,0.000829522145611295,0.0003941559976423008,3.0254337940752644e-05,0.00020164023391927875,-0.00020622185881378805,-0.0009756430074276751,0.0012235039479450763,0.006085040850763536,-4.015353455483553e-05
2021-04-12,2021-04-09,2021-04-19,0.0325898759679245,50,0.78,-0.004318074192713461,0.0033487154904481287,0.006505849683751563,0.011206475642195901,-0.010794323573970588,0.0050940374058081606,-0.009428538126866948,-0.004025474398750228,-0.000639888928154253,-0.001155903784957668,-0.0020498392201427906,-0.000639888928154142,0.0023612839380366957,-0.0008786580679276401,0.013677576809187242,-0.010190112296179055,-0.015741227831701066,-0.014536228365390813,0.014954941477203665,-0.00286802460502944,-0.0003981087495839031,-0.001624852362039575,0.0007106461720027824,0.011105615637817978,0.0018099786545224816,-0.2265039899764578,-0.37847400597845615,-0.4162291785634979,0.09395989805798662,-0.0013537804727669334,0.04238225857064101,0.06616517922530134,-0.09695990296208012,-0.6972700252954377,-0.14996358644834568,0.44364310278413926,-0.6972700252954377,-0.06522560024012478,-0.5208090650824194,-0.2493154136218404,-0.249404590913298,-0.16380143819619217,-0.13930401346015653,-0.1626426437239607,-0.44056801463592743,-0.37029299023795587,-0.2205107734147832,-0.07918687795019559,-0.001307825090791046,0.6198189346056282,50,0.000978061033663971,-0.0012674017665520137,-0.002707924469725506,0.001052959308930037,1.4613144471169158e-05,0.00021589681050147882,-0.0006238409149967386,0.00039030960707916,0.00044617536912038654,0.00017334347718146923,-0.0009093970318327679,0.0004461753691203091,-0.00015401616219580907,0.0004576130868845192,-0.0034100307195270092,0.0025414607885891048,0.0025784357578065623,0.002024954951872311,-0.0024323112185895184,0.0012635599061648103,0.00014741687932331703,0.000358297451038184,-5.627385168815803e-05,-1.4524202779819757e-05,0.001121859041305053,0.002635411645164502,0.02995446432276
2021-04-19,2021-04-16,2021-04-26,-0.0189364464209318,50,0.72,0.0025711744499119504,-0.003079061290637508,-0.012446527391075324,-0.08562149502408756,0.09940447175602829,-0.0028045523464921285,0.05130853131905022,-0.009100161934641804,-0.002396049830210245,0.00023448168823181348,0.0026333320609641664,-0.002396049830210134,-0.0004363502593252022,0.0009251016464926209,0.014453326040964276,-0.0075492974529041135,-0.012921046382412982,-0.008402738350947181,-0.0019103145871276483,0.0034352319581090196,0.0014777458577543978,0.0010968883167135068,0.00035906065680224586,-0.035484857996065156,0.009114730547810534,-0.5164291315396691,-0.008578720491624758,0.11768712021270797,0.04045310826741321,0.07480154126078528,-0.3297940411031726,-0.610173230248372,-0.04717990187884738,-1.1906441312206721,-0.15573466646237302,0.19684645169687393,-1.1906441312206721,-0.026937005538408457,-0.6796967802641888,-0.2168625200802402,-0.21676522878102794,-0.2897635047353437,-0.32997621356209633,-0.30444205548068864,-1.1571583967553343,-0.9987276994308323,-0.5022424761828177,-0.3850991976771465,-0.45670029998968303,0.16093625645139997,50,-0.001327829388205015,2.6414406188960564e-05,-0.0014647959653042442,-0.0034636556082271956,0.007435607695565115,0.0009249246518350243,-0.03130709229424464,0.00042934474715802226,0.002852842668452116,-3.651692750831561e-05,0.0005183620723404123,0.0028528426684519843,1.1753969352128938e-05,-0.0006287886105381342,-0.003134384708784874,0.0016364251895147916,0.0037440476846159194,0.002772703784598564,0.0005815800995198844,-0.003975107505128121,-0.0014758657208584916,-0.0005509039042821944,-0.00013827397085197413,0.016205945291894258,0.0014668906129278456,-0.006043529061518168,-0.012892917359413631
2021-04-26,2021-04-23,2021-05-06,0.0078747999123698,50,0.88,-0.0033430635711542145,-0.0004166009418535843,-0.004724133122501528,-0.014737845522410309,0.0174138789528151,-0.0075524997350614465,0.011691611148257008,0.015387497889295831,0.0027678136832294253,0.0029693213080399516,0.00345167197541274,0.0027678136832292033,0.0032703950552877004,-0.0015495409296925056,-0.023827643654202868,0.0159061695413949,-0.008362084492451238,-0.0036185998094622196,0.011277250778823023,-0.004329955356634829,-0.0017595760277970829,-0.0035390475682502975,-0.005573853244414062,0.00369231978724871,0.0029622228309693632,-0.06141083286333448,-0.5320139730180604,-0.1303947195076077,0.32918537159161637,0.23449294620692968,-0.008929442714759893,0.23851749922827056,-0.6585542405553828,-0.5987453478272543,-0.06751928921449526,-0.19327597734073862,-0.5987453478272543,0.007115674319758458,-0.04664570095914132,-0.2928670974158952,-0.24753106289115706,-0.3161253570635578,-0.2792610950420946,-0.23015089604561637,-0.34969182981242886,-0.1409572749406682,0.41331442690480663,0.21979175400303103,0.12801369883237476,0.632796658862052,50,0.00020530031821965357,0.00022163752223859135,0.0006160020134251857,-0.004851483154754477,0.004083431780536456,6.743961373747045e-05,0.0027886538530316305,-0.010133501986532772,-0.001657215566486236,-0.00020048646416831288,-0.0006671252745075353,-0.0016572155664861031,2.3271066110375734e-05,7.227942283038644e-05,0.006978332835266668,-0.003937271053108427,0.0026434669459717876,0.0010105341453095344,-0.0025954693716772437,0.0015141500116677613,0.00024802504192920227,-0.0014627394174602213,-0.0012250869811452519,0.00047266751323767444,0.0018744847102423023,-0.0055679180425719016,0.013442717954941702
2021-05-06,2021-04-30,2021-05-10,0.0050714549357325,50,0.82,-0.0014020383824998595,0.0013187015404751978,-0.006047272541071624,-0.017044958150022493,0.021306878633682524,-0.005986002094793497,0.000971176027934062,0.001576295141324735,0.00023822398600858996,0.0007539382671162276,0.001137099323565094,0.000238223986008812,-0.00017618179417111524,-0.0005649278711883365,-0.0037943561539550696,0.004680422928536432,0.003292975829254141,0.004717867342126869,-0.004187479554093931,-0.004989174163814281,1.80904061930498e-05,-0.003754351131658451,-0.0021098400429651054,0.002564642253723104,0.0007164242551673805,-0.2187658247918075,-0.3839966169671123,-0.4274519809681297,-0.36773831377315647,-0.42480564650755004,-0.4807901334058026,-0.2718017022577574,0.2927229749861471,-0.24662797185933819,0.23657690113537724,0.45180970211530036,-0.24662797185933819,0.21170748329329345,-0.16537924729955425,-0.21064661416081978,-0.25986392575160616,-0.36021530975786087,-0.29640691147553544,-0.3503129192239335,-0.382728964623116,-0.2830525230037588,-0.3736481045674651,-0.5215516469113087,-0.3780299625979305,-0.010344083791221734,50,0.00030671808313735343,-0.0005063769303317954,0.002584918627135241,0.006268084168423292,-0.00905128235303941,0.0028780107457231792,-0.0002639672975844054,0.0004614178032247856,-5.87526985175459e-05,0.00017836437888173342,0.0005137525066554546,-5.8752698517600664e-05,-3.7299004246063844e-05,9.342734611566663e-05,0.0007992682767509056,-0.0012162730763873063,-0.0011861803083599292,-0.0013984084876311185,0.0014669281867851804,0.0019095014620410403,-5.12053511510557e-06,0.0014028061842248979,0.0011003905491278772,-0.0009695116152520171,-7.410752525515004e-06,0.0052042525607187955,-0.00013279762498629583
2021-05-10,2021-05-07,2021-05-17,-0.0057285158674685,50,0.54,0.007501758900516853,-0.0007299104589308936,-0.0011152063267479972,-0.04070486887234104,0.049182922453950395,-0.006882453451726778,0.013443147268660693,-0.005319702751186206,-0.0036003308794575473,-0.0006409299794636336,-0.0021407256468946034,-0.0036003308794574362,0.00022856136807214433,-0.000561641197739382,0.006934954303993823,0.004118723856268325,-0.01232852072897872,0.012571729622059102,-0.00843834697770951,-0.0035634997827483916,0.010731919971832982,-0.0012373605827857848,-0.0001568898683589337,-0.009693926400463848,-0.0014614200698964686,-0.23080294831425033,-0.3571453542473402,-0.51444211446397,-0.4266781195395617,-0.4948726249402543,-0.4995915821651981,-0.20833170282010208,0.8338116706320581,-0.1648223135822139,0.3910478292307989,0.878148287129299,-0.1648223135822139,0.21126804656455558,0.06611645314082316,-0.10201902764704349,-0.15063621404012772,-0.0562800590089007,-0.21062969591543532,-0.3185700397096454,-0.5805163794045101,-0.5988454878726293,-0.3297367541000785,-0.48816588695975704,-0.27401355197327676,-0.04987530812759142,50,-0.0017314280717819585,0.00026068412942371265,0.0005737091007958368,0.017367876906554912,-0.024339281937019407,0.00343841580912651,-0.0028006337617414866,-0.004435630238232526,0.0005934148652136798,-0.00025063427715819447,-0.0018798745600342567,0.0005934148652136615,4.8287713752724317e-05,-3.713372393229165e-05,-0.000707497294870129,-0.0006204289683850156,0.0006938498741193779,-0.002647979587425379,0.002688204531772685,0.0020686699918898545,-0.006426761851342336,0.0004080032622191662,7.65882817424384e-05,0.0026562672055586204,7.288877628993256e-05,-0.014337008958249875,0.008608493090781376
2021-05-17,2021-05-14,2021-05-24,-0.0045470688534605,50,0.66,0.0023973746960250786,0.0033059034494153927,0.0054848282724166975,0.027237771419938994,-0.024852004478686185,0.0018969901423062652,-0.025174558168457373,0.00010271220824531468,-0.001979269630294045,-0.0007966281971381051,-0.004875514715718787,-0.001979269630294045,-0.00017546190850104004,0.0006232469473337332,0.0005421633261601944,0.005006658884788351,-0.00415206006058777,0.0030011767731747963,-0.006440226719082176,-0.0013240779676618741,0.00440053700611176,-0.0007696778761480116,0.0010153115782074451,0.021961631382855895,0.0005129544283251075,-0.12518722193132428,-0.4803906891975892,-0.6824118553347905,-0.6574515359756671,-0.7655166288672581,-0.5860365849227764,-0.15011420796662628,0.19144137972524178,0.07313368991510714,0.15518507562532377,0.21452377832982988,0.07313368991510714,-0.10172571409240151,-0.3877425463050181,-0.10316204662820909,-0.16764326906007398,-0.3454478282765245,-0.3925166586041757,-0.44263104428271743,-0.03872699164678669,0.0756502941548033,-0.4068124392650459,-0.29415604619239477,-0.42689122091924053,0.04741814847088178,50,-0.0003001206781238326,-0.001588125236485348,-0.0037429118375725923,-0.01790751465659302,0.019024622689117848,-0.0011117056246293354,0.0037790588603677402,1.9663366861109397e-05,-0.00014475129140031345,-0.00012362480701814217,-0.0010459138381186807,-0.00014475129140031345,1.7848987938283914e-05,-0.00024165935833601123,-5.5930678333442905e-05,-0.0008393326625145835,0.0014343201308037398,-0.0011780118788870333,0.002850644278084803,5.12775563933357e-05,0.0003329019189514521,0.0003131145342441125,-0.0002986600394988625,-0.009375227634405662,2.4323349241116235e-05,-0.01025046584131363,0.00570339698785313
2021-05-24,2021-05-21,2021-05-31,0.0281067542591833,50,0.82,-0.005430457256726751,-0.002159735996233425,0.009542477941941963,0.014712849935694106,-0.00848349204655996,0.0007333836725633702,-0.004553041219272469,-0.011797196289135448,0.0018230146780044976,0.0006173448596562547,0.0014234731675650814,0.0018230146780049417,-0.0006211225608619975,0.000354036973440941,0.02221627318820829,-0.011965870434763382,-0.002592339917306452,0.0060533711652153155,-0.002900339066127078,-0.0046204912454601565,0.0005316907678345473,-0.00022347605406003446,0.002551436179539346,0.004432602568596566,0.002864280308097822,-0.16583094316494384,-0.3683688206251802,-0.018367305318886095,-0.03579737944770371,-0.08611609110746606,-0.4739794044786312,-0.42845807759136234,0.0654499637908645,-0.8447054146932955,0.20034997435936938,-0.05618895752659932,-0.8447054146932955,0.2884060547546041,0.9393848113571213,0.4305821110320096,0.5055917294287195,-0.4022008668088973,-0.3628074331028847,-0.37565026141329405,-0.8511454985097108,-0.7155900570536324,-0.5402370462904188,-0.4181937665407975,-0.522467322079324,0.04541815183309579,50,0.0009005378486999107,0.0007955794017942555,-0.00017526960585838384,-0.0005266814719051651,0.0007305651739910211,-0.00034760875637593764,0.0019507872880037145,-0.0007721260699576361,-0.0015399103695757537,0.00012368502680301912,-7.998347335256814e-05,-0.0015399103695761288,-0.00017913550729728518,0.0003325769555092645,0.00956592980864256,-0.006049845127232003,0.00104264136180396,-0.0021962080540707868,0.001089513128377826,0.003932710324476939,-0.0003804726268896133,0.00012073004336203097,-0.0010669947060100214,-0.002315889993856581,0.00013009031792573326,0.003545310547432371,0.02456144371175093
2021-05-31,2021-05-28,2021-06-07,0.0009137404687756,50,0.84,-0.005739306897847074,0.002236743919714179,0.005078498718473323,0.009269025147391918,-0.01043984962535105,0.0005101874751303193,-0.025349198909145,-0.00408824684323883,0.002804018205807557,-0.0003552592730827753,3.877104366356576e-05,0.002804018205807557,0.0008289320220529195,0.0012748310456516254,0.005523503623621195,-0.004105320043368388,-0.007180564215482188,-0.016337272074929743,0.007359069051176004,-0.003032024212068607,-0.002202727192059717,0.0018021323531896005,-0.0008375316589802617,0.021370381231380575,-0.0013760701870240144,-0.02049111088927294,-0.5545048373490562,0.6109307950309856,0.5763263144093465,0.5825330766491578,-0.30955947657606264,0.17430313528222033,-0.37917746404216124,-0.4393588460274651,0.06490363520926797,-0.32732900779034474,-0.4393588460274651,0.014476637396735404,-0.2357804455003325,0.36555189983096453,0.35487716388568935,-0.15284865818856255,-0.12580472298415862,-0.267999818971733,-0.36482087096138116,-0.3083900509192242,-0.3691588724700258,-0.016317891697503042,0.19650866713425144,0.43414190059447155,50,0.00011760477407135348,-0.0012402853233926014,0.003102611259640749,0.0053419831013639335,-0.006081557722010304,-0.0001579333677570046,-0.004418444846756612,0.0015501710703976705,-0.0012319702031436113,-2.3057618264874155e-05,-1.2690887253391114e-05,-0.0012319702031436113,1.200014830980279e-05,-0.00030058023188139494,0.0020191272433379447,-0.0014568843338336487,0.0010975396053732609,0.0020553059877033665,-0.0019722291735156518,0.0011061457138228648,0.0006792991509204559,-0.0006652731475452273,1.3666750904469963e-05,0.00419946513192942,-0.0005974097263459955,0.001904633152931363,-0.000990892684155763
2021-06-07,2021-06-04,2021-06-15,0.0150403867714671,50,0.86,-0.001681253460862786,0.004695181237799995,0.007434975484403639,-0.016648009945050668,0.01595946652421576,0.005068436698665524,-0.015303102368912636,-0.002188963371715369,0.0011276427587330051,-0.0017726508803370677,-0.0015389286437252903,0.001127642758732783,0.003290418253855343,0.0007317099799744042,0.011578585696599752,-0.010401874863541494,-0.0002252946865677341,-0.007410706168779924,-0.003664008862357848,0.002750441580475105,-0.004756900400617936,-0.0002904205401312865,0.0007597425209642239,0.0063257877342435265,0.001153668205780889,-0.47946900476531246,-0.07183372866042274,1.1102791959428284,0.35785247914289586,0.491282075450979,-0.37204504743140554,-0.4373389947011735,-0.37122301394600915,-0.004311326861529316,0.12457371483356543,-0.32247049700843355,-0.004311326861529316,-0.2518174174209864,-0.33159314365630466,0.10273054720571824,0.0459592436277197,-0.32200975701150214,-0.285202114841598,-0.27645344764700636,0.162967629859593,0.37932553778413414,-0.04369154202813141,-0.17721927275008414,-0.3201206437919372,0.14981904645890948,50,0.0008061089236381172,-0.0003372723750476326,0.008254898602678314,-0.0059575316316319675,0.00784059983710714,-0.0018856867719580913,0.006692643405829399,0.0008125935802655976,-4.861636515934626e-06,-0.00022082570526657858,0.000496259084602609,-4.861636515933669e-06,-0.000828584626920724,-0.00024263001250440444,0.001189474444479995,-0.0004780623010385571,7.254708727765859e-05,0.002113549071805711,0.0010129278822080126,0.0004482329454373009,-0.0018044138026499616,1.2688921234978727e-05,-0.00013464101704259532,-0.0020250152419771777,0.00017284147052005374,0.01600097849801533,-0.0009605917265482298
2021-06-15,2021-06-11,2021-06-21,0.0331104508075082,50,0.72,-0.0014701790884016352,-0.0029527472620430872,0.007916368850127142,0.0006572331809628906,0.002350055907692994,-0.0033816745391309633,0.004114249602655828,-0.0062266618441571,-0.0022410050074902488,-0.0010083607868736078,-8.22965364766226e-06,-0.00224100500749036,0.00015795913594085498,-0.0008590497272279451,0.009167145990164549,-0.0027115872976296584,-0.009992890442908742,0.015390599732410193,-0.004901898752870726,-0.00468081937779008,0.005985736637090122,0.0005269284025659626,0.00173143465629777,0.008488294142595443,0.000630545793831816,-0.44994934310541934,-0.12541497659270334,0.8903832511015268,0.3901039273302674,0.5236411699771015,-0.013968252086444765,-0.19776794107426823,-0.41511392134208513,-0.21709833865318057,-0.03404162215248057,-0.24734852168660204,-0.21709833865318057,0.011255472995766753,-0.2826432664287559,-0.3564828662211059,-0.3430091717779586,-0.2570868843429046,-0.298469571280297,-0.29700328468839476,-0.034933825327995896,-0.002548985234635872,1.1098995944384025,0.3485943866834115,-0.015598837769235357,0.5574451832679324,50,0.00066150611507364,0.00037031872875330267,0.007048602233695061,0.00025638924506538795,0.0012305860250159586,4.7236082436893215e-05,-0.0008136666729828694,0.002584774014999193,0.0004865184640395915,3.4326236900129345e-05,2.035592663742012e-06,0.00048651846403961556,1.7779047890169426e-06,0.0002428046209284382,-0.0032679304776411767,0.0009300993131635821,0.0025690410695473967,-0.004593625703879124,0.0014558800308125514,0.00016351892653561708,-1.52575543063617e-05,0.0005848376203060372,0.0006035684020945245,-0.00013240752326789705,0.00035149471560140056,0.011288945874383649,0.02182150493312455
2021-06-21,2021-06-18,2021-06-28,0.0347556710813092,50,0.44,0.002190402769408406,-0.0014500874460128266,0.006595160457409044,0.011565255994615997,-0.012030299928587618,0.002484558002969317,0.0067546899657628945,0.0029503530841685777,-0.00029158244245219844,0.0008491863906012753,-0.0004293005520070725,-0.00029158244245219844,0.0008992589686036556,-0.001539963155169466,-0.00425437149038399,0.008485691626649139,-0.01083334712219497,-0.004852968194149931,0.0019780902900166097,0.0017723599287964298,0.005363937406233976,0.004272236967796106,0.0018760027049296024,-0.001919597404459794,0.0011393904558256729,-0.439392284059924,-0.14816784404658806,1.059976117374186,0.3342317001032191,0.49448696889044313,-0.46637827701391754,-0.4676710528962502,-0.4218332826142374,-0.2951736131540651,-0.044458505973364225,-0.25994727143109153,-0.2951736131540651,0.2100330941790464,0.06545215672560825,-0.35743109395660644,-0.3265420101041274,-0.0882183383870505,-0.2370327409753054,-0.2974064191677699,-0.15480915726966477,-0.12153248584471665,0.46697007391633855,0.5801079065606973,-0.24146515634773397,0.22658287491290166,50,-0.0009624460758615425,0.00021485633055474368,0.006990712575104198,0.0038654751732094513,-0.005948826546530206,-0.0011587438805659698,-0.003158972968276069,-0.0012445571263658705,8.606744307090267e-05,-3.77535582190464e-05,0.0001115955071180999,8.606744307090267e-05,0.00018887414364408372,-0.00010079390978381406,0.0015206446559057477,-0.0027709348008897725,0.0009556998822901756,0.0011503123529253364,-0.0005882967499443754,-0.00027437754695549833,-0.0006518926468950768,0.0019950068126398618,0.0010882840018589172,0.0004635158873925885,0.00025816636512930244,0.0020776827636270713,0.03267798831768213
2021-06-28,2021-06-25,2021-07-05,-0.0087278899818535,50,0.62,-0.010935520302291168,0.004213042290482694,0.010561540956038895,-0.019063015269625394,0.015803127656073057,-0.003484205967724474,0.012228533922170826,0.003458929238211894,0.0011725234700024068,0.0007419334776681552,0.00023257142871790926,0.0011725234700026288,0.0003116944763978946,0.0016778217740356371,0.003526236690024609,-0.0030922107631564666,-0.008215690596699132,0.012179106501566395,-0.00935320189749278,0.00359087929959534,-0.004089222388799052,0.001964733015021647,-0.0006438262645533932,-0.0014665244530562838,-0.0023402779242860383,-0.32691500362139597,-0.31393410732711297,0.7449730039835682,0.17057859913700552,0.25774594257282224,-0.32480599782531366,-0.2937439116038293,-0.4056557129364167,0.05462836788535833,0.10897921774561463,-0.33504604441057806,0.05462836788535833,-0.06289360444677401,-0.39228165525331365,-0.3761384334322445,-0.4180839555132257,-0.05238144982578761,-0.15564552526260636,-0.22513060701819845,0.21872673200645176,0.45805584689639184,1.1982188367632736,0.6550060385312855,-0.22610329093961068,0.12157481490526717,50,0.0035749856592253667,-0.0013226176705940598,0.007868062892715784,-0.0032517424400200453,0.004073192033313185,0.0011316909959756603,-0.003592057387478575,-0.0014031344061234627,6.40530434735084e-05,8.0855330015559e-05,-7.792213723485222e-05,6.405304347352052e-05,-1.960358910681352e-05,-0.0006581787027387509,-0.0013263531444971596,0.0012928037071410258,0.00043034978477519064,-0.0018956234286655257,0.002105692020746315,0.0007854212942301051,-0.0018730922244490362,0.002354180107809637,-0.00042171009104751344,0.00033158600507943837,-0.00028451885547195796,0.008030371840546545,-0.016758261822400047
2021-07-05,2021-07-02,2021-07-12,0.0597962471033311,50,0.86,-0.0002610685782296063,-0.003133089798979527,0.0160511251105091,0.0015443320488117696,-0.00626074758208206,0.006901196667600251,-0.00754018966089931,-0.004702830676107772,-1.286974764469484e-05,-0.000459412664181591,-5.3332505791758855e-05,-1.286974764469484e-05,0.0025663037958174595,-0.001758855929950398,0.0058143784787521025,-0.004942675797980689,0.00409146304338015,-0.0012122109277076243,-0.007590923524655069,0.003823008544637574,-0.0061866283111524645,0.0023572767825161822,0.0018843389142992883,0.018353977445815683,-0.0006782401059923782,-0.2972722533548858,-0.3010763320226267,0.960932963630635,0.5855900534556433,0.628882463871842,-0.1187428649984471,0.31495597532637915,-0.4747771781662597,-0.1759703170228113,-0.012720355459584179,-0.3735165818504451,-0.1759703170228113,-0.21053867929223347,-0.22997009680714842,-0.21756539516069398,-0.24763375661856785,0.025763736570722295,-0.06842729868941175,-0.23599013536403082,0.12868044471794604,0.3107809074814828,1.3906185303198129,0.44094211452724735,0.32538617365977024,0.12483234865075123,50,7.760844453047133e-05,0.0009432991845742647,0.015424055222047614,0.0009043454870169473,-0.003937274365099443,-0.0008194678642285897,-0.002374827788794422,0.002232796677796171,2.26469357304053e-06,5.843892391024414e-06,1.9920575264856834e-05,2.26469357304053e-06,-0.0005403062118340535,0.0004044842684805201,-0.001265007551343536,0.0012239733756016355,0.00010541137603849191,8.294831922481851e-05,0.0017913830701213557,0.0004919464396844706,-0.001922685960790596,0.0032780727748596703,0.0008308843853571058,0.005972130492531688,-8.466630538016302e-05,0.022849397325196388,0.03694684977813471
2021-07-12,2021-07-09,2021-07-19,-0.0010821709896125,50,0.42,0.0004343121957357532,-0.004543762936523366,-0.0014988308997908595,-0.015553289492454714,0.014886607148244524,-0.00442129632484578,-0.0005627797112235378,0.0004074406268066433,0.0010388218357562096,0.0008471115490451542,0.00022122031286997412,0.0010388218357562096,0.001150458015816147,0.0004073497388465963,-0.000504227085357245,0.0007805758129357798,-0.001479403453450101,0.0027411524607363624,-0.009845230231607882,-0.002964923847512013,0.0030387922251557953,-0.003608423658658211,-0.002485292996024402,0.01429267367433873,-0.0011792842695743655,-0.01225643168761922,-0.4993131909798818,0.6171612439412925,0.6108503796126908,0.6238435942154629,0.2898208845411226,0.710236543924167,-0.5577003030572537,-0.053891304077045114,-0.08045443346425918,-0.32795806073006384,-0.053891304077045114,0.2830940578709807,-0.12297267220412195,-0.368494826939794,-0.3200656007850464,-0.053020603943013764,-0.07846264146386661,-0.20660735610133657,0.4416860816001204,0.5028953289265587,1.1482566942203376,1.3158858247348482,0.7248610247789631,0.02734925583249108,50,-5.323117758135166e-06,0.0022687607708916,-0.0009250203425725735,-0.009500732790692037,0.009286914509034466,-0.0012813840116852185,-0.0003997067170900462,-0.00022722976104790237,-5.5983463432612106e-05,-6.815387975945888e-05,-7.255098480293469e-05,-5.5983463432612106e-05,0.00032568782810758995,-5.009288590761717e-05,0.00018580507255707476,-0.0002498354665255664,7.84388645773046e-05,-0.0002150780627245529,0.002034096988361454,-0.001309565596450334,0.001528194415609193,-0.004143396621637333,-0.0032703618237813117,0.010360202086412479,-3.2252547187821694e-05,0.004205448999063092,-0.005287619988675592
2021-07-19,2021-07-16,2021-07-26,0.025872399501702,50,0.88,-0.0029013042735193117,-0.002333719711893001,0.032224369876500125,0.0608286085505958,-0.08228091587034614,-0.010569630781454897,-0.028338435013365304,-0.0009206867893915005,0.0001070615040752454,-0.00034935174335004593,0.0013938360066259037,0.00010706150407502335,0.0011480648026047646,-0.004384276667149134,0.0015559906543047841,0.0034308643989189314,0.0077670565509864176,-0.0046123218468109295,-0.011299874918618724,-0.0006972142815133697,-0.006784590190004547,0.003029978943545064,-7.08155738420313e-05,0.05081306476684522,0.004706607559091358,0.10676989214360243,-0.6887473087663761,0.03828204630477849,0.138519229749788,0.1304878979759553,0.46215592853115184,0.6215942083461408,0.3896924035105751,1.1678576182786324,0.4708242560050271,0.41172876349003784,1.1678576182786324,0.2578996486062764,-0.2771417911961317,-0.22046700690489637,-0.23986287186312924,0.022885120685747284,-0.1749712455758473,-0.21137316406599468,0.6350323952166924,0.5937352390064642,0.008701531394243754,-0.04794556410387628,0.6206174315491615,-0.04560677964164947,50,-0.0003097719443594297,0.001607343170981347,0.0012336148197544868,0.008425932003179898,-0.01073666375545789,-0.004884817528034732,-0.017615007077901364,-0.0003587846478384085,0.00012503259315864418,-0.00016448327464684454,0.0005738823755159755,0.00012503259315838487,0.0002960855091690029,0.0012150662886331175,-0.00034304460232656707,-0.0008229369876976636,0.00017775002654234822,0.0008070236985332007,0.002388490315098414,-0.00044275365516872043,-0.004028250278023262,2.63654569011549e-05,3.395292635195896e-06,0.03153547374474067,-0.00021465321380720125,0.008619320922739765,0.017253078578962237
2021-07-26,2021-07-23,2021-08-02,0.0322016295310978,50,0.62,0.0004215206860522791,0.0024367826970435047,0.002611046073674128,-0.07152835782095612,0.09116314192636032,-0.00560130163186634,0.05771003635431016,-0.009961863595585374,-0.0009446969637009195,-0.0017865315483174271,0.000898224514292556,-0.0009446969637012526,-0.0015178896946500542,-0.002362814206097852,0.017709971433170546,-0.014525237243507072,-0.006137937787938363,-0.002522921070097328,0.00038174244732935847,0.0057659994039938045,0.0009446124426875091,0.0025200162864369435,0.0004552048652095575,-0.057007658012371065,0.0007272234526198851,0.04882293665147269,-0.6745174181490351,0.4785166056558387,0.20142955399706203,0.27075605687437754,-0.3352977480754366,0.3502731356809109,0.24879207086406666,0.42910834797613906,0.296851627257069,0.45651940973299227,0.42910834797613906,0.3473590820840285,-0.21035658040588476,-0.058613315947150024,0.10221596005815169,0.7804356470034095,0.31047920047903,-0.03608639253089625,0.1258919848027125,-0.11836079673806223,-0.06747681312156847,-0.28990602275277105,0.43049219084646984,0.139272188614928,50,2.057987775241573e-05,-0.0016436523734000273,0.0012494289043855488,-0.014407925214017455,0.024682972840260567,0.001878103823456052,0.020214275394083582,-0.0024784326736110424,-0.00040537735343177615,-0.0005303347972641192,0.00041005692507254136,-0.0004053773534319191,-0.0005272527710384491,0.0004970335165291896,-0.0010380401510274265,-0.0014847110699174962,-0.004790265448796353,-0.0007833145167155172,-1.3775707800032217e-05,0.0007258931093400374,-0.00011180508132518072,-0.00017004266802321462,-0.00013196663201061405,-0.024541351592771928,0.00010128200185847579,-0.003683999011844141,0.035885628542941944
2021-08-02,2021-07-30,2021-08-09,0.0037072441819183,50,0.7,-0.0022143154786000707,-0.0005134010616414386,0.009392292829767168,-0.020899983204195616,0.021351156974933172,-0.0010304128249901678,0.03356446617141473,-5.739007897076487e-05,0.0006809571777843804,0.0008141613930614522,0.001242523266051787,0.0006809571777848245,0.0007747566997629018,-0.0034768193196604846,0.0006070800494908379,-0.0010586496994535732,-0.015588050136932319,0.021362788449069914,-0.00849812209393519,0.005436302543251559,-0.007598103959766456,-0.0008867836940992246,0.0012199019533896127,-0.02381557207413787,-0.00047690633448271846,0.005911610459298067,-0.6466008891036616,0.8791085887587236,0.5745018498482941,0.6502320645553182,-0.41190398935962574,0.7631671738684485,-0.3959091750546216,0.022427314104082635,-0.2328442615691425,0.3320954483219708,0.022427314104082635,-0.0853630956268924,-0.3941505389133612,-0.30793452018483297,-0.19248303025278962,0.9413823192657675,0.46805489413401197,0.058854819993625,0.22521380465744262,0.17908780740490213,0.406194065306611,-0.004661412747418398,0.8551878360576011,0.3227879859210981,50,-1.3090170543477783e-05,0.00033196558292411803,0.008256845294785294,-0.01200707901260866,0.01388320688045548,0.000424431153300772,0.02561529879044172,2.2721258821635105e-05,1.527204051759994e-05,-0.00018957280836549823,0.0004126363210899476,1.52720405176099e-05,-6.613563024943615e-05,0.001370390208548566,-0.00018694090375374583,0.00020377210212702877,-0.014674314790736411,0.009998957685936713,-0.0005001554461224032,0.0012243303790346151,-0.0013607277785890792,-0.00036020627375377823,-5.686466516130945e-06,-0.020366787546555798,-0.00015393963518069024,0.011890463275525969,-0.008183219093607669
2021-08-09,2021-08-06,2021-08-16,0.0473140777593163,50,0.56,-0.009708457239629764,-0.0025315224083127807,0.003176610973721905,0.026185129775446514,-0.03379207733559442,-0.0005284134087498726,0.010903288648577592,0.012615635501456612,0.0029601837220101235,0.0011978712517575207,0.001974880415559044,0.0029601837220101235,0.0011545335493081677,0.00042169907901490333,-0.020254772006088495,0.015636564308117107,0.00033250585757493845,-0.004148008766067024,0.009883451451506264,0.0015312143598924521,-0.001599586461885405,-3.638310504927578e-05,0.0009545202101259864,-0.004934437573866024,-0.0025953582002786746,-0.0849230881439742,-0.49978808931676716,0.3760352265297548,-0.05714326759984125,0.012467942101781704,-0.08747819943506052,0.187421323072993,-0.09437949567975928,0.45762121681810664,-0.39710039262520697,0.7075399976993607,0.45762121681810664,-0.1501508400100721,-0.3721918129109977,-0.27564264821163625,-0.2163288035642746,-0.06466315059057423,-0.15377601323991053,-0.27660641762216054,0.33371944503862294,0.22000362191729406,0.9513845262805823,-0.061161994591020695,0.21643285005750293,-0.0668667048426101,50,0.000824472169903083,0.0012652247475132255,0.0011945176271004215,-0.001496303877894911,-0.00042131766371912094,4.622465355478151e-05,0.002043508784363158,-0.0011906573163071423,0.0013546428768714245,-0.0004756751443873596,0.0013973068846811585,0.0013546428768714245,-0.00017335418224843135,-0.00015695294472145493,0.005583078994681149,-0.003382639248630813,-2.1500876340616272e-05,0.0006378642509299876,-0.0027338260997436907,0.0005109960064184794,-0.00035191481518465875,-3.4614323161921896e-05,-5.838035992874552e-05,-0.0010679743875426537,0.0001735430507388819,0.004820911683815656,0.042493166075500646
2021-08-16,2021-08-13,2021-08-23,0.0073973645836195,50,0.72,-0.003285092719359506,-8.266246574462066e-05,0.02366420950966308,0.01962168774749684,-0.037138071850564947,-0.0023382588239708735,0.008689435599045003,-0.0035046288922845337,0.00023464779642012878,0.0006447149630091076,-0.0031619426947400164,0.00023464779642012878,0.0012728864460436196,3.6257879408196914e-05,-0.0008769675456758996,0.003726137186536249,-0.014906136918565238,0.008557857577468742,-0.0037264589822254557,0.002272092799216141,-0.0035487349851131,-0.0017527139029962502,0.002046447409877583,0.012828675282484658,-0.0014831983408228888,0.08275011931296604,-0.6210174524011862,-0.4160216799142761,-0.3250665890090649,-0.35674574842826323,-0.0853881852569129,0.2880214330709161,0.8118524204006625,1.3225244383923,0.3877880889003039,0.959846756205522,1.3225244383923,-0.09656219075309798,-0.3337600532071394,-0.17537001419008252,-0.20123237923566542,-0.19573362673259617,-0.3162532951150506,-0.4220911494686513,0.4432311372150567,0.24775994116560773,-0.03842854655085963,0.01255311825025538,0.2228642987261849,-0.25392909528428426,50,-0.0002718418144811552,5.133483388592465e-05,-0.009844824194053423,-0.006378355106679759,0.013248849237512407,0.00019965967763983623,0.002502743693814376,-0.0028452414488072913,0.00031032744518052157,0.000250012783390732,-0.0030349804388539515,0.00031032744518052157,-0.00012291270380989695,-1.2101431760457846e-05,0.00015379381092942436,-0.0007498194514051779,0.0029176322396434196,-0.002706450657999794,0.0015729053552553229,0.0010070622752547116,-0.0008792343711239555,6.735424781163027e-05,2.568929632912214e-05,0.0028590537204168853,0.00037662721281230764,-0.0009923883439177167,0.008389752927537217
2021-08-23,2021-08-20,2021-08-30,0.0430926879147256,50,0.48,-0.0022978132329852796,-0.0013493082549362878,0.015825145165419663,0.04180960853503435,-0.05811378234052311,-0.000917807297353801,0.0195753625273396,0.014291618257263439,0.0015054994930014942,0.003017903438832459,0.003733773813252572,0.0015054994930017163,0.0054839969344857575,-0.0012484120853110126,-0.028301654044972646,0.02130204684218362,0.016838765527950272,-0.007278061524744861,-0.01191597918016607,0.004388363441192533,-0.007069236084371933,-0.0022210625281100516,-0.002824862082821178,0.003084061976750707,-0.0008958519757021888,-0.18735299401817904,-0.45021190581133325,0.0005415409159971623,-0.22791756476755773,-0.19951700208494333,-0.1244812559602815,0.05270226965121545,0.3737725762004638,1.1069529681486414,0.41440384447304873,0.20925092685344843,1.1069529681486414,0.27825696152899465,-0.10148606413099757,-0.25371717156994994,-0.2426242999386599,-0.2696075362819766,-0.2636175853650041,-0.3483226916563701,0.4982463709102872,0.4328328525787834,-0.08944029137654068,0.7858895571371352,0.056832393484397746,-0.14991331877701836,50,0.00043050218889438373,0.0006074746409818304,8.569963608669429e-06,-0.009529144161189926,0.011594687632398093,0.0001142498051041127,0.0010316660344361502,0.005341814974090938,0.0016665171323242789,0.001250630787300605,0.0007812956310842352,0.0016665171323245246,0.001525960324024328,0.00012669642895178583,0.0071806156150416925,-0.005168394202345342,-0.00453985808802055,0.0019186250052911804,0.004150605941756712,0.002186486158809559,-0.0030597976199515727,0.0001986524796796791,-0.0022200296112418207,0.00017527462379296572,0.00013430014281046393,0.01757391895995698,0.02551876895476862
2021-08-30,2021-08-27,2021-09-06,0.0521837979582665,50,0.56,2.041003449337886e-05,-0.0012498843420393202,-0.008988467162272862,-0.03671321786901005,0.049040332577478196,0.004036862106443495,0.003949627705261749,0.011991020723928214,0.003748680635059065,0.00022632572918057647,-0.0007845540601557621,0.003748680635059065,0.002315230097154508,-0.002529931437676991,-0.01872211962904413,0.012901948144078856,-0.01298354513936828,0.0006276089276682217,0.0070728195893075,0.0011088980480413735,-0.0017235020491837005,8.984488989116635e-05,-0.0003438103485080557,-0.022039978818703787,-0.0017845180422615403,0.07593658732899929,-0.6511719292010457,-0.2372012634594559,-0.10712118251922943,-0.12227690400170312,0.06569450326012222,0.484028761684772,0.8262616995118879,1.294645147451391,0.7810497203790558,1.2409509847589804,1.294645147451391,0.2351465703594182,-0.28065430307686695,-0.12044977030907163,-0.08188880497806567,-0.1601137533156725,-0.18985681299906282,-0.29581854511895084,0.350438678279859,0.09644342140093533,-0.23459033188598702,-0.15898050946569378,0.44477832912592646,-0.1994187087261092,50,1.5498683666943514e-06,0.0008138895982839239,0.002132075767454953,0.0039327633122144615,-0.005996500038787896,0.00026519965081241604,0.0019117334072937119,0.009907721162235194,0.004853211193524217,0.00017677164749107518,-0.0009735931335469494,0.004853211193524217,0.0005444184169387851,0.000710036144473492,0.002255075009017327,-0.0010565251154075897,0.0020788441436077115,-0.00011915583081684792,-0.00209227120079776,0.0003886007663027345,-0.0001662204344147992,-2.1076742537828675e-05,5.4659144365388424e-05,-0.00980290495295388,0.0003558662836862407,0.015007379260328992,0.0371764186979375
2021-09-06,2021-09-03,2021-09-13,0.1043040425532833,50,0.46,-0.002768595904511839,-0.0020331814952787575,-0.0017678093854452959,-0.03700212371067613,0.04046251258950373,0.0032817899176005305,0.0031317248799440645,0.010038497098048715,0.0024679080224632166,0.0016706768160172913,0.0009607851619517493,0.0024679080224629946,0.0027538406625111644,-0.0003742914705830991,-0.02065104643048965,0.0147824742833782,-0.01166988356294274,0.007911010168283106,-0.0040370195916213936,-0.005522961168756502,0.003150682724130327,0.0014603586559509552,-0.003470810924717127,0.004891609885908865,-0.0019737665437585816,0.2105570520365166,-0.7218888403592005,-0.257355205320895,-0.18548396591582464,-0.19179577013241564,-0.07199047832155776,0.5471895505382866,0.7256422349191745,1.6067301025547207,0.6858440887998074,0.95978936496306,1.6067301025547207,0.5390900154178574,-0.3337053750782305,-0.1402902876648712,-0.1178025490616935,0.031337441120926235,-0.09286341547860577,-0.20279483822759622,0.7218374878431937,0.4247146342980647,-0.28592953141082555,-0.06474126731897621,0.49434257064700515,-0.07582292688194198,50,-0.000582947391934386,0.0014677310318665677,0.00045495494735947937,0.006863300653164177,-0.007760538763596431,-0.00023625762591892782,0.001713647129466162,0.007284357469457717,0.003965262110027942,0.0011458238185603426,0.0009221513804556003,0.003965262110027585,0.0014845680052114662,0.00012490307557951557,0.0028971412443140046,-0.001741413152020883,-0.000365704289041783,-0.000734643424112749,0.000818686735004497,-0.003986680415510702,0.0013381410609682421,-0.0004175596661877996,0.00022470469789073454,0.002418131005602492,0.00014965675632943026,0.021412678502962294,0.08289136405032099
2021-09-13,2021-09-10,2021-09-22,0.0039795438230135,50,0.4,-0.005105207326280281,-0.00021022857172747766,0.0024016220653497733,-0.023104073973672756,0.022816331004992252,-0.012488923543329755,0.021115013756097367,0.01469619103472719,-0.0009180943864260938,0.0008773767529670629,-0.002222222849715516,-0.0009180943864262048,-0.00013091026511669046,-0.002421694301172117,-0.01613145786932213,0.011356274072505057,-0.0035297713639532713,0.006515209867027805,-0.013655633649638732,-0.0012546220324207713,0.004233460616662521,0.0023797413077624174,-0.0016164021504253556,-0.01076805180240259,0.0019954375945618885,0.21617256177421454,-0.7201557765561598,-0.190828431800042,-0.10872551444372741,-0.10874261579457865,0.21391451814995166,0.7886990547659147,0.8204155539652791,1.1328277653270156,0.5069564444742851,1.0446833143649352,1.1328277653270156,0.11800224786721687,-0.38973032669378077,-0.13028369385982896,-0.12404977339783599,0.15384799167052984,-0.09624721341821399,-0.260897449533625,0.3218672179326045,0.015345726387181154,-0.17715563877751894,-0.21295631704587836,0.7219100703669806,-0.08777010148220107,50,-0.0011036057461104966,0.00015139732032669402,-0.0004582977725070752,0.002512002328533504,-0.002481107516317805,-0.0026715620619829714,0.01665339139080328,0.012056983708935277,-0.0010400428121343493,0.0004447917991485754,-0.0023215191318982967,-0.001040042812134475,-1.5447705552662782e-05,0.0009438077111482763,0.002101665918559493,-0.0014087432253379723,-0.0005430482354003576,-0.0006270707945362788,0.003562719990956292,-0.00040382170313222357,6.496552829421024e-05,-0.00042158459150189935,0.0003442230488196216,-0.007773565034387746,-0.00017513976017609616,0.016351349842414518,-0.012371806019401018
2021-09-22,2021-09-17,2021-09-27,-0.0685582228876098,50,0.58,0.009449012500831078,0.0011741879767062091,-0.017068431926754002,-0.009613794022985234,0.025855257182670233,-0.0016118658425886556,0.01095109493825186,-5.5958229124075665e-05,-0.0033883157366196848,-0.0018399225026478616,-0.0038259832056862786,-0.003388315736619796,-0.0004377094049305974,-0.0004860059223518176,0.006040565767641226,-0.004372845236880085,-0.0016998539669742518,-0.01015967281060981,0.004685085471066497,0.0009622341713089178,0.002544359286677622,0.0002290052098365969,0.0032154972730453757,-0.02703950553341139,8.710377735465791e-05,-0.12130104566391987,-0.522592030414739,0.06985736417377718,-0.15892523483003645,-0.11067323470805056,-0.1844245268822221,0.2588553435100248,0.4214725676311177,0.44943979641733806,0.27127964877254873,0.08675854434132386,0.44943979641733806,0.1252015987907667,-0.48721159906437195,-0.24852045316922347,-0.25825591955125704,0.10012850181946624,-0.00580271206781434,-0.25590526743740455,0.08160563244132993,0.02845428451571908,0.014714756510484912,-0.40053311512261913,0.2598321889671247,-0.12355369665759207,50,-0.0011461750968422603,-0.0006136212788354721,-0.0011923556649825796,0.0015278744727105292,-0.0028614849466146726,0.0002972675954170271,0.002834749442052079,-2.358485850901456e-05,-0.001522843934864014,-0.0004991335302870208,-0.00033193673359969343,-0.0015228439348640638,-5.4801917303065896e-05,0.00023678772258378403,-0.0015012041419726957,0.001129313167705801,-0.00017020383102500829,5.895365602317078e-05,-0.0011989380504403703,7.852372810632323e-05,7.23979230533371e-05,3.3697559023780277e-06,-0.0012879131394411515,-0.007025733911334962,-1.076199368500784e-05,-0.014724299501046622,-0.05383392338656317
2021-09-27,2021-09-24,2021-10-08,0.0085450372046851,50,1.0,-0.007767120825576179,0.005952887014744945,-0.01428156491861221,-0.04315863307657297,0.05445128220619999,0.009481793629150026,-0.004127026310904669,-0.002738934050322217,-0.0003830573252243674,0.0006179318091654729,0.0003073845040635348,-0.00038305732522447844,0.0013352660196019883,-0.0005871667904532307,0.002286214802468267,-0.004393960881886705,-0.007386565689410651,-0.007530728252937546,0.005478880497259864,-0.001719300554163583,0.0014631815838190843,-0.000360840681915775,0.0004555883231385227,-0.018994976161789245,0.00037540774330269144,0.24086910168329786,-0.7517487866084949,-0.8008475177500141,-0.43122564500019117,-0.5097086792889709,-0.39358703758467306,0.11963142388352165,0.0019455538938891869,-0.05621116376639189,0.11470808993217728,-0.3598562862533602,-0.05621116376639189,-0.1748862958972459,-0.35056885888643063,-0.3094781823647427,-0.34511404604087026,-0.36342673289828903,-0.4636509501682287,-0.5573612481753605,0.0020570409778514565,0.030832788458113356,0.5834048216154718,-0.19148331349414824,-0.021817889536766888,-0.07185125676112426,50,-0.0018708594159221692,-0.004475075590151978,0.011437355814656271,0.018611109385771766,-0.02775429113891324,-0.003731911065486385,-0.000493722033978283,-5.328743806710071e-06,2.1532098040102956e-05,7.088177753770607e-05,-0.00011061424608413454,2.1532098040109197e-05,-0.0002335197282056511,0.00020584239170519703,-0.0007075336015632486,0.001516417618093231,0.002684475435841111,0.0034916293099332184,-0.0030537156725563975,-3.536671693157208e-06,4.511396824970108e-05,-0.0002105161936646779,-8.723756170380705e-05,0.00041443029165143805,-2.697351815415591e-05,-0.004244514992364141,0.01278955219704924
2021-10-08,2021-09-30,2021-10-11,0.00223275838,50,0.86,-0.0025846677135469287,0.0025790378862176055,-0.00920885890662404,-0.011770182467901402,0.016500620193543147,0.0008966111260926279,0.00022577137634338662,-0.0005133354738294793,-8.255295972037224e-06,0.0005052859800387388,-0.0005704538675918025,-8.255295972037224e-06,0.0007900547847554673,-0.0009043023796959648,-0.0007050925333363933,0.0015345683381497999,0.0055740461270124,-0.005206233391452764,0.00013113759678140546,0.00012267068227256317,0.0015594826615235036,-0.0010146277508321644,-0.0002920829274495329,-0.006338610145064094,0.0013180946969677532,-0.3038930979443174,-0.25395832693937354,-1.0144002088083974,-0.5313477681277641,-0.6437114618369821,-0.4354426311686652,-0.3313832584636182,-0.10546020800968452,-0.09454187824530064,0.1435293213747234,-0.3891695884223324,-0.09454187824530064,-0.1459242140675844,-0.4579934745505417,-0.36963790891028475,-0.46155436820718315,-0.5088800736568548,-0.6232970887604452,-0.6183852023860235,0.10411958681323728,0.3317275737355828,-0.02167655243773063,-0.4722835115823279,-0.46868967986351534,-0.0324733443497927,50,0.0007854626786264318,-0.0006549681466970815,0.009341468397766497,0.0062540601847759485,-0.010621638346002486,-0.0003904227078808738,-7.48168543604873e-05,5.413646584880685e-05,7.80471186667264e-07,7.252335381512222e-05,0.00022200329686462947,7.80471186667264e-07,-0.00011528812353577613,0.00041416458892127813,0.00026062892961071967,-0.0007082867197854779,-0.0028365210036807764,0.003245030116299927,-8.109354932608616e-05,1.2772420752317189e-05,0.000517323399589901,2.19936316456901e-05,0.0001379459506491117,0.0029708411596697207,-4.2802942980269513e-05,0.008786077122960121,-0.006553318742960121
2021-10-11,2021-10-08,2021-10-18,-0.0001798026665935,50,0.76,0.0026131412255538944,-0.0024039554771656535,0.006318773784401266,-0.009721170954471114,0.0024278647999564917,0.015322753715210302,0.002829162129853069,-0.00826600258010024,-0.001207098630232939,-0.0015826484014902498,-6.488330300913336e-05,-0.001207098630233383,-0.0015886159231737196,0.0006523671964548949,0.006784440980640349,-0.005878539578454078,-0.01245005755115347,0.00031864354954214136,0.01629470545324807,0.008875119506393414,-0.008580832396619553,0.004050839301918963,0.00267298175406383,0.005533564846236683,-0.005911947720225963,-0.5652143988735748,0.028535503522093393,-0.4779635889439307,-0.4368112428952366,-0.4724057579447053,-0.424394910797188,-0.6228494017419877,0.021886185290124125,-0.6973279952907891,-0.07326781075540469,-0.3442871222628509,-0.6973279952907891,0.3122771298004154,-0.3389142114146131,-0.31788969642855713,-0.32915618824674214,-0.5553351671737379,-0.5612219512859167,-0.5155101207555716,-0.8082865617119919,-0.6394430793938549,-0.01551260292142068,-0.5200127352117453,-0.6762378373442821,-0.08639651082683576,50,-0.001476985046973201,-6.85980799856162e-05,-0.003020143795717252,0.004246316767019601,-0.0011469373110107167,-0.006502898696133957,-0.0017621419400100716,-0.00018091126407671795,0.0008417436679385929,0.00011595718357273136,2.2338485675923102e-05,0.0008417436679389026,-0.0004960884208439263,-0.0002210965139392727,-0.0021567038837732233,0.0019349576801015549,0.0069139547914924705,-0.00017882975463871123,-0.008400085575880383,-0.007173639830605763,0.00548695389145696,-6.28390615891538e-05,-0.001389984553101821,-0.0037420059244234393,0.0005107716552181894,-0.017065151862288304,0.016885349195694805
2021-10-18,2021-10-15,2021-10-25,-0.0065845439071944,50,0.7,0.009208447734675662,-0.0044604821208271694,0.009019192754785799,0.018013799928433327,-0.01914939373421609,-0.007390036675580025,0.007426910713618229,-4.16013253200509e-05,-0.0014244551779147852,-0.002757910953894438,-0.0017545550922420938,-0.0014244551779146741,-0.0016669787257537205,-0.0004337071275465343,-0.0034603770325155603,0.002200137168387295,-0.006719806894908142,0.0007355717184416299,0.007200996732107834,0.005937930850021589,-0.003999840354032114,0.0045233628962231265,0.0004464014406946326,0.0045951043708156725,-0.002527209750586179,-0.41224255694670253,-0.13747023194000627,-0.21350413276351554,-0.19461034148566245,-0.20517077415550175,-0.2360314276926777,-0.5206254753895565,-0.023276687240444162,-1.0940165111233313,-0.0973313008688133,-0.18626133100812847,-1.0940165111233313,-0.05398931741376409,0.1594946945745595,-0.2671823103407093,-0.2029698036619757,-0.4456284596687831,-0.46597230816541335,-0.3378575140740363,-1.0194252712925367,-0.8714590480318943,1.0372914420932475,-0.1223120215009833,-0.5341310117997811,-0.4452104247319609,50,-0.0037961140396527656,0.0006131835117143621,-0.0019256349273375245,-0.0035056717555268114,0.00392889593705763,0.001744280907238403,-0.0038666389209532806,9.683410382627953e-07,0.0015583774839938974,0.0002684310608228954,0.00032680576680810204,0.001558377483993776,8.999904354670962e-05,-6.917398584284401e-05,0.000924551530197435,-0.0004465614090969844,0.0029945371958495838,-0.00034275605146344586,-0.002432910854765212,-0.006053276767699581,0.003485697067204381,0.0046920456217343755,-5.4600262612311826e-05,-0.0024543877469093713,0.0011251401264452258,-0.0016364356442150933,-0.004948108262979307
2021-10-25,2021-10-22,2021-11-01,0.0125006186250663,50,0.7,0.004234906094980451,-0.004883584427636034,-0.0007938709676063027,-0.022668470167203192,0.020111756871886488,-0.02327140254171256,-0.007288954899262179,-0.008736254320954151,-0.004821303514224828,-4.477485258058689e-05,0.000737310028912086,-0.0048213035142250504,0.0004802548258520112,0.001222593804541372,0.01037610622156171,-0.00785018375050639,0.008798369947753848,-0.010231992484971753,-0.006909318039632462,0.0024920016522747,-0.002784603913676298,0.0017276095396219215,0.002266502046331942,0.019702227926464477,0.003398679806801308,0.050772533762739255,-0.5088135546155244,0.19466065570799568,0.015133150485824438,0.056539058859665786,-0.14209768698746306,-0.18881301760573013,-0.4473937652943347,-0.44422687731734806,-0.07476719667563624,-0.3928721167724133,-0.44422687731734806,-0.3812234885274222,-0.4357338465331601,-0.36518818047035395,-0.3484072521211731,-0.3588929765840891,-0.38332558231031966,-0.27719593621002847,-0.16987040608402548,-0.16684653802500624,0.9957116755249865,0.0069010351195274424,-0.11578200357235016,-0.4250435695431352,50,0.00021501691268942518,0.0024848339518905114,-0.00015453544310178389,-0.0003430453703237078,0.001137099805550878,0.0033068124741315237,0.0013762495697217628,0.003908545715220579,0.0021417526047232517,3.3476902090153585e-06,-0.00028966855177622045,0.0021417526047233506,-0.00018308442009343334,-0.0005327255012004226,-0.00378923135141924,0.0027350609491602162,-0.003157673179637375,0.003922184477496611,0.0019152348825687588,-0.00042331733263396577,0.0004646015227677736,0.0017202009893498942,1.5641210220217544e-05,-0.002281163424165167,-0.0014445869968170012,0.014889303789255449,-0.002388685164189148
2021-11-01,2021-10-29,2021-11-08,0.0303443945126159,50,0.56,-0.007655361195368693,0.000823097113312965,0.008025005599110235,0.01256209826397825,-0.016709573062026917,-0.00817043844629195,-0.017384536398840078,-0.005936792870458674,-0.0010913661929489171,-0.0021653833377079934,-0.0026738992629121716,-0.001091366192948695,-0.0014123938824678328,-0.00020062288922395588,0.010709968859363261,-0.007712083529020752,-0.004167124565825131,-0.007129694461585956,0.014436036486797477,-0.0010197475341561235,-0.0010259969468215946,-0.0009652210845703113,-0.00016320596061691894,0.017466844342976184,0.0034745390847072954,-0.09993943842751253,-0.5400230502660135,0.09103480703449464,-0.2570875322328188,-0.21035299126246426,-0.42269015912809427,-0.3729185830178934,-0.21983773960250386,-0.6315659343401326,-0.20416906832223178,-0.2982356631354084,-0.6315659343401326,-0.40302105096948504,-0.3527162562414394,-0.3205860290332123,-0.31691492944697724,-0.29959096486984654,-0.3533043876635959,-0.30706560270361055,-0.4130021503080647,-0.3915645700284859,0.5592793353607969,0.4857073746375732,-0.34331845369151864,-0.13670009476498157,50,0.0007650724988249182,-0.0004444914137964179,0.0007305548361657393,-0.003229558842352346,0.0035149086763160563,0.003453563927009444,0.006483016680278433,0.0013051311251298953,0.0006892697093570163,0.0004421042986203256,0.0007974521198318912,0.0006892697093568761,0.0005692244668950573,7.076295440341472e-05,-0.00343346638769263,0.002444074407488807,0.0012484328694083913,0.0025189523359791573,-0.00443281024446978,0.00042115792437782566,0.000401744053332737,-0.0005398282066547113,-7.927033865644687e-05,-0.005996689990701034,-0.0004749698221441196,0.007913607346308495,0.022430787166307406
2021-11-08,2021-11-05,2021-11-15,0.060273447870589,50,0.68,-0.011581405078303741,-0.0007052492430674739,-0.008172975501332114,-0.02974369285721623,0.03373999572814568,-0.009373247981463328,-0.005032961735187302,-0.004853812788742862,-0.0005489502168677385,-0.0005109114349045596,-0.0002760476777712295,-0.0005489502168679605,0.0013374976147517703,-0.0018193726033666202,0.01610806420786437,-0.010117605792996143,0.011618534107639356,-0.01291083641002777,0.0026804339902799512,-0.0010400600146872607,0.005133038293439807,0.0004558645724812571,0.0014733126065080704,-0.0046416837271252565,0.0008027142948998645,-0.14968106599549638,-0.39727189841063376,0.6911955948494417,0.2595530796191867,0.36648156977252716,-0.6181785728018782,-0.5481946151054081,-0.3905393232796706,-0.837798944653519,-0.21173630435258814,-0.3081328154884486,-0.837798944653519,-0.5355496396519311,-0.5652408397776896,-0.31614269838268966,-0.1908751482196298,0.08214731285161879,-0.1454227336319462,-0.03334185958115008,-0.9709995942660948,-0.8701232625243503,0.08288354218459404,-0.12027054667664347,-0.35745104623109064,0.18746999706020331,50,0.0017335170578461592,0.0002801757056460779,-0.005649124663333165,-0.00772006708033768,0.012365086598569188,0.005794341059699086,0.00275904252126125,0.001895604761841848,0.0004599099123591117,0.00010817849907816936,8.505934816069698e-05,0.0004599099123592977,-0.000716296365615628,0.0010283836981954697,-0.005092446884395864,0.001931199505365924,0.0009544313562174537,0.0018775291242211008,-8.937065372045593e-05,0.0010098978522737189,-0.004466376026550268,3.77836705237122e-05,-0.00017719611261031613,0.001659174704534751,0.00015048484650506075,0.010678832348094702,0.04959461552249429
2021-11-15,2021-11-12,2021-11-22,0.0515633107710548,50,0.48,-0.0025202405998465682,-0.001595833347780018,0.020319666043829177,0.00424287634697218,-0.008568005458722716,0.007275476183371543,0.013842897701856982,-0.0038382526430817965,0.001734952681296642,-0.0008733093633623845,0.0016378584707164023,0.00173495268129642,-0.0005700582649836861,0.00025727513327278295,0.0022945762412815984,0.0017277590786619612,-0.005336464382683426,-0.008309988052883632,0.015388491983683306,-0.0016826410075188036,0.0018301335537103114,0.0004008612331090067,0.0012407762253043852,-0.005389144624132758,0.004979560831924301,-0.261687674000592,-0.3904316513484355,0.9666566868934688,0.0639175009515075,0.23002102356397267,-0.65390690423705,-0.5509814248944657,-0.46857661930795297,-0.46631161609352106,-0.20551579449169377,-0.34190358751697353,-0.46631161609352106,-0.45112563021974933,-0.6187034896218059,-0.35337978428713707,-0.34524563343534065,0.12184949446624475,-0.06522269166177141,-0.06285760887124683,-0.2941759481255546,-0.28643936154439337,0.3208907770130675,0.4544059542299123,-0.2716632298255214,0.2866015412077356,50,0.0006595159004957052,0.0006230638492506546,0.019642141056709632,0.000271194052944723,-0.001970821385517104,-0.004757484107918874,-0.007627179500437484,0.0017985154475450833,-0.0008090285886612247,0.00017947886764845575,-0.0005599896869830018,-0.0008090285886611212,0.00025716789405274225,-0.000159177022748786,-0.000810856857174481,-0.0005965012775363093,-0.0006502454872670963,0.0005419997884862334,-0.0009672838102286825,0.0004949925137417825,-0.0005242222866657534,0.00012863267256676554,0.0005638161046452279,0.0014640324345887505,0.0014271498089671788,0.007809881791843014,0.043753428979211785
2021-11-22,2021-11-19,2021-11-29,0.0289431465346049,50,0.58,-0.008639016063211269,-0.0017769881412138533,0.004717664083369932,0.0075327693442392984,-0.010397263696960923,0.0029835040644206057,-0.005692247389002203,-0.006151219080653858,0.0009670551827902774,-0.0008759734789723916,-0.0017887851615899786,0.0009670551827902774,-0.0007914428320902056,0.0001116010546855506,0.01182108148111749,-0.009128287539069802,-0.005950335786432004,-0.0037513955149311995,0.004993794712898403,-0.0014292219536141682,0.0014025701060349505,0.0012314201778305112,0.0010975034527875849,0.007911059898998207,0.0008692428318801682,-0.006411041435240823,-0.6046999240656387,1.009321053102552,0.6033258866928967,0.7095465615148073,-0.2258855045527247,0.28601263925979775,-0.5999127402753,-0.18544915394323622,-0.24045273265818046,-0.3367666837409149,-0.18544915394323622,-0.04654747490218845,0.33272304522788937,-0.3642780023947818,-0.33418749126393976,0.4061411320128198,0.16501536233329214,0.13112642664930715,0.3006012028469983,0.289873719612052,0.8468627556404604,0.6691422522197397,0.5312374525181582,0.24847006808912236,50,5.5385089940958495e-05,0.0010745445940575575,0.0047616376808110265,0.004544714743866245,-0.007377342705341357,-0.0006739303209267534,-0.0016280546990482126,0.0036901946947087674,-0.00017933956546487857,0.00021063021675500474,0.0006024032467936137,-0.00017933956546487857,3.683966536323579e-05,3.7132242765620604e-05,-0.004306159948087428,0.0030505595122176194,-0.0024166761121578867,-0.0006190378901518589,0.0006548184561225703,-0.00042962583839175575,0.0004065682136530213,0.0010428438851488124,0.0007343859322172252,0.004202651307462365,0.00021598082562324694,0.0075117836624718805,0.02143136287213302
2021-11-29,2021-11-26,2021-12-06,-0.0243932347515189,50,0.4,0.002505975964244511,0.0039948484100187365,-0.010498815328445987,-0.03413715701492814,0.04661719581526791,0.003959929802561213,0.015865436968111712,0.014100766153735123,0.004106082622859608,0.001929447114374927,0.003128144642997599,0.004106082622859164,0.0006272411989558524,-0.0017504882458039273,-0.024294354342525026,0.012614141180264715,-0.012320091328213434,-0.023136090412572807,0.02172342186802312,1.6641858203492177e-05,-0.006286661372680413,-0.0026333744339017695,-0.0005798363294192699,-0.03019511445603107,0.0017338683937022648,-0.06860937342403838,-0.6076156705008293,1.0386055903563087,0.38848396688949216,0.526889947191829,-0.3561570819795501,0.14295772120360553,-0.5265468378036622,-0.22489430832852708,-0.0997010499829675,-0.3556757592371857,-0.22489430832852708,-0.3422590747823267,-0.2922308300470954,-0.3644250904752313,-0.37716519869308945,0.11032064741613867,0.17637046539329673,0.04209072122662642,0.11045568917262111,0.13014191384662321,0.744089700357543,0.5283239408219679,0.4000775546648392,0.38226713451550814,50,-0.0001719334407225163,-0.0024273324952027065,-0.010904128292242509,-0.01326173817548874,0.02456213184133766,-0.0014103570433240576,0.002268086714860691,-0.007424713828858137,-0.0009234346114077959,-0.000192367903189787,-0.0011126052209019062,-0.0009234346114076961,-0.00021467899241998736,0.0005115466330589656,0.008853472279312012,-0.004757615064597223,-0.0013591604515544619,-0.004080523033446856,0.0009143544939353612,1.8381879169797666e-06,-0.0008181581427462684,-0.001959466793451182,-0.0003063414145905334,-0.012080387554393847,0.0006628009024875717,-0.026554146017036973,0.0021609112655180743
2021-12-06,2021-12-03,2021-12-13,0.0138809865760337,50,0.76,-0.0036937574587172506,0.0012992767720350074,-0.0031843328060168208,-0.03554420160602689,0.042499422787107166,0.004921852083243694,0.010606502674697982,-0.008269562971442546,-0.003312870978817495,-0.0005818913093723621,-0.0006783871737708891,-0.003312870978817384,5.3839036711744725e-05,-0.000322633890979529,0.010123813724521424,-0.008391069146356789,-0.006060049914287546,0.029984203296712142,-0.02099506606115409,0.003811908799924657,-0.00014135005759341457,-0.0010999806334307527,-0.0020655902566608653,-0.020040546051981356,-0.0012019832697760524,0.028549336596364286,-0.5803349996424718,0.9039920343616294,0.18435460141832993,0.32661792320581556,0.1585623135655501,0.058731620798444545,0.05685478863979444,0.3152525361093937,-0.21637996253830777,0.48867209295253305,0.3152525361093937,-0.3445976989345475,-0.598894279280737,-0.27544750137920887,-0.24244083883952847,-0.33804084240291005,-0.22402796327013344,-0.148719553126458,0.17481166007802013,0.04846903158369325,-0.16036927380017288,0.021606170893406263,0.25284469211835975,0.05729500168944623,50,-0.00010545432499424995,-0.000754015785034408,-0.0028786114913956218,-0.006552737119811851,0.013881073208170856,0.0007804202533465425,0.0006229370930880497,-0.0004701642548848364,-0.0010443909778754246,0.00012590961972335857,-0.0003315088800387741,-0.0010443909778753897,-1.855280816371986e-05,0.0001932235916097249,-0.0027885791948479687,0.002034337842603226,0.002048544378029445,-0.0067172999948400414,0.0031223768424753005,0.0006663661053808428,-6.85110040585207e-06,0.00017640309537754397,-4.462949608116956e-05,-0.005067145696397036,-6.886763347250502e-05,-0.0042416077063139575,0.018122594282347658
2021-12-13,2021-12-10,2021-12-20,0.0105946981228362,50,0.82,-0.01653274685765871,0.0031313080713335495,-0.00837714681474544,-0.04450933346339436,0.042358554276645366,-0.01461826651920084,0.008244965279594618,0.024154455262213714,-0.0035040355467355067,0.001959719355851597,0.0003789520158821169,-0.0035040355467350626,0.0006882393770049067,0.00028332675510522876,-0.01915437820822008,0.01724023788578677,-0.0042387512333297295,0.00162289892045675,-0.003957794084368027,-0.002871667139759615,0.000929202959087716,-0.005185464232255299,-0.002172911147353629,0.0021813306099427443,0.0015294865928825452,-0.22898428700039675,-0.30956247826287375,-0.09596671347906616,-0.18522579573176645,-0.18111361622509828,0.11213881731233062,0.07026677285460296,0.6753819297650725,0.3440615920805659,0.15391097100316437,0.8663762289737963,0.3440615920805659,-0.4693826793122128,-0.7817527291707695,-0.22330398046731875,-0.25066193050894703,-0.4766343293308516,-0.48150135030542535,-0.4060902415982834,-0.0901353748161807,-0.25354728560961687,-0.43618052478266406,-0.4201754297854734,0.008846012951219628,0.18968433089986025,50,0.0037857392513590293,-0.000969335486766553,0.0008039272481427473,0.00824427670824776,-0.007671710943110344,-0.0016392751186196223,0.000579347102495363,0.01631348260741801,-0.0012056040489167147,0.0003016223089528151,0.0003283150184819666,-0.0012056040489165619,-0.0003230476427867312,-0.00022149146405061086,0.004277248897272013,-0.004321471310884799,0.0020203343512984356,-0.0007814280216091422,0.0016072215559172689,0.00025883879398954247,-0.00023559688805711425,0.0022617985100668505,0.0009130038752249571,1.9296078826445327e-05,0.00029011964099123256,0.02343000697496625,-0.01283530885213005
2021-12-20,2021-12-17,2021-12-27,0.0175823126147051,50,0.74,0.0014502200472816806,-0.003501426688796938,-0.006070369292001887,0.019437604183068835,-0.02506923974983266,0.005893333272515289,-0.019705405075535976,-0.013022094902784054,0.0010831014465839672,0.0008617407989488512,0.0011424616696267265,0.0010831014465839672,-0.0014269243917388597,-0.0004935910937112764,0.00666664874146794,-0.0077795006167838965,-0.01996380685795729,0.008954231286184777,-0.006845125564215682,0.003033356698004308,-0.0015925277437099927,0.00541150274271085,-0.0032788344875762654,0.014540943367843173,-0.0021943887061913747,-0.3967665300735964,-0.1585316568007059,-0.06748408265460562,-0.029227147435091253,-0.027553038836935224,-0.24944217660086518,0.04456723508248857,0.8392894026380052,-0.8519494194308886,0.5570596684291652,0.6117195847917233,-0.8519494194308886,-0.2685176355923504,-0.5201929772434951,-0.10431535323178101,-0.0411220636183205,-0.10574289435786369,-0.2959719552720438,-0.27900144963866574,-0.987445061195513,-0.9470776495475355,-0.4297514952329329,-0.6100195174679799,-0.019407381995275905,0.20780566848463156,50,-0.0005753987760031194,0.0005550869741411883,0.00040965330304543516,-0.0005681057232434993,0.0006907337364395796,-0.0014700458789305133,-0.0008782154203970752,-0.010929306252053041,-0.0009227476486019665,0.000480041043734331,0.00069886617818452,-0.0009227476486019665,0.0003831543638387714,0.00025676262057854185,-0.0006954338183384365,0.00031990911928215095,0.002111030719561772,-0.002650201341730216,0.001909799955374865,-0.0029952730902886833,0.0015082474323521,-0.002325601395137105,0.0020001530319686445,-0.00028220164251140616,-0.0004560064120052244,-0.014347846569340355,0.03193015918404545
2021-12-27,2021-12-24,2022-01-04,0.0510261063223294,50,0.8,-0.013692665575079865,0.0013801811869091907,0.0003562143046771382,0.023661614275789056,-0.028322268827818853,-0.012174410275249903,-0.015603475799261912,0.0016249590028165617,0.0033170732291760707,0.0006291116500032334,0.00019967565155165623,0.0033170732291762928,0.0007232808612178676,-0.0014877365390583153,-0.00315980730896126,-0.0002897208291229303,-0.000343358617313938,0.005859981371374223,-0.011404674027273298,-0.0077390079536613365,0.0025249644217351097,-0.003770888736506106,-0.002778918259526808,0.010750379952325195,-0.0019846222509207756,-0.33945243037581435,-0.20801787732017835,0.04121425128530797,-0.2580121789633784,-0.21435482237900147,-0.5531915331719335,-0.6823195437346553,0.20826311746213608,-0.8634295719012735,0.00827651841362774,0.2686162074666947,-0.8634295719012735,-0.50587469658672,-0.8446030300322382,-0.23567139094162598,-0.14834125801877035,-0.2427341090296074,-0.2575390594964274,-0.3506253152702669,-1.0573399559263679,-0.990805283079131,-0.15282392872435385,-0.5131925786919337,-0.6313994853910804,-0.06581741244907287,50,0.004648008607784108,-0.00028710236081809417,1.468110586438483e-05,-0.006104984657087315,0.006071014903957441,0.006734780685629635,0.010646556488027124,0.0003384190276747411,-0.0028640591182326693,5.206854155479492e-06,5.3636116243247124e-05,-0.0028640591182328614,-0.00036588948621557035,0.0012565467887783283,0.0007446761836104163,4.297755226633668e-05,8.334484805133668e-05,-0.0015091740910503023,0.0039987674263673246,0.008182762328638089,-0.0025017480886419894,0.000576282031495278,0.0014261202275806628,-0.006787784369656716,0.00013062270124446007,0.02166960258743287,0.02935650373489653
2022-01-04,2021-12-31,2022-01-10,0.0070923238438983,50,0.92,-0.015576871526216673,0.0029866541857361817,-0.009264961733248422,0.013051496776419702,-0.011064841979306794,0.002057784572867538,-0.005166901326659645,0.00739617456440933,0.004433242790920389,0.0007199845752914324,0.002926360819045515,0.004433242790920389,-0.00028679633238437585,-0.00010911714941408412,-0.004903939238014798,0.005534051543483631,-0.0004160412789039336,-0.007536752274793779,0.0047543169280681585,-0.0033259483133583068,0.007677274070936102,0.0016341456014119515,-0.0014315872151620113,-2.414813475881683e-05,-0.0006956810534570756,-0.37332071694524344,-0.26650637664388727,-0.3495630941032399,-0.7265495955175528,-0.7152791519458402,-0.3843691645479864,-0.4634640190144733,0.7038847423313195,-0.32281868348065884,0.2577876006481272,0.9394726957368964,-0.32281868348065884,-0.593619331010983,-0.9177097024483706,-0.09740738872153006,-0.08940565781724213,-0.33105729540378886,-0.2808067569061708,-0.36188674953613953,-0.5318293750825153,-0.6101958689486883,-0.3939757209342957,-0.47820118049882354,-0.5188286441683134,-0.20890530589618286,50,0.005815168845931157,-0.0007959623853288492,0.0032386886902224347,-0.00948255970380638,0.007914450787373297,-0.0007909489370928307,0.0023946728547048933,0.005206054427506721,-0.0014311336013150416,0.00018560309616803928,0.002749236087367522,-0.0014311336013150416,0.0001702478469664167,0.00010013786672081353,0.00047767991562407136,-0.0004947755186396782,0.00013773350057026966,0.0021163709638900466,-0.00172052429936323,0.0017688370130500939,-0.004684640922872088,-0.0006438136914278819,0.0006845866962774971,1.2528744016110658e-05,0.00014533146327862914,0.011641836138506993,-0.004549512294608693
2022-01-10,2022-01-07,2022-01-17,-0.0145207451545404,50,0.92,0.00784572444803433,-0.0014358726188865578,0.01150270456209812,0.016398063239069893,-0.024487389142639926,-0.00444834673268002,-0.011828353717567963,-0.011843172967340387,-0.00018124981476907998,-0.001337481418036468,-0.0010908541926450965,-0.00018124981476896895,0.00019046406910461222,-0.002088137789436617,0.01542416870053298,-0.009956560687246041,-0.002899940178202276,0.00048682065987581957,-0.00026359156782884696,-0.001764839663237261,-0.004853602957428427,-0.00011299319394431073,0.0024360570427732764,0.019617148877688395,-0.0008802923598908441,-0.08838298986073947,-0.5041823330506392,-0.9386253902314372,-1.0791599123323818,-1.1350176893336172,-0.5116330356680631,-0.27754256311171654,2.0736336462093248,1.472927564350625,0.3049228604359453,1.585924217294455,1.472927564350625,-0.35717357642153674,-0.4807412437854882,0.580447097464714,0.21268568707169191,-0.41458618521165397,-0.5287402303106584,-0.5901131484895547,0.06191998242774584,-0.30600447471630005,-0.6625497642925525,-0.49337872936816224,-0.5389159312125877,-0.1178849261345229,50,-0.0006934285843407741,0.000723941606953756,-0.010796730558316281,-0.01769613248749552,0.027793619842492276,0.002275921142545188,0.0032828716081658134,-0.024558401942953757,-0.00026696784820682293,-0.00040782865976760416,-0.0017300120816530493,-0.0002669678482066594,-6.802873274189307e-05,0.001003853958089239,0.008952913953030458,-0.0021176179506379213,0.0012022751358228855,-0.00025740166782272755,0.0001555488500067789,-0.00010927884093544008,0.001485224223469366,7.486361401446575e-05,-0.001201898728431842,-0.010571994055155413,0.000103773199822517,-0.02368788285225296,0.00916713769771256
2022-01-17,2022-01-14,2022-01-24,-0.0440866275293038,50,0.96,0.0060153072796493845,0.008561391029665133,-0.0023492171365115944,0.005852178088153526,-0.008350608590812936,0.0009005845927942957,0.006680909321771233,0.0036252710845210423,0.0006371455614058164,0.00046299414561268293,-0.000997894575436642,0.0006371455614055943,0.00044362171931622285,-0.0011134769099295783,-0.006647392836537369,0.0058624084822882505,-0.004811790587756382,-0.011811371370284207,0.00041798641386403546,0.0010537705103499384,-0.0037750653830181946,-0.0009482107724571032,0.0017231841356639688,-0.005019569485640529,-0.0017468197414857167,-0.5569164330241035,-0.009179434974644901,-0.0775956843435986,-0.19409905501905897,-0.18608917970838415,-0.5430967333259386,-0.6317500070618469,-0.08658408660367904,-0.2741207467561843,0.0020386135264111073,-0.23101167867563532,-0.2741207467561843,-0.6565621643805158,-1.1805495696570767,-0.32845179142391545,-0.36829398438359995,-0.21276105771903023,-0.23788721825801817,-0.3601976860968024,-0.3737169962611471,-0.3981797008263249,0.2859992847974442,-0.30818623664031597,-0.5510213277155437,-0.1071012433558847,50,-0.003350023473726259,-7.858873224931924e-05,0.00018228911137932628,-0.0011359022367138426,0.0015539579027301648,-0.0004891045504302526,-0.004220664511208535,-0.00031389078554398337,-0.00017465481708495067,9.438661278951692e-07,0.00023052530101292905,-0.0001746548170848898,-0.000291265236200465,0.001314514686840455,0.0021833480854592017,-0.002159089778026153,0.0010237616549735218,0.0028097742790893065,-0.00015055773909372597,-0.00039381194987655506,0.0015031544048100004,-0.00027118760275996357,-0.0005310616338085742,0.0027658898425380733,0.00018708656623172534,2.078783738513197e-05,-0.04410741536668893
2022-01-24,2022-01-21,2022-02-07,-0.0141767619849013,50,0.8,-0.01715231850053134,0.006497566132181998,0.0016765736456518798,-0.0036928322408353864,-0.0029461201833737016,0.001738007817305931,0.0010434461796287042,0.01783120047644715,0.003952501323343904,0.0006925741702450416,0.002970218387733148,0.003952501323343904,6.149564450952383e-05,0.001265867401581966,-0.02660973533544042,0.017413099001181376,-0.011968536755408432,-0.0010662082451666777,0.004446905329584805,0.00013411560418896684,-0.0005206573964234851,-0.0021344176438757856,0.00039380026207602725,-0.001630055829045074,-0.0030643230685889478,-0.3147665861561986,-0.2110133418396517,-0.19859320824566296,-0.79857283146724,-0.7512416349540154,-0.18554285923170954,-0.19966698582126238,0.828637238198239,0.935221946665943,-0.6092753021812586,0.8649321283744531,0.935221946665943,-0.4370498509146122,-0.8046786493567418,-0.014832882906784023,-0.029577399996544483,-0.4789875843862025,-0.47758844738824796,-0.49169072430958594,0.1299409705102277,-0.17207767344393723,-0.535395727947782,-0.32307696362577987,-0.24472928133123756,-0.27742261867057727,50,0.005398976739076057,-0.0013710731433758635,-0.0003329561391501341,0.0029489954986974274,0.0022132481433286832,-0.0003224749397900051,-0.0002083417535531749,0.01477559671656229,0.0036964659818174025,-0.00042196833685898216,0.002569037311838968,0.0036964659818174025,-2.6876662264785378e-05,-0.0010186164709697046,0.00039469908841110107,-0.0005150341943373708,0.0057327805091105626,0.000509208740401702,-0.0021865021024397107,1.7427111768879912e-05,8.959351343793104e-05,0.001142758088187466,-0.00012722779294655924,0.0003989223915719956,0.0008501125301406049,0.03790321681048218,-0.05207997879538348
2022-02-07,2022-01-28,2022-02-14,0.0464002278573296,50,0.74,0.0037472537712490706,-0.00040027953638344105,-0.0037887828332512363,-0.020867536304217116,0.021802506536352073,-0.006679732588890208,-0.004173311281837067,-0.0003270526710165145,-0.002727545523934838,-0.002307943292884862,0.0012060799654118881,-0.002727545523934727,0.0029740691184250156,-0.0026387260104485666,-0.005011402287955047,0.0011794296837028817,-0.0035862986600446733,0.013098956363927439,-0.0105191402658954,0.0009125171646997554,0.0021030066931551072,-0.0022172885117787144,-0.002783468011570478,0.012719685276763926,-0.000813997550155543,-0.015234013599948172,-0.5395694848271008,-0.5724229092688935,-0.6747497100163926,-0.71214631787656,-0.2377766065473479,-0.04158138838966761,1.827277399120149,1.6440571641244899,-0.8314816521908734,2.1547342120610233,1.6440571641244899,0.46041200962752993,0.27633636494759434,0.6303610082157618,0.3591746898525272,-0.308321224170589,-0.3922750932795166,-0.4378796742622273,0.23473965553708653,-0.20543464670399436,-0.6144838927293407,-0.0027885045545675106,-0.19443812985368333,0.04714334058092794,50,-5.708571491366542e-05,0.00021597862323324404,0.0021687860919977135,0.014080364070027045,-0.015526574750342761,0.0015882841476300446,0.00017353207728104864,-0.0005976159540703543,-0.004484240759100756,0.00191901250233075,0.002598781763954371,-0.004484240759100573,0.0013692971395852377,-0.0007291759538200247,-0.003158992598810119,0.00042362129084684677,0.0011057319931063166,-0.005138394329523953,0.004606117713148956,0.00021420396491329946,-0.00043203043702445495,0.001362488076021831,7.76171322775725e-06,-0.0024731918175414083,-3.837456373902373e-05,-0.0052859564706826305,0.05168618432801223
2022-02-14,2022-02-11,2022-02-21,0.066779754494958,50,0.4,-0.00692395953283742,0.0027728316604362924,-0.0009305573692005575,-0.050395135776569955,0.05855172996148128,-0.0061166475875715776,0.00928354176687618,0.0029838249746090284,0.0017883720184901364,-0.0011854247361764436,0.0009651594223281101,0.0017883720184903584,0.0027257193743999153,-0.001990348173802614,-0.008269404845562156,0.004465595729751248,-0.008513964655706197,0.005545926300834614,0.003942881703951073,0.0021135290314167055,-0.005364054822472708,-0.0017783180348571737,-0.0005497031060460733,6.913849973999575e-05,0.0032098778299780584,0.019901261990060995,-0.5900363515037681,-0.766963309729558,-0.9364577038967213,-0.9830391383739447,-0.5102112715016862,0.07899154540765733,1.9277359908523863,1.3397465421478585,-1.0650638496550442,1.70096376027719,1.3397465421478585,-0.15003810609106535,-0.23007382901665172,0.5917337257076284,0.3297400263782222,-0.10449143796567188,-0.3205210078128443,-0.5178357315041594,0.07501320448519609,-0.3690840282449153,-0.7352427558368081,-0.27637530841206287,-0.11814318095522815,-0.020619256348917064,50,-0.00013779553267157784,-0.0016360714762579651,0.0007137033597752898,0.04719291313689022,-0.05755864217163844,0.0031207825429826162,0.0007333213110220832,0.005752026793958032,0.0023959652278461464,0.001262553032988398,0.0016417012002701828,0.002395965227846444,-0.00040896177267068677,0.00045792702542306763,-0.00489328573864921,0.001472485653722653,0.000889636409663647,-0.00177758588719927,-0.0020417650313998706,0.00015854258541905976,0.0019797869616047913,0.0013074954527026853,0.00015192436546855243,-8.168242285755312e-06,-6.618529382502321e-05,0.003098269140986067,0.06368148535397193
2022-02-21,2022-02-18,2022-02-28,-0.0378080711028075,50,0.46,0.0011261588017104085,0.0007858019633451008,0.0001905512504651874,-0.01282650489294257,0.018531532378260884,0.011094973952873843,0.0009554539933391837,-0.005272557505899278,-0.0023650113635113046,0.0012233775561585336,-0.0017637824185269269,-0.0023650113635110825,0.00035657567320335204,2.9651120152962562e-05,0.009528856825918641,-0.003410829380125713,-0.01872514039805029,-0.005150909568458206,0.011703426501753045,0.0002528837726725186,0.0033802475524182807,0.0049975925185752335,0.00014516250388596497,-0.0014241560961447686,-0.0015624249825963998,-0.111819480304455,-0.43750643904374825,-0.3584436318481041,-0.5770924959340529,-0.5817457979796354,-0.14875532024931556,0.32752269994463523,1.3632466816128186,0.9483993989321418,-1.5380186173900174,1.5930890306189607,0.9483993989321418,0.10693950594512447,-0.2290688616508792,0.38111942395822856,0.24300210672957617,-0.03896423196469487,-0.17340988951105973,-0.31415715088220014,0.17651410547826046,-0.2625069092846497,-0.6661291028058289,-0.20335731335655738,0.1740979240779056,0.08004169737447663,50,-0.00012592649194754566,-0.00034379341877670104,-6.830188226993952e-05,0.007402079722778569,-0.010780641091176829,-0.0016504364035175632,0.000312932871571333,-0.00718779652352995,-0.0022429753556218062,-0.0018815774574689262,-0.002809862423353828,-0.002242975355621596,3.8132026324416625e-05,-6.792148340112577e-06,0.0036316324244745467,-0.0008288387250656826,0.0007296107140411102,0.000893218659147798,-0.003676715125349971,4.463755292325739e-05,-0.0008873383376023248,-0.0033290418205876434,-2.9519856790360658e-05,-0.00024794261990169835,-0.00012505914762730294,-0.025413290213288753,-0.012394780889518744
2022-02-28,2022-02-25,2022-03-07,-0.0152490434181359,50,0.88,-0.011508750732800221,0.004398328806027418,-0.011858386871203441,-0.0035467356132417027,0.0013240766308177943,-0.015159863036821375,0.002665911193547199,0.011155595764690274,0.0030279066924387976,0.0006755919017362721,0.002526474877614371,0.0030279066924387976,0.0017549726536623123,-0.0009147796810270448,-0.016662606642539934,0.01154819593914036,-0.009381617112210083,0.0007296374305985065,0.014741990515512171,-0.002024593039565148,-0.00298482790533261,-0.0030418706318593447,-0.0032843657676815408,0.014232614085351036,0.0014411669265552707,-0.18731836516728936,-0.3725376705379047,0.18856271898262855,0.6096425611187882,0.5828354969797015,1.0559488848622594,1.0966216287684247,-0.21935425611265713,0.0032240427573745323,0.005686680262535886,-0.012880478388348262,0.0032240427573745323,0.879436417661899,0.25491731950787094,-0.28904585677735967,-0.17682240087036571,0.02334740773016929,0.22640216425560325,0.4319881415802795,0.2511902640680229,0.20423753998249325,0.4946977522877536,-0.06300962250894636,1.0228480154138968,-0.11430122009361814,50,0.002155800372385981,-0.001638543167657218,-0.002236049671182026,-0.0021622409828678875,0.0007717188611618979,-0.016008040468396115,0.0029234958752197048,-0.0024470274104571436,9.76210064176318e-06,3.841875133132743e-06,-3.254220505981672e-05,9.76210064176318e-06,0.0015433868636313803,-0.00023319318422767945,0.00481625741313708,-0.002041979731680206,-0.0002190364398871022,0.00016519149340939938,0.006368365085990209,-0.0005085580602386506,-0.0006096139086562305,-0.0015048065643309466,0.0002069466472029197,0.01455780107135318,-0.0001647271380638372,0.00372597082720355,-0.01897501424533945
2022-03-07,2022-03-04,2022-03-14,-0.0392963750500518,50,0.9,0.00476826366702543,0.0005020359879142067,-0.002531379426182312,-0.001965997316951462,-0.0061629568653495115,-0.00838865893508578,-0.00034229908921212804,-0.004590892237816391,-0.0023070049377799107,-0.0016596058693371107,-0.001402818195047728,-0.0023070049377801327,0.0026508039694279617,-0.0029053427018953526,0.0012604482471132439,5.956157172448684e-05,-0.0007225233163095091,-0.002781250518331113,0.006870176454039978,-0.0028984746785726268,0.0019994966166412276,0.000916143068734776,-0.0004943233625746002,0.017618232763312536,-0.0032019874093807132,-0.05472977633825916,-0.5360145148661999,-0.7363105847961455,-0.6581637709421416,-0.7173852497146038,-0.12137912886998628,0.056616464832267656,2.232653371376026,1.5532653529969154,0.7589464763457238,2.095698463036375,1.5532653529969154,0.17629937838398596,-0.0501978644634515,0.7536668750624714,0.31963151123066563,-0.33150908496541903,-0.215172470091373,-0.35639630948320844,0.09642822222607599,-0.316135317299851,-0.5853214656149565,-0.4775642494926797,-0.13945269294391832,0.23868232793338837,50,-0.0002609660040181492,-0.0002690985765072069,0.0018638814656332294,0.001293948207786907,0.004421214349829092,0.0010182081139281387,-1.9379764346495695e-05,-0.010249871032384793,-0.00358339083904634,-0.0012595520266560818,-0.0029398839352809854,-0.0035833908390466847,0.0004673350920279522,0.0001458419991696209,0.0009499580915798083,1.9037755181571412e-05,0.00023952304345594536,0.0005984485439722171,-0.0024485055337182837,-0.00027949476042205543,-0.000632111497341853,-0.0005362382037048229,0.00023607116565463673,-0.0024569100037567047,-0.000764257808884388,-0.01802958299689572,-0.021266792053156076
2022-03-14,2022-03-11,2022-03-21,0.0242285168550013,50,0.72,-0.009605031083087634,0.0035196408664726064,-0.0021211712836999297,0.010378320607534519,-0.004842524989009944,0.0035627851041759584,-0.0012234288610278865,0.01151572252666111,-0.00097179186180818,0.0026358468575209404,0.0012382043117751262,-0.000971791861808402,-0.00023589056087802707,0.0002478906316258911,-0.007271372256738573,0.0014777956362013178,-0.019959787612898627,0.004554715811979859,0.010627334922091114,-0.0005299457735893354,-0.0047598281083292004,-0.0032229387634378215,0.0011707444088357999,0.001543750115635456,0.0010813164298177913,-0.19606612891970884,-0.3606820488095185,-0.9898134467950165,-0.9225963003837293,-0.9993323464744741,-0.2365355305262361,0.13054569545509817,1.490808970295913,0.9354695780181731,1.1904439634050945,0.7125611584042798,0.9354695780181731,0.4806633538506324,-0.4622333096183434,0.26652338316762203,-0.003433080865044005,-0.3345188830101179,-0.3820800102865399,-0.37730112046627295,-0.037289767104230674,-0.16806758429934,-0.2230074705759363,-0.44940940835305576,-0.09791257297683992,0.2825982592744514,50,0.0018832212626144708,-0.0012694712787930486,0.002099563859561637,-0.009575000196707565,0.004839291860128585,-0.0008427252647672317,-0.00015971337150272409,0.0171677424421851,-0.000909081722887193,0.003137827979996092,0.000882296298739658,-0.0009090817228874006,-0.00011338394813333928,-0.00011458330707981723,-0.0019379907341371511,-5.0733919210882755e-06,0.0066769258573860365,-0.0017402658642935304,-0.004009705373675329,1.9761554475017674e-05,0.0007999728118469859,0.0007187394214554046,-0.0005261435521075449,-0.00015115254585516165,0.00030557814079137236,0.01626754921443223,0.00796096764056907
2022-03-21,2022-03-18,2022-03-28,0.0092379835547057,50,0.94,-0.004852971693048103,-0.0009923536637679309,-0.00929784576431636,-0.022103971532281053,0.02292928896034474,-0.010528920005274944,0.00750569798297529,0.010125881785355562,0.0004391606590208319,0.0041406476909686685,0.0013895964749770506,0.0004391606590208319,0.0019086281039701891,-0.0032037881089902465,-0.012954581218105887,0.007650954265947751,-0.019505258651638768,-0.015076113832853788,0.020055695381446803,-0.003021361224859742,0.005086814803469064,-0.0022815631132516723,-0.001971363406302107,0.0049192332033083375,0.004037637039286057,-0.40550901559990904,-0.1496040370207021,-0.2736424295996151,-0.06944178696512937,-0.0994391956638977,-0.5323388701535022,-0.3664623647159529,0.6522061387522615,-1.4388183141329307,0.17802829155316371,0.10692003698395752,-1.4388183141329307,-0.16799194969987902,-0.7020806701650524,-0.09002973728867718,-0.07082672096066743,0.01897382583521243,-0.00684062712928522,-0.05564779541870704,-1.5814614469470945,-1.340542651342636,-0.43899412015241934,-0.5620389531598328,-0.33135634612265585,0.3096339310336413,50,0.00196792377398216,0.0001484601142519669,0.0025442851049900187,0.0015349392822279451,-0.00228007005136177,0.00560495337954467,-0.002750555831684883,0.006604162260688607,-0.0006318723990458602,0.0007371524343467043,0.00014857570649732326,-0.0006318723990458602,-0.00032063415643793545,0.002249317702626698,0.0011662975437509047,-0.0005418920028771094,-0.0003700893805269644,0.0001031300732892118,-0.0011160552335666594,0.004778166294416533,-0.0068190922035313885,0.0010015927914741325,0.0011079830251756382,-0.0016300191399734986,0.0012501894285611747,0.01385497611777176,-0.004616992563066061
2022-03-28,2022-03-25,2022-04-06,0.0572183683835925,50,0.7,-0.007505793305534025,0.004086532016946975,-0.006539138032541358,0.013287157332747546,-0.013229577253025981,-0.003856831631238733,-0.001395114411103071,0.01534228563101725,0.0019025060815101025,0.0008386397931046119,-0.0007497062229107065,0.0019025060815103245,7.014828508289384e-05,-0.00048150119196943564,-0.013702813911137701,0.01076155593044792,-0.008811233065599722,-0.020415492735785135,0.020673574681812967,0.0004585255421156731,0.0007186266581307166,-0.004885719255403931,-0.0008223355562038126,0.00018443412948876414,0.0016210377706307177,-0.3484375036802043,-0.2039693867908053,-0.6262332993940127,-0.6579071741997283,-0.6981118760271857,-0.5445935751270823,-0.1905975958148823,1.596846698441782,-0.22015909837053804,1.172275460515222,0.8544515849681598,-0.22015909837053804,-0.022559663280185233,-0.33503119409905935,0.2135074255516867,0.019628840319155523,-0.13635924797966262,-0.295768986188781,-0.32938149267015826,-0.6526987024189549,-0.7122489840611662,-0.5889517821280638,-0.41383183420702246,-0.2818615363662651,0.473886298084079,50,0.002615299882519865,-0.0008335274295976674,0.004095025985311248,-0.008741716133935137,0.00923572499515655,0.0021004057267195184,0.0002659054526429407,0.024499278156440686,-0.0004188540235497295,0.0009831168496680994,-0.0006405876704265457,-0.0004188540235497784,-1.5825216911525255e-06,0.00016131791930564042,-0.0029256525209808495,0.00021123686294442334,0.0012014931145987154,0.0060382695890075925,-0.006809492887523547,-0.0002992790263648477,-0.0005118411071728738,0.002877453062447542,0.0003403086315574758,-5.198488709607774e-05,0.0007681875881786592,0.03373965158461075,0.023478716798981746
2022-04-06,2022-04-01,2022-04-11,-0.0288756474151201,50,0.76,-0.004975002624352576,0.0031188722659716284,-0.007964845069235338,0.0042495083084914675,-0.011392424694886771,-0.0058474797353255115,0.0006137160284658272,0.005183109007627751,0.0012324530699483471,0.0007617737877803066,0.0035908955187282654,0.001232453069948125,0.0019406655685292318,-0.0028855907367982825,-0.021219225038043854,0.015669120759691513,-0.007110022766230295,-0.0010349551162215365,-0.0007599010045502563,0.0002201273882185273,-0.002095483834822165,-0.001615892658923479,-0.002143579038579646,0.005559955811095252,-1.57113121187491e-05,-0.2797673599086411,-0.26353477757749355,-0.4398021776684964,-0.4823350706718314,-0.5054148733063295,-0.36881286168852767,-0.04201457337515928,1.1697065560122306,0.10820462673499467,1.241027184333064,0.3885166097923111,0.10820462673499467,-0.406052270723214,-0.7027372409109056,0.019655700271099794,-0.03519649677111386,-0.17422499895799035,-0.3614761640857707,-0.37942613618103876,-0.30080724557520744,-0.44570540697697814,-0.5334017895726082,-0.4507424305052835,-0.1040450640669798,0.06629920569525824,50,0.0013918433497536811,-0.0008219313089054464,0.0035029562062418875,-0.0020496868902967666,0.0057579008838180975,0.0021566257348510764,-2.5785017109488835e-05,0.0060627165867482265,0.0001333571244021592,0.0009453819789477269,0.001395122553054708,0.00013335712440213515,-0.0007880116608156516,0.002027812072775692,-0.0004170787273328061,-0.0005514981582246755,0.0012387437090377608,0.000374111605412704,0.0002883263020365937,-6.621591332567956e-05,0.0009339684754130919,0.0008619200360270239,0.0009662020258295685,-0.0005784859585749821,-1.04164751390335e-06,0.022870610486652725,-0.05174625790177283
2022-04-11,2022-04-08,2022-04-18,0.0036046309089939,50,0.54,0.0004002178113495791,-0.0014791209072085865,-0.0021984825499257177,-0.01266865600403333,0.010713745298040811,0.002937902069805709,0.013399319680702515,-0.002822418077061961,0.0008083068589541664,0.006040240157529464,0.002879351852830503,0.0008083068589546105,-0.0003155769700670108,-0.0010259904669742692,0.0003758053702374031,-0.0013053705423058393,-0.016572234190506463,-0.0020464614197253095,0.005516433089755246,-0.00027761958243111007,0.004169280897573735,0.002055604514807907,7.074444044441464e-05,-0.011861113875683227,-0.002252916468618027,0.006792918757401258,-0.5757680120279411,-0.6466914510118135,-0.6888803644193483,-0.7232666941890211,-0.41390928501666224,0.11196771767899666,1.262018042107478,0.894533374853512,1.229076199574075,1.228117457380516,0.894533374853512,-0.19572537018607478,-0.34858979623471553,0.15667608706308855,0.09808207431838961,-0.10877590935910192,-0.30515349209150744,-0.3681117234606189,0.15044190029428356,-0.147657685891798,-0.520810342884612,-0.35070515374890676,0.03734888872664175,0.0545374582875384,50,2.7186470777626343e-06,0.0008516305042924527,0.001421739870235614,0.008727188364761844,-0.007748895144097146,-0.0012160249451622532,0.0015002912430995229,-0.0035619425356224893,0.0007230574624575122,0.007423915417331026,0.003536182276402075,0.0007230574624579095,6.176641928856553e-05,0.00035764980782132115,5.88797149060916e-05,-0.00012803345054347788,0.0018026598441843408,0.0006244848486597223,-0.0020306636920249905,-4.1765617539841696e-05,-0.0006156263691686162,-0.0010705800921922627,-2.4810439862938812e-05,-0.0004429994223169193,-0.00012286833793256395,0.010811011836512263,-0.0072063809275183625
2022-04-18,2022-04-15,2022-04-25,-0.120063026137546,50,0.42,0.005629977025101152,0.008863344870583933,-0.02615509457587395,-0.011731229994719428,0.008244546132845532,-0.010427936047563646,0.011079581551152184,0.00690152754322404,-0.0013261147809110474,-0.0022091679497198147,-0.0008815054252183652,-0.0013261147809116025,-0.0011922055142213894,-0.0010651248979457462,-0.00028820797802264764,0.0019478659553990862,-0.0028467247881935887,-0.006331834578803708,0.00792367150724993,0.006763825295639014,0.0049375508372511145,0.0003266213295951559,0.003613786419337739,-0.008136955244021804,-0.000679460843431734,0.0640577387845222,-0.6089467888734467,-0.67336258449133,-0.4924695976671558,-0.556181086181218,-0.45364659216032005,0.07708112993540502,1.426033058382563,0.8328447483516515,1.5974399792602194,1.763854458505522,0.8328447483516515,-0.2891534984186086,-0.5346313910499084,0.47839831037604796,0.19660248913520725,-0.22490633799001908,-0.2429887854248844,-0.3829498516099057,0.0514179583882957,-0.19705696004519638,-0.4681109808499858,-0.43303069254068793,-0.04320213004812868,0.12589432064774958,50,0.000360643597636791,-0.005397305397620021,0.01761186208122565,0.005777274115640347,-0.004585460623237188,0.004730597651243005,0.0008540266651742778,0.009841806429975272,-0.0011044477309932667,-0.003529013203782762,-0.0015548472744682195,-0.001104447730993729,0.000344730395271071,0.0005694492058306261,-0.0001378782097229318,0.00038295529533318893,0.0006402464473780328,0.0015385647938147974,-0.0030343688279069986,0.0003477820875968687,-0.0009729787580573188,-0.00015289503096331493,-0.001564880435859954,0.0003515337986480326,-8.554026129058509e-05,0.020127409079871674,-0.14019043521741767
2022-04-25,2022-04-22,2022-05-05,0.059478493427719,50,0.6,0.004326515789750296,-0.008521458242531033,0.01377334358260085,0.01667220610283704,-0.015681062360338616,0.012662038922670815,0.005505356940416206,-0.016467191725897723,0.00013502267465237416,-0.0013883147304493137,0.004655318696724642,0.00013502267465237416,0.00032292667357758376,-0.004738622914220447,0.013172476372980357,-0.010023409191110888,-0.01694587808472825,0.005667789810412938,0.00542640577318787,0.002397866756872702,0.003234927700608514,0.0005478256800068859,0.00212638207053506,-0.008334295926585411,-0.0026761782187186833,-0.08913299332775868,-0.43839602468760797,-0.7454881930908133,-0.5035089329420243,-0.5951796311014483,-0.4298558281913425,0.10513211781620829,0.5244756509191737,1.0117369483531018,1.147229164376594,0.4618148753994923,1.0117369483531018,-0.1898275348521918,-0.24579520811390845,-0.07948618584538089,-0.13724737576109028,-0.2753803104059205,-0.29794243371471274,-0.38729241670976733,0.5974078999057304,0.5157537845296233,-0.29216090121809435,-0.06581418106956144,-0.030638643272823098,0.3300954280014517,50,-0.0003856353030202557,0.003735773418067055,-0.010267865020212057,-0.008394604704628982,0.009333048910905145,-0.005442851227695678,0.0005787898344801166,-0.00863664109925104,0.00013660742881126676,-0.0015927151481050824,0.0021498954238728172,0.00013660742881126676,-6.130037438325115e-05,0.0011647308053741503,-0.0010470299050266054,0.001375686607659562,0.0046665611670733504,-0.001688675089897881,-0.0021016058059457636,0.0014325045434770854,0.0016684262042685532,-0.00016005324438122715,-0.0001399460946132634,0.00025535151982479303,-0.0008833941945161064,-0.014168333919052024,0.07364682734677103
2022-05-05,2022-04-29,2022-05-09,-0.0112993659498748,50,0.88,-0.006728525552484044,-0.0019762060752320787,0.002664876363875024,0.011634091902316568,-0.012275913269785388,-0.00010095985860847367,0.0016255256198893786,0.0029007391185460474,-0.003597496465365002,-0.004184958631851088,-0.0018257823176375254,-0.003597496465364891,-0.00042888036801325136,-0.0020455837874556737,-0.0031879268990548937,0.0038351060183501318,-0.0018235858345019285,0.005300494432099789,0.0032634777297670947,0.006645056507728508,-0.002995807428557762,0.0004807393675800853,-0.0015376325916175437,0.0015594204838609294,-0.002051555969199481,0.3897425836414209,-0.80073308012797,-0.23683084246637143,-0.2993278769266588,-0.3285850176919072,-0.1983278852542749,-0.005580321116034141,0.28589781203797227,0.47782561317385563,0.5880880295429273,1.2900591169847306,0.47782561317385563,-0.2566129470790523,-0.2750870860176409,-0.016882073861324978,0.012525522958355706,-0.3473720969628116,-0.317043694077114,-0.3758809452695963,0.45280845671980785,0.23238164623908253,-0.2924587636370153,0.06787409258468155,-0.06927271711576344,0.016103931392759896,50,-0.00262239293292245,0.001582413577588189,-0.0006311249143252425,-0.0034824080290900513,0.00403368117893675,2.0023155253389183e-05,-9.070954941323185e-06,0.0008293149672852712,-0.0017189759544538104,-0.002461124075523971,-0.002355367124497801,-0.0017189759544537573,0.00011005625518022895,0.0005627136832961106,5.381881737434941e-05,4.803670848057272e-05,0.0006334628353226136,-0.0016804883351880919,-0.0012266790939311318,0.0030089377820804617,-0.0006961706620635253,-0.00014059644107411237,-0.000104365416884673,-0.0001080252940430251,-3.303811657639548e-05,-0.008106344339171427,-0.003193021610703374
2022-05-09,2022-05-06,2022-05-16,0.0309541091511192,50,0.78,0.0035083997261071698,0.0019132628690550213,0.010225329539144346,0.0029679074493174085,0.00029873165901306287,0.0029556332375597627,0.0013332441950848484,-0.002635129153241267,-9.427780402182506e-05,-0.00044220946293405117,0.0008486135248846338,-9.427780402182506e-05,0.0005115307831187188,-0.0018014791284975962,0.0021298892274983494,-0.0004911691239876115,-0.025139180709295217,0.016156073160330964,-0.00784080546002841,0.0020738780209199614,-0.0036583004035655176,0.0022846904428266424,0.0017996421216113223,-0.0006045994188860204,-0.0006707552529369165,0.07750181654878775,-0.5824215919877037,-0.2729049256828964,-0.3150252856715182,-0.34948558131209284,0.06481723697229443,0.23722943495502316,0.4928058099870292,0.5511816791130889,-1.2060644396387559,1.697456989609952,0.5511816791130889,-0.2834080778154467,-0.3729251814120321,0.04229805526571794,0.08413846788968384,-0.17596934290147623,-0.12970187147439088,-0.10791637914037322,0.3257720508693927,0.09339265103730082,-0.4821921065520333,-0.12937709660292943,0.15113097027367764,-0.37380075552343117,50,0.00027190735195257505,-0.001114325606085987,-0.002790542797963313,-0.0009349658920678436,-0.00010440240750650618,0.00019157597996210092,0.00031628476705704327,-0.001298606956783497,-5.1964198323844264e-05,0.0005333331081165116,0.0014404849592929607,-5.1964198323844264e-05,-0.00014497195598710624,0.0006718169308049556,9.009017225458248e-05,-4.132621756703579e-05,0.004423725110496146,-0.0020954729245721026,0.0008461513347903344,0.0006756114961280531,-0.00034165837297981115,-0.0011016596974458765,-0.0002328324726184089,-9.137369680314593e-05,0.00025072882031912955,-0.0006843573638539288,0.03163846651497313
2022-05-16,2022-05-13,2022-05-23,0.0382106837350926,50,0.66,-0.0034739200906110934,0.0019272705973767401,0.0016631390318342376,-0.022775593269081296,0.029723112323748246,0.006343303374811482,0.007648963256353225,0.0008340713757861717,4.576652610599474e-05,0.0013540829005924682,0.0025220704717914266,4.576652610643883e-05,-0.000792049866633171,0.00024848869574323196,-0.010354815781794202,0.006390780012623276,-0.009998068666896676,-0.001795420934799119,-0.0035207942369891443,0.000547209038965546,0.0004598653881502379,0.0002789006724164267,0.00012872071038949606,-0.011588927591449472,0.001935534940207484,-0.11894981532888142,-0.3539267464808686,-0.19753469942585195,0.00864633644288121,-0.014384347639137025,0.7088745008975209,0.3031115736617122,0.4048558472434475,-0.2281500366676979,-1.5292329764777088,0.9768549527231128,-0.2281500366676979,-0.29253642711830713,-0.3421418160676808,-0.008148127889864352,0.09346626782260214,0.018263284864332895,0.18105993743187956,0.11048191929383172,-0.1768342979325646,-0.3614587680862141,0.1602297000219733,-0.1861826420713869,0.24434373940880452,-0.34610399515674245,50,0.0004132221532454806,-0.0006821126121177896,-0.00032852766875677853,-0.0001969254420906976,-0.0004275475805819127,0.00449660601386105,0.002318489289513841,0.00033767867350541843,-1.0441634609235854e-05,-0.0020707082244705898,0.002463697031486173,-1.0441634609337172e-05,0.0002317034380843995,-8.501837363387876e-05,8.437236326604489e-05,0.0005973223562551798,-0.00018259757615669503,-0.0003250788021186152,-0.00038898410474122246,-9.67653262278257e-05,-0.00016622237668627367,4.468817107721069e-05,-2.39655619496222e-05,-0.002831681903432634,-0.0006698963755712768,0.002490864292540411,0.03571981944255219
2022-05-23,2022-05-20,2022-05-30,0.001330184161162,50,0.78,0.00018821082758369023,-0.003963477740848931,0.00397208956068984,-0.014245560160886739,0.008229201180194545,-0.004559082674842951,0.009179752806881325,-0.004843984730503514,-0.0001853528853977826,-0.0008076979133797568,0.001710220410584995,-0.00018535288539756056,0.0036732098611198527,-0.0021455052947257913,-0.002395242069710646,0.002772544123740728,-0.023704664781705187,0.004732581787376677,0.006618295415883102,-0.0028994241527132703,-0.00040772324045867947,-0.0025038105569432645,-0.0008632117671856232,-0.0043579546088764465,-0.000447907227373312,-0.17234530801078055,-0.43562627020152733,0.7211315214185963,0.516681277713634,0.6035345760334667,0.7748242369505572,0.841884150555276,-0.09015247876745736,0.26604621289364727,-0.6181864854169578,1.1126137623024075,0.26604621289364727,-0.19782915936699638,-0.3151299396709712,-0.19607357724464702,-0.06798153465291731,-0.1970143289476976,-0.17224094590847236,-0.19654531879581852,0.40163881296735354,0.2367278331625512,0.22166019292709116,0.4947055512553351,0.8020847868177762,-0.0586065306852694,50,-3.2437253050875e-05,0.0017265950252727954,0.0028643989881111877,-0.007360414225673402,0.004966607445382819,-0.0035324877547296954,0.007728288394128695,0.00043669723056660574,-4.931243320899028e-05,0.0004993079343508423,0.0019028147653873393,-4.93124332089312e-05,-0.0007266680190039019,0.0006761129540906878,0.0004696436809750385,-0.00018848180442482254,0.004670158624897768,-0.0008151443636469677,-0.0013007949823996487,-0.0011645212749846327,-9.651943924379702e-05,-0.0005549951311049316,-0.00042703565313565573,-0.00349544909342221,2.625028866520795e-05,0.006173301470590524,-0.004843117309428524
2022-05-30,2022-05-27,2022-06-06,0.0516004781594692,50,0.7,0.000793564163528826,-0.0011272376484182667,0.01708074103486612,0.015552626213692022,-0.01483108624167273,0.0030369677002395346,0.0016629071385014793,-0.010436259808048298,-0.0007482272165972859,-0.0011459905942554638,-0.0007011511879201349,-0.0007482272165973969,0.0008631037594934998,-0.0028246487021005295,0.02885230702406938,-0.009043232282601288,-0.010851599318843386,-0.0025339207228661786,0.00293773278545828,0.0011068765125936686,0.0022448637221024192,0.003758259024224886,0.0068126781656119295,-0.007111929759899938,0.004033130111469108,-0.07329779031789925,-0.5213390876197476,0.5485362842757735,0.10614654612780859,0.2107072900504635,0.08087702834966215,0.3321411536973941,0.4145545909226497,0.47595951052539626,-0.8454875186688259,1.3459192054046556,0.47595951052539626,0.06390769551990863,-0.39969973486215343,-0.05314736902535031,0.06273041851407148,-0.11049158675714614,-0.19595361194847627,-0.27592157569585835,0.1826476484466618,-0.09334072249768038,-0.45425401264909804,-0.26951436241362836,0.3515774279027733,-0.3439372579061933,50,-5.8166499662134996e-05,0.0005876730471570089,0.009369406219942191,0.0016508575558002254,-0.0031250179904875747,0.0002456209227892811,0.0005523198954735137,-0.004326399415487953,-0.00035612585977342384,0.0009689207439548653,-0.0009436928497139983,-0.00035612585977347664,5.5158972263799035e-05,0.0011290113373083074,-0.001533424208640922,-0.0005672857458075407,0.0011990104275917718,0.0004965309180367216,-0.0008105838591370316,0.0002021683921460754,-0.0002095372017298718,-0.0017072042423288381,-0.0018361146121341463,-0.002500393972410808,-0.0013871437113175844,-0.003260537595941544,0.05486101575541075
2022-06-06,2022-06-02,2022-06-13,0.0087275794829163,50,0.94,0.008925812426991309,-0.002203059758647652,0.012927587267775653,0.018340043963416708,-0.024905307862247872,-0.005046512142513726,-0.007965124846614047,0.007027640026334714,0.0008842411797387317,0.003235049347689367,0.0005247498950269325,0.0008842411797389538,-0.0005913283644252143,0.0016135941466437487,-0.02290904463425214,0.016608787590537855,-0.0053281731455622205,0.0031384735777812978,-0.002322997842458596,-0.0026468975873422673,0.004745451591636307,0.0034443250986722074,0.00024524557431271354,0.022182619018354055,-0.004094650768486141,-0.2936627481557087,-0.3014030567512457,0.7768871240769927,0.5609541808297296,0.6430743119348157,0.02973118074636343,0.4083528593500574,-0.4104970593614774,0.012949876141347889,0.02362988034197274,-0.21940575607522306,0.012949876141347889,0.060929737790024835,-0.18172563779614184,-0.036679333223505105,-0.019357740979808014,-0.2272892887526656,-0.2797555984698526,-0.33659561704737506,0.25840803920103794,0.244196559985709,1.4810228666947338,0.5592971791270078,0.42370950836374155,0.09136508936289958,50,-0.0026211786068326436,0.0006640089454620638,0.010043276093716575,0.010287924337879647,-0.016015963717039804,-0.00015003876464779334,-0.0032525815061950334,-0.0028848255650614158,1.1450813756695912e-05,7.644382898627672e-05,-0.00011513314746877806,1.1450813756698789e-05,-3.602948219223256e-05,-0.00029323142544295644,0.0008402884819718859,-0.0003215086081662814,0.0012110366846058902,-0.0008780055540340264,0.0007819108921820722,-0.0006839796155110733,0.0011588229542562937,0.005101124231464135,0.00013716515790648364,0.00939898659848698,-0.0003741081333726017,0.012097305708467057,-0.003369726225550757
2022-06-13,2022-06-10,2022-06-20,0.0279139220384794,50,0.5,0.0003160557749921633,0.00064486472957892,-0.007377684946740182,-0.054702100765355754,0.0736432323095948,0.007413928682574511,0.0010873041920802518,-0.004127560361644078,-0.002578174873445138,-0.0035093645508577076,-0.0031069939548732384,-0.002578174873445249,-0.0029672318628238825,0.00037574436095066943,0.008025105750213424,-0.005775401285475601,-0.013288221982331816,-0.0009572762086117459,0.006793133544464647,-0.0008136479511005046,-0.0007663888229961779,0.002701197895119245,0.0012931106109341783,-0.02115730253114878,0.002539370439144095,-0.013216665953764622,-0.6269734517868987,0.70644229610756,0.5529177709601826,0.6422088647197617,0.4594290004908747,0.809083252511433,-0.40383450189978926,0.4605710357742901,0.16455324763903353,-0.1651541690541507,0.4605710357742901,0.2506052901214048,-0.2607534038517115,-0.335084937403191,-0.31347030179332075,0.09520967180880772,-0.13960335617977515,-0.21281305804741263,0.7325489343881286,0.8174108483649811,1.4267644834790107,0.6004260418463122,0.8610702657040575,0.12764024627370724,50,-4.177203600829617e-06,-0.0004043130654397205,-0.005211908693733316,-0.030245763622019802,0.047294336615838546,0.003406173844345835,0.0008797196121976059,0.0016668512827058503,-0.0011874326718698766,-0.0005774773339929341,0.0005131330048733591,-0.0011874326718699277,-0.0007436040018404556,-9.797662109597315e-05,-0.0026890920579642533,0.0018104167839355693,-0.0012651672538603967,0.0001336389715132503,-0.0014456675233219807,-0.0005960369395457588,-0.0006264545379827452,0.0038539732196044008,0.0007764172857926753,-0.01821792411207741,0.00032412586823252443,-0.003841641821175764,0.03175556385965517
2022-06-20,2022-06-17,2022-06-27,0.0608697672677966,50,0.6,0.0019102456802715384,0.0025712698933413325,0.016492393481510437,-0.00866085576113873,0.0007543834834142782,-0.0028731873456231405,0.00792270176364096,-0.009849807888533624,4.1287144448176605e-05,0.0011074175985352763,0.0006609616971842147,4.128714444839865e-05,-3.854445898388015e-05,-0.001292852659606103,0.003301693854624199,-0.0011045216384308887,-0.0018679847583348286,0.004529314692793163,-0.008038211240413817,-0.003266828656987686,0.00038975602774549145,0.0033560475342513385,0.001736717318455483,0.001836493813013984,0.0029383771799518232,0.15374989434640013,-0.7283030916437541,0.668801001993689,0.6868686535619196,0.7634590542558621,0.2018579256253613,0.5210270833062071,-0.5885471770657944,-0.439376312002093,-0.06866707988831736,-0.3023144692300208,-0.439376312002093,-0.1547517699741607,-0.16717772259893204,-0.30295917961409097,-0.12809458015602004,0.028784124553387663,0.04674680494012671,-0.13157732360270166,-0.1706839540895367,0.027034378228892778,1.2818967349394874,0.5076912765816426,0.587982695902702,0.21691651549870286,50,0.00029370007151741627,-0.0018726638127709982,0.011030129285708365,-0.005948870335347354,0.0005759409007937077,-0.0005799756375205251,0.004127942191814792,0.005797076627436857,-1.8140593260737525e-05,-7.604313270835038e-05,-0.0001998182846656196,-1.8140593260835087e-05,5.964823250451892e-06,0.0002161361632889206,-0.0010002784615338331,0.00014148323554804407,-5.376830594773946e-05,0.00021173099045645192,0.0010576463215668027,0.0005575952325076691,1.0536811871062444e-05,0.0043021063764585084,0.0008817162324681112,0.0010798265831845951,0.0006373825390960545,0.021159215229951813,0.03971055203784479
2022-06-27,2022-06-24,2022-07-04,0.005530941515046,50,0.48,0.004362918713392894,-0.002764857870572679,-0.0054200255407187425,0.004090289244641054,-0.0011903172300986586,0.006545809424718829,0.0067259834465842605,0.0026490537714249918,-0.0006182794687380477,0.00013257675587219353,-0.00029089386576064413,-0.0006182794687381588,0.003619747506637072,-0.0014369370558000583,-0.005612026567468176,0.0038242374417574165,-0.01982385048802149,-0.009617908386853058,0.0177979561865913,-0.0019769827695939046,0.009454637499506147,0.002996708857285757,0.0005126526059509029,-0.008937186785002438,-0.0003510934388722964,-0.07793632784336374,-0.5916098077307388,1.0321886932582054,0.633530641781175,0.7511602258302281,-0.3054468107240143,0.22064610435452223,-0.4973086969310696,-0.3816089775386839,-0.11240823465813188,-0.2628346879910579,-0.3816089775386839,-0.14338684194749063,-0.128040085730982,-0.2616362702654085,-0.1679914162862216,0.014748310981046831,0.006457329714199561,-0.16422171582121772,-0.1345325996984189,-0.0880311331151293,1.1408276263199624,0.3013726838243548,0.25340938836450055,0.1820744274053947,50,-0.0003400298632009353,0.0016357170332123225,-0.005594489080300577,0.0025913235702280848,-0.00089411895937052,-0.0019993966123875613,0.0014840620454418198,-0.0013173974791676982,0.00023594099589828706,-1.4902719084295393e-05,7.645699844571158e-05,0.00023594099589832943,-0.0005190241636239931,0.00018398554381466431,0.0014683096997427563,-0.0006424390640556254,-0.0002923683118391179,-6.210600561487542e-05,-0.0029228109030728804,0.0002659686315524483,-0.0008323024522743188,0.003418728252429317,0.000154499491724973,-0.002264767036886765,-6.39251368484643e-05,-0.006009144529338913,0.011540086044384914
2022-07-04,2022-07-01,2022-07-11,-0.0035526418156846,50,0.88,-0.007065887893720535,0.0014907828800188039,-0.0010178399460015752,-0.011602497297896752,0.005571324925381482,-0.0007029252105242856,0.01984137146197429,0.004964694659586932,-0.0007678982537432377,-0.0004254145199225068,0.0005314390251456302,-0.0007678982537433487,-0.001010917986739912,-0.0008209448777675155,-0.005645045929475012,0.004816479140888008,-0.006078010192862138,-0.0016096217901168108,0.0038538036888549065,0.004194021261730629,-0.011359271090407463,-0.0023134703900684617,-0.0004057320875714421,-0.009791748617803409,-0.0010457364322861151,0.299735027842581,-0.6313364304504021,0.42920628304584957,0.5243848914027892,0.5506718740524632,0.3691278257831164,0.4133270552952991,-0.6992173091296705,-0.29223494509693176,-0.05350214923653216,-0.4237403502649957,-0.29223494509693176,-0.08501107078659155,-0.3334861867729961,-0.3770161869658742,-0.23237838108631415,-0.29804930448996214,-0.20409112136643107,-0.25590146162123334,0.06685415024229,0.08990668757826682,0.8726113332222762,0.4118596259392306,0.4018594208312164,0.516875781675375,50,-0.0021178941045568805,-0.0009411855420476418,-0.00043686329995892435,-0.006084174285558744,0.0030679719376150204,-0.0002594692546489689,0.008200975639398016,-0.0034714004405268202,0.00022440670402268484,2.2760591132281643e-05,-0.0002251921586596972,0.00022440670402271729,8.593922053018528e-05,0.00027377377683751207,0.0021282736915778982,-0.0011192456252955565,0.0018115467106654608,0.00032850951612078207,-0.0009861939967792713,0.00028038772755109814,-0.0010212744370421021,-0.0020187604814479,-0.00016710466581871728,-0.003934906428475341,-0.0005405158358643035,-0.006675228337207211,0.003122586521522611
2022-07-11,2022-07-08,2022-07-18,0.018728228261573,50,0.74,-0.00940214379565163,0.0016010391166729754,0.02387493102807059,-0.0037809467388065787,-0.0036010700464328416,-0.005135568302584881,0.009792701219734079,-0.0054440843828234,0.001838191664021327,-0.001029230596242936,-0.0033893372787145992,0.001838191664021771,0.00016457495655020082,-0.0034430108028523643,0.004789488578233803,-0.0018666225493318978,-0.011526847983404753,0.017457546513521827,-0.008531769227198227,0.005942774105773374,-0.007169685321515629,0.003581281778296308,0.002871111786939995,0.00023300617253108058,0.00027738964792622944,-0.3546113458714417,-0.2782604674933627,0.4375676754647977,0.1951288171669409,0.2541534599494622,0.14580096870876738,-0.02127347582966704,-0.2825207194441555,-0.6748971176453108,-0.20456884663933064,-0.10610229443886621,-0.6748971176453108,0.07233389675863666,-0.10280659922847313,-0.29118027419275855,-0.10548936789947407,-0.3720518577432817,-0.28523656645390494,-0.30777305095841123,-0.4574047557358893,-0.567001616838458,0.2004753243368649,0.3735249458132462,0.004964699289726913,0.06722393262862753,50,0.00333410686545285,-0.0004455058930805826,0.01044689807183522,-0.0007377716649145302,-0.0009152244118212772,-0.0007487708333869158,-0.00020832479270516387,0.0015380666365499584,-0.001240590255727631,0.000210548515999328,0.00035961646189880197,-0.0012405902557279308,1.190434791615934e-05,0.0003539642317481465,-0.001394604597453204,0.00019690883283592675,0.004288585206150139,-0.0049795306262263046,0.0026258486451278848,-0.0027182531382448382,0.00406522316952232,0.0007179586260456567,0.001072431874640534,1.1568055792670423e-06,1.8647223004071558e-05,0.014612699045017883,0.004115529216555116
2022-07-18,2022-07-15,2022-07-25,0.0175495845860312,50,0.72,-0.007351705801565744,0.0005751228471531089,-0.0029077136930699687,-0.018266859504226574,0.020499429268218794,0.0033811941107249055,0.003310721689965712,0.002518710926699974,-0.0022384524627429014,-0.00016404158315952433,-0.000709490220166642,-0.0022384524627429014,0.0015887022719596189,-0.0010010037270877792,0.0008427292883790294,0.0032934528518646644,-0.012815610179587544,0.006362766020541422,-0.002518743934257772,0.001876080683539838,0.0005827057015974635,0.0008010231021200465,-0.0007840490703742153,-0.005613067459154797,-5.558268873362415e-05,-0.4069780906404884,-0.22455979426679065,0.9340172298657982,0.4265096925834704,0.5737127550491684,-0.37009574205241663,-0.2185189889739042,-0.4187598221152073,-0.2238165115805394,0.032137969145296826,-0.20265898086189324,-0.2238165115805394,-0.14557964117064418,-0.3960879456500858,0.02603719656783795,0.13759659704933128,-0.21752464810208227,0.03551695710479058,-0.1108290776787975,0.0762010524705735,-0.14595883087963485,0.12547833819313564,0.23674733935938963,-0.1699917750260264,1.0906146180311969,50,0.0029919831900718278,-0.00012914946823483302,-0.002715854688844062,-0.00779099263161312,0.011760784042405362,-0.0012513655434319949,-0.0007234555564652829,-0.00105473493962451,0.0005010026215499835,-5.271963338126436e-06,0.00014378456495045192,0.0005010026215499835,-0.00023128270667886847,0.00039648550985027763,2.194230813499898e-05,0.00045316790495899314,0.002787711094528244,0.00022598608781938874,0.0002791500671428547,0.0001429593226054486,-8.505104295206314e-05,0.00010051104770833381,-0.00018562153133829833,0.0009541753007225518,-6.0619292842368414e-05,0.007027246318635173,0.010522338267396026
2022-07-25,2022-07-22,2022-08-01,0.0730217398678498,50,0.78,0.006614029566338608,-0.0010000804390345452,0.018563349587465083,-0.0012501831298111776,-0.011930660257827297,-0.01072408238444389,0.0060994492254196064,-0.015221071865152203,0.0005394831676539535,0.0014717982088761072,0.000755149936342514,0.0005394831676539535,-0.0017995879962847683,0.0012564721430821102,0.02942767058734641,-0.01752533764891373,0.00822897865077743,-0.004331890040556674,-0.006758054749392617,0.002010210274980162,-0.00579946950505672,0.005809731943155372,0.002167036576778969,0.009664202953358458,0.005104513393639598,-0.31736167990697484,-0.3567252174176124,0.6695985189768742,-0.06024334593076821,0.09644833321654209,-0.38682800449853394,-0.19300423614307327,-0.36817174400641295,0.014771748344097082,0.13779816219433286,-0.3124312652443785,0.014771748344097082,0.28160853326125035,-0.3060848299556344,-0.2228492301782383,-0.24101353015482108,-0.17270573652731872,-0.004834399996297178,-0.17617682904677742,0.1247768167482639,0.12497057938557475,1.4260933188914504,0.14870805456657846,-0.18763736977219536,0.14353028909767598,50,-0.002099039534127621,0.0003567539120496994,0.012429991391016589,7.531521476602527e-05,-0.001150692296040283,0.004148375388852309,-0.001177219538645571,0.005603968574240031,7.969109588460537e-06,0.0002028110883040384,-0.00023593245006070353,7.969109588460537e-06,-0.0005067793361083061,-0.00038458706225927926,-0.006557933736328933,0.004223843493919891,-0.0014211918187500975,2.094208919602697e-05,0.0011906126562725053,0.00025082763910667683,-0.0007247630641759108,0.00828521990868412,0.0003222557935074183,-0.0018133656231128635,0.0007326522830920506,0.02178800319257473,0.05123373667527506
2022-08-01,2022-07-29,2022-08-08,-0.0075337085604003,50,0.7,-0.009664730661990473,0.0021132423266378986,0.0060053651624993876,0.005877191153828898,-0.0035062964317198464,0.007037747503224612,-0.03715441398734187,-0.01170339298518841,0.0009795797260483408,-0.0006919620126253356,-0.0010336376188427865,0.0009795797260483408,0.0007602613258446134,0.00010974291941567849,0.026610777853091294,-0.015851347931830184,-0.012150957370358206,0.0044130286886954195,-0.00012783220150358598,0.0028036323935332064,-0.0013013569977671224,0.0023845214407780535,0.003047540401743376,0.021977688747594204,0.0011785589874144797,-0.11717803813186536,-0.4941619374813881,1.0244080638475384,1.0343424297008648,1.1217034266371142,-0.1782294208233297,0.5717569481406821,-0.6316962560740563,-0.0956681589529676,0.09982768555609825,-0.40286249486694226,-0.0956681589529676,-0.20495108982580976,-0.27800101128427795,-0.3885381857140159,-0.3592911710827933,0.6829954862769337,0.79789284608975,0.42585031801440165,0.23177602777450196,0.1914320602992925,1.2831367203990556,0.36121268308791116,0.6647747150951396,0.7758046595682834,50,0.001132494178044928,-0.0010442839224990604,0.006151944498813455,0.006079028177867811,-0.003933024722265638,-0.0012543336614005572,-0.02124329435135806,0.007392989532106892,-9.371458893869712e-05,-6.90769662131269e-05,0.0004164138299153305,-9.371458893869712e-05,-0.00015581638728426857,-3.050864257884764e-05,-0.010339303347478805,0.00569524936166808,-0.008299049037898095,0.0035211240202989054,-5.4437383662783164e-05,0.0006498147795130459,-0.000249121451267462,0.0030596670212411823,0.0011008102453325356,0.014610211775631593,0.0009143315540122312,0.003864399922661894,-0.011398108483062195
2022-08-08,2022-08-05,2022-08-15,0.0219439369214052,50,0.66,-0.006627746449757388,0.0003641450259015411,0.010283261726529158,0.0208367517022503,-0.020385122224126917,0.0029840262168541187,0.0019165585052278722,0.00941905503381446,-0.00031717396303065915,0.001647323482297569,0.0011522616360195581,-0.00031717396303065915,-0.0007859205200637653,-0.0009409173894416867,-0.016600668234041493,0.010145192573054684,-0.00929821633462391,0.011723221971640996,-0.007907726796548387,0.0010563633178797271,-0.0001923240525730785,0.0012087233443551781,-0.0008166447283223244,0.001069228927896404,-0.0026235995427645875,-0.006998565184489907,-0.5321555099948596,0.460730908233743,0.5288289462019727,0.5791929996814184,-0.1223637719718221,0.3009363513100329,-0.5926559315426149,-0.19226192108224674,0.053848548001071174,-0.35232110248745907,-0.19226192108224674,0.123540020136823,-0.15970388608836614,-0.3765146540694857,-0.30451505403678636,0.05612620039759382,0.12064125911371962,-0.00934462504358909,0.33325299043844825,0.15219836246972576,1.4400797319992096,0.5437522850849261,0.3361529685644703,1.2896083592236345,50,4.638471555489864e-05,-0.00019378178197072596,0.004737816514869067,0.011019077444973187,-0.011806920089864415,-0.0003651367035570764,0.0005767621236354865,-0.005582258835316465,6.0980475449544036e-05,8.870597760979237e-05,-0.000405966089956414,6.0980475449544036e-05,-9.709263687461997e-05,0.00015026816358195796,0.006250394857462433,-0.0030893638645973507,-0.0005218735533372819,0.0014143042595283924,7.389474186088657e-05,0.00035203623467290016,-2.9271405865163995e-05,0.0017406579898001933,-0.00044405243712782256,0.00035942447818738217,-0.0033834159016045175,0.0010125551525638123,0.020931381768841385
2022-08-15,2022-08-12,2022-08-22,0.0058390866408491,50,0.6,-0.0015475039828792836,0.0007904034063157539,0.008038259848193396,0.015333938556082893,-0.0186025622735303,-0.0009638859889292695,0.008668136048981312,0.004145708440003837,0.0006906413852358906,0.002013467993531748,0.00011720909902823706,0.0006906413852358906,0.000661981611980833,-7.539003125656141e-05,-0.006441141628626523,0.0035920736407957232,-0.005858875696065247,-0.004921136005620164,-6.577059905943372e-05,0.0010525849786844343,-0.004798831754103228,-0.0007739431078996883,0.0008870606837680928,0.0005041982693054781,0.001737259046629358,-0.24351619062717414,-0.41196733518194234,0.8149366484804362,0.2327838764545432,0.3760929452352243,-0.136816489047579,-0.18835102948240134,-0.3819489222519595,0.18686556531776358,0.23348157897743785,-0.16726452679756548,0.18686556531776358,0.04285535481063217,-0.2719961776395198,-0.36889009249678184,-0.3538229539410084,-0.09221229493427002,-0.0029348528740856883,-0.12102900699974156,0.3873920413356588,0.31810337236954384,1.2402101049478444,0.6925309951054305,-0.05182323632473482,0.11630822332247537,50,0.00037684227489114284,-0.00032562038501863117,0.006550672540301587,0.003569493658400757,-0.0069962924343736806,0.00013187549684745626,-0.001632652348519145,-0.0015834488706303177,0.00012905709288394803,0.0004701076863503261,-1.9604924485327065e-05,0.00012905709288394803,2.8369456859552832e-05,2.0505800333908624e-05,0.0023760733311689103,-0.0012709581063599755,0.0005402603736687951,1.4442810149860902e-05,7.960150293941399e-06,0.0004077630435718139,-0.0015265245644142903,-0.0009598520630719334,0.0006143170180488209,-2.612918606474008e-05,0.00020205751316435802,0.0012277724568810864,0.004611314183968014
2022-08-22,2022-08-19,2022-08-29,-0.0272506771050626,50,0.64,-0.00990250698323314,0.0031155737196932876,-0.012675034341930291,0.025174280902489077,-0.029559900915141157,0.00857921211413859,-0.013159468094740778,0.005810557083874679,0.0015838959893312854,0.0019748730440638518,0.00038349629194733836,0.0015838959893315074,0.0005588416038948552,0.001462529492391118,-0.01090158923690454,0.004729891810743014,-0.007857564025450348,-0.028213600193078725,0.01623903079083311,-0.004392292582702684,0.0029090387230163994,-0.0035615717798085367,-0.0014511456628004682,0.007149643303880904,0.0020357906276242677,-0.29603880080444034,-0.35507820470360835,0.7599876579511927,0.2895781002123216,0.4336749469094556,0.5578698638088049,0.38434115944906244,-0.03385993889891879,0.32904894102953364,0.4776643049929682,0.8856884572111398,0.32904894102953364,-0.2539653738620734,-0.385346951808781,-0.2996605925724456,-0.23308149115227483,-0.23823495929589353,-0.1964875146975806,-0.18737062251449424,0.257146888306573,0.10195221541701206,0.11725168856722638,0.1044356521073759,0.4921575145199922,0.03151013866404016,50,0.0029315262922739345,-0.0011062723230104356,-0.009632869663974539,0.007289920437954116,-0.01281938846002261,0.004786083893701345,-0.005057725225265615,-0.0001967451078286764,0.000521179297990385,0.0009433263600421072,0.00033965823916103094,0.000521179297990458,-0.00014192641686283763,-0.000563581281823361,0.0032667766907122095,-0.001102450236236915,0.001871946445768041,0.005543620182609219,-0.003042717308310439,-0.0011294643701740361,0.0002965829425453976,-0.0004176003051359327,-0.00015155134359735712,0.0035187506781425306,6.414804496739402e-05,-0.0034675932383845852,-0.023783083866678014
2022-08-29,2022-08-26,2022-09-05,-0.0071778612317052,50,0.7,-0.005323371123977849,0.0024332284873842536,-0.005236767818020738,0.0013645502852002167,0.000991012853229556,0.001473810388012975,0.0014849636897746876,0.009709378388684797,-0.00032930839561950975,0.0011007450764903837,0.00037780978962054235,-0.00032930839561950975,0.0017608973117035909,-0.0010050612681850035,-0.007273262763152322,0.006199188437086889,-0.01024564324294841,0.0031173609117078893,0.00034775229283789955,-0.001331379425868473,0.0013598709593254377,-0.0009945545593526006,-4.7424772700255247e-05,0.0039923613463199725,-0.002254183774936136,-0.21261143461751753,-0.4261848554221382,-0.22632815076898982,-0.03947111585132126,-0.07450347396224445,0.6677286953758074,0.5702037912403553,0.4864741428668177,1.096237946437246,0.7248116916271296,1.5371195749348303,1.096237946437246,0.16779216473030853,-0.08835584350014473,-0.10239096334592034,-0.058217931516599555,-0.24081827347855317,-0.3424654522629828,-0.13902652934310578,0.511112635472916,0.29759685805977376,-0.05991173873997,-0.09749319703660858,0.5592906916399835,-0.08190948464516751,50,0.0011318095716703973,-0.0010370051311048862,0.0011852279762591914,-5.3860322392091216e-05,-7.38339003068378e-05,0.0009841054876192161,0.0008467319257637936,0.00472336152940504,-0.00036100035935847553,0.0007978329009412291,0.0005807388232277458,-0.00036100035935847553,0.00029546477179852635,8.880303611981117e-05,0.0007447163809871767,-0.00036090392788882034,0.0024673381164440405,-0.0010675884144949867,-4.834679434436055e-05,-0.000680484847170053,0.00040469332486198066,5.9585492922578995e-05,4.623592709282361e-06,0.0022328905386600328,0.00018463903130051717,0.012688538444271574,-0.019866399675976774
2022-09-05,2022-09-02,2022-09-13,0.0171791096524542,50,0.78,0.0013742175560449432,0.0017322909181711754,-0.007216711023471878,0.003546357491870822,-0.0017909696717111068,-0.002696565150297592,-0.0028736259206848525,-0.0044174327365916755,-0.00013232216707725897,-1.4656867212137215e-05,2.4149611840273977e-05,-0.00013232216707725897,-0.0004207336899982872,-0.00048179049961794007,0.005539516633820574,-0.0011674105633509013,-0.011254865746335607,-0.0021643560335868894,0.008913198840110104,-0.006548992381631646,0.0026136817937214563,-0.0005205550190164887,0.00021637593478063266,0.00294220591657246,-0.0011863557993797569,-0.35320198060544233,-0.23290518415138606,-0.4155181944931552,0.06807543983296299,-0.008822946262657899,0.5217545723379439,0.41874009981698784,0.6077869401583781,-0.025071574449538125,-0.35608386365166067,0.7532215519475156,-0.025071574449538125,1.1301802059251367,0.7774100747510273,-0.0396302387051729,0.24042926475706453,-0.2990525505809802,-0.24164018244792604,0.008166067574145286,-0.5136411617718892,-0.44391353140956724,-0.556203396741686,-0.2372954346069929,0.3889953776187094,-0.043316317167318784,50,-0.0004853763625778444,-0.00040345953530043126,0.0029986747346518847,0.00024141984606402967,1.5801629171557153e-05,-0.0014069451967749233,-0.0012033024048642587,-0.002684857926328505,3.317525063201721e-06,5.219073905927163e-06,1.8190008109261262e-05,3.317525063201721e-06,-0.00047550488840190686,-0.0003745487883223176,-0.00021953236650958517,-0.0002806796634160877,0.0033657963078881706,0.0005229953868382055,7.278578403013249e-05,0.0033638320553365307,-0.0011602487150317838,0.0002895344697679039,-5.134502148226458e-05,0.0011445045015491052,5.138856407922156e-05,0.003350976542508425,0.013828133109945774
2022-09-13,2022-09-09,2022-09-19,-0.0802449987937615,50,0.76,-0.0005256037043026573,0.0015842272516806144,-0.006574515517836277,3.640771659196851e-05,0.002528808585857023,0.003444818508392622,0.007271107051037395,0.001747631330845767,0.00038364294269688237,0.00021520492419235815,-0.0014404911408342214,0.00038364294269688237,6.146821246066914e-05,-0.0009904669445444103,-0.005611542939309322,0.0038531061625586283,-0.003952762830354617,-0.0018919640520704828,0.00373497973606729,-0.004196694749100005,0.0021849229014831995,-0.00012342008672527882,-0.0005407266652397436,-0.007069083600273474,-0.0015977486797097429,-0.12604276907224227,-0.5179520246514314,-0.26980917764855833,0.06149639172235493,0.012245220123321481,0.3882990098685777,0.4369990616283782,0.6943857896318277,0.5920871017378408,0.7977477286094897,1.51811703946752,0.5920871017378408,0.2401628799721892,0.1617899911183758,7.526501425749843e-05,0.08879192816222319,-0.24382429585445123,-0.21953835435824384,-0.1003279927545914,0.05716739679736941,-0.07794947085229832,-0.2964252242335737,0.09149868536287988,0.4085927907175117,-0.05544839012632343,50,6.624854632493495e-05,-0.0008205537125159471,0.0017738646253050916,2.2389432012561764e-06,3.096581778356455e-05,0.0013376196159858057,0.003177466958302826,0.0012135303616546598,0.00022715003804357363,0.00017167923946003114,-0.0021868341461024387,0.00022715003804357363,1.4762382931296707e-05,-0.00016024763816088497,-4.2235285933368076e-07,0.00034212472558732516,0.0009637796137908621,0.00041535867449650856,-0.00037472301989870474,-0.00023991411395923664,-0.00017031358402368372,3.6584826882467886e-05,-4.947577901009057e-05,-0.0028883765960511336,8.8592592116364e-05,0.0031982560573286887,-0.08344325485109019
2022-09-19,2022-09-16,2022-09-26,-0.0172845426978936,50,0.86,0.0016200779212629524,0.0006199211179940267,0.001824041531860221,0.007988987012471638,-0.011716188494770186,0.004978535822552033,0.0022214058844662876,-0.002092411546382844,-0.0007535404773598708,0.00012884534888213395,-0.00048339878166248074,-0.0007535404773598708,-0.0003458702284593329,0.00022406458972934473,0.0033518975824422537,-0.0008451605354790059,-0.005885608539883291,0.00270848072700125,-0.0002959466125150856,-0.0016699356417880784,0.0032836436030134752,0.0003608990326673389,0.00021365156749553194,-0.003137180429626185,0.0014503307559670109,-0.2500841145557903,-0.33105047351093353,-0.5441026660773209,0.5055781990538615,0.35289562536644153,0.49496292254916385,0.5735545063947299,-0.3200774619799418,0.0959444912266957,-0.03022727993747441,-0.300080940870878,0.0959444912266957,0.40724919490940165,0.35396407345994724,-0.30379179084838387,-0.25341460186373616,-0.25489525220709797,-0.014705234019975835,0.28404084065473434,0.07539248226682965,0.2960490457193364,-0.04913760809046869,-0.3570795108988656,0.5788640739203814,-0.25509071633082137,50,-0.0004051557524504308,-0.00020522517965134983,-0.0009924658605209068,0.0040390576660300995,-0.004134591665773032,0.0024641906407460593,0.00127409735556741,0.000669733777183746,-7.229805771901421e-05,-3.894644429301818e-06,0.00014505876121711334,-7.229805771901421e-05,-0.00014085537208319415,7.931081489873071e-05,-0.0010182789693105006,0.00021417602060935434,0.0015002136731658011,-3.9828842929147664e-05,-8.406092460770583e-05,-0.0001259005932602545,0.0009721195551545428,-1.7733715227436956e-05,-7.629059722408051e-05,-0.001816001044116706,-0.00036996591145624645,0.0017831130760945335,-0.019067655773988133
2022-09-26,2022-09-23,2022-10-10,-0.0267013557927259,50,0.94,-0.006613982992612177,0.0011154684278686933,-0.002834295666857889,0.01383182828954932,-0.021561963639770365,-0.0015539844642314948,-0.009331818685067272,0.004235121447387913,0.004108527687521235,0.0018634970596811407,0.002655729056249223,0.004108527687521235,0.0014217895448611628,0.00011008540049672888,-0.012336541509527232,0.0055232079913398735,-0.005498383790752626,-0.00033263884517942266,-0.008287669963741973,-0.002234801958016841,0.0021373404290847553,-0.0006691789058962394,0.0004182965714951692,0.01586941308925538,0.000537507750564048,0.2689368986414117,-0.6122140716661143,-0.34104718439619836,0.385861943401353,0.2907712552651987,1.1718481011517088,0.9033321992022659,0.014603878608378662,0.9909138482845534,0.6756016074096083,-0.17480492662235328,0.9909138482845534,0.03716065253060296,-0.4421084121826867,-0.260482089693212,-0.2930805028078936,-0.17896903970125533,-0.07059038758233241,0.030336569146892152,0.8977483436127583,1.0310685270297208,-0.2145899380571861,0.164380646323026,0.9232216199248242,-0.009635027633492034,50,-0.001778744073700162,-0.000682905468040492,0.0009666285569282284,0.0053371761445993125,-0.006269599233518602,-0.0018210337436289329,-0.008429732295338617,6.184919950939401e-05,0.0040711969816253045,0.0012589816089236573,-0.000464234522806497,0.0040711969816253045,5.28346272482298e-05,-4.866968161810396e-05,0.003213448111988706,-0.0016187445752144662,0.0009840404669399455,2.348110500615491e-05,-0.00025141947292167953,-0.002006289756112168,0.0022037444479774903,0.00014359905996544958,6.875986077708176e-05,0.014650985259518561,-5.178902029900746e-06,0.0137313706877032,-0.0404327264804291
2022-10-10,2022-09-30,2022-10-17,0.0504468482183136,50,0.6,-0.007051164667466914,-0.0019007804494091118,0.008667771890395803,-0.013102302224802687,0.01657912238181214,-0.008663536724441534,0.007793897903322966,-0.016008563514858798,-0.001779471088539042,-0.00366596957843357,-0.0008094623785035449,-0.001779471088539153,0.0009306476173678302,-0.0009741911986760332,0.02803782589832693,-0.015044556435999334,-0.005432794057925516,-0.003287111838523593,0.003976670558890394,0.0018042237620712331,-0.001595791804720692,0.0004852837796402998,-0.00024872846719237174,-0.0050577792589546755,0.0007886890984554196,0.09126022736654915,-0.5696771162957925,-0.8091426438940463,-0.23553942196566688,-0.3925165267803831,0.5632452760851315,0.6337428154832355,0.8092552482403407,1.3499038685437248,0.9060083468234855,0.22867603837074044,1.3499038685437248,0.018205914706745197,-0.36373447610421555,-0.031338297509022756,-0.15374741338554876,-0.3050750259773599,-0.20595748614224182,-0.31005470029040105,0.6452913053556132,0.6013698132228885,-0.2502753693962265,-0.012887400899336163,0.6701755688884241,0.08432079655151309,50,-0.0006434908907520085,0.0010828311251308033,-0.007013463864065357,0.003086108692449496,-0.006507579534375814,-0.004879696134231748,0.0049393268008407825,-0.012955014041188317,-0.0024021149063805656,-0.0033213990372617888,-0.00018510464992634745,-0.0024021149063807156,1.6943291143834356e-05,0.0003543469252757647,-0.0008786577295079526,0.002313061637567808,0.0016574097883512735,0.000677005290930722,-0.0012329853982904228,0.0011642499065805613,-0.0009596610195474987,-0.00012145457721147302,3.2054634717854767e-06,-0.003389600092182022,6.65028930132557e-05,-0.03153134496654596,0.08197819318485955
2022-10-17,2022-10-14,2022-10-24,-0.0166820234695485,50,0.98,0.005056557218048319,-0.0015620944447679586,0.016766498588778544,0.0031406337707462484,-0.014223483115077151,-0.005663685876764357,-0.013681013547886534,-0.0027427406787038366,-3.113849198599361e-05,-0.0021730318651004277,-0.0010692847260082017,-3.113849198599361e-05,0.002365373053935471,-0.0023249365140879386,0.005629498127913246,-0.001162931133873446,-0.021811477646741406,-0.007160058438676176,0.02271922476331767,-0.0007215201089763035,-0.0023878516456385945,-0.0018936830375082536,4.728449184443484e-05,0.029340266408284688,0.0003530408622645087,-0.40951950634833706,-0.19797018733456773,-0.056269082634127124,-0.16648052714825973,-0.16814403125397187,-0.18446659024170187,-0.11168223376609004,-0.0157107002539418,0.24346955291752326,-1.0758093754374014,0.3641270900733732,0.24346955291752326,0.1488768248063198,-0.3384897065722028,-0.3003387364070953,-0.30540518839976305,-0.3843384114144934,-0.36269273772526334,-0.30878855901038565,0.15600045712313593,0.08930736264216595,-0.38439998809602466,0.062413884216970264,-0.13646954447623078,-0.2718200711509574,50,-0.002070758815757268,0.0003092481298650003,-0.0009434354945769557,-0.0005228543657334621,0.002391593789441874,0.0010447608218868048,0.0015279261532121088,4.309037667740887e-05,-7.5812747223557455e-06,0.0023377680535992627,-0.0003893555357412706,-7.5812747223557455e-06,0.0003521492297523408,0.0007869670784526263,-0.0016907563543435728,0.0003551652020365699,0.008382988669351324,0.0025969011973963367,-0.007015436676497933,-0.0001125574668238382,-0.00021325273285273868,0.0007279317370758165,2.951208799236831e-06,-0.004004052791549867,-9.59635922999341e-05,0.003785855271925159,-0.020467878741473662
2022-10-24,2022-10-21,2022-10-31,0.0808964298093176,50,0.9,-0.004675632408100094,-0.0007724062524950837,-0.007260518729779508,-0.02874416160362414,0.03516736116081898,-0.009540600839866187,0.01411096033661674,-0.015797927456927874,0.0016142576097040173,-0.002402963135401337,-0.003012486790619495,0.0016142576097044614,0.0007892631968793307,0.0011172888373300882,0.02717390000845321,-0.021057662774702446,-0.00449312310499328,0.0012349359372554325,-0.0037944358773071007,-0.0029526857575459253,-0.006134798245559514,-0.004658096253061128,-0.0019580766765362467,-0.021246541807173003,0.0025185911931000504,-0.22182276539758167,-0.4112701796402014,0.7734980570966912,-0.173883547736457,0.06264460166935852,-0.7841028580501664,-0.4927592527722159,-0.4052587695402849,-0.28826106978334703,-0.40539541827021336,-0.422387449058606,-0.28826106978334703,-0.057900120117571,-0.36806064217974893,-0.40764717577006776,-0.4668016595129242,-0.15835990076974693,-0.2598616843547174,-0.26121115612141926,-0.26529084504629663,-0.25318294986966805,-0.31944208669427043,-0.38772977427169697,-0.45796950589985314,0.2616878420341698,50,0.001037161710747317,0.0003176676582188678,-0.005615997130998585,0.0049981367963482124,0.0022030453316819747,0.007480812386054895,-0.0069533062713696405,0.006402248642481272,-0.0004653276254791887,0.0009741502453639283,0.0012724366108125154,-0.00046532762547931675,-4.569843390369133e-05,-0.0004112300469679773,-0.011077363593104171,0.00982975192869463,0.000711530529052993,-0.0003209125327253683,0.0009911489823399796,0.000783320499775523,0.001553226316666022,0.001487991987100609,0.0007592046278000735,0.009730268253511592,0.0006590846942886172,0.025836023940911078,0.05506040586840653
2022-10-31,2022-10-28,2022-11-07,0.0326180459119283,50,0.5,-0.0023607715403146656,-0.00013148232958259953,-0.002875437933543057,-0.004469383905683966,0.019711098544273442,0.01797250879253598,0.005507242048764072,-0.001954235796160275,0.0006787069738531937,0.0003467442220090877,0.002166794821315321,0.0006787069738531937,-0.0016928288140051206,0.00020836224581910479,-0.0005389018094830167,-0.0014922468811355838,-0.006797543380683391,0.006993132003197289,0.0009314399344031443,0.000790058381613612,-0.00311758495358605,0.0009125558459253114,0.0014907145780886921,-0.024433656899003897,0.001531408551319391,-0.25646217429268825,-0.3635538873111476,0.5476832735267805,-0.3054428127422694,-0.10395975096508824,-0.6698141000818129,-0.2706702535189487,-0.18504373806095362,-0.3122463541705686,-0.527849829677164,-0.3883784210281325,-0.3122463541705686,-0.07932227863606774,-0.3936858499178583,-0.28518120693052174,-0.36155223427216,-0.18114033842435961,-0.2644850161563161,-0.3374816281279838,-0.4347333114419073,-0.549527343379649,-0.6122122331581598,-0.522193097951553,-0.2449623057321751,0.25329411503907023,50,0.0006054486022373978,4.7800912032479564e-05,-0.0015748292602659425,0.0013651411913771403,-0.0020491608959109803,-0.012038239803084955,-0.0014906466015291856,0.0003616190967740211,-0.00021192377813579916,-0.0001830288785290377,-0.0008415363513943789,-0.00021192377813579916,0.00013427903886767826,-8.2029267836088e-05,0.0001536846684454088,0.0005395251939602326,0.001231309308431255,-0.001849578630848886,-0.0003143438655657956,-0.0003434646964713196,0.0017131981773045085,-0.0005586778523154685,-0.0007784408636936764,0.005985324931448862,0.0003878967737697097,-0.010002596629068616,0.042620642540996914
2022-11-07,2022-11-04,2022-11-14,-0.0142815675909451,50,0.9,-0.008828546504245804,-0.0008066383465261673,-0.015118848996480527,-0.009631319669050176,0.021378613436817684,0.00038024727928753776,0.0035497742994579085,0.005190294498982784,-0.001169979908822727,0.0013190985192370608,-0.000758382207280528,-0.001169979908822505,-0.0013904569179475912,-0.0016492598782842371,0.004002075235975955,-0.000934082334330899,0.001984414992040273,0.007874359674133524,-0.01286642593211218,0.001196170054778678,0.00037172837963828087,-0.0007807347507964302,-0.0058302561154722765,-0.014771755280339471,-0.0016328015301010357,-0.06817876078509462,-0.5888889639164687,0.7780727418879401,0.10580799682562335,0.31964764419046754,-0.08897164283888878,-0.01862665864354602,-0.18046924918309643,0.1567111308041009,-0.5896305529230552,-0.10944546157413267,0.1567111308041009,-0.08505421392369905,-0.023369054669594606,-0.11435258625748343,-0.08269398783391017,-0.2963814108428969,-0.18246359859184472,-0.051207116107902594,-0.07226313125128483,-0.26862580736588915,-0.1904984263327279,0.4058867937238892,0.003587991800816388,0.4436466970075657,50,0.000601919360193058,0.00047502042014108814,-0.011763564292881334,-0.0010190706409694246,0.0068336234211374474,-3.383122512323e-05,-6.612043413763517e-05,-0.0009366885512705786,-0.00018334887452968842,-0.0007777807892577315,8.300149072542694e-05,-0.00018334887452965362,0.00011826422015080167,3.8541644259993284e-05,-0.00045764765363087874,7.724299319102978e-05,-0.0005881437150386922,-0.0014367840027489085,0.0006588525665993972,-8.643899366732818e-05,-9.985583610114695e-05,0.00014872874140999442,-0.0023664239612981395,-5.300093682952421e-05,-0.0007243870056982238,-0.01174124092990388,-0.0025403266610412208
2022-11-14,2022-11-11,2022-11-21,0.0395531290739036,50,0.98,-0.009601424640236167,0.003047786392599283,-0.002850342345576129,-0.007178742247150094,0.002761200600942759,-0.0031439268902681006,0.02072460830350842,-0.004742410087334115,0.0017866753936044422,-0.0008002979633662255,0.0007020636454870832,0.0017866753936048863,0.001391962095899979,0.0005521952099760696,0.005129882170073596,-0.004111433069255321,-0.014380025954314646,0.014052633806106662,-0.008846454518555258,-0.000618589296398464,-0.002523426596864331,-0.00024588611677456296,-0.0009869849917336637,-0.015237110896325401,-0.001291498194145424,-0.38397504028651086,-0.24159897012134166,-0.22850946979513206,0.37384913488605853,0.31159782816698023,0.2760075785937072,0.44783581561128194,0.12298509671323701,-0.40469192258591025,-0.5347147581555333,-0.07774263950374964,-0.40469192258591025,-0.37666717716089093,-0.659180348795869,-0.07618916169634089,-0.12885090194006638,0.3100169350739621,0.13665058191538018,-0.04599860934240487,-0.5273274045773542,-0.6958670911930579,-0.7212394730991386,-0.696015726412916,0.4407186468631972,-0.39517365509835417,50,0.00368670741304258,-0.0007363420536018259,0.0006513302181222143,-0.0026837665786670624,0.0008603841103871244,-0.0008677476482585423,0.009281221862826039,-0.0005832457632446168,-0.0007230531000747196,0.0004279311319337371,-5.45802808997906e-05,-0.0007230531000748993,-0.0005243064333776025,-0.00036399623111543365,-0.00039084142213891335,0.0005297618592397636,-0.004458051572640654,0.0019203005870482193,0.00040692460546437565,0.0003261990881691337,0.0017559695257991792,0.00017734277330487905,0.0006869570759801518,-0.0067152788963330086,0.000510366061933371,0.0023971332328237027,0.0371559958410799
2022-11-21,2022-11-18,2022-11-28,-0.02805642583772,50,0.78,-0.004024778704061371,-0.0011390226255015845,-0.01575504475505851,0.0038664661208329676,0.009998122073956006,-0.004286258069055582,-0.007434450584096308,0.018090609721456374,-0.001049779068202028,0.0017765491125749655,-0.0001517979268962355,-0.0010497790682023611,-0.0013097701089972436,-0.00013614000786998925,-0.004535926839642546,0.008810048669725568,-0.008998873836565169,-0.00840042616542791,0.010950748017543255,0.0002412084335092768,0.0013338088489964761,-0.002980260695620962,-0.0015866794817932517,0.00916653833338743,-0.002328318218191683,-0.1557578598414013,-0.48707004970025713,-0.3309965843992726,-0.40593962778552667,-0.4182842696407231,-0.04082839728400869,0.10735260722212527,0.299139172381519,0.07122947789786878,-0.3978899526644942,-0.340835128391235,0.07122947789786878,-0.3827264419207039,-0.6752769349718295,-0.08263679332081393,-0.2729920706914297,-0.2444022918375903,-0.3184182762763419,-0.4550348253303552,-0.0955041337389286,-0.11288276028438339,-0.5910770821885342,-0.568684396840281,0.09992898261614325,-0.5567458003112035,50,0.0006268909172798478,0.0005547838068127741,0.005214866000982042,-0.001569551817936284,-0.00418205718948348,0.00017500104730518924,-0.0007981076534667907,0.005411610019953521,-7.477521493614164e-05,-0.0007068710423086021,5.173806590320173e-05,-7.477521493616536e-05,0.0005012836535506076,9.193220724148709e-05,0.00037483444876587374,-0.0024050734292406584,0.002199345389613856,0.0026748492195822356,-0.004982971711399529,-2.303640249282744e-05,-0.00015056402456645854,0.0017615637961288094,0.000902319864082445,0.0009160028497672832,0.0012962813897662837,0.007785518975968521,-0.03584194481368852
2022-11-28,2022-11-25,2022-12-05,0.0493960743002087,50,0.86,0.0005256304191139094,0.000992382883433951,0.0005952830852697932,0.0006198288649563732,-0.0025533534563695337,-0.0010303478337554406,-0.010828088735836072,-0.003146949400462673,0.0006606217466622599,2.5875467422498133e-05,0.0028575866415472273,0.0006606217466622599,-0.0006544915171471377,-0.000818440522016739,-0.003625227480286819,0.001854947893965786,-0.014863144101379233,-0.002078621294610228,0.010480964031803541,-0.0022515190431444676,-0.0026709147232160113,-0.0006100737051345506,0.00013536619784870751,0.0069837308089730765,0.0015986459712800105,-0.3574552605501401,-0.27910273993999807,-0.836639000528448,-0.7041717355769825,-0.8188011339585033,0.1921645425940168,0.12866568218984742,0.7790411119352484,0.29696635672119476,0.7413778386124639,0.525100641820056,0.29696635672119476,-0.23197064470064696,0.14089017356696223,0.1048881923654455,-0.04415304885396475,-0.4270712988192447,-0.4322197280251077,-0.44635348202140307,-0.027055785745749218,-0.09163079672125082,-0.3518330281270455,-0.459224023169699,0.10979908806960494,-0.5277022206587609,50,-0.00018788935841744183,-0.0002769767818359714,-0.0004980370454916107,-0.0004364659675970405,0.0020906887054722378,-0.0001979963201863503,-0.0013932034240085507,-0.002451602960140404,0.00019618243327708344,1.9183498110778887e-05,0.0015005205795328674,0.00019618243327708344,0.00015182281918372606,-0.00011531022720117353,-0.00038024355732082317,-8.190160498383038e-05,0.006347622255913625,0.00089842113062363,-0.0046782147905365945,6.0916616833791006e-05,0.0002447380440628022,0.0002146440790581752,-6.216340997726892e-05,0.0007668072741488481,-0.0008436090290916433,0.0010841153927059455,0.048311958907502756
2022-12-05,2022-12-02,2022-12-12,-0.0015010381222795,50,0.54,-0.007262056321427401,0.0014209305328847233,-0.01392122906525417,0.004094246996506179,-0.0015191623169683588,0.003346252723658738,-0.01868606577519738,0.002455337631379617,-0.0004849968626668977,0.0023997000536963853,-0.000381188882789818,-0.00048499686266667563,-0.0006112414515553333,-0.0009163712817739089,-0.006159807860667721,0.0024150068000485803,0.004298414207589918,0.023757908983263354,-0.023081166949600385,-0.006525398020283624,0.007687528662978282,0.004119188905979954,-0.003409009729201107,0.01462114023884964,0.0007011046335734239,-0.35642085049858174,-0.2339843693507688,-0.6020100188801384,-0.5117717521764417,-0.5978698773972949,-0.09766458776703661,-0.026299928922034536,1.1523782143556267,0.18448475057205552,0.9873330531712889,1.5239410580850465,0.18448475057205552,-0.37900816971988005,-0.21586817228294936,0.39135190882240806,0.26251315622407867,-0.3568645369363979,-0.37995278241674724,-0.391846599847333,-0.18880317464398652,-0.3719942570755787,-0.5080745470062347,-0.5826265130084223,-0.042957693542163146,-0.19257726173527284,50,0.0025883482904517563,-0.0003324755346282838,0.008380719372408394,-0.002095319959245101,0.0009082613881924631,-0.00032681039282045414,0.0004914422017201533,0.002829477595289417,-8.947452523733208e-05,0.002369303180711358,-0.0005809093893689721,-8.947452523729112e-05,0.0002316655038109096,0.0001978153937291173,-0.0024106525642515865,0.0006339710573833653,-0.0015339515957524098,-0.009026883622594746,0.00904427678970955,0.001232015862045133,-0.002859716513731823,-0.002092855037438872,0.001986179451336227,-0.0006280904616174929,-0.0001350168105234818,0.008691845154340001,-0.010192883276619501
2022-12-12,2022-12-09,2022-12-19,-0.0189884072090651,50,0.62,0.00070364646431198,0.0026842000405751243,0.0013999873721326495,-0.00567326285685299,0.011108555830491529,0.004895166290658004,0.019424717921133983,0.0041151224858477775,0.0006981627275945979,0.0005370927700305561,-0.001301704267314907,0.0006981627275941538,-0.0011220337276094394,0.0013258395901272202,-0.004212699026038269,0.0021463338464611237,-0.015541410855778759,-2.2745034217952487e-05,0.007740213964826159,0.0034010883643891265,-0.006223593015173501,0.0018731946073020644,-0.00041570271075230814,-0.02409477391301429,-0.0021353716301970582,-0.19558598747010653,-0.37122935218906794,-0.6842992382493805,-0.589718051816936,-0.693111669815013,-0.11021586978508316,-0.23377895697552706,0.49773258647790414,0.20762258111329285,0.5184576549090982,0.15028712458281826,0.20762258111329285,-0.4839613908656982,-0.9449296736564466,-0.06822202111570703,-0.09711157280283259,-0.4037642422190833,-0.4011263590702224,-0.37605999462836076,-0.01874214251088666,0.01845682662665794,-0.12370650040612916,-0.5944393663896439,-0.25073762043926573,-0.24525534034562316,50,-0.00013762338855230767,-0.0009964538422085733,-0.0009580102923091241,0.00334562551938873,-0.007699469680905282,-0.0005395250104674911,-0.004541090295146531,0.0020482305585543966,0.00014495434754028717,0.00027845985801867374,-0.0001956293913919416,0.00014495434754019498,0.0005430210034120883,-0.001252825171219711,0.00028739884190850126,-0.0002084338555897931,0.006275065977198946,9.123632762774905e-06,-0.0029107848220348885,-6.374368281749943e-05,-0.00011486777727593664,-0.0002317263494489718,0.00024711005598605947,0.0060414662759712984,0.0005237112959283677,3.893815484226572e-05,-0.019027345363907367
2022-12-19,2022-12-16,2022-12-26,-0.0242223758395044,50,0.46,0.0046548053032413605,0.0011156117920410047,-0.004769981454247785,-0.01183827552618888,0.014336991443822056,-0.00033586500287530185,-0.028338714853805902,-0.0031397089324806116,-0.0013773718397859236,0.00016470691104442103,0.0009050130758925246,-0.0013773718397857015,0.0021955895435163963,-0.0015916013890088232,-0.0007059862785060433,0.001080649304787018,0.001747362217718873,-0.008371578016872716,0.002201740221939419,-0.0007467166057975039,0.0021638844257239054,-0.0018357276205872575,8.540285351088528e-05,0.02674366252368965,0.0019653953940967916,-0.17503144553488992,-0.43257862658663354,-0.6726176106057712,-0.027548651923527016,-0.1471962391097796,-0.18285740904737685,0.005377131084302775,0.9217925243028197,0.37452299718491305,1.0502809932673685,0.39511639282523237,0.37452299718491305,-0.4953542824181236,-0.8211479145457189,0.2575719040184611,0.17881587130575258,-0.1860933933319169,-0.16177660513231573,-0.2613777695594229,0.1033213638916883,0.013934781932283648,0.23099915361982545,-0.5070410807530246,-0.019336643313805534,-0.21695474850288432,50,-0.0008147373009098069,-0.00048258981680495084,0.0032083735283899868,0.00032612853184578607,-0.0021103512206796958,6.141540421546747e-05,-0.00015238098452959248,-0.002894160222447414,-0.000515857429674722,0.00017298853812973463,0.0003575855020063226,-0.0005158574296746389,-0.0010875946828133001,0.0013069401613726647,-0.00018184222996570914,0.00019323724701144642,-0.00032517256447528887,0.001354325471169992,-0.000575485948359794,-7.715177815157027e-05,3.0153257599127455e-05,-0.00042405152663219255,-4.330275514355151e-05,-0.000517132663125375,-0.00042640186343499665,-0.004132922775082071,-0.02008945306442233
2022-12-26,2022-12-23,2023-01-03,0.0113578351149664,50,0.92,-0.005325457869100769,-0.000877967848666783,0.0011859721776632526,-0.0014514598536334855,-0.0014587922459876612,0.003996722949022535,-0.017555028638340353,-0.002409084141056339,-0.0006803492671227929,-0.0012322042278243295,-0.0031221376671162204,-0.0006803492671226818,0.0008588921628203128,0.0009360018033017781,0.0063535840296577994,-0.0040782564921137965,-0.002315117010272094,-0.009263112851843447,0.008915735981669393,-0.0012800617846903117,-0.003014231091241437,-0.004007407781395855,-0.0019790393295376907,0.01849427338216536,0.0011172004064283758,-0.4829251053500898,-0.02360422681840123,0.49831452978361396,-0.38261130254350495,-0.16284508154331728,-0.41014868650475456,-0.7103156290144144,-0.17205586983519033,-1.5362753797760242,-0.012427726522699084,-0.04627268207986277,-1.5362753797760242,-0.23948530374763397,-0.7198449196967758,0.01953518375244537,0.8065067127860533,-0.4163702101854795,-0.38251871625050166,-0.3900030241624623,-1.6694014209952932,-1.2975869481491369,-0.004633063128682052,-0.6036213593701413,-0.7331068922456511,0.14827648323841525,50,0.0025717973024729536,2.0723752239194513e-05,0.0005909871680487124,0.000555344945188313,0.00023755714225261965,-0.0016392506678650019,0.012469611209608785,0.0004144970673956108,0.0010452038287294084,1.5313497163514364e-05,0.00014446968368003328,0.0010452038287292378,-0.0002056920504994849,-0.0006737761429338057,0.00012411843150596743,-0.0032891412373530792,0.0009639457561709707,0.0035433140365706784,-0.003477163995485143,0.0021369369623237774,0.0039112269227002195,1.8566573233578682e-05,0.0011945904103425138,-0.013558279283540713,0.00016565454733772776,0.008325759688016588,0.003032075426949811
2023-01-03,2022-12-30,2023-01-09,0.009108482046479,50,0.96,0.009176582572960612,0.0003856575919432004,0.008030856395030428,-0.0002877538094588905,0.00552735433046081,0.0030449894611246364,0.018827118545639454,-0.005422446771960354,0.0007384395015204159,-0.0003615212012763047,-0.00020132381871940108,0.0007384395015204159,-0.0011513412234571696,0.0012540174275388338,0.00034116774218473367,0.0008667209023704991,-0.0030165336537513188,-0.008027895034210975,0.008371241621011327,0.0021011529842693832,0.0034900852311727792,0.005263510384813097,0.004052190600835726,-0.024748296336820297,0.0009554585657365333,0.18407897255713643,-0.6313475998103707,-0.0183542548240399,0.9033280602187677,0.8646615995906032,1.6367210509325476,1.217485702651967,-0.5386420997624191,-0.7248263712863864,-0.2603658985524626,-0.3883849134229967,-0.7248263712863864,0.2300562285122661,-0.37843234131368625,-0.24201431062400652,0.14699453225526066,0.008134347588486732,0.14777455790317998,0.2690270284329228,-0.9361909940476371,-0.8871800755723152,-0.2458829354829043,-0.31993924559795006,1.263946511665277,0.3538287288070693,50,0.0016892158916163129,-0.0002434839950219869,-0.00014740038472965892,-0.00025993609051906045,0.004779291036880291,0.004983798350890447,0.02292174765144973,0.002920758115098676,-0.0005352404243015711,9.412779241607078e-05,7.819113390332167e-05,-0.0005352404243015711,-0.00026487321959925463,-0.00047456075115168676,-8.256747593198711e-05,0.00012740323363980897,-2.4537533251981108e-05,-0.0011863186395736608,0.0022520902575946813,-0.001967080500989313,-0.0030963340791456875,-0.0012942073843625955,-0.001296454803850486,-0.03128052282458257,0.00033806868974238323,-0.0025040663780813554,0.011612548424560356
2023-01-09,2023-01-06,2023-01-16,0.0096462529508911,50,0.96,0.00384430793037005,-0.0005367378661740307,0.001071956677738184,0.0031841505568932504,-0.0051076457862268,0.0030794094166139985,-0.0004638135044688907,-0.0022846350517830016,0.0011899203372252032,-0.0006053412246056489,-0.00017452287057939664,0.0011899203372252032,0.0012396376121188712,0.00012269155818822597,0.001844636066919314,-0.00028695024817526615,-0.004157490296020194,-0.010211480472921752,0.0071005326240223265,-0.0007832812953018076,0.00275574493985431,-0.00011018017212960363,-0.000518506792683282,-0.010393636701011899,0.003304907879174257,-0.116858957021911,-0.3902466123860765,0.42041233298895436,0.5097894569217023,0.538720259521494,0.5931071493446771,0.6390122989200695,-0.5434619987377639,-0.0246574158121755,-0.24050429963267725,-0.3570672859742893,-0.0246574158121755,0.38760170591724147,0.8427085370954369,-0.28186934575276473,-0.26163885171805756,-0.10463565551318953,-0.06579616851892796,0.2589043285525531,0.2988381152238085,0.3914486333535054,0.23075739032946296,0.6372361166928776,0.6602529913977871,0.8150437552539822,50,-0.0004492418152141053,0.00020946013401374679,0.00045066380775099865,0.001623246383155546,-0.0027515922634999673,0.0018264197407530838,-0.00029638253376083976,0.0012416123316283448,-2.9340360538325927e-05,0.00014558716726256876,6.23164077382273e-05,-2.9340360538325927e-05,0.00048048565317645016,0.00010339322351475958,-0.0005199463613345002,7.507733343278828e-05,0.0004350217224137974,0.0006718762900241018,0.0018383586313879983,-0.00023407430597805552,0.0010787325905768075,-2.542488898667836e-05,-0.0003304112550483736,-0.006862429723344934,0.0026936445286106607,0.0014077120771957743,0.008238540873695325
2023-01-16,2023-01-13,2023-01-30,0.0411155044935372,50,0.68,-0.007023987908369667,0.002587682969359184,0.01019723415333762,-0.006807686570739935,0.00632780043018899,0.004168401920713105,0.00776165347254798,0.0019779381664566387,0.0016587344209473276,-0.0011705830123871497,0.0015189750313044925,0.0016587344209471055,0.0017947263435189598,0.000847356312108305,-2.9648597733467064e-05,-0.001967846544225549,-0.005770462416947342,-0.005038526346287875,0.00653162275602992,0.00014129608122703807,-0.003541155873174384,-0.00187038306995424,0.0013332479271650488,-0.010452932940019255,-0.0027819374482066506,-0.039981577532039875,-0.46965022467665657,0.28736553670787435,0.449804616194069,0.4938023295139531,0.1977730194724738,0.2391817505989243,-0.269799087803976,0.6451051488714069,0.18915080451850785,-0.2050916070941316,0.6451051488714069,1.14604229658387,0.5518244824265,-0.2743901215674174,-0.30925385364164903,-0.20378494546104536,-0.16018396142127894,0.09856079227786395,0.7324051514525806,0.8758525515390835,0.2474980935571441,0.36232504798461734,0.2602999791321185,1.2491459023636549,50,0.0002808301171425924,-0.0012153058879514986,0.002930333665409732,-0.003062128845121194,0.0031246825931267176,0.0008243974342342902,0.0018564458651062457,-0.0005336459130426699,0.0010700581155633528,-0.0002214167185487278,-0.0003115290303060972,0.0010700581155632094,0.0020568323004660403,0.00046759195835999315,8.135282336389483e-06,0.0006085641271771527,0.001175933368922626,0.0008070911098738744,0.0006437619136944342,0.00010348597777074495,-0.0031015304069173955,-0.00046291624403523295,0.0004830691191854679,-0.0027208982261564462,-0.00347504576405934,0.0024068540277942603,0.03870865046574294
2023-01-30,2023-01-20,2023-02-06,0.0344804433771454,50,0.76,-0.008021908808153677,0.00030694665318864445,0.004913597178349383,-0.007376108760467015,0.009668902227605303,-0.003690452957328505,0.0051491808276527,-0.005883205240637568,0.001874405222042741,-0.0007361280602617981,-0.0005326365497388963,0.001874405222042741,0.0020719856083926125,-0.0033752533124977724,0.0069412775598785,-0.008500079887267753,0.002833914472749166,-0.00639183364021223,0.003319585572889805,-0.0030875456696795034,-0.005032756266993399,-0.002312553789828198,-0.001021212203660582,-0.009533807964560825,0.002823655462922403,-0.4632519509578866,-0.11104633940651512,0.872549680121936,-0.04244935013292757,0.20250466966771163,-0.111663569918592,-0.17719566462266406,-0.2016480597362496,0.0838469026766297,-0.28783879187378836,-0.30177801812760796,0.0838469026766297,1.2242313436056458,0.7884331286680312,-0.2854156153351576,-0.3809672210595542,-0.19450956782517118,-0.19499902203805589,-0.02906791111264704,0.13762629569580967,0.2778216271654436,-0.37339745326219315,0.07815113240398938,-0.2077056382270605,-0.17921002445383544,50,0.003716164905783446,-3.40853022296801e-05,0.004287357646216801,0.0003131110233916187,0.001957997851650613,0.00041208915183192613,-0.0009124125190181995,0.001186336921804701,0.00015716307222918418,0.00021188621153015125,0.0001607380023625312,0.00015716307222918418,0.0025365897252940493,-0.0026611615292197544,-0.0019811490059648434,0.0032382518134366047,-0.0005512234793479382,0.0012464013088713316,-9.649341836358635e-05,-0.000424927473309628,-0.00139820853522319,0.0008635016956536821,-7.98088901408479e-05,0.001980225668013339,-0.0005060273645595298,0.013779480552921965,0.020700962824223432
2023-02-06,2023-02-03,2023-02-13,0.0218568473320621,50,0.7,-0.003600504780661984,-0.00024471672122472476,0.002098182826716366,0.0025619083496566386,-0.006761115542308738,0.0014681856387785963,0.0014261635423602481,-0.0026880891966740705,-0.0004231023150702562,-0.0006074454212288138,0.0004491999277700387,-0.00042310231507047824,-0.0007734108397378092,0.0004485616275360371,0.0013428969232298638,-0.001162596153558626,-0.006063615968050606,-0.005860681621700836,0.006357119313910253,-0.0018145711676557097,0.004476991691645393,0.0033170353184437396,0.0004928300012787545,-0.0038146769254323587,-0.0002975613385211018,-0.4380255200719498,-0.1408060510329736,0.9850030731593071,-0.007101678157842205,0.2997719641341886,-0.2771430874588587,-0.11419306165266649,-0.3598952456484776,-0.32255935320538337,-0.5682354264272889,-0.37741856523655515,-0.32255935320538337,0.8405819740490317,0.08243507146686549,-0.2600403945720933,-0.25041204116985116,-0.06457150248236102,-0.1297068035131158,-0.09766300842305661,-0.3407390804667189,-0.4025522524352464,-0.3893790815847773,-0.07731477794580671,-0.11383956081312023,0.20835653599309953,50,0.0015771129790710069,3.4457595137390574e-05,0.0020667165323657024,-1.819384856915012e-05,-0.0020267928858560802,-0.0004068975008938568,-0.00016285798131952906,0.0009674305217620333,0.00013647560908876217,0.00034517200796325916,-0.0001695363922433322,0.00013647560908883378,-0.0006501152104177269,3.697720982322672e-05,-0.0003492074457863439,0.0002911280758688333,0.00039153679353306364,0.0007601702795588793,-0.0006208553971007929,0.0006182953111084269,-0.0018022230896057373,-0.0012915841658798926,-3.810304211389855e-05,0.0004342611458351635,-6.199884973972682e-05,0.0001978438606785148,0.021659003471383585
2023-02-13,2023-02-10,2023-02-20,-0.0127266371570436,50,0.66,-0.0011999679970324806,0.000445329941455741,-0.005575261635033635,-0.009316389160873184,0.007232270338844993,-0.0006833271754334014,0.001004910358356037,0.004527662568435398,0.0019581021613739313,0.001215091633608667,0.0024238968780097014,0.0019581021613737093,-0.0002942355843666977,-0.00047196035132057723,-0.0061097213652560045,0.001556651565962408,-0.010039510627870563,0.0025678049964046323,0.00329578267863484,0.0005078683459245337,-0.0025335748777298717,-0.0027654514842258004,-0.002406200009348769,-0.001621821409653612,0.00030126959132381614,-0.4908231152893523,-0.09677812435794939,1.0667402676679971,0.029530065152650522,0.3024551421337714,-0.6094400280158163,-0.7244266836542087,-0.25671692852691086,-0.41036063351561247,-0.5897898192629741,-0.3258873332682471,-0.41036063351561247,-0.363991177988369,-0.8884742848485265,-0.25448000149142513,-0.2869055716471694,-0.02567635919515526,-0.04146963007249542,0.12360591798237765,-0.37032362021890586,-0.475314159027963,-0.049055079764513794,-0.23025201108372165,-0.6597658722332921,0.22151630527259253,50,0.0005889720305510064,-4.309819645452202e-05,-0.005947356088874895,-0.00027511357890803225,0.0021874373532852214,0.0004164469329401008,-0.0007279838782736263,-0.0011623276279749996,-0.0008035280434296965,-0.0007166486749740077,-0.0007899172896918112,-0.0008035280434296054,0.00010709915695973044,0.00041932463561640917,0.0015548019021425401,-0.0004466120073879061,0.00025777808102478325,-0.00010648592329920553,0.0004073782434630789,-0.0001880756444573609,0.0012042440123425481,0.0001356594431435897,0.0005540323912222239,0.0010700224169467427,6.673612676103565e-05,-0.0030407422707566583,-0.00968589488628694
2023-02-20,2023-02-17,2023-02-27,-0.0156049748443793,50,0.92,-0.005962464346994878,-0.00018166709661104896,-0.0012741854600871738,0.004867458918851986,-0.011757090882736243,0.003562412814574367,-0.01464307745282134,-0.0012740108896579505,-0.00041169898265824845,-0.0005695641944705176,-0.0007676571142322119,-0.00041169898265824845,0.00035237694411294207,0.0015644631696452027,0.0024985714980567675,-0.0009194885141525777,-0.008941202394571635,0.0011657711110888425,0.0034815076694263425,0.0016009548109967575,-0.0007363602720869,0.0014919869835225974,0.0008091339588722768,0.015760481084890143,-0.0006666468345259968,-0.46988362377787773,-0.10008252528001775,0.20645877452709968,-0.29959146896436817,-0.21670970560219172,-0.22692523780945376,-0.38577286064107974,0.4718945972552247,0.6981424642676373,-0.1773404536590683,0.9311712964401347,0.6981424642676373,-0.06413874659945422,0.051941373996187784,-0.0864159640382396,-0.15850243254748578,-0.2928242920480452,-0.3106021633202488,-0.11614717321192604,0.3164938554088379,0.3026392433649095,-0.39320061207394624,-0.5446487040511963,-0.3789303540168264,0.04213977241119935,50,0.002801664354012351,1.8181701789122736e-05,-0.00026306676860984656,-0.0014582491676225816,0.0025478757039359835,-0.0008084013751227338,0.005648901877563784,-0.0006011988556739091,-0.0002874245422895088,0.0001010067726353634,-0.0007148202702811014,-0.0002874245422895088,-2.2601015525950032e-05,8.126036659780285e-05,-0.00021591646472304406,0.00014574116619265687,0.0026182012612487255,-0.00036209102904044457,-0.00040436727431951034,0.0005066923604676912,-0.00022285151558835831,-0.0005866501951274461,-0.0004406937621035995,-0.005972124676972918,-2.809234588557198e-05,0.001793551763267448,-0.017398526607646746
2023-02-27,2023-02-24,2023-03-06,0.02017540303924,50,0.6,0.003074786314357425,0.0022275050559883436,-0.003974159078290462,0.005692290315352455,-0.007585934307511977,0.0008712291414008089,-0.010853267599970629,0.0030122262148319923,0.0015169943386028617,-0.001298477419305888,0.0012205589519667104,0.0015169943386030837,0.0024121866578923346,-0.0018957027282124894,-0.002397728075251515,-0.0009790251534255168,-0.0016561532949697089,0.005211696963556278,-0.004195143503990639,-0.002015208403804536,-0.003996195020145588,-0.002810673772588146,-0.0016962454453401943,0.01062211321216,-0.00047620599360931326,-0.4194841046214824,-0.16401187391896954,0.02389706075999211,-0.6079169604218644,-0.5111359948981017,0.051752605722534054,-0.07488568594522997,0.4749519572868449,0.7499709127018835,0.5857770055678831,1.0481007342621331,0.7499709127018835,0.3811427152721956,0.526049619119608,-0.07443540746036689,-0.10284504408172722,-0.4088380736137621,-0.39329759239314543,-0.28179933349850317,0.31636311616524976,0.24816879752005444,-0.2251433746670297,-0.15979664877328814,-0.07670113086341639,-0.1890179392839815,50,-0.0012898239839806123,-0.0003653372783966274,-9.497072096378141e-05,-0.0034604398263478804,0.003877444079501776,4.5088378248897935e-05,0.0008127543889709404,0.001430662736525199,0.0011377016286855783,-0.0007606182144785156,0.0012792687337665287,0.0011377016286857448,0.0009193873725324472,-0.0009972336981401819,0.00017847586626050779,0.00010068788506116702,0.0006770985227245005,-0.002049747868049351,0.0011821886433551374,-0.000637537610350002,-0.0009917309128051601,0.0006328045782486067,0.00027105433766231674,-0.0008147280955319084,9.001147558671326e-05,0.002310162046772042,0.01786524099246796
2023-03-06,2023-03-03,2023-03-13,-0.008952267433106,50,0.86,0.0033202642367253787,0.0007354059407427282,0.005348890081507518,0.00020105880603371595,-0.010588239711451064,-0.008124587077600554,-0.001756398267659165,-0.01191385036396575,-0.000123818521203245,-0.0016691130384897113,-0.0017042532732464144,-0.000123818521203245,0.002636440729430367,-0.0015750625537831464,0.0094585800200222,-0.00904655505958274,-3.282268722137882e-05,0.0039481686613414,-0.0017757992136223644,-0.0032990812344805276,-0.002107125003158239,-0.001760923418946847,-0.0007364393830388005,0.0036463200324357015,0.002734967834477686,-0.45221810191912243,-0.10770441589003552,-0.30110318966731875,-0.6763667794040517,-0.6817805008971828,-0.05520492647731239,-0.2816141016765018,0.5326465507474694,-0.005922399616921601,-0.791828961291303,0.41575971638064524,-0.005922399616921601,0.3639610430781097,-0.04849891894367771,-0.12324854949994606,-0.25476484027927115,-0.40499980443690586,-0.44661630180664474,-0.37816725903749604,-0.27127058723072156,-0.3818662382068181,-0.6340597583293636,-0.6175140812451935,-0.2811664416330866,0.16879337406915923,50,-0.0015014835910018946,-7.920646728975762e-05,-0.0016105678647217983,-0.00013598949710784836,0.007218855374092548,0.0004485172322774609,0.0004946265203329997,-0.006345871302487839,7.333027625418973e-07,0.0013216520435450788,-0.0007085598575257156,7.333027625418973e-07,0.0009595617178970888,7.638883112715083e-05,-0.0011657562677969068,0.002304744154832229,1.3293181905752153e-05,-0.0017633164864371874,0.0006715491212165105,0.0008949437037993865,0.0008046398983875664,0.0011165306774539544,0.000454761689009982,-0.001025222828575387,0.00046164444875211044,0.0029072010372105674,-0.011859468470316568
2023-03-13,2023-03-10,2023-03-20,-0.0186088480751748,50,0.64,-0.004296814170577035,0.0014201125063766362,0.005541417668512905,-0.012601821667698632,0.006166015908035005,0.0001183008010434694,-0.003079197986857074,0.0027063181488891086,0.002057381052696039,-0.00187098814799036,0.00013119490676527512,0.002057381052695817,0.00038978407455458886,-0.0004467248945461133,-0.0014261115741512898,-0.0020273230643033102,-0.0025299631379418486,0.001721433501975067,0.0011494812404766463,-0.0012727281722221262,-0.001156217977904217,-0.004650373861887158,-0.0031247471023443385,0.002535552153175802,-0.0015700925603635563,-0.4902039665592466,-0.0710266169634543,0.08575380171693164,-0.0005845955000609055,0.02260454124602389,-0.13428962489693777,-0.23725058621829198,-0.07008581610776209,-0.26184907368696125,-0.9788365339708543,0.22607662324248726,-0.26184907368696125,0.3003984814493317,-0.6883806839094687,-0.18720201794751215,-0.2124913373946315,-0.14073143480287562,0.047613451431245506,0.03537799611507338,-0.4139236518934466,-0.5388793139282985,-0.6821650644574129,-0.7432305259898975,-0.17598145496516893,0.3319641168984544,50,0.0021063153499848416,-0.0001008657870354244,0.00047519763197635727,7.366968239506635e-06,0.00013937996091681673,-1.588657019713477e-05,0.0007305415274640254,-0.00018967451611214117,-0.0005387233228695631,0.001831391553879432,2.9660101508106347e-05,-0.0005387233228695049,0.00011709054408933158,0.00030751678842703875,0.00026697096449942455,0.0004307885892647929,0.0003560453424009419,8.196339043840872e-05,4.066634285993253e-05,0.000526812292913854,0.000623061950684589,0.0031723225852453214,0.0023224074324607906,-0.0004462101570559445,-0.0005212143902499211,0.011214201250863878,-0.02982304932603868
2023-03-20,2023-03-17,2023-03-27,0.0581447022015466,50,0.5,0.0063598548011536415,0.0002966082915607515,0.0022334453185484104,-0.01996094937477111,0.01574264621923538,-0.008092137274120281,0.0015554339607901646,-0.005070843731566854,0.0017169678484090234,-0.00043725085955270693,0.0010514306691176145,0.0017169678484090234,-9.951495739346505e-05,-9.941372983335306e-05,0.001920439317132372,-0.0060092052531379725,-0.008635332025580533,0.006723401579254329,0.005098025687158669,-0.000884054361952713,-0.006095443989847071,-0.001740852853301944,-0.0020853537868649186,0.003566143600068461,-0.002695556038916247,-0.31797937908702456,-0.2899477745694987,0.5652674613579806,-0.28777376329954774,-0.08998656115719736,-0.4509912333731092,-0.43557825623292323,-0.15911637612777013,-0.39251108189224193,-0.7414351704841,-0.11607482643289459,-0.39251108189224193,0.4622323891035165,-0.5872120284026012,-0.24746745345519958,-0.29216777118495096,0.22370576670629316,-0.008358729518714199,-0.06034792381032374,-0.46119376208794727,-0.5617500542317528,-0.5686367907304692,-0.5360083203483987,-0.348816186310479,0.7018923715916986,50,-0.002022302680754467,-8.600091405690093e-05,0.0012624939652977262,0.005744237520609636,-0.0014166265967833463,0.0036494829698800156,-0.000677513212326449,0.000806854278477137,-0.0006739289077532206,0.00032419316559678056,-0.00012204463242404933,-0.0006739289077532206,-4.5999036507516e-05,5.837693794651144e-05,-0.0004752462273259905,0.0017556961054022205,-0.0019317735715459008,-5.619909524668282e-05,-0.0003076552657517247,0.00040772035707923156,0.003424115991863204,0.0009899129796355978,0.0011177669806296377,-0.0012439286104114027,-0.0018919902209132496,0.007915713372863578,0.05022898882868302
2023-03-27,2023-03-24,2023-04-03,0.0171760079150545,50,0.72,0.016230982125933213,-0.004760231293633788,0.0008446943703235288,-0.012058264339007252,0.008684432370961392,-0.0079715317462965,0.010930320601578725,-0.0030015427661139737,-0.0007541264155994654,0.0024683722922975715,-4.759992129554913e-05,-0.0007541264155994654,0.002441680163066451,-0.0016893228194710952,0.001756795248940124,-0.0054203379804036445,-0.008111721242614056,0.021960442304802985,-0.0064011708347730956,-0.0019232193781308915,-0.0013280666387440743,-0.0012809908521032032,-0.0020524924137423906,-0.0019323157267203683,0.0017687884525505737,-0.24339168857257587,-0.38328605033251306,0.9369415089854446,-0.006647955565198105,0.2367156780437189,-0.7797203018654661,-0.27630614320666824,-0.40777228151602185,-0.335063399269688,-0.6134113271825152,-0.35116727387896673,-0.335063399269688,-0.2562747860082369,-0.6284174295664917,-0.2772535952937713,-0.3336082148162592,0.7060619327677862,0.48981621717814094,0.25659505094897805,-0.2307350888121651,-0.2982164850589355,-0.43044957316557686,-0.40691143274459174,-0.14523184244812337,-0.26878380256475176,50,-0.0039504861468221825,0.0018245302512061236,0.000791429217962437,8.016280551913311e-05,0.002055741297116947,0.006215565139552454,-0.0030201147294346073,0.0012239459418062063,0.0002526801602898223,-0.0015141275237988007,1.6715534598211363e-05,0.0002526801602898223,-0.0006257410612904116,0.0010615999039200442,-0.00048707779896366534,0.0018082692773432275,-0.005727377578633589,0.010756580777297412,-0.001642508756481715,0.0004437541940183082,0.00039605136493029293,0.0005514019655168324,0.0008351826287733216,0.00028063377318308355,-0.0004754216862091662,0.011404069111689542,0.005771938803364959
2023-04-03,2023-03-31,2023-04-10,-0.016968151641026,50,1.0,0.004265897025708343,-0.0061521490772606935,0.0023637396059887905,0.00783414544088945,-0.004223194941319286,0.00030863705435746347,0.010392125017554044,-0.0009438541439621417,-0.000715993561940631,-0.0005614162400678913,-0.0019475570907080408,-0.0007159935619408531,-0.000891760847523293,0.00045277799478560254,0.0013993961312934733,-0.0017518919875803007,0.0021440872284852475,-0.0012676099103436922,-0.007529750251404677,-0.0008652044120047719,0.0018048190470907333,0.000550721936555032,0.00017778830257175748,-0.014169618183472843,0.00221548285408546,0.3270624979513091,-0.6060849357146457,0.6514251772821542,0.08485800426024394,0.25282666750875354,-0.33483247724767135,0.27822912280985895,-0.4057031988688628,-0.3783642712555011,-0.3483094571187324,-0.423491864389028,-0.3783642712555011,0.1581150631972101,-0.04696162617759714,-0.27740137580371654,-0.3325663171402723,0.26948057973437556,0.5561481074171951,0.24987951745348697,-0.3750573725383909,-0.4018734769455814,-0.4476327816767348,-0.39452857670330915,0.35521722717526344,-0.00014359023651220104,50,0.0013952149372312304,0.0037287248779984644,0.001539799491880097,0.0006647899471983676,-0.001067736303253581,-0.00010334170948093369,0.0028913918277644517,0.00038292464547107306,0.0002709063822872973,0.00019554658579568713,0.0008247745833480195,0.00027090638228738134,-0.00014100082276294313,-2.1263190932563494e-05,-0.00038819441211520786,0.0005826202663371323,0.0005777898693332751,-0.0007049788525809248,-0.0018815303593662728,0.0003245012934751332,-0.000725308905711964,-0.0002465211923905272,-7.014256596813276e-05,-0.005033292481265416,-3.1812170700685736e-07,0.0032662621728721335,-0.020234413813898133
2023-04-10,2023-04-07,2023-04-17,0.0260571001174364,50,0.96,-0.00201181428980457,0.0018703309202960927,-0.0006945888976840342,0.022086768121906353,-0.024055202879817994,0.001199756614167713,-0.01220310978539585,0.0024973961495962094,0.0033033920199567746,0.0007551225404838213,0.0022014277696724704,0.0033033920199565525,0.00038179940465288276,-0.0006474346212436144,-0.0009735087958585575,0.0008477150470276307,-0.011697841410038934,0.013249002295327328,-0.006580770780158618,-0.0015598583379657915,-0.0004539315935900845,-0.0025912757908868045,0.0034464209603273233,0.015255056455668603,-0.0007615367838802456,0.05820197551215764,-0.6845269875468314,0.7388702733924701,0.046751507733359426,0.21531784862565784,-0.821473510540888,0.07134327014688059,-0.4366552884119425,-0.41023753144865727,-0.37103641235931095,-0.4639592892909868,-0.41023753144865727,-0.0351846961552579,-0.47411798914913433,-0.29291588492149023,-0.33488384453405934,0.5848843064407858,0.4923038697749847,0.1684877496128175,-0.38999473596602807,-0.37063940153147884,-0.2652136040443276,-0.48034037922115824,0.17818047185771974,-0.06570441229323,50,-0.00011709156603021439,-0.0012802919905859772,-0.0005132110887271768,0.0010325897106562214,-0.005179514532336139,-0.000985568277635001,-0.0008706097580515382,-0.0010905012359808076,-0.0013551753876742607,-0.0002801779583127656,-0.0010213728634426815,-0.0013551753876741696,-1.3433496044970038e-05,0.00030696040072955387,0.00028515619041776376,-0.00028388607401798387,-0.006841883859964926,0.006522535100647298,-0.001108779259466711,0.0006083365406593762,0.0001682449341844594,0.0006872415915739048,-0.001655455151039375,0.0027181531574871852,5.0036326824528046e-05,-0.011572873933804408,0.03762997405124081
2023-04-17,2023-04-14,2023-04-24,-0.0028084462996423,50,0.9,-0.0024776485211460697,-0.0008391288641660388,-0.008863460886699315,0.031166316533550287,-0.04614980042197292,-0.006028057435090051,-0.04099657127281031,0.007506900626647717,0.0021364504097574066,0.0009631725610477204,-0.00022537559526936146,0.0021364504097569625,0.0015897656800796245,-6.934281501969064e-05,-0.009242744937902447,0.004220731480192086,0.014079162918162469,-0.004416886462568881,-0.004478577233662517,0.0041159094089837645,-0.008244395459506948,-0.003221538001195623,-0.0025199272791800453,0.06728640255886442,-0.003358153154354504,-0.10175107982341695,-0.41678862423682245,-0.14033717394372197,-0.4204189919604931,-0.42789484612466455,-0.23817747422828067,-0.13941193883938616,0.48678852356654845,0.7224370635934809,0.5780414674461837,0.5334259777583796,0.7224370635934809,-0.11808931602078696,-0.07945838312493217,-0.11845760297869187,-0.14150135263250763,-0.3357527758428964,-0.3679550339052078,-0.4359395758748766,0.16087093047223783,0.133093144368174,-0.5550138913660922,-0.38223648874026006,-0.12341930340648215,0.037901780400001826,50,0.0002521034124495047,0.0003497393648531708,0.001243873052200098,-0.013102911380156861,0.01974726175024408,0.0014357474943927561,0.005715411486909567,0.0036542730726066394,0.00154345096053823,0.0005567536805919232,-0.00012022119726943597,0.0015434509605379092,-0.00018773434179392406,5.50986796279588e-06,0.0010948734102873621,-0.0005972392135457863,-0.004727118031317423,0.0016252156080899859,0.001952389059765716,0.0006621301763626566,-0.0010972725151204763,0.0017879983422273255,0.0009632081550745775,-0.008304440932543185,-0.00012727998340591784,0.01586917225994129,-0.01867761855958359
2023-04-24,2023-04-21,2023-05-04,0.080499969503123,50,0.46,-0.014087669019537064,0.005076680261072664,-0.0066675665924320615,0.010343690357671909,-0.014482458830118006,-0.006381710927580331,-0.03295618878641571,0.008465135439909677,0.0004485584090336836,0.0011598222390110102,-0.0024604021645387997,0.00044855840903346156,-0.0005432384900074805,0.0032924733057890787,-0.0051986885925005,0.004988864887304878,0.005465646212552189,-0.031731617646716836,0.01803078257005475,0.0035769209208205144,-0.008050457377561382,-0.006612833935715323,-0.0017087987307290442,0.04243974839860454,-0.0026427293220956383,-0.03444171745292628,-0.4894617601288398,-0.7246147487493944,-0.4103640046821422,-0.5832965916977728,-0.2919969628123724,0.0389828611115686,0.7226380740591742,0.8248477840062529,0.9204053532184896,0.3901269647863523,0.8248477840062529,0.09300103430513851,0.17058397115873755,-0.03204966173540397,-0.09824704302627651,-0.33386432204562544,-0.4526594740097789,-0.4686926413185114,0.33909827938009457,0.28829389502994573,-0.3368997183266979,-0.16916170095711563,-0.04710863461809923,-0.021573165676391573,50,0.0004852035159412386,-0.002484840856195964,0.004831417091145014,-0.004244678198366304,0.008447568875011148,0.0018634402083999846,-0.0012847265302274782,0.00611722917094639,0.0003699924096888043,0.0010675065975675883,-0.0009598692286052932,0.00036999240968862117,-5.0521741445057335e-05,0.0005616431714356375,0.00016661621085734438,-0.0004901412232353225,-0.0018247842672949768,0.014363617353442262,-0.008450895107798737,0.0012129277297288998,-0.0023208977141497334,0.0022278618902837216,0.00028906329988348533,-0.001999278600593923,5.701203750342719e-05,0.018320458503610783,0.06217951099951222
2023-05-04,2023-04-28,2023-05-08,0.0018729903465467,50,0.64,0.0049397706084020054,-0.0012848680841687221,0.0012170983666415225,-0.007799949850480159,0.00032523098943593176,0.004160763169391846,-0.0010332339276505342,0.005481609596277082,0.0016799449988540438,-0.0013485507473309788,-0.0004240438020906012,0.0016799449988542658,-0.00018690012749678075,0.00023713945072323384,-1.7566495122189885e-05,0.0017460248432261682,0.0015023666682767445,-0.005148258559144914,0.008540026303466952,9.098550026731544e-06,-0.004174096142588013,-0.000555940121486298,-0.00040038308492773567,-0.0012311552493091682,0.0013674259440579206,-0.1230491240499849,-0.2998301077482457,-0.5512011824340732,-0.3054081799246414,-0.4214302543690772,-0.4949657406629641,-0.3211337798774778,0.9698777733265872,0.6138739393470339,0.9100527890749608,0.35539925174972153,0.6138739393470339,0.13136111594142366,0.7137677771354228,0.441990241784769,0.3791209088877105,-0.12030354608517756,-0.3949869330760077,-0.37881233334386544,0.29891994779850656,0.2072599079405951,-0.3514539265654635,-0.28900696898380074,-0.3690048536499199,-0.2404428720989981,50,-0.0006078344463717278,0.00038524213611859,-0.0006708660588313864,0.0023821684873386244,-0.0001370621786066914,-0.002059435223861217,0.0003318063166840685,0.005316491309482869,0.0010312744543328803,-0.00122725236881768,-0.00015070484997210668,0.0010312744543330165,-2.455140931757148e-05,0.00016926249861383777,-7.764219426367673e-06,0.0006619545255044272,-0.000180740037713866,0.002033494858958956,-0.003235067290834302,2.7197380990326936e-06,-0.0008651227822479847,0.00019538733863164022,0.00011571350180734856,0.0004543022625916603,-0.0003287878213719703,0.0046159031951240785,-0.0027429128485773786
2023-05-08,2023-05-05,2023-05-15,-0.0010777052505702,50,0.5,-0.010048993040262744,0.004881526433176964,0.007550636608014694,0.006970398078892881,0.0028116108113998006,0.0016604307985494948,-0.0035134544017484393,-0.0013732999259139511,0.0009360735711334556,0.0007662192055644113,-0.0018209143158964824,0.0009360735711336776,-0.000642218438175024,-0.00048247430064329855,0.00134115098816312,-0.0009811200007227017,-0.009526908645211662,-0.011034112840311194,0.009283931702429804,-0.0007334541552517226,0.006879160717593535,0.00512854843722832,0.004704126228391781,-0.005431256557965947,-0.0013246452269131126,-0.06162568210623956,-0.4550103040406372,-0.7216534640890103,-0.6609240081881235,-0.7735629400692272,-0.6492745312926695,-0.1429083420711821,1.1258207382386012,0.9390048050237003,1.0151738029767072,0.06407216630081455,0.9390048050237003,-0.05959574984997764,8.658059859871559e-05,0.6469919050690119,0.43536340342959406,-0.0994025260571456,-0.4269518433287608,-0.4790172275302805,0.3610970353368107,0.15480891204407027,-0.4166032340591347,-0.26974762728154583,-0.20061797697718556,-0.08797990012946039,50,0.0006192760505870456,-0.0022211448265422574,-0.005448943064251099,-0.004606903436968679,-0.002174957925596855,-0.0010780754284721362,0.0005021019434965665,-0.0015460895364154607,0.0008789775811500093,0.0007778456648266148,-0.00011666992486765339,0.0008789775811502179,3.827348939052206e-05,-4.177291375819346e-08,0.0008677138328168449,-0.0004271437426874812,0.0009469987848496979,0.004711034816668413,-0.004447163224678401,-0.00026484812101686193,0.0010649553864669609,-0.0021365698649782393,-0.00126892688854157,0.0010896077031032003,0.00011654215477078204,-0.013245172768653576,0.012167467518083376
2023-05-15,2023-05-12,2023-05-22,0.0036244759537504,50,0.7,-0.012471639564815451,0.005269316574903371,1.2631086288017457e-06,-0.029831924145394373,0.029837897412760883,0.010444528061917868,0.01594158926423561,-0.011374264563433711,1.9125456206081637e-05,0.0006913094407081655,-0.0012009175410682138,1.9125456205859592e-05,-0.0013234355615645566,-0.001069473163329282,0.0065970214201069854,-0.0067045667928785635,-0.009937694697730315,-0.005329162052813197,0.014759010202487044,0.0009059316663331263,0.0033171007580721223,0.0010600604256036927,0.0009486300313925611,-0.023212469170899253,-0.0005590370890510288,-0.40931744125513014,-0.10878217124315953,-0.2968183954903762,0.03514696667506754,-0.03108272590744119,-0.5855354234668713,-0.49218735655898016,0.849433425889725,0.8713853745786634,0.30295530093725453,0.05195423680272784,0.8713853745786634,0.09944604485322901,0.47195792779162477,0.19880442952819022,0.1655545383040912,-0.28228437064340034,-0.3316028294748352,-0.30109362392877215,0.2427277244947749,0.13134613911319323,-0.22605162428858772,-0.2753486114297933,-0.4651215740600101,-0.2201318095225972,50,0.005104859594926505,-0.0005732076979855573,-3.7491387653098335e-07,-0.0010485016437913187,-0.0009274431869351952,-0.006115641161646699,-0.007846248679313142,-0.009661680515093595,1.666564282012427e-05,0.00020943585965050738,-6.239275430920762e-05,1.6665642819930783e-05,-0.00013161043221570723,-0.0005047463379936418,0.0013115170800096206,-0.001109971459923952,0.0028052558933950584,0.0017671652154427771,-0.004443843867468545,0.0002198947319167994,0.00043568837762221973,-0.00023962838105176634,-0.0002612039619045429,0.010796620198588118,0.00012306184600304826,-0.01011966491031469,0.01374414086406509
2023-05-22,2023-05-19,2023-05-29,-0.0109821008518287,50,0.82,0.0012753983745292796,-0.0004223168855989057,0.014709734795147922,-0.0021325754944562236,-0.010042738375186322,0.004077597796005694,0.01677453468259693,0.0011521195463910505,-2.5603814177155293e-05,-0.0005619997704634505,-0.0011821149385750074,-2.5603814177155293e-05,-0.0006616986316686502,-0.0003115944100609003,0.001323224746469398,-0.003144800190251429,-0.009501135567772545,0.009472543086832763,0.013197694335968624,0.0014340416876406081,-0.0033734419104671787,-0.0006020935828459084,-0.0033496274312942997,-0.003734433171964424,-0.0032124953771942577,-0.46520898517923553,-0.10446752027638208,0.23776787910423264,-0.4393443870786779,-0.31694559459946664,0.11527041270465598,-0.1004135666164721,0.12661582879956682,0.6463920235078876,0.26988717460529005,-0.12249252980918397,0.6463920235078876,-0.27785756703927883,-0.42859496872804337,-0.21861082415344996,-0.31896601624145826,-0.3743080629299535,-0.37828182599238097,-0.34911251077772226,0.4577040340894162,0.5670838946587287,-0.20216061711916147,0.15576489487281034,-0.002491080996391979,-0.40776996921824443,50,-0.0005933267835140127,4.411839780936221e-05,0.003497502444428055,0.000936935073510878,0.00318300168573031,0.00047002638078917197,-0.0016843908558112687,0.00014587657124248384,-1.655010125549135e-05,-0.0001516765301792022,0.00014480024935128078,-1.655010125549135e-05,0.00018385797190867103,0.00013354779643588466,-0.00028927125236591497,0.0010030843885598783,0.0035563516500078255,-0.0035832908956786027,-0.00460748020610693,0.0006563666654855008,-0.0019130245769927098,0.00012171961027161583,-0.0005217543646986383,9.302775506976397e-06,0.001309959141072255,0.0020191351342518852,-0.013001235986080585
2023-05-29,2023-05-26,2023-06-05,0.0211577828241546,50,0.72,-0.0031137684983308933,0.0021888369881029046,-0.001789413026834219,0.004030376818491277,8.037691041584694e-05,0.005538710746477271,-0.011577639439030674,0.00438452188886429,0.0012906743255731712,0.0010737142902339514,0.0016107518895662754,0.0012906743255729491,0.0008109861721059541,0.002564375762464044,-0.0030354096347724457,0.0008167293974901124,-0.020396882243394976,0.015592157204972867,0.0099402789212919,0.002321043787176569,-0.004501808483201808,-0.0002312583966251891,-0.0021858662938848417,0.007690594099780457,-0.003053123173422767,-0.34384224181853773,-0.26371098254230224,0.623914713262656,0.10910758067155035,0.241442071323163,0.4441947294098235,0.17405362417641815,-0.33984428328562627,0.18811116742620201,-0.03849521799243244,-0.30493855379782964,0.18811116742620201,-0.278243338481426,-0.46357243405227466,-0.2978624347915459,-0.38214003582497713,-0.19398390887687478,-0.03435381088698588,0.08938629855497793,0.4191478846751426,0.6499367642601576,0.2954258516394102,0.17795285252178314,0.2707059614913668,-0.292019170665038,50,0.001070645140970036,-0.0005772203527575505,-0.001116441115545733,0.0004397446638602835,1.94063677373584e-05,0.002460266121310753,-0.0020151301037711214,-0.001490054698871225,0.00024279025415059518,-4.133286566414583e-05,-0.0004911803517314614,0.0002427902541505534,-0.000225651499989033,-0.0011887739140301146,0.0009041345044030378,-0.00031210500121618353,0.0039566669464750764,-0.0005356500199397923,0.0008885247393783517,0.0009728605936334407,-0.002925890838891111,-6.8319708771761e-05,-0.0003889811422280259,0.002081889670220901,0.0008915704970411254,0.0027945581399242544,0.018363224684230343
2023-06-05,2023-06-02,2023-06-12,-0.0001968299783507,50,0.7,0.0022361427489105967,0.003490019712974357,0.012531941145038417,0.01286787179500748,-0.015920712635493883,-0.0024861721229565426,-0.0004320652911629086,0.0012567606831288547,-9.46468748724838e-05,0.0017576333749891315,0.000640100633736207,-9.46468748724838e-05,0.0014058489949477782,0.0002880046224922328,0.00019630529269365482,-0.0014993052586764755,-0.003671512773677943,-0.006790941980029386,0.013700772218074642,0.0007450426542119359,-0.002430970446712921,-0.0019691408178429404,-0.0019802338613239545,0.0075122829118814405,-0.0035309710054884924,-0.3572187839381538,-0.2615173379743503,0.4959530122601691,0.23256601855449838,0.3203302522116275,0.496890985567038,0.3283319907735487,-0.04321252008957369,0.5837781188312411,0.3510436390948331,0.06176325449940302,0.5837781188312411,-0.20351555797858925,-0.3756506722027643,-0.20314231695717408,-0.22327890766089617,-0.07598086682654785,0.07570515228743202,0.12038347342282901,0.4681984312582953,0.49261263176000775,0.048726116009102934,-0.43446196666339953,0.3941444768964918,-0.28042588088106263,50,-0.0007987921934779638,-0.0009127006648150599,0.006215253960348955,0.002992629710634616,-0.0050998858939166,-0.0012353565164651716,-0.00014186085719167073,-5.430779626749199e-05,-5.5252774566314454e-05,0.0006170060161507182,3.953469834667851e-05,-5.5252774566314454e-05,-0.00028611214264043596,-0.00010818913003671062,-3.9877911988745256e-05,0.0003347632404075208,0.0002789647231087931,-0.0005141092967732398,0.0016493465481868226,0.000348827801922545,-0.0011975267494860537,-9.594858392847495e-05,0.0008603362978442629,0.0029609248186019646,0.000990175654579602,0.006692590184012231,-0.006889420162362931
2023-06-12,2023-06-09,2023-06-19,0.007711726529867,50,0.78,0.013725004131255325,-0.002730722335038016,0.017675248520177878,-0.006374286686261721,0.008934899525319784,0.0026214469264076445,0.004775776542542909,-0.005276673693890066,-0.001785004808459334,-0.001457276909459182,-0.0014563120595412204,-0.001785004808459334,-0.0014828588817359378,0.00016133910094762172,0.002982501162105855,-0.003822334484746004,-0.006399085532563742,0.00945489244693487,-0.005308661231587908,0.0017660153346055196,0.002796780716814773,-0.0014794014914929488,0.0018721036142037573,0.000615830164086173,-0.0017066147795201658,-0.4260351153390199,-0.07338965068714365,-0.15164413160994278,-0.3289684906363162,-0.32401598486589755,-0.02688778609476692,-0.28089466807515856,0.8071531034616634,0.624320687531807,1.2769488621169403,1.0422031840995372,0.624320687531807,0.19899522759659194,0.4058106094785729,0.3804793723335982,0.22335571401028007,-0.41796767548644764,-0.3318106849663602,-0.3293026679357669,0.3588338194233243,0.11280211056314482,0.09099119937356288,-0.5664679292325979,-0.26657167671344895,-0.36798373232177367,50,-0.005847333718087887,0.00020040675829202125,-0.0026803477128323006,0.002096939470062684,-0.0028950502693743303,-7.048490421603295e-05,-0.0013414901667187188,-0.004259083547977886,-0.0011144154292649128,-0.0018608680913231937,-0.0015177730654964148,-0.0011144154292649128,-0.00029508184066467073,6.547311888827936e-05,0.0011347801701422629,-0.0008537402480265597,0.002674610905284624,-0.0031372343391007245,0.001748156306729072,0.0006337060276766588,0.00031548276763901145,-0.0001346125160659812,-0.0010604866576468647,-0.00016416287941116951,0.0006280064762033315,-0.01884901881455461,0.02656074534442161
2023-06-19,2023-06-16,2023-06-26,-0.0529869719789616,50,0.92,-0.011673262321484024,0.00423011438232801,-0.0019217968343621106,0.004968303099035509,-0.004560570094979344,0.005366356888295121,-0.0028791260091566295,0.007363903030242813,-0.0002567310461736305,-0.00011472501979425953,0.002069581601684911,-0.0002567310461736305,-0.0026611890932001225,0.0004930981440272042,-0.005545556023410114,0.006603776563684383,-0.008038579667776435,0.01565400548054985,-0.021843051253218948,0.0007761775613508437,0.005343581331092473,0.002999171071545126,0.0011218043817533552,-0.007003806467104856,-0.0017012650698784437,-0.26210880113353524,-0.3320654951775459,0.9779403812736847,0.7883570216385817,0.9214621713951402,0.7523409917034616,0.7339287341187832,-0.35804505467950604,-0.38561642450870254,-0.0689352030933386,-0.2616479704470834,-0.38561642450870254,0.41105532179294113,0.498667815366445,-0.276210661466896,-0.3051812571059789,0.09079127080299233,0.21349923338395238,0.4037255131344437,-0.18842674329225978,-0.2493899480960937,-0.3726683528608574,-0.45114414858865454,0.8331675433552012,-0.29831985523789606,50,0.003059664792401446,-0.0014046750270254092,-0.0018794027289266426,0.003916796633753369,-0.004202392822519407,0.0040373302631746535,-0.0021130733072687894,-0.0026366090631178684,9.899970808585402e-05,7.908592539404571e-06,-0.0005415018257554811,9.899970808585402e-05,-0.0010938959390572416,0.0002458921742432946,0.001531741697427837,-0.002015348833352201,-0.0007298328634885185,0.0033421181694855816,-0.008818597075627774,-0.00014625261010186764,-0.001332635470808407,-0.0011176961431806549,-0.0005060954826891394,-0.005835344228333024,0.0005075211493674264,-0.017526380532687708,-0.03546059144627389
2023-06-26,2023-06-21,2023-07-03,0.0437878372524691,50,0.74,-0.006873739108288923,0.004596464210305129,0.007101867950319418,-0.010495191258804604,0.013936557540239924,0.003969440105232147,0.022346565918854866,-0.0007476053486432654,0.0007699939697922709,0.0007919229540376271,0.0010384300242185507,0.0007699939697920488,-0.000212772624908375,-0.0016697371079912315,-0.003341760534375404,0.002218098081968156,-0.003930577952486081,0.009456252952079414,-0.010417561370519302,0.0008720112709585948,-0.0012235848922002024,0.0023345761553859035,0.0014134443187154844,-0.03439013730121698,0.00039791346052675536,-0.23266766241715786,-0.35865117537041646,0.6249020431437173,0.5797257017604647,0.6401176255111406,1.1883193383284107,0.5176077571202031,-0.270469292861995,-0.24431684710119114,-0.24342082833647968,-0.06296826152564798,-0.24431684710119114,-0.18811188560398995,-0.0654344771221039,-0.22633774931791842,-0.253675726716192,-0.20346723404203743,-0.09258161271323209,-0.050867854172920474,0.12530241197188977,0.22477551334930546,0.5967678468925497,0.282346928087895,0.5607759775094044,-0.48844731284270204,50,0.0015992968103909829,-0.0016485272915739877,0.004437971792291488,-0.006084332117620794,0.008921036120457762,0.004716962439383722,0.011566755864597239,0.00020220428998738924,-0.00018812249898657744,-0.00019277054145051112,-6.538813334107866e-05,-0.00018812249898652317,4.0025059676424904e-05,0.00010925837459278016,0.0007563665581099733,-0.0005626776428710636,0.0007997438241789576,-0.000875475148527774,0.0005299189926330254,0.00010926511551778504,-0.00027503192227075506,0.001393199985656332,0.0003990816614126046,-0.019285162861772585,-0.00019435976053823424,0.00602111647094658,0.03776672078152252
2023-07-03,2023-06-30,2023-07-10,-0.0073613412734585,50,0.9,-0.0053559866810649615,0.0020113742982579286,0.002365439731868424,0.004440922559406868,-0.011093469255690325,0.0009991029413665142,0.008646132271052709,0.002585444412491089,0.0003941261916493577,0.0007305725793946838,0.0009021357321168377,0.0003941261916493577,-0.0013754416796362134,0.00018876460844174936,-0.0022859806732422605,0.0025496795294164265,-0.003936380656006988,0.004367814696269567,-0.002159190780234077,-0.0009919129515257863,0.0021084594150109215,0.00044882756437791826,-0.0004012822291027396,-0.016151090023458492,0.0017557004754771288,-0.18920135310379013,-0.2978393588993837,-0.009676560787679804,0.13771182126611076,0.13554557298459308,0.6878596545973498,0.43575317275662556,0.46754976357448186,0.280294715264506,-0.6293374633295163,1.8503260620239532,0.280294715264506,-0.16896357373886586,-0.06907126435139378,0.2552623804074274,0.3879907323523776,-0.40211951795445894,-0.25288534914737826,-0.23457831701015688,0.19215029014017176,0.050673058462336426,-0.03867539919059292,0.10683018407434092,0.43279214725711523,-0.5671990576718534,50,0.0010133599272633687,-0.0005990664314998392,-2.2889321355017822e-05,0.0006115675337576777,-0.0015036706466495123,0.0006872426041555666,0.0037675795691846665,0.001208823923795174,0.00011047148866664084,-0.000459776693894352,0.0016692452566188444,0.00011047148866664084,0.00023239954166072286,-1.3038210169867408e-05,-0.0005835248682171929,0.0009892520278821447,0.0015828954918787868,-0.0011045563444771794,0.0005064993393311573,-0.00019059636142947396,0.00010684208720231208,-1.7358585220057532e-05,-4.2869054400807514e-05,-0.006990064931795573,-0.0009958316552446523,7.340717571017964e-05,-0.007434748449168679
2023-07-10,2023-07-07,2023-07-17,0.0052023423540889,50,0.86,-0.0033783952101353876,0.004690903118378165,0.00039054600041588117,-0.019012734942580933,0.012722078716638885,-0.000344245974831181,0.002368971328055025,-0.0007972823611616109,0.002104303053273693,0.0006799815276632426,0.000583857939705057,0.002104303053274137,0.00028184832947220073,-0.000258624473813196,-0.0025170399825477086,5.6557742920348986e-05,-0.010392469117030734,-0.005991076317950372,0.011126973777808358,-0.0021429596545605722,-0.002274709673106168,0.0002958380164921337,0.0019193213259887099,-0.0024334560183894016,-0.003237426920230435,-0.4553328841530186,-0.054269035029225934,0.16128279518363142,-0.11432891515208611,-0.0742687817926728,0.3556812714781787,0.12238136640436906,0.43472966276523645,0.14917182654156774,0.783091347661405,1.2134548467774808,0.14917182654156774,-0.24415416961868605,-0.0848122889902255,0.05657243993717149,0.17690021747419238,-0.28280626130488584,-0.17853280067439073,-0.1905797507947164,0.12622297081676317,-0.08437243019958732,0.9481750522686396,-0.036320946579192624,0.13618168505051492,-0.21371671910671428,50,0.0015382944348396894,-0.0002545707856499698,6.298835059486099e-05,0.002173705360059438,-0.0009448532881552601,-0.00012244184602919957,0.0002899179481001468,-0.00034660229199645853,0.0003139027300538347,0.0005324876508826696,0.0007084852467646155,0.0003139027300539009,-6.881444484069901e-05,2.1934533612989784e-05,-0.00014239509323213942,1.00050770224592e-05,0.00293905533671395,0.0010696036340976966,-0.002120575889674061,-0.0002704907339391,0.00019192278311847623,0.00028050622675047953,-6.971156734954108e-05,-0.00033139214108058554,0.000691892259739403,0.006466756220457597,-0.001264413866368697
2023-07-17,2023-07-14,2023-07-24,-0.0114817477661227,50,0.7,-0.007556105021525705,0.0033206588608971632,-0.014913316176825231,-0.013990536828790257,0.021432117187106803,0.010176302051915442,-0.0023348115616914633,0.011031330858484845,-0.0029740664774591252,-8.149707350724178e-05,0.000271248391428891,-0.002974066477458681,1.9893388239600185e-05,0.0014817861415339362,-0.0026293247451095736,0.00996323490435369,-0.006106152225631378,-0.0167172339220385,0.0133424978566421,-0.0011785098114404091,0.007126425675595405,-0.0027497094617126017,-0.004327900152300224,-0.013603759486921052,-0.004913665540124734,-0.5275705826507433,0.004554888589685839,0.39273340526177786,-0.1954067830958947,-0.112692479766638,0.49160622494112904,0.18382162875771957,0.13548516848326078,0.2969754903209182,-0.010409531959186829,0.10378627285378805,0.2969754903209182,-0.22207492062910206,-0.43904734556427144,-0.19513609908595772,-0.26855876706876003,-0.282235030509086,-0.24882780184663736,-0.18615357974274332,0.19429070956280847,0.26224712947471707,-0.018217429035965172,0.33376418976557126,0.20721530678830452,-0.4527102947849117,50,0.003986378728776524,1.5125231155739666e-05,-0.005856957445870131,0.002733845795498544,-0.002415238432464248,0.005002733435602816,-0.00042918886411247965,0.0014945817199564129,-0.0008832248503904297,8.483463912538315e-07,2.8151859563989988e-05,-0.0008832248503902978,-4.417822614353123e-06,-0.0006505742721343985,0.0005130761739908623,-0.0026757140819296623,0.0017233700596941954,0.00415971256977688,-0.002483753738723807,-0.0002289735074914887,0.001868884676839816,5.0092636988271314e-05,-0.0014444980877187767,-0.002818907195556654,0.0022244669751443308,0.003026595059982909,-0.01450834282610561
2023-07-24,2023-07-21,2023-07-31,0.0432491982493093,50,0.78,-0.0007898641763700587,0.0003139504417284389,-0.009323723630583092,-0.010243419931383668,0.010260421275239517,-0.004833049033902248,0.01453965599103646,0.008133318343815255,-0.0028031871482954163,0.0013242673927400528,0.0030707126490312486,-0.002803187148294972,0.002021182086697104,-0.0001528275984421512,-0.0005269745858794694,0.0067268619914171435,-0.008128590693658344,0.001996064827402888,-0.005951780612233337,-0.0008128537815806913,0.0012966372905864887,-0.002762808307109843,-0.002927509034228448,-0.020376077516351065,0.0005286250546718829,-0.2821655865671204,-0.2286584286960959,-0.08106840809842464,-0.4607771416434129,-0.44082366126639094,0.05539519633607579,-0.11716468798033387,0.9337840436543635,-0.402940706170816,0.7226781641444943,2.053132287040504,-0.402940706170816,-0.16012994865331046,0.30604099590267525,0.24708423412024874,0.5817514141022441,-0.364611463367928,-0.33645782973881205,-0.2881756105095234,-0.5973387499543156,-0.4864953879069933,-0.10766855982314377,-0.42179180524282756,-0.11052267727283593,-0.33046223159343663,50,0.00022287248863381303,-7.178741469407005e-05,0.0007558594322810355,0.004719933756636131,-0.004523036472686656,-0.00026772770013489645,-0.001703534257531179,0.007594762891416019,0.001129518209063111,0.0009570191282217974,0.006304579283949732,0.001129518209062932,-0.0003236517837617982,-4.6771510428650095e-05,-0.00013020711195286394,0.003913361475977561,0.0029637773479336896,-0.0006715916398459522,0.0017151580115490868,0.00048554906178504843,-0.0006308080616585466,0.0002974675914939347,0.0012347993204119038,0.0022520186394259572,-0.00017469061524307287,0.027132388279904066,0.016116809969405232
2023-07-31,2023-07-28,2023-08-07,-0.0088281702555382,50,0.54,0.004720363643445413,-5.102448829696904e-05,0.008793543271215842,0.007841769153646094,-0.011012531246413881,0.002823273125702075,-0.004157132417154319,-0.001856052726138202,-8.332172107250457e-05,6.968585690714235e-05,-0.0015782142409579425,-8.332172107250457e-05,0.0008089377758728755,0.001869744141923091,-4.3778306565323e-05,0.001850009027131616,-0.008112096599137697,0.006242373989086225,0.005253957935559717,0.005229386458174945,-0.00465313527565181,-0.002151793925571188,0.00021400505705693185,0.0082067743161498,0.00046484520976330934,-0.10969879774087848,-0.4047125942582286,-0.5335424664523479,-0.7191068324512304,-0.759992050920195,-0.3567271616771246,-0.12517867862406315,1.425835116060001,-0.7591624038081477,1.156801215400865,1.4421634448142453,-0.7591624038081477,0.5579353627259425,0.7362546917547903,0.6885900770971922,0.4029378611818416,-0.31626797602165363,-0.4526842209969761,-0.4844110480209637,-0.7693633158636404,-0.697864506069688,-0.3606689463171936,-0.4398540797229826,-0.16256807608715515,-0.20951242671568923,50,-0.0005178182165857146,2.0650253029364965e-05,-0.004691728765779948,-0.005639069776892209,0.008369436207784816,-0.001007138208771005,0.0005203843428446353,-0.0026464251541867445,6.325471805883456e-05,8.061268396643303e-05,-0.002276042886394806,6.325471805883456e-05,0.00045133499140434996,0.0013766078968719102,-3.014530749300028e-05,0.000745438680559513,0.002565596372701419,-0.002825824206421284,-0.002545075269822541,-0.004023298105393894,0.0032472579508181915,0.0007760852478274981,-9.413099742784115e-05,-0.0013341595114579514,-9.739084794467453e-05,-0.009448333190645817,0.0006201629351076168
2023-08-07,2023-08-04,2023-08-14,-0.0115339900326877,50,0.44,-0.01002960218509863,0.00378281142258885,-0.0032833442339349483,0.034490967386667126,-0.037072778258231076,-0.000683149669942873,0.0036578945756340353,-0.0014945388999079157,0.0005663688831489821,-0.0010099243929901913,-0.0002938090192458054,0.0005663688831489821,-0.0007908082490122315,0.000640393851206289,0.006752602295966081,-0.0029275795107733815,-0.0009326385237340418,-0.0014927644136839557,0.002232666272313777,-0.0013928122745778815,0.0030378675022426638,0.0005337896098485118,0.00013468903473112803,-0.002273791038261974,-0.002922056452767996,-0.09579017522145859,-0.4004782159909848,-0.23787064695462817,-0.23499982385766738,-0.25815231195619714,-0.3479899618375753,0.042556111597415625,1.0712661544642712,-0.9121788288277457,0.5989000771027393,1.115173611630977,-0.9121788288277457,1.4271961525466341,1.4738216791107217,0.5817663376856149,0.3287121534313135,-0.16369442194329012,-0.25803561360233745,-0.3131429958541497,-0.9697684778718922,-0.939473653158972,-0.4396592988207194,-0.4628072181894513,0.029995417241073685,-0.1273067832548805,50,0.0009607373507121217,-0.001514933569948702,0.0007810112171008542,-0.008105371260547325,0.009570423418001791,0.00023772922757277253,0.00015566576977226327,-0.001601048940001615,-0.0005166297045153169,-0.0006048437968297627,-0.0003276480651221,-0.0005166297045153169,-0.0011286384903923972,0.0009438263410770345,0.003928436707571662,-0.0009623309653277094,0.00015266772402468742,0.00038518638144867303,-0.0006991438052548529,0.0013507054394786802,-0.002853996480144837,-0.00023468556558378206,-6.233505748453576e-05,-6.820331091168206e-05,0.0003719976074910603,-0.00035805153232833383,-0.011175938500359367
2023-08-14,2023-08-11,2023-08-21,-0.0338316047007126,50,0.48,-0.004137826205957484,0.005501550603407512,0.011377623204838816,0.016859630186122132,-0.026489007798872644,0.0025619153502391967,0.025127815484663696,0.0021050377818006005,0.0007514926642584463,-0.0002111813491394443,-0.0017917821484469965,0.0007514926642580022,0.0005203532198958527,-0.001260700332688769,-0.00032401946778215507,-0.0015438893272039511,-0.013939777606036374,0.01253053883955113,0.005915751820374293,-0.0016337684099050342,-0.0023242113271576548,-0.002199887117027788,0.001248500010689435,-0.019564021717285995,-0.0015011214938125406,-0.1734426711213191,-0.37823970900519277,0.09580669820019554,0.21469206962173804,0.22224226367846822,-0.23381360859417216,0.09301499258328987,0.682299982214285,-0.7895047444984207,-0.059968683153061336,0.18591913388697762,-0.7895047444984207,1.8501838954997927,2.2931992687844467,0.7438511036146969,0.513119452477816,-0.1223525506955898,-0.06658332735680268,-0.14305270567958114,-0.67928464822228,-0.7596578882196406,-0.40836208208849295,-0.30394431151660606,0.09463380662923353,-0.254201714654773,50,0.0007176756297970595,-0.0020809048993102003,0.001090052512621534,0.003619628897715689,-0.005886977055818055,-0.0005990106729522291,0.00233726357094027,0.0014362672410829476,-0.0005933070238878021,1.2664267414379358e-05,-0.0003331265851534135,-0.0005933070238874514,0.000962749147422769,-0.0028910370810781936,-0.00024102223870240276,-0.0007921996462612351,0.001705567346227813,-0.0008343249695109634,-0.0008462643040334501,0.0011097937995990148,0.0017656054685647523,0.0008983504834691196,-0.00037947447617747563,-0.001851417848083768,0.000381587657632282,-0.0018851678023690099,-0.03194643689834359
2023-08-21,2023-08-18,2023-08-28,0.0067509748306864,50,0.84,-0.00775090170301207,0.004776746841603785,-0.005590210696712061,-0.00933481771491429,0.012613928356419724,0.0021277334300673356,-0.007691575791405669,0.004581583333217898,-0.0009398975011201127,0.002162282702039775,-0.0015014930722646591,-0.0009398975011198907,-0.0013848682909894938,0.000849313484331482,-0.002565140495529694,0.0011842840159690393,-0.01160592764659052,0.00953869813646957,-0.005883708453206848,0.0038247208058517224,0.00073721891961398,-0.0011078246916041978,0.0005527094768560392,0.004383703129945182,-0.0018129718257342553,-0.435560054698893,-0.06349979636177093,-0.09544086038196038,0.8576734059722945,0.7816325939368217,0.997562065761789,0.8340506146328355,0.3422428502678918,-0.3328051302657273,-0.9095922874525878,-0.2253149844424212,-0.3328051302657273,0.1261715095428705,0.35703065664583333,0.2837259775323093,0.1156167701949629,0.06736164640384203,0.46528650968665863,0.6397574116408533,-0.346882464766153,-0.3469782490623205,-0.4705523809716179,-0.31667241519199285,0.8334763277089823,-0.392799464301721,50,0.00337598316972968,-0.0003033224517135728,0.0005335345186106373,-0.00800622490368105,0.009859457540961578,0.0021225461558883885,-0.006415163516316936,0.0015680141387003617,0.00031280271029671065,-0.0019667956690675214,0.0003383088882177149,0.00031280271029663677,-0.0001747309227921997,0.0003032309510090297,-0.0007277969946018748,0.0001369230929198602,-0.000781794394318205,0.004438227562872561,-0.003764146090873022,-0.0013267285801762323,-0.0002557989299032744,0.0005212895463335036,-0.00017502784493550483,0.003653712786513082,0.0007121343619425286,0.004291437835912881,0.0024595369947735188
2023-08-28,2023-08-25,2023-09-04,0.0208387577714557,50,0.96,-0.0010350246906721816,0.004605318846033768,0.007207346730808473,-0.015076664156554731,0.014829993666047425,0.0010181797371757728,0.012200657423621974,-0.010513763722420189,0.0030033050360558367,0.002568683629681434,0.004319802416209884,0.0030033050360556146,-0.0021738092197834957,6.598922857969924e-05,0.0014559095177433257,-0.007123282118090768,-0.018138815115308127,-0.01797619157807251,0.02713649084317349,-0.0031297322255302573,-0.002808710204877163,0.0041492864537981955,0.001932165828028909,-0.016302400840574438,-0.002776050243979533,-0.08800216559347993,-0.37154871383701,-0.6492230504702964,-0.336126117647703,-0.4379895192385148,0.19503727765983364,0.20446255736875266,1.3728383782824989,-0.06251529442611221,1.7757459707227383,0.2236174040781818,-0.06251529442611221,0.3241334930008007,0.38155074479544004,0.6844600662903091,0.4867342235472515,-0.31450475466036404,-0.1408014218582544,-0.3083465166328533,-0.1450220826718791,-0.3665268709571948,-0.6006112969029535,-0.24748959074117016,0.2077771635902777,-0.32573175328164744,50,9.108441422187366e-05,-0.0017111002940531895,-0.004679175630372595,0.005067660590021022,-0.006495381796102331,0.00019858300410716766,0.002494577618413806,-0.0144336983383327,-0.00018775249858045618,0.004561329605468265,0.0009659830024435115,-0.0001877524985804423,-0.0007046043755257697,2.5178239313060784e-05,0.0009965119250272885,-0.003467145190856931,0.005704743597669685,0.002531073333788987,-0.008367442425131865,0.00045388028555169317,0.001029467762819168,-0.002492108318237591,-0.0004781909300229488,-0.0033872666063663156,0.0009042477131693985,-0.021567297810148208,0.04240605558160391
2023-09-04,2023-09-01,2023-09-11,0.0090395779944025,50,0.96,-0.0005440859863027336,-0.0028275413754556,0.004564538913487848,-0.008755124823277338,0.007824334672845712,-0.002241422608280197,-0.001023514768363376,-0.0011356179781262243,0.001107172969308623,-0.0009377367026864869,-0.003080394107430884,0.001107172969308401,-0.000762298726353472,0.0002465645364111424,0.004545268712409456,-0.0058205639120681996,-0.009488820867599168,-0.01120997604419649,0.01086513790567012,-0.003358096192931037,-0.0026791521089469805,0.0007934614950722008,-0.00011852490038211094,0.0032796860157953134,-0.0033734832482226196,-0.41234126948839106,-0.10553193018976939,0.6831623025043193,0.17872901205441824,0.28428849688522895,0.13461620334131033,0.016477229381694325,-0.06445262716364838,0.46438813709273447,0.45059452501010966,0.061502241188082556,0.46438813709273447,-0.21241531009743286,-0.363676295816764,-0.211521047125617,-0.2415914004037074,-0.18151034093651,-0.16160235265249498,-0.000991466405286957,0.26722119430302876,0.28018677605259973,-0.040814204800240804,0.47563269316539114,0.04586079273271966,-0.4982836882187687,50,0.00022434910630291253,0.00029839589904326493,0.003118320914008922,-0.0015647948100774717,0.002224368343270287,-0.00030173180161005716,-1.6864687613875083e-05,7.319356214450574e-05,0.0005141579926566627,-0.000422539024131564,-0.0001894511413495625,0.0005141579926565596,0.00016192392034525087,-8.96696772817819e-05,-0.000961419997516153,0.001406198186655838,0.0017223191107633956,0.0018115585019202619,-1.077241922228181e-05,-0.0008973544752594858,-0.0007506629919603779,-3.238449996098206e-05,-5.637431757590313e-05,0.000150409000598788,0.0016809516750685989,0.008606284361875754,0.0004332936325267458
2023-09-11,2023-09-08,2023-09-18,-0.0136621562339082,50,0.6,-0.006101059362003114,0.0018729284380811784,-0.016470497625234226,-0.0009187147072633461,0.0009021620043863088,-0.00597721825321984,0.009997645456029769,0.003391406822267129,0.0010329743409589476,0.0022467324651551657,0.001517126956882331,0.0010329743409591696,-0.0009253416294625616,-0.00021678440397432386,-0.0054611408538018935,0.004474001480959,-0.014837141207724391,0.010534116839569396,-0.007892925197054423,-0.0045899971221443625,0.003952233420494666,0.000665596991195283,-0.003458255656689224,-0.005849853257589244,0.000554674542743161,-0.4172113180844485,-0.12387423366489032,0.9394180484496363,0.22673031520063205,0.3820561099995664,-0.3306733260176614,-0.3657812121454068,-0.2794481871580814,-0.05613110693337245,-0.07853430780826366,-0.2139616306111329,-0.05613110693337245,-0.24673905463905424,-0.055847843732155525,-0.23193998883898653,-0.2001873343405469,-0.31431327681511995,-0.2503762997572685,-0.09510711086399173,-0.23855393913255626,-0.34090976175066356,0.6673769783597032,0.21863360590960998,-0.3178162953953331,-0.39296094457338343,50,0.002545431018132784,-0.00023200757497648597,-0.015472682736091906,-0.00020830047515727488,0.0003446765059852449,0.001976506640125681,-0.0036569508735065873,-0.0009477224883980988,-5.798199319179662e-05,-0.0001764455789813148,-0.00032460695753864946,-5.798199319180908e-05,0.00022831791887175447,1.2106941516726513e-05,0.0012666569486789445,-0.0008956384303088413,0.0046635104715685,-0.002637493195502117,0.0007506733117574488,0.0010949618940946347,-0.0013473549537638468,0.000444204108789218,-0.0007560909043792713,0.0018591786909333348,-0.00021796543224716209,-0.011802999136780892,-0.001859157097127308
2023-09-18,2023-09-15,2023-09-25,-0.0166391659762719,50,0.7,0.00043388917222642043,0.0025071906279992007,0.010418099878086062,-0.0011389988843303334,0.0016478783138900166,0.0019207472439837225,0.009068418164500214,0.0009337639388515839,0.0011574613502469688,-0.0005271412631777661,-0.0028215451529232105,0.0011574613502469688,-0.000755078318013136,0.0010289861979204673,0.0022638150616220987,-0.004092737894732301,-0.0036578091924635014,-0.0010566145446938568,0.003505821199054626,-0.0004750127248335234,0.0008350141789597032,-0.0012774517654380313,0.0004217439573748205,-0.0009448275887794511,-0.001117883265629005,-0.31500542955938526,-0.21045047871909375,-0.10098300012220324,-0.23304314105473511,-0.24368920528616203,-0.05807589303922839,-0.0937060603630048,0.48562583896032635,0.8189061173808395,1.0538523362898615,0.7131463422604426,0.8189061173808395,-0.17129448567772904,-0.29385487134580507,0.012155074461313878,-0.06941383202242431,-0.35526884353030247,-0.2985797242253628,-0.2566721734152273,0.2460294216403147,0.13995804899597317,0.47135911453870416,-0.3407308115520297,-0.10542592232295905,-0.2877287241743579,50,-0.00013667744507834967,-0.0005276394679024571,-0.0010520509812618904,0.0002654358776621798,-0.0004015701567201588,-0.00011154911149699138,-0.0008497657399196263,0.0004534598961956993,0.0009478521803491293,-0.0005555290517546776,-0.002012174605329869,0.0009478521803491293,0.00012934075213046485,-0.000302372606806528,2.7516840640660475e-05,0.00028409262073675844,0.0012995056416610178,0.00031548367936719903,-0.0008998467467665291,-0.00011686710596258172,0.00011686695537117445,-0.0006021385330227748,-0.00014370116086348723,9.96093199832511e-05,0.00032164712579529843,-0.002503219642643959,-0.014135946333627941
2023-09-25,2023-09-22,2023-10-09,0.0011181327572224,50,0.9,0.0019053015152026287,-0.0006477824010571176,0.009439416585135474,-0.025751414503496717,0.027073754602557454,-0.007310874577916793,-0.017939097982219487,-0.0038912188974140616,0.0015414882115394324,0.00015898852297113741,-0.00024422486727948556,0.0015414882115396544,-0.0016340165756222325,-0.0004866308996149815,-0.0019448546079794404,-3.852305866691719e-05,-0.004079906379024445,0.010465444592958173,-0.007746604476335572,-0.0019023252003605995,-0.00406628641772766,0.0010065791748052888,-0.0006225493841316432,0.023642496874687557,0.00029390483484670327,-0.04234934007264319,-0.4492783523584098,-0.4364313518001135,-0.43831692712442033,-0.47764415819940514,-0.24431176094579954,0.09860499781594059,0.36209431357172095,1.1232221059234815,0.9826847306870617,0.04350314215814205,1.1232221059234815,-0.10004580254508828,0.13566542865281972,0.04704466804989123,-0.18202954065833957,-0.3458024531691412,-0.29380299132073284,-0.3288958196401541,0.6100992359776085,0.6820914227296191,1.5840981297918484,-0.0014487652899734431,0.08271165092877432,-0.11276668433859595,50,-8.068826180823847e-05,0.0002910346098337164,-0.004119657340455086,0.01128728087427991,-0.012931620726435826,0.0017861326421847305,-0.001768884717356697,-0.0014089882356164536,0.0017314336352215424,0.0001562355938782259,-1.0624549119812834e-05,0.0017314336352217917,0.0001634764996801032,-6.601898959197375e-05,-9.149503943769411e-05,7.012334673893203e-06,0.001410841634567081,-0.0030747789269125005,0.0025478258286724745,-0.0011606071513209529,-0.002773579087893986,0.00159452018829648,9.019279390242685e-07,0.001955509948583795,-3.3142673736745364e-05,-0.0028564463466531965,0.003974579103875596
2023-10-09,2023-09-28,2023-10-16,-0.0140464780681889,50,0.7,0.0007297754696513614,-0.0008260767522274559,-0.00732453508454789,-0.029468171612993865,0.031536447158453385,-0.01259424091540906,0.012784539095699987,0.0025518261695114397,0.0007000819669915614,0.0009441764597322155,-0.0002195714962229811,0.0007000819669917835,0.00018891242658969354,0.001051678600569872,-0.0023428408634803555,-0.0005561689772110023,-0.007660589062851053,0.004410646160719622,-0.0019843955415794756,-0.003105999219768285,-0.002080688064684977,0.0010134250514988175,0.00013134431797245938,-0.0014636238901587495,0.0009175077039791368,-0.28746669658427676,-0.21194085934139198,0.08568056719121386,-0.26849305588564315,-0.24245729539924224,-0.8047003851347224,-0.6606239117181115,0.11633367506914839,0.9729921140833995,0.4921597884637366,-0.040711400529687775,0.9729921140833995,-0.20461507634350906,-0.08814673511467296,-0.2149992409988329,-0.3252031862479781,-0.31709325415241285,-0.19067709102468341,-0.19791267270305568,0.5495837461905335,0.6693642132644928,0.28897364809980775,-0.1345012129089896,-0.6516548959705815,-0.27158699807638037,50,-0.000209786143508916,0.00017507941674903315,-0.0006275703204560088,0.007911999447735286,-0.007646241684539726,0.01013459051510915,-0.008445772226914453,0.0002968633164368934,0.000681174233094784,0.00046468568669424693,8.93906312763661e-06,0.0006811742330950001,-3.865433058888769e-05,-9.270203503020245e-05,0.0005037090074293268,0.00018086792348129708,0.0024291211146638234,-0.0008410091794652059,0.00039273702533402165,-0.0017070066868651284,-0.0013927381294666797,0.00029285313420734883,-1.7665970075999785e-05,0.0009537776738814576,-0.000249183163035646,0.0038392419210924534,-0.017885719989281353
2023-10-16,2023-10-13,2023-10-23,-0.0665228999057611,50,0.96,-0.008589937134112602,0.007352560488422366,-0.006239657862822212,-0.011581397115421055,0.010321641571771067,-0.00020568955625466234,0.0018760625939859832,0.0033911280398055688,-0.0013191461532029436,0.0007610039682546255,0.00016834287347955446,-0.0013191461532031656,-0.0001587580832347335,0.0012906198610507236,-0.0032288824880329914,0.0032083532931772574,-0.001984636342876489,-0.006567456310703101,0.006057270673954784,0.0008677229555171806,0.0018500557600027445,-0.0001048797392474432,-2.491772400559089e-05,-0.003792568465891155,-0.0013892670690823783,0.039683840405498175,-0.48344944861848965,1.0139236411939314,0.03871533661439137,0.24656851017031847,-0.14097540083581664,0.18421144324984923,-0.18665417159382142,-0.3649239439035448,0.22042460455716748,-0.2699202127260107,-0.3649239439035448,0.021361236137999645,0.5085023383302852,-0.22209412463307088,-0.3053013370233178,-0.07529357912696899,-0.08630357931563738,-0.20412457961633435,-0.47080632817859724,-0.5708878934643514,1.2347368260950986,-0.3165565778640445,0.2663421368224809,-0.010550767232612376,50,-0.0003408816943233869,-0.003554591314061886,-0.006326536620077042,-0.0004483776877884673,0.0025449917848636163,2.8997167640742278e-05,0.0003455921980652139,-0.0006329681950384879,0.0004813880168120079,0.00016774399876896105,-4.543914422050924e-05,0.00048138801681208896,-3.391268904793345e-06,0.0006562832172398008,0.0007171158297227391,-0.0009795145500501813,0.0001494303735206293,0.0005667949866127483,-0.0012364378299433705,-0.00040852945856332406,-0.0010561744356195565,-0.00012949887636006955,7.887869439370604e-06,-0.0010101207892510087,1.4657833469821792e-05,-0.01001019057123434,-0.05651270933452676
2023-10-23,2023-10-20,2023-10-30,0.0709080511084426,50,0.82,-0.0034053856066443844,-0.002118698829923882,0.0018656501903457912,0.009046302820672869,-0.007344729117006343,-0.006688696676189543,-0.001493365253617096,-0.004835475901724173,-0.003486615579654573,0.0001382344476490438,0.0014284975580223236,-0.0034866155796543508,0.0006252856926165506,-0.0005516360801182119,0.0034603133114532447,-0.0030090814727121717,-0.017781892801932542,0.01116837635103729,-0.003976330541839546,4.866679524084816e-05,-0.0006361756486363834,0.0027717995773941517,-0.0003397183767402945,0.003468476001170284,0.001186968907365804,-0.010241120288406326,-0.33083654641291077,-0.3193831013481142,-0.22709925924750937,-0.2505344223920656,0.07738156673996613,0.09909235810300057,1.135481733131278,-0.14986442056150576,1.2947255918174259,0.13846916435642712,-0.14986442056150576,0.19192470766623282,1.0710374770227025,0.48868937942763446,0.3060915941444418,-0.29824343354565697,-0.22131583432363716,-0.266555979514028,-0.5737583653939783,-0.6042951005054276,-0.10610446767305243,-0.3348793150637411,0.12012791346413187,-0.11682833576454402,50,3.487496362605269e-05,0.0007009430037810921,-0.0005958571438233384,-0.0020544086695034633,0.00184010746695537,-0.0005175818282519507,-0.00014798108449000355,-0.005490594557404294,0.0005225196235656511,0.0001789756770419632,0.0001978028631445479,0.0005225196235656178,0.0001200077737633094,-0.000590822915484503,0.001691018364799269,-0.0009210545448929733,0.005303332764189164,-0.002471738530170196,0.0010599146824515858,-2.7922980886352483e-05,0.0003844378275318289,-0.00029410031865579814,0.00011376465731735577,0.00041666078492100207,-0.0001386716020518061,-0.00016385409896086943,0.07107190520740347
2023-10-30,2023-10-27,2023-11-06,0.0325143693386747,50,0.9,-0.002230363373666333,0.0012099692241620552,0.017766138732678405,0.015924952008196325,-0.013128121813636096,0.003254553125881632,-0.00636217986544807,-0.00024137364969623043,0.00036176733085047097,-0.0011185787066950725,-0.0028846911111882756,0.00036176733085047097,0.0005326854878344722,0.00034626820074712406,0.0007896034858192458,-0.0004979217856002638,-0.0007594473695683446,0.001320726490796842,-0.0012673283962972848,-0.0018791863493090588,-0.0005434171041048819,-0.000171641946163259,-0.00022677116043534618,0.0054744705383809045,-0.0019445074243360505,-0.3855293985189431,-0.1604820118553716,1.0725579581539295,0.18696314166624517,0.35405495043937185,-0.6053237468267825,0.046975454832607504,-0.3298726822026195,-0.6980584236771757,-0.008363896650791507,-0.35312942819007737,-0.6980584236771757,-0.09097438758582013,0.14069130706439872,-0.24673727210273694,-0.260453571657721,-0.11891166557949771,-0.05505693491292238,-0.23185092210666805,-0.6125922293905124,-0.6976446931484055,0.9023014121128691,-0.13196737422250032,0.08790433393836128,0.40792729893062657,50,0.0008598706499282621,-0.0001941782953766097,0.01905521348340099,0.002977379058336565,-0.004648076518088964,-0.0019700582924054863,-0.00029886629290628067,7.962257323833102e-05,-0.0002525347327113791,9.355676698573612e-06,0.0010186693225989146,-0.0002525347327113791,-4.846073603159495e-05,4.871692575795049e-05,-0.00019482461013385283,0.0001296855074657787,9.03071516353402e-05,-7.27151524415741e-05,0.0002938312572934903,0.0011511749551634544,0.0003791120588448454,-0.00015487277040090964,2.992639459204199e-05,0.0004812296863415555,-0.0007932176613599548,0.017723754906728104,0.014790614431946597
2023-11-06,2023-11-03,2023-11-13,0.0211830313256579,50,0.58,-0.0024926259990677435,-0.0008080863258690396,0.008519044773102946,0.017869821123371432,-0.013856648315605957,0.001337168229397001,-0.0005670254829085453,0.0012023525321398498,0.0005915016507169746,-0.0005472975001371561,0.00022071478283147705,0.0005915016507169746,0.0015222839492066154,-3.137872304004308e-05,-0.0010780542126577197,-0.0013913312821481894,-0.015257123222725988,0.004387471616910554,0.007345023765653602,-0.001286062088204254,-0.0027276358546922674,-0.0018980591786998957,0.000706420168444577,-0.0007663757362299517,-0.003230668103216594,-0.28769109517368924,-0.2595872968849288,1.0918723208259913,0.32023431661536583,0.4860894899476715,-0.31694624460276305,-0.002931998068865038,-0.39555525903014405,-1.2074770349381756,-0.21530267979709328,-0.35331581128382344,-1.2074770349381756,-0.28036747094444014,-0.24395436533752676,-0.17763333826608332,0.030387920799587045,-0.18663029246082963,-0.11372065837315068,-0.23101001813557726,-1.4359035587041888,-1.3515470158357312,0.18145644176016812,-0.38885419071630556,0.05290542146251988,0.04625909246643036,50,0.0007171063035302104,0.00020976894498201773,0.009301709187628444,0.0057225299554816795,-0.006735571112117161,-0.0004238104487095055,1.6625176208851203e-06,-0.0004755968672961279,-0.0007142246593687689,0.00011783461842577973,-7.798202255843623e-05,-0.0007142246593687689,-0.0004267989008983733,7.654976464335736e-06,0.00019149836862620485,-4.2279664807907075e-05,0.0028474413691682667,-0.0004989461608685802,-0.0016967740733098845,0.0018466611291670287,0.0036865280996958784,-0.00034441506481711016,-0.00027469444290619227,-4.054543132389456e-05,-0.0001494477745150436,0.012035084187924977,0.009147947137732924
2023-11-13,2023-11-10,2023-11-20,0.0355577848620681,50,0.74,-0.007731190627420781,0.0015054384470447602,-0.006794552913178098,-0.014975356488313274,0.02075657215778781,-0.002461584046642429,-0.012717709724295645,0.0014033838404376997,0.0002079608394722765,0.0015079910435589206,0.0008502083972734553,0.00020796083947249855,-0.0021751122163328196,0.0012832926549690704,-0.004005062421991723,0.002851807584166366,-0.00907203672969259,0.008264434509240859,-0.004090783390776065,0.0004017614127982405,-0.0003506843300338236,-0.001065857739128151,-0.0018167146888943275,0.015413589045883302,4.0528769385872465e-05,-0.24678069444387118,-0.30257313656591167,1.2106228062321693,0.7948336941506051,0.9200136398090649,0.35310495298609496,0.3557641994536983,-0.5001636682588009,-0.7794868017554799,-0.407749943549822,-0.3116498730891093,-0.7794868017554799,0.6706351593471858,0.0784936518300665,-0.267487908505886,-0.17780928679407165,0.3480395294469005,0.8517018780322995,0.5019230279362682,-0.9273439891500366,-1.0251758205687687,-0.007464747365324819,-0.250059495956046,0.4859858738577891,-0.48105305508349633,50,0.0019079085919128484,-0.0004555052328292482,-0.00822564071484463,-0.011902917918828273,0.01909632950084586,-0.0008691975190609962,-0.004524505818948555,-0.0007019216096084436,-0.00016210272965062956,-0.0006148832628847871,-0.00026496733910956737,-0.00016210272965080266,-0.0014587067277983708,0.00010073032685522387,0.0010713057706940841,-0.000507077872614546,-0.003157427394527207,0.007038834392395384,-0.002053258386129717,-0.0003725710312308749,0.000359513095803034,7.956358749967932e-06,0.0004542867594008604,0.007490786541748442,-1.9496488331848426e-05,0.0020753685623572083,0.03348241629971089
2023-11-20,2023-11-17,2023-11-27,-0.02490262425388,50,0.66,-0.00851922820233586,0.001687393191935449,-0.010266953199127293,-0.031037137047792762,0.02958744247219114,-0.0012032006649613791,0.011056160379115942,-0.004181114987243162,0.00024076434880759834,0.0016431698436576436,0.0015162784537634533,0.00024076434880759834,-0.0001677241808993868,-0.001990414721243061,0.002229624304460609,-0.004452628174493656,-0.019529729869396384,0.003506347317765224,0.001760491830762323,0.0006199043005918892,-0.001512112777434349,-0.00021005710306287728,0.00033244347714433964,-0.005070948693926436,0.001523917242640449,-0.3336967855796229,-0.22117905490285814,1.0804004561916323,0.3970365014705179,0.5526927740921183,-0.08604400613001834,0.003481241383720789,-0.4922164789417054,-0.6707656413917275,-0.446700109108712,-0.3902415534963458,-0.6707656413917275,0.09812002627829473,0.5080067722864146,-0.28202722116103923,-0.25348038572583725,-0.07234600379984636,0.054896086014798576,-0.03847180827282946,-0.7444264505627836,-0.8244846107342929,-0.1503153122822764,-0.32179974138259715,0.10259420953673763,-0.27371563317284403,50,0.002842839066738746,-0.00037321603144179974,-0.011092420920035265,-0.012322876309116637,0.016352765658246282,0.00010352820539157905,3.8489163056832546e-05,0.0020580136970712224,-0.00016149645285219028,-0.0007340041484460146,-0.0005917148593296872,-0.00016149645285219028,-1.645710103735329e-05,-0.0010111441580500512,-0.0006288147468201405,0.0011286539071643825,0.0014128979113413238,0.000192484743953798,-6.772930417897061e-05,-0.0004614731581782249,0.0012467137146893097,3.1574799044006714e-05,-0.00010698022496937984,-0.0005202499728547348,-0.0004171199729723451,-0.003259232946437504,-0.021643391307442493
2023-11-27,2023-11-24,2023-12-04,0.0115715427810361,50,0.74,-0.004794241052061721,0.0020034558700696703,-0.010650194766115395,-0.004387125335202247,0.010003324735187835,-0.00575502214789525,0.008697458059308216,0.001952812830830375,0.0007955237279715366,-0.00038027533712692296,0.0009444278808212747,0.0007955237279715366,0.00170419226454821,-0.0007500087128539112,-0.007237076111905494,0.0037034583284469846,-0.010852310673712062,0.01305365072028919,-0.01145018597371572,-0.0017836964434007063,-0.001850964377533293,-0.002305163063401783,-0.00219042549700188,0.006246554695054529,-0.0017931224821051694,-0.36095721061490815,-0.16395567984935114,0.7353143405471989,0.7938554541578102,0.8488340054993705,-0.23306110862153395,0.015323278143414302,-0.42038249601698124,-0.9540992380973323,-0.3436596473848735,-0.3634967569564743,-0.9540992380973323,-0.3666417539719756,-0.7209529087290637,-0.27860932782323283,-0.2944800239042784,0.12456535095110581,0.5648680693899641,0.30660262311808995,-1.0810260444897144,-1.2807459258210923,-0.37941335962283007,-0.5451003583516677,0.08495699239383094,-0.2495487718396029,50,0.0017305158771676813,-0.0003284779692254461,-0.007831240941145371,-0.0034827433754242147,0.00849116220328042,0.0013412718419299485,0.00013327356898346017,-0.00082092833207846,-0.0007590085827459926,0.00013068528826620224,-0.000343296471857809,-0.0007590085827459926,-0.0006248280409794287,0.0005407209631041684,0.002016316910943565,-0.001090594497089567,-0.0013518218877013747,0.007373590480860669,-0.003510657054731201,0.0019282223107798372,0.0023706150853657387,0.0008746096623637252,0.0011940017233583546,0.0005306884997153965,0.0004474715131673253,0.008200540193561635,0.0033710025874744646
2023-12-04,2023-12-01,2023-12-11,-0.0027811269706013,50,0.92,0.006995395488744061,-0.003063834967786505,0.015501699932295443,0.022499538964353416,-0.02251986137038653,-0.0009684290716048816,0.013628943252832482,0.004461594217559428,-0.00020280982911902168,0.0019229301639203111,-0.001072338425314845,-0.00020280982911946577,0.0008405090359278056,-0.0003654113804792969,-0.0025984795111383407,0.002321193683816558,-0.005799000031956658,0.0006984199766426613,-0.000337774557480075,-0.0038489359850086835,0.0023894542546332165,-0.0033021446721585024,0.0007892641501774378,-0.006385238596214093,0.0011724741621459422,-0.2715179610531842,-0.1332508799511559,0.09826401442978733,-0.127767454658601,-0.08694946973868051,-0.21611932092605968,0.17957992737437287,0.2063647135707803,0.483588232608878,0.5873304137550606,0.6374917229704731,0.483588232608878,-0.2765049794800325,-0.5853459477801585,-0.02699020136073929,-0.11393022515753706,-0.1772761416546681,-0.0037683202326162513,-0.18480068777055275,-0.0158633475717833,-0.19668048157129184,-0.47461760034990313,-0.37139160466948473,0.19178177664178936,-0.3777064008486822,50,-0.0018993755198644304,0.0004082587054826732,0.0015232592658333127,-0.002874708824467452,0.0019580900047437037,0.00020929623332030143,0.0024474846395331064,0.000920715612775701,-9.807644681937626e-05,0.0011293953687974028,-0.0006836068703614045,-9.807644681959101e-05,-0.00023240493373199978,0.00021389207083631013,7.013348523737921e-05,-0.0002644541190314734,0.0010280243511205734,-2.6318701288459104e-06,6.242097053371197e-05,6.105700931173687e-05,-0.0004699590134938332,0.001567255980308086,-0.0002931260792424958,-0.001224572402263664,-0.00044285099587221803,0.0030154401757372155,-0.005796567146338515
2023-12-11,2023-12-08,2023-12-18,-0.0178972393735046,50,0.78,-0.008513789940813976,0.007374863265914522,-0.004506433872987992,-0.021785551857898877,0.020140659833258523,-0.004713986823826066,-0.0007774679035286169,0.0017087225561969177,0.00016330726820257269,-0.0003798020025549409,6.698017975459436e-05,0.0001633072682021286,-0.0005656799453699346,0.00034250723769724267,-0.0030640589080823677,0.002810947795481189,-0.008661825995800232,0.0025263530480066354,-0.0007385045467990237,0.0011512257481938182,0.0009511425398680551,-0.0001324094945437393,0.0001462547567618877,0.009143123094752514,0.0010767980965278312,-0.09121688780460176,-0.4397734362710072,0.5701801195460174,0.1483078895026315,0.24735071364687278,-0.09147641740233961,0.1909173559838971,0.26756231198607944,-0.3974066544491588,0.6255824844455448,0.006937614527909526,-0.3974066544491588,-0.4868424467350321,-1.0413852981948764,0.16751763901225844,0.08762203604928018,-0.23778831327907357,-0.14757701738142145,-0.23049677038655006,-0.5701853820521837,-0.6572016479974557,-0.5492180396000074,-0.4555677543725477,0.2257984462798918,-0.04175904004805487,50,0.0007766014218231755,-0.003243268960480052,-0.0025694790044265155,-0.0032309692176951147,0.004981806583075401,0.0004312186263254424,-0.00014843211650402715,0.00045718975767881085,-6.48993951036159e-05,-0.00023759748035571306,4.6468266814746536e-07,-6.489939510343942e-05,0.00027539700867283825,-0.00035668200186324647,-0.0005132839140764368,0.00024630096906829736,0.002059680993458169,-0.0003728316476772823,0.00017022291295295776,-0.0006564120930622032,-0.0006250924446817715,7.272168301774037e-05,-6.662895110431637e-05,0.0020645029889409137,-4.4966054836574954e-05,-0.0006593350492884158,-0.017237904324216187
2023-12-18,2023-12-15,2023-12-25,-0.0405569840220597,50,0.76,0.0030261637234691996,0.0030677700317316425,-0.012202050745189652,-0.026695237771936386,0.02393141974524382,0.0021325594800860603,-0.008642432836327485,-0.004021941693504005,0.0024225067944931844,0.0007030780281138682,0.0021276448340503684,0.0024225067944931844,-0.001086589070590116,0.002480262137138256,-0.0025152152743690426,3.3456315290614214e-05,0.0031073458133852316,-0.012986031305025514,0.010655082859263754,0.00036666603537982567,0.0018881331113722588,0.00453899955395376,-0.00024156376116080125,-0.0018384160802280558,-0.0032341406918922067,-0.09154160440457579,-0.3644280747252704,-0.4910694960663121,-0.18485279726545017,-0.24719053471068975,-0.18529160701635258,-0.035150721282866865,1.2409110383410706,0.4181477161094086,1.5001386821701537,1.1943529882318369,0.4181477161094086,-0.0656612725615319,0.049536432982226514,0.6749472266862625,0.7407202125209585,-0.1515427516674172,-0.13031957844941708,-0.28187323844795836,-0.34487270358277705,-0.26095353194804377,-0.6857509648829698,-0.42134272953064794,-0.04251821540043249,0.01412772684418858,50,-0.00027701988243729553,-0.001117981526363844,0.0059920549104158505,0.004934689375808744,-0.005915620443212779,-0.0003951453731231035,0.00030378774783564397,-0.0049908718430332994,0.0010129656833768495,0.0010547145465575286,0.0025411589654440883,0.0010129656833768495,7.134682112639923e-05,0.00012286333913470311,-0.0016976375739543121,2.4781768972231955e-05,-0.0004708957349426267,0.0016923341254018586,-0.003003382711472006,-0.00012645310693341867,-0.0004927150042006401,-0.0031126233237271602,0.00010178113448318152,7.816617089475525e-05,-4.5691056270728156e-05,-0.0027024273068425287,-0.03785455671521717
2023-12-25,2023-12-22,2024-01-02,0.0292548073762087,50,0.78,-0.01313810938407678,0.004818893922259537,0.0018310072281151335,-0.007462579781163492,0.006883853077342739,0.004089073558104062,-0.011528005912884942,0.0012263830151277855,0.002547272918043575,0.0001307305875302145,0.0006160942078297094,0.002547272918043131,0.001086098634204058,0.000799229039341931,-0.00575705310523289,0.004344710220961279,-0.010673231564973351,0.004591560471277845,-0.0025585095917122214,0.002343159424117669,-0.001675849142005137,-0.00025795091694125194,0.0009152231799538502,0.004142800981062678,-0.0016628712906663345,-0.0583693970758073,-0.4389807012645507,-0.3664721425873357,-0.4054833953098261,-0.4182661404381973,0.21992696898123462,0.23715663164173917,0.559043424694541,1.319274766020007,0.9440356944288769,1.0327540314368198,1.319274766020007,0.1077889306548551,0.3401060287502765,0.08861732974319952,0.02621554566690278,-0.3587361590568968,-0.226207039988772,-0.2598832404768374,0.6407137128867433,0.5255862232876456,-0.12066793819689892,-0.16684979893568788,0.24230160692679867,-0.3883627797386916,50,0.0007668635234645676,-0.002115401433312973,-0.0006710131419802515,0.0030259521874366315,-0.0028792826580037547,0.0008992975535751386,-0.0027339430518458453,0.0006856013607642543,0.0033605528829410377,0.00012341434098218112,0.0006362737768810063,0.003360552882940452,0.00011706941036655404,0.0002718226146324827,-0.0005101746733755338,0.00011389894920706966,0.003828874096343372,-0.0010386433031372123,0.0006649137634852423,0.0015012943745119948,-0.0008808032213463211,3.1126405303300395e-05,-0.0001527048035565808,0.0010038073348894048,0.0006457973167908435,0.010055146487957061,0.01919966088825164
2024-01-02,2023-12-29,2024-01-08,-0.022272437902496,50,0.86,-0.009533983073208074,0.007483136643369637,-0.007421480652915813,-0.0009576936800530511,-0.001114035519503731,-0.00039182554177008555,0.0023024075359172613,0.00391547665791081,0.0026728247963274665,0.002452457895605109,0.0013176897023348122,0.0026728247963279106,0.00029700947790889387,0.0011598865774651301,-0.004233338814525922,0.004541704148189218,-0.006363687847437127,0.0018264192539572122,0.0012481893773377273,0.00037964565362469394,0.0012398043562860117,-0.0015723292730061011,-0.0013619123661163801,0.0008453110619592863,-0.0008932008145193793,-0.046785878144723306,-0.4741882360419225,-0.40474789064199157,-0.511000957517606,-0.5303682695034341,0.11315587149005779,0.08632048717120151,0.3226354660160164,1.1531072757906795,1.0440423426191485,0.9350220970462715,1.1531072757906795,0.0858070037995379,0.5610196332088186,0.10450206410811795,0.2054116900566163,-0.40756855524500857,-0.38659039130736744,-0.35880657279155537,0.7722575822443966,0.5707009648120414,0.13440800208245782,0.3083530724492203,0.08211281177941684,-0.15231640085833736,50,0.0004460557702969676,-0.003548415364980121,0.0030038286397080258,0.0004893823875156689,0.000590849090644553,-4.433736065105807e-05,0.00019874494016702365,0.0012632716361998886,0.0030820537195589428,0.002560469886502385,0.0012320689887333734,0.003082053719559455,2.5485493399427225e-05,0.0006507191422533193,-0.00044239264418697194,0.0009329191248166923,0.0025936390620101683,-0.0007060761340786288,-0.0004478585526773754,0.0002931842345777998,0.0007075575423105987,-0.00021133363620051343,-0.0004199498624985732,6.941086812572185e-05,0.0001360491333113272,0.015537379824418097,-0.037809817726914094
2024-01-08,2024-01-05,2024-01-15,0.0124779464869815,50,0.9,0.0001068401547035247,-0.0020459416204710035,-0.003938611829920724,-7.778369397370977e-05,0.0012996396137487931,-0.006100647227932798,-0.010907778156081238,2.2683620860552978e-05,0.0002493239745766651,0.0009681218387649349,-0.0003672731878096025,0.0002493239745766651,9.855438560801844e-05,0.0008306146276166881,0.0002655696854614309,0.0030400094828557656,-0.005700525766667575,-0.0020228050023128885,0.0026667120584318305,0.0013377054934020638,0.0021465333032140155,9.363652907845577e-05,0.0011717746245751837,0.010180240360431858,0.0009907108523488084,-0.46569011429561746,-0.0362794541983139,-0.5791763577949235,-0.8470446465027899,-0.8651714830279782,-0.09031194849258382,0.07077330691541167,0.4232167885622387,0.9502010631694331,0.6901827368349164,0.5631598655046973,0.9502010631694331,0.27363987611074775,0.5563901828624268,0.014717639106041267,0.0140983648094932,-0.2665097640600463,-0.3627979859000505,-0.4161049814528694,0.5664325688786205,0.4686615655503059,-0.10123205459493168,-0.11150029045771527,0.09064314086926371,-0.19552799669787738,50,-4.975440385524587e-05,7.42256453123019e-05,0.0022811508544214837,6.588626156564218e-05,-0.001124411132028952,0.0005509613382204912,-0.0007719795312055607,9.600089173566637e-06,0.00023690790571637588,0.0006681809802684343,-0.00020683351905033718,0.00023690790571637588,2.6968409867949025e-05,0.0004621458245478557,3.908558788126234e-06,4.285916271361935e-05,0.0015192457770927897,0.000733869580707663,-0.00110963217161392,0.0007577199590307735,0.00100599765839015,-9.47901822375014e-06,-0.00013065321099111325,0.0009227689610735889,-0.0001937117082666091,0.006002850177371699,0.006475096309609802
2024-01-15,2024-01-12,2024-01-22,-0.0955157169644544,50,0.22,0.025206068568662365,-0.0026060113102072124,0.006101651731067026,0.05742873685428851,-0.05390891350309657,0.002655355387226832,-0.0014415074862638155,0.003152504722572891,0.002060625086532042,-0.0014239754821836481,-0.0011414162924914262,0.002060625086532486,-0.0017942581635589372,-0.0005133150892979721,-0.0019957489684949703,0.00233847152693456,-0.002247809834992065,-0.006322748475022344,0.004860505746629995,0.0005037310762345815,0.002184278408855711,-0.002621462897026805,-0.00048326396494613455,0.002621084863422718,-0.0006491319176282762,-0.38081829192377015,-0.15071250286672633,-0.5279049262660817,-0.7022905344100656,-0.7228750338408341,-0.1790928792044957,0.07513033687252262,0.44886389644805574,1.0287523471149154,0.7841828743242548,0.7324727409252685,1.0287523471149154,0.43785579753702986,0.6885584290388345,0.08771511161370045,0.07937382337150055,-0.24443132584522964,-0.29423130192345526,-0.3921460592389595,0.6237622582594343,0.5082635246405829,-0.24891915755292235,-0.04187813994497029,0.09701668938829484,-0.009908289550598672,50,-0.009598931978431431,0.0003927584870603257,-0.003221092007190248,-0.04033165829589331,0.038969407672873525,-0.00047555524160962197,-0.00010830094304726372,0.0014150455533449649,0.002119872894293714,-0.0011166571865860399,-0.0008360563202979529,0.0021198728942941705,-0.000785626339192425,-0.00035344743148894067,-0.00017505734352446387,0.00018561342593818696,0.0005494351382150573,0.0018603505155403656,-0.0019060281744492692,0.0003142084336675378,0.0011101890428813278,0.0006525323358841555,2.023819595437544e-05,0.000254288976055043,6.4317869963963265e-06,-0.008938165908711819,-0.08657755105574258
2024-01-22,2024-01-19,2024-01-29,0.0592719890252787,50,0.62,-0.005751733333254072,0.002493765834521877,-0.00528515778430283,0.025755696391488003,-0.03985687165309515,0.000530290845471626,0.019995858579770598,0.01377931752783157,0.0023456800620758056,-0.0018290232981699184,0.004761519004739201,0.0023456800620760276,0.0033850998304831847,-0.00213911289163915,-0.002377949090065612,0.005476657651991346,-0.012658343731048016,-0.012876249428557585,0.011641073453603656,-0.003714305992754463,9.515571414753232e-05,-0.00860479827833871,-0.004143328904334886,-0.007924255338694897,-0.0033660247752785866,-0.3223961434033093,-0.1776441760750838,-0.49985404278101453,-0.7019910016943753,-0.7129896727484489,-0.05500275670288679,0.11368217745058072,0.4164928311223129,1.4597105461607753,0.2064027150168003,0.3918118506546613,1.4597105461607753,-0.05695826837423928,0.23565217197097554,-0.05005021679833419,-0.06656802858584916,-0.3448804216043142,-0.3483534059017723,-0.38486753074415964,0.9431028059211859,0.9156398224649911,-0.406536640108156,-0.1638504635527526,0.15557434540530637,0.05301247051674495,50,0.001854336644525374,-0.0004430029769978326,0.0026418074852193186,-0.01808026710919687,0.02841753787671724,-2.9167458355243978e-05,0.002273172743342198,0.0057389869680998795,0.003424013924531116,-0.0003775153745712538,0.0018656195731742073,0.0034240139245314397,-0.00019280942461825313,-0.0005040865990058798,0.0001190168674931854,-0.00036457030313266945,0.004365614922776167,0.004485485343678783,-0.004480271195299826,-0.00350297240381661,8.712836120857593e-05,0.0034981657808842645,0.0006788863616267897,-0.001232810837141963,-0.00017844128915808912,0.033487871806514045,0.025784117218764654
2024-01-29,2024-01-26,2024-02-05,-0.1855839025978933,50,0.52,0.08076903633720733,-0.031110360172844742,-0.008421654578743887,0.06328464270096879,-0.06420714274398753,-0.001834254261560031,0.027941878477431237,-0.005976531815876318,0.005148849373197928,0.00033354403074947747,-0.00019864225382781875,0.005148849373197706,-0.0016127116874720127,-0.0008273345588948322,0.0008085013198151358,-0.0016840139344318494,0.003636449786311502,-0.0001480815493294374,-0.010876617264178656,-0.004175063694921044,0.019188649122377388,0.003754570951929548,-0.0004122718934029823,-0.02564183538108311,-0.0037691143058776744,-0.19522487072065586,-0.3253178191828582,-0.5408238596525533,-0.7443103361643563,-0.7717225529119797,-0.22665312088241799,-0.052434845117436686,0.8207651536043538,1.1576625600148625,0.040330719521353205,0.8960360654722104,1.1576625600148625,0.6616273523832623,0.3179023390302687,0.2240049684244365,0.12609763069346738,-0.31658880646690174,-0.34856737737683896,-0.4298394294529944,0.5050422923459766,0.41943890057131883,-0.5130594386686025,-0.30756652174982496,0.011011109001841457,-0.11467346494480449,50,-0.015768124677163257,0.010120754525423098,0.004554631733936867,-0.04710341368279925,0.04955010011357395,0.0004157394528744561,-0.0014651280702543444,-0.004905329053879033,0.005960630146507233,1.3452070752178785e-05,-0.00017799062355641082,0.0059606301465069764,-0.001067014163939651,-0.0002630115914332428,0.00018110831261630475,-0.00021235016718664036,-0.0011512592976251784,5.1616397287661e-05,0.004675198959213142,-0.0021085837391733872,0.008048465891338773,-0.0019263180650384143,0.00012680103226916987,-0.000282345044388381,0.0004322173972280246,0.013660478003090639,-0.19924438060098396
2024-02-05,2024-02-02,2024-02-19,0.1402099750578901,50,0.76,0.005635094145455488,-0.011450334606042833,0.02749604385003024,-0.030212729006233063,0.04771121231870712,0.01773855584739592,-0.02068274855941843,-0.000833492190804086,0.00498091726839478,0.0018600198930485146,-0.0003676841009391252,0.00498091726839478,6.107505764574306e-05,0.0008791672275685336,0.00280615001842599,-0.006874910987868854,-0.01174912699665065,-0.0062403225552752906,0.008755826355457685,-0.002235424635246841,-0.0011083546536037048,0.0012825504288640488,-0.00020871432562774572,0.008853145754612157,-0.005500470268864022,0.17657324844866817,-0.7620562090255629,-0.7693037578298619,-0.6967498189945723,-0.79813248792844,-0.602749869892274,-0.2665924158321811,0.613660538047219,1.1657960752195178,0.5087496073914015,0.9767247649321861,1.1657960752195178,0.08030246601985351,0.0445228078408385,0.02973900741668114,-0.08151607682911155,-0.48037623316341266,-0.4456803219418592,-0.4915769457340358,0.5257809060694805,0.4646016484630939,-0.24864678480841262,-0.17104078793554683,-0.10009276716729194,-0.13184767575467246,50,0.0009950068785771473,0.008725798581955215,-0.021152809859282928,0.021050713466424953,-0.03807986859001175,-0.010691912229094727,0.005513863904504922,-0.0005114812662669907,0.005806733802487756,0.0009462843903286284,-0.0003591261670590692,0.005806733802487756,4.9044777412578765e-06,3.9142993532996555e-05,8.345211621029044e-05,0.0005604157722804207,0.005644001369609599,0.002781188965456137,-0.004304162377193463,-0.0011753435901701219,-0.0005149433991460227,-0.00031890204049169645,3.5698662708805926e-05,-0.0008861358567144938,0.0007252242205073996,-0.019275521970617982,0.1594854970285081
2024-02-19,2024-02-08,2024-02-26,0.0808133537663266,50,0.86,-0.013214305787857317,0.015596326749090617,0.01264345216422691,-0.008804218029791588,0.025409563277550173,0.019191625771274312,0.048265275695028365,-0.001624646579629907,-0.0016297577526395157,-0.00062921674525096,-0.00016815702282158007,-0.0016297577526390716,-0.0005124294058834744,-0.00015729953477516823,0.00010333997305589371,0.0010974804416787887,-0.0033814322915963757,-0.005499552003296437,0.014538818463903036,-0.0019397622099871503,-0.0026096502432536584,-0.0018422691760612286,0.0020949512525945124,-0.06569967094726947,-0.0020762993781974215,-0.21806375404099737,-0.40812752601321783,0.18983943477237744,-0.17355489273988667,-0.10558113662542518,0.45990628279095036,0.33198049224857085,0.3499898678839245,0.8922369820145056,0.12723647396266594,0.42961304856324767,0.8922369820145056,-0.09218918415238059,0.13996200108401063,-0.16107587665539128,-0.2790613765397,-0.23430849185921535,-0.2443869620178482,-0.21636985903410433,0.4738966037575241,0.5548034713729273,-0.4813916997648358,-0.1267942836906232,0.32928466557689107,0.04414986102242126,50,0.002881561127145846,-0.006365290251000126,0.0024002258124284285,0.0015280151158190555,-0.002682770571999411,0.008826349269181775,0.0160231299837485,-0.000568609841762741,-0.0014541301386298247,-8.005932002399718e-05,-7.224245121169862e-05,-0.0014541301386294286,4.72404488640866e-05,-2.2015957656716465e-05,-1.6645576753522593e-05,-0.0003062644027802807,0.0007922983005679973,0.0013440188065447875,-0.0031457621015571332,-0.0009192467234100999,-0.0014478430140263338,0.0008868530900884784,-0.00026562784343949505,-0.021633894176383416,-9.166832898835584e-05,-0.005796508883863633,0.08660986265019023
2024-02-26,2024-02-23,2024-03-04,0.0039960151522681,50,0.78,0.024699889961592225,-0.007511588236922884,0.009447414454408332,0.012785015785358622,-0.01358199257301096,-0.005121417332411671,0.018847755121154774,-0.005423084449794113,0.002224247704105231,0.001371776247544032,-0.00038321422852127807,0.002224247704105231,0.0014641819197329653,0.0005738387826939029,-0.002745036106687193,0.0006215572733281327,-0.026587320793185376,0.012189182998615822,0.009370877676063483,-0.00385239833815032,9.477567520410624e-05,-0.001371354103347211,-0.00024165312762913782,-0.005194854582303732,0.0014437786218755022,-0.37739311352119953,-0.13682454925868087,0.40034830328373777,0.3075172927144845,0.3748264998117352,0.8525021035535306,0.36408725807427006,-0.14817954260600874,-0.03658539833874526,-0.38603024510508965,0.09675039825067888,-0.03658539833874526,-0.30983499613196785,-0.4801569969546171,-0.2310102317752931,-0.18564266093660028,0.01865397519976448,0.09661856820678279,0.37828284911275795,-0.0790835555410594,-0.01351145857626641,-0.4014637196022923,-0.28152058333658814,0.353114355188565,-0.6409701640253624,50,-0.009321568376236312,0.001027769674733783,0.0037822563472406346,0.003931613441625433,-0.005090890736610681,-0.004366019049056461,0.006862227482916524,0.0008035901732842503,-8.137498825872947e-05,-0.0005295471210687629,-3.7076129224760316e-05,-8.137498825872947e-05,-0.0004536547994369606,-0.0002755327066343975,0.0006341314272373566,-0.00011538754614513233,-0.0004959592227042625,0.00117770140893672,0.003544842305988434,0.0003046613579413958,-1.2805576095579609e-06,0.0005505489192216377,6.803032945526587e-05,-0.0018343777261285443,-0.0009254190200798524,-0.0009220900988717084,0.0049181052511398085
2024-03-04,2024-03-01,2024-03-11,0.0228946527893914,50,0.74,-0.014770365225514559,0.005591324855059421,0.005740121650710028,0.0022079124929128557,-0.0009762545412512758,0.00016987895016606913,0.002173233904428473,7.341388167092511e-05,-0.0017781549421647114,-0.0007304354528121504,0.0008424163120086536,-0.0017781549421647114,-0.001122217897312816,0.003629659103984384,-0.0006852041843372625,0.0027906840071636463,-0.03001450360444935,0.0268995695852432,-0.0005254786754721463,0.0020227135774959493,0.0019070276843839995,0.002059148028089597,0.0005937869253087591,-0.009835726094882369,-0.0029478788986107007,-0.29167789817647416,-0.22218508265379092,0.8214205041941102,0.6075369169584952,0.741122830320143,0.1274463895556207,0.09103860226255062,-0.4407946181160176,-0.16649946795136297,-0.09058700441034738,-0.17410635933253663,-0.16649946795136297,-0.35171201819782055,-0.6028824849305146,-0.28134253301272294,-0.22982941150159547,0.02112800712767622,0.3607493164105351,0.6188119867550851,-0.1420719654409689,-0.13356085187714992,-0.14023407249451328,0.7001326342291726,0.010270162186373817,-0.5203925371811282,50,0.00430818908427697,-0.001242308975065573,0.0047150536204617595,0.0013413883488584217,-0.0007235245287250383,2.1650458860164723e-05,0.0001978481770487537,-3.236044393554994e-05,0.000296061851805511,6.616795958536835e-05,-0.00014667003712616895,0.000296061851805511,0.0003946975215216051,-0.00218825790006077,0.00019277708085236217,-0.0006413812630533351,-0.0006341466460884694,0.009704001339614104,-0.00032517250316634944,-0.0002873708934789831,-0.00025470424207963555,-0.0002887627138480506,0.00041572960418726244,-0.00010101450221519111,0.0015340541793507324,0.016618006429385414,0.006276646360005987
2024-03-11,2024-03-08,2024-03-18,0.0603122785493401,50,0.82,-0.008470521931544406,0.005062659874441211,0.014334021553042087,0.016232042566024063,-0.021597084522191667,-0.003268901212388875,0.014801866765511651,-0.0043704030580525854,0.0007593610557470321,0.0011678630264753131,0.0019816182058742804,0.0007593610557470321,-0.0002962755553279628,0.0010675222052236588,0.0020195065807842028,-0.006012432292203607,-0.020735909057642776,0.016980207394792224,-0.0015989235342693808,-0.0008999815364093555,-0.005750560622102552,0.0032026248515253375,0.0009169681195504431,-0.007579530423715619,0.0001889376490307182,-0.1647849613772577,-0.4200370415704909,0.4466797147001828,0.6194489300794609,0.6175164168460203,0.0960149976145635,0.2524218604747721,-0.4199390072560742,0.22548921627548457,-0.07886447789438497,-0.21143642851930608,0.22548921627548457,0.14748618186106832,0.6647736855113225,-0.27003946948324825,-0.2550933222978407,0.3875793300814565,0.9718857222669732,1.0359319967041853,0.4405551638340278,0.5360968982288581,0.5160060713317322,0.4557278369659863,0.21787464742588786,-0.9072633750464811,50,0.0013958146293347592,-0.002126504676137919,0.006402716657819111,0.010054921400527873,-0.013336554248464444,-0.0003138635421097616,0.0037363147474501483,0.0018353027215075135,0.00017122772933052282,-9.210290783513186e-05,-0.00041898627613889283,0.00017122772933052282,-4.369655043408893e-05,0.000709660670731706,-0.0005453464856928947,0.0015337313285090398,-0.008036809741191194,0.01650282112813064,-0.0016563760494329926,-0.0003964915132204237,-0.0030828577125861906,0.0016525738675849614,0.00041788789768949135,-0.0016513875187208309,-0.0001714162091329569,0.012711807076848566,0.04760047147249153
2024-03-18,2024-03-15,2024-03-25,-0.0120758297378833,50,0.56,-0.00894563402431392,0.006396625678276813,-0.004626740194774381,0.012373062781040556,-0.016233911450133753,-0.009470957227634691,0.0057591470197699834,0.007393993695028023,0.0001139043010343066,0.0018784955838089257,0.002352835510421425,0.0001139043010343066,-1.072526712253552e-05,0.003163229317499683,-0.004181810824823051,0.0035593789899406314,-0.012953931588555623,-0.0038052007279291145,0.007931109280509663,0.00027933424335535584,-0.0016186026613255189,-0.0008659625304275886,-0.002029696773166778,0.00876574750527137,0.0006416758609322226,-0.5096834593260618,-0.0050142125559469375,1.1482271799709327,1.062485744386873,1.2180845682949382,-0.7816732368515247,0.15129531672983043,-0.4473115989256382,-0.1644805113101265,-0.35174059884488457,-0.27736922982024104,-0.1644805113101265,-0.00339404785366856,0.6774362395785198,-0.2931076065759188,-0.31606968895023946,0.4498065841008736,0.9703110197261227,0.8269309457536019,0.001421755830750726,-0.06515023054654998,0.3712203487505168,0.3369366824221337,0.11923436615520089,-0.5745653900754879,50,0.0045594416953772384,-3.207404079170819e-05,-0.005312548846303952,0.013146202819259387,-0.019774277020474428,0.007403193792207551,0.0008713319724497587,-0.0033074191421690728,-1.873503767454532e-05,-0.0006607431615764226,-0.0006526041734193043,-1.873503767454532e-05,3.640206985726366e-08,0.002142886173771513,0.0012257205620171533,-0.0011250118102065529,-0.005826763718524607,-0.0036922281985794832,0.006558479698207025,3.9714508921881943e-07,0.0001054523365486169,-0.00032146291255020945,-0.0006838792970737242,0.0010451783476675654,-0.000368684741338547,-0.004736846193692219,-0.0073389835441910805
2024-03-25,2024-03-22,2024-04-01,0.0234503030395926,50,0.78,-0.010129180899769219,0.006091884612531739,0.0006507695343089814,-0.008614085939652738,-0.004750381735455278,-0.00776212641668772,-0.03130088973851497,-1.4034311474397931e-05,0.000314589380367325,-0.0009676421972878435,0.00437731168228539,0.000314589380367325,0.0003728993462448482,1.0818856503114205e-05,-0.004379002964253198,-0.0013172215006931332,-0.017697922702883284,0.004276699878962509,0.006077150567723066,-0.0013168616226213459,0.003592423433911529,0.0015185655411320553,-0.0012919912665533273,0.0390585330221076,-0.004156940923092489,-0.5942534848828397,0.1327163657269853,0.9556904322146225,0.29503803671438406,0.568544076721989,-0.43523503641501393,-0.04715899462996575,-0.055234009321238044,-0.09059741992256218,0.3144893572455926,0.2068007172041232,-0.09059741992256218,0.16700468458554377,0.697120854199798,-0.19091038647661254,-0.2468613150105874,0.12201921289386507,0.48142676866143497,0.5139348005597637,-0.13414790552236483,-0.24476178495396625,0.06199586839963744,-0.2264195179880799,-0.06350339964808585,0.17179723354077112,50,0.006019301048696556,0.0008084927862033565,0.000621934217515859,-0.002541483003724124,-0.002700801397861421,0.0033783493736250217,0.0014761184910917775,7.751712907940534e-07,-2.8500986196317177e-05,-0.00030431317266876683,0.0009052311953226057,-2.8500986196317177e-05,6.227593770177636e-05,7.542050486916014e-06,0.00083599714828781,0.0003251710318213262,-0.0021594865980622832,0.002058917803263671,0.003123259164994409,0.00017665422853743636,-0.0008792879719946426,9.414478944424711e-05,0.00029253203981781324,-0.0024803496321708575,-0.000714150950579709,0.008349821778646935,0.015100481260945663
2024-04-01,2024-03-29,2024-04-08,-0.0299892289631764,50,0.9,-0.004728217837882909,-0.003562638047400535,-0.007807385660612343,0.007829752945667012,-0.017222378057860643,-0.0023854502577543846,-0.014285108964003368,-0.0019476830847003912,0.001526357581953297,0.0012160878654046137,0.002160076056816118,0.001526357581953297,0.0015685206094060433,-0.0012939149472117606,-0.0019106028786434193,-8.012583817751384e-05,-0.008952554781009425,-0.006408490586819138,0.007963268801908674,-0.0030508211840246657,0.0020363407674817147,0.002085849540251372,-0.0008672000360808729,0.014540628531590993,0.0004471965060839356,-0.3034370336971304,-0.24558539035046134,0.2112201528689727,-0.35057708456308695,-0.1947428727204565,-0.1965805095930956,0.0655355465236895,0.22214719078247624,0.21338016348365163,0.8723268082298752,1.1628933252289193,0.21338016348365163,0.010464560987811913,0.6775797902309527,-0.04436054811657785,-0.006875055874456923,-0.15868081325731542,0.02295135498796713,0.043766490104648954,0.07401879815185532,-0.03984629758784533,-0.01708168808248898,-0.2963849077314449,0.07791521757014955,-0.44234631731774465,50,0.001434716395401049,0.0008749318555482657,-0.0016490771927415643,-0.0027449319605411834,0.0033539353780655382,0.00046893302727833816,-0.0009361824231064166,-0.0004326723258007396,0.00032569443037170574,0.0010608260461554887,0.0025119380284582674,0.00032569443037170574,1.641387957776945e-05,-0.000876730618508439,8.475539092973356e-05,5.508696144581013e-07,0.001420598673381243,-0.00014708354239513182,0.0003485243252193957,-0.00022581811741772599,-8.114064021133776e-05,-3.562983123357698e-05,0.0002570250026785352,0.0011329362356456364,-0.0001978157275835913,0.006290391589157424,-0.03627962055233382
2024-04-08,2024-04-03,2024-04-15,-0.0366170730311619,50,0.84,0.027772482390168607,-0.010959572438337783,-0.012825094645953272,0.019948055604660953,-0.035675543980170366,0.0012395957142159464,0.027801254799051156,-0.0036893487221432153,0.004736153922090702,0.0015733760788527729,0.002196555844889092,0.004736153922090702,0.0006030264498952942,0.0009595853861417147,0.006474173961017016,-0.005269868819698487,-0.008672723263288495,-0.0162256102520123,0.0108000357386564,-0.001199963544556315,0.011551994594525272,-0.0010078561780689776,0.002328599347125815,-0.01646401917911755,0.001063971970218125,-0.4336730949273539,-0.10249154840210128,-0.022125516576798086,-0.350857897843032,-0.2996353285028366,-0.3130762416814205,-0.26298702702947685,0.23729983054885076,0.5313231146636861,0.23355640725828214,0.22445733706633952,0.5313231146636861,0.8328831568922743,0.5027241684573833,-0.1633020354993771,-0.24482293043584805,-0.18545557639244606,-0.09344254386649369,-0.0008963415809090791,0.3269693524649345,0.3488090607730605,0.6550925790008251,-0.11140847713695859,-0.20256785357886656,-0.45145029977258827,50,-0.012044178391959854,0.001123263549030232,0.0002837618441880435,-0.006998932855507255,0.010689653340015742,-0.0003880879674111247,-0.007311369347291439,-0.0008754818266002041,0.002516428053411865,0.00036747206424297724,0.0004930330756613092,0.002516428053411865,0.0005022505732783335,0.00048240676531195064,-0.0010572457860111436,0.0012901847274510872,0.0016084048916853435,0.0015161622977342892,-9.680521107861832e-06,-0.00039235130314510595,0.004029440384571832,-0.0006602391029531214,-0.000259425707125403,0.003335081026395135,-0.00048033046490460386,0.00027664737237288723,-0.03689372040353479
2024-04-15,2024-04-12,2024-04-22,-0.0033078530819445,50,0.48,-0.007727684328524331,0.0015918808123287498,0.021898529332256667,-0.027748893580375356,0.024085694859926843,0.003679081533855433,-0.03571539140309454,-0.009263242093563995,0.002247062869533911,0.0010991007006884157,-0.0020249224638460017,0.002247062869533911,0.002182435984459552,0.0017439613501541995,0.007107778925338426,-0.005647268247859882,-0.007888451231211624,0.009526798274349435,-0.0018781521323286698,0.002449843216033143,-0.0014511930125528094,-0.003711015023209918,0.001794347690325715,0.034083892715618846,-0.004531851135936904,-0.20684230001840248,-0.39824563060446705,-0.3375732248683983,-0.6087909409429065,-0.6336532185551645,-0.15551538731524872,-0.03958336520975062,0.2705585901951068,0.7913814085924777,0.5693610559937946,0.2803798363902754,0.7913814085924777,0.7774667335476331,0.4431744086030029,-0.12801362977847316,-0.20260107741626876,-0.32251441560744887,-0.40132953245005915,-0.26926412744338313,0.6025516460682764,0.659589945479167,1.0093962531762395,-0.036599445457138224,0.05777710196338203,-0.08307075931969765,50,0.0015984120003281368,-0.0006339595779530142,-0.0073923571665650955,0.01689327503292129,-0.015261978069130227,-0.000572153789701907,0.001413735381517879,-0.002506249721470644,0.0017782837788876016,0.0006257851355874759,-0.0005677474291161354,0.0017782837788876016,0.0016967713760145807,0.0007728790399810818,-0.0009098925798955071,0.0011441426314750965,0.0025441392388820773,-0.003823385497190689,0.0005057189951174088,0.0014761570624299703,-0.0009571923200294558,-0.003745884659908827,-6.567213042321795e-05,0.001969268544739284,0.00037646431498611295,-0.0018631566296291211,-0.001444696452315379
2024-04-22,2024-04-19,2024-04-29,0.0455671323454933,50,0.78,0.004302885660158129,-5.427011676828464e-06,0.009796075588791364,-0.018956421926986988,0.029921795049882904,0.010963388186260525,-0.01716355179315343,-0.0005836012717581607,-0.0028811917753026606,0.0014267251895563327,-0.0017941397516423319,-0.0028811917753028826,-0.0003876895346991427,-0.0020737575568426925,0.006633344998127955,-0.005995508611823408,-0.02366184990224529,0.014172604160087365,-0.000890797412518296,0.004388142860350719,-0.005122166427014685,-0.0003542811106769239,-0.0016160107919510613,0.005382886443580315,-0.0021005559538910257,-0.08723904576165556,-0.47003718553325124,0.03323471937511674,-0.40431288559926465,-0.2967739170175036,-0.17138310012455055,-0.01902538193330492,-0.17379881127768,0.6762579775070583,0.20770972745348013,-0.0746225610966156,0.6762579775070583,0.5555701202482334,0.9194205232300774,-0.18867444831124977,-0.16448741424376176,-0.22408373859057915,-0.26257282998587705,-0.17439896744389874,0.7103966179034714,0.7946484196731781,-0.1512261794370073,0.46267629325100307,0.01312845169474316,-0.35801427695410604,50,-0.0003753796390137065,2.5508972944325418e-06,0.00032556982317091246,0.007664325649937282,-0.0088800083211487,-0.0018789394552302023,0.00032654312819680457,0.0001014292072917106,-0.001948428922776148,0.0002963447002737606,0.00013388330323279663,-0.0019484289227762982,-0.00021538872141178435,-0.0019066552579646353,-0.00125154270797998,0.000986185708635038,0.005302235788064254,-0.0037213407825837535,0.00015535414894488756,0.003117321846870416,-0.0040703214565302286,5.3576578814370745e-05,-0.0007476898830735349,7.066896465283196e-05,0.000752029021033938,-0.007656105304075532,0.05322323764956883
2024-04-29,2024-04-26,2024-05-06,0.0040784024475489,50,0.7,-0.007944944046758273,0.0017354089393843974,-0.008697690384203871,-0.006802979521146391,0.012583510284015054,-0.002861127669568586,-0.027647294282357238,-0.000538514004239321,-7.361857526744231e-05,0.00010396056790917818,0.0002630392926805669,-7.361857526722027e-05,-0.001291685329077974,0.00042082805339904716,-0.0021768771978013524,-0.0004742902934475879,0.0018112961391951732,0.011713177462044921,-0.00996073936968056,0.0009663787873830376,0.0016007583827928329,0.0019090097180036736,-0.00016424248810675834,0.025747673223317946,0.0001586438573133453,-0.22976028253519684,-0.337554699439455,0.26647153817542224,-0.33621555255065316,-0.12394656208365212,-0.0330628299188745,-0.11715273688166772,-0.16671805118091806,0.5186566053805044,0.2907229104199676,0.14010564924150087,0.5186566053805044,0.4274512614253677,1.2390604194914558,-0.1528522015095811,-0.12437077947552433,-0.2305547897748721,-0.10468810381899113,-0.05722324706129259,0.6320458212529669,0.6961431727026371,0.17305865159787115,0.1919760581160079,-0.12850409836280735,-0.674848437737279,50,0.001825432588909511,-0.0005857954429384436,-0.002317686935252385,0.0022872675186930117,-0.0015596828386479468,9.459697751513192e-05,0.0032389561925510336,8.978000532041225e-05,-3.818276034116079e-05,3.022371887146897e-05,3.6853290877035994e-05,-3.818276034104562e-05,-0.0005521325232790211,0.0005214313843783961,0.0003327404720999445,5.8987853493751676e-05,-0.0004176030005921806,-0.0012262303381968258,0.0005699858498643745,0.0006107956743129584,0.0011143570193277452,0.000330370647684948,-3.1530625441900776e-05,-0.0033086815325026704,-0.00010706055926452687,0.0009590098771016174,0.0031193925704472826
2024-05-06,2024-04-30,2024-05-13,-0.010457684134082,50,0.76,-0.007252854444964263,0.001451768476770976,-0.016198827505150115,-0.00017681635836508391,-0.0031365235122966517,-0.009889986194790201,-0.0315795674623065,0.002254587815744724,0.0008345885491722882,0.001643188200409762,0.0024696512481898747,0.0008345885491718441,0.0012344977547318337,-0.00123475289094932,-0.001853973065008896,0.003426593941359135,-0.018862826710977387,0.013084853675261243,-0.003089566934639243,0.002954012243880255,0.0014454519529520926,-0.0021376484412959362,-0.0002164485051597831,0.04100653167940793,0.00029261338523589586,-0.32969946387902505,-0.2095871783296621,0.4594625357913202,-0.11731668743922617,0.13837112791940626,0.45442676359995005,0.38210720040594104,-0.04077212248592382,0.4160433708236336,0.41454104976401046,0.005251802101200362,0.4160433708236336,-0.09203577316244538,-0.49147404544235257,-0.07028316726347494,-0.19557418855658665,-0.10102767420716922,-0.00029197516722738627,0.09974769224317008,0.4137023440669199,0.4389684910492936,-0.16815323976415708,0.15445574116733277,0.3948889548438309,-0.6373541680997594,50,0.0023912622220973213,-0.00030427205863438046,-0.007442754362362456,2.0743509448458755e-05,-0.0004340042961422254,-0.004494274418546696,-0.012066780113052485,-9.192433057881535e-05,0.00034722503324844463,0.000681168961557698,1.2970119614475681e-05,0.0003472250332482599,-0.00011361795532404717,0.0006068489984365023,0.00013030309902999754,-0.0006701533295942289,0.001905667511582913,-3.8204523399802815e-06,-0.0003081771717610696,0.0012220817896956434,0.0006345078626716346,0.0003594525108807122,-3.343171428901555e-05,0.01619302643665184,-0.00018649836072187883,-0.001297225475183377,-0.009160458658898623
2024-05-13,2024-05-10,2024-05-20,0.0156381782997454,50,0.72,-0.0012806364215556254,0.001743519798915294,0.0020613135641673885,-0.0076771166635069,0.01210662862780354,-0.003926535115305829,0.020148878196189157,0.004659362727756466,-0.0021240725224975776,-0.00013206002510635084,-0.000639166350391962,-0.0021240725224977997,0.0021667899459572038,0.001605792470972034,0.009655392650770755,-0.0002905052765551641,-0.012472895921129767,0.01407153438490849,2.5194324628996512e-05,0.0009224090552535369,0.0033457883190701754,0.0009383827504900744,-0.001263096842687661,-0.016802740588140463,-0.001981366520272587,-0.17905549029547557,-0.4117343616981786,0.0004118205332899905,-0.5191991343596299,-0.3737847551425788,-0.27116452318941914,-0.07552914723085605,-0.08133837083931368,0.7604013073991258,0.5183086591892049,-0.15792726964605389,0.7604013073991258,-0.2281883049869316,-0.46169952981267715,-0.17410091018629406,-0.19192405421877312,-0.3064102783450567,-0.25149505955528706,-0.31603363417020114,0.7332811560793995,0.7842359503113272,-0.17655953244385533,0.26431437906077615,-0.033242344282939935,-0.2678100662503142,50,0.00022930498235188584,-0.0007178670115145253,8.48891251273305e-07,0.003985952326070673,-0.0045252732172456804,0.001064737022328416,-0.0015218275878165562,-0.00037898497342513164,-0.001615147523117717,-6.844785454536544e-05,0.00010094179656703554,-0.001615147523117886,-0.0004944361250306995,-0.000741393628824525,-0.0016810126487052431,5.5754950448412995e-05,0.0038218235109622944,-0.0035389213781668303,-7.962253972965572e-06,0.0006763851784144202,0.002623887481946537,-0.0001656804196799065,-0.000333854657668616,0.0005585624875278939,0.0005306298990603561,-0.0037571282759024495,0.01939530657564785
2024-05-20,2024-05-17,2024-05-27,-0.0267297457271019,50,0.68,0.005210656789165213,0.00046880942676685855,0.004980966917398799,-0.005310407124263672,-0.001261815494938645,-0.0008914456510799029,-0.036441024677815625,-0.0008235567385186382,0.002524967725321181,0.0007003886973768747,-0.001247818930343092,0.002524967725320959,-9.301688193164015e-05,0.0023487653697100708,-0.0008760505961138421,0.00010984623913334879,-0.00988166761506637,-0.0043950282578241184,0.009151169082816546,0.005607386178473117,-0.00686621555720468,0.0012681532914520233,0.004472954685051489,0.039911335753075594,0.0036219204588010534,-0.3404962295000463,-0.17271749536117206,0.23521566800744328,-0.18135658322356407,-0.04291429359337112,-0.4386718944215525,-0.5439367673425839,0.009142922794747363,0.09295267509292124,0.5911983767344158,-0.2727621972446371,0.09295267509292124,0.6296373284744463,-0.03962157394232716,-0.13339532745740207,-0.23211209098705055,-0.25053015437032683,-0.1058420605437459,-0.16313192161996393,0.22181514915876285,0.32192904470552264,-0.3827910534491031,-0.31132185024991516,-0.5150917516010866,-0.7255687505727072,50,-0.001774208989929573,-8.097158999287863e-05,0.0011716014607989341,0.0009630772915825322,5.4149920610461906e-05,0.00039105215253307533,0.019821613161902354,-7.529715677369851e-06,0.00023470250459189213,0.0004140686609723403,0.0003403578332038345,0.0002347025045918715,-5.85669010424609e-05,-9.306178076914496e-05,0.00011686105613785824,-2.5496640252305167e-05,0.002475655713038837,0.0004651788469560944,-0.001492847797549066,0.0012438032015687998,-0.0022104342150731007,-0.00048543773436986746,-0.001392528528634256,-0.02055799984179078,-0.0026279523019660067,-0.002880211728557933,-0.023849533998543965
2024-05-27,2024-05-24,2024-06-03,-0.0255708245637537,50,0.74,0.01758514848294368,-0.006423405450626696,0.01117613655971228,0.007903899270155001,-0.01290600180162893,0.0009250968668998993,0.024918174010605032,-0.003516346739327547,0.000919761864480062,-0.0004897013909047621,-9.021920701379749e-05,0.0009197618644802841,0.0006446634222081471,-0.003516456594253481,0.004205276892242704,-0.007195079090902667,-0.014887199385199112,-0.004750784103836891,0.01689816433383884,-0.00018525069181696274,0.003049823418288744,0.001537811979235526,0.0025148921295559123,-0.022913319469518578,0.0009497284954376184,-0.40843081642812046,-0.07002905769004666,0.35541130765668044,-0.06816140901569626,0.11249504100488665,-0.8160066569585013,-0.6246888640407198,0.29718171544451194,-0.06319696728039617,0.8014167932555266,-0.2441512870178809,-0.06319696728039617,1.0528363083969094,0.6556634939024168,0.12753813837466985,-0.051428139189517746,-0.06959351853551649,0.034521720023288724,-0.05575821828580546,-0.017214524464784137,0.018792509704880566,0.1813877336109416,-0.10588577238398784,-0.5818496890753456,0.358823375802247,50,-0.007182316551898411,0.00044982503086849705,0.003972125309236975,-0.0005387409109718982,-0.0014518612018833874,-0.0007548852017217704,-0.015566105816653844,-0.0010449939560910765,-5.8126160455302655e-05,-0.0003924549183516655,2.2027135506151284e-05,-5.812616045531669e-05,0.0006787250575961438,-0.002305612216744431,0.0005363331861866515,0.0003700295289665312,0.001036052586355784,-0.0001640052387237478,-0.0009422115355555984,3.1890025664012917e-06,5.7313836186363246e-05,0.00027894022963328844,-0.0002662912956004398,0.013332107809023448,0.0003407847848285152,-0.009648277668152135,-0.015922546895601564
2024-06-03,2024-05-31,2024-06-11,-0.0335051667487469,50,0.76,0.007081250196526945,0.0033000211621283526,0.010762088993812258,0.0021418925780201103,-0.0008561049375296337,0.002178356016726335,0.018820909063837155,-0.0015286503318926448,0.0018319797821626516,0.0009315871581727642,-0.0018160258441366484,0.0018319797821626516,-0.0005375809510866913,-0.0008315584189972913,-0.0007900759214570785,-0.0028876498381046334,-0.008335624111353135,0.0028183973705553367,-0.0012331869423015673,-0.0030559436553880825,0.0011659010106470635,0.001804178363642217,0.00040973407333444456,-0.0202099431202013,-0.003878954535210588,-0.4324341751896385,-0.08476322297744084,0.7014988738347389,0.14917032212224854,0.426215275200784,-0.47899497288385895,-0.2021303129276393,-0.31270831940868865,-0.020023321634023938,0.16160415260473132,-0.25447953256237693,-0.020023321634023938,0.10514184981426426,0.020811058471232786,-0.25558336317198377,-0.2487024241306085,0.22673459516295694,0.30377976639150717,0.3414144965859589,0.04477430083974607,0.06380797459995481,1.4383561596546386,0.7644481700933242,-0.21520295017773713,1.0178943870141568,50,-0.003062174588046595,-0.000279720429595759,0.007549593309268536,0.0003195068058145132,-0.0003648850015499428,-0.0010434215811632218,-0.003804276238656047,0.00047802167624968306,-3.668232040527188e-05,0.00015054835327395934,0.00046214140793709025,-3.668232040527188e-05,-5.652225562216624e-05,-1.730561087999852e-05,0.00020193026116720422,0.0007181655147769816,-0.0018899743583182358,0.0008561720948257383,-0.00042102789910226755,-0.0001368277405756593,7.439378207342947e-05,0.0025950510624604094,0.00031322046258540007,0.004349239382391582,-0.003948366048873965,0.002970117719630126,-0.03647528446837703
2024-06-11,2024-06-07,2024-06-17,-0.0030380491934613,50,0.82,0.005997007103416774,0.0022510926353149774,0.016753328512972177,0.0010918213710431335,-0.007051069400387022,-0.003456285498465106,0.050467680052634245,-0.0004608880568564011,0.0008211526003509828,-0.0003118131141390812,-0.003145827457934458,0.0008211526003509828,0.00045115573635445827,-0.0011481931894389286,0.0016214054797922817,-0.0030312491735263736,-0.0018916042466993188,0.0042589664237613345,0.0032544121558877315,0.0020393444010959882,-0.006274515179718332,-0.0014773134512302555,0.004422438429396935,-0.041201749670823684,0.002087061974771265,0.1943192935610135,-0.7381038684176108,-0.24004422571433837,-0.34023582163326765,-0.39363864902680334,-0.32909434880376887,-0.010526552605096535,-0.24026448502339473,0.5818001858132498,0.24868024058441446,-0.2816206766028184,0.5818001858132498,-0.26254139889512734,-0.4334602479691975,-0.22376143922590588,-0.26695310694380425,-0.3131537783333013,-0.21751325553421064,-0.23405194342148405,0.6380531013039371,0.7534309356598599,0.8577708952099868,0.7502515748569348,-0.01018828578332371,0.09089846540987645,50,0.0011653341838163273,-0.0016615401822923787,-0.004021539771034354,-0.0003714767412536213,0.0027755734329625798,0.0011374440253972837,-0.0005312506889312354,0.00011073503163403628,0.000477746735465235,-7.75417602414822e-05,0.0008859300571792264,0.000477746735465235,-0.00011844705814206073,0.0004976961046107418,-0.0003628080237270914,0.0008092013847937042,0.0005923630169652099,-0.0009263816520432224,-0.0007617014897800253,0.0013012100197461155,-0.004727413842667176,-0.0012671964815675315,0.00331794139636288,0.00041977520041931526,0.00018971073072201425,-0.0006688896361402737,-0.002369159557321026
2024-06-17,2024-06-14,2024-06-24,-0.070952866839077,50,0.76,-0.008619568496992303,0.012168451404845682,-0.010812609014310026,-0.008091433827803196,0.0016044847770937398,-0.002369783353035948,-0.02040494741490606,0.0021249197785819796,0.0016806175301968818,5.6487337785071645e-06,-0.0007889896500330451,0.0016806175301968818,-0.0005767469953102955,0.0019614441984172615,-0.0002658143968585769,-0.0010305433718457158,-0.006314062465574755,-0.0065989101615822054,0.0035847024487876133,-0.0017059044631501097,-0.0003574293880985735,0.0009926103698327804,0.00010695129641891121,0.03473325156384255,-0.001134429706681206,-0.26087606864861945,-0.3509556520893853,0.4601922130542588,0.17995167329943726,0.3025381243346564,-0.7552520003359986,-0.2800484528488428,-0.37000124764727493,0.23133155158738006,0.09920856044378734,-0.33877462862888746,0.23133155158738006,-0.28686975615633603,-0.4473204034213923,-0.2973620677413462,-0.3403307353938937,0.07902157882199899,0.22951116351544,0.19592646834670355,0.35904127749455883,0.4796923988665433,0.39313859095069226,0.7521994047713857,-0.3330117585111757,0.16216146710936902,50,0.0022486391429428414,-0.004270586797705612,-0.004975878471185758,-0.0014560670567048558,0.0004854178149854493,0.0017897836177433496,0.005714373954006436,-0.0007862229692257037,0.0003887798608853952,5.604027464958913e-07,0.0002672896756819807,0.0003887798608853952,0.00016545126990856395,-0.0008773940101245588,7.904311868528523e-05,0.00035072558359555526,-0.0004989471848104407,-0.001514523549118592,0.000702338090864737,-0.0006124901177330849,-0.00017145616060240543,0.0003902334421591048,8.044870150583305e-05,-0.01156658118208625,-0.0001839607855678755,-0.013862243748268716,-0.05709062309080829
2024-06-24,2024-06-21,2024-07-01,0.0238140207050901,50,0.62,-0.004957759244056281,0.006572571362658319,0.006634420339061364,-0.009052794319708513,0.010389664474061755,-0.0009172142884699142,0.008798568497064396,0.007941170342139259,0.0014128690029298063,0.0009706127615760618,0.0011036262256445273,0.0014128690029309166,0.003516476725477613,-0.002627034313777976,-0.0027223036564517633,0.0033995691625852142,-0.015109352037009915,0.0006730489728674627,0.010148362673217948,-0.003734597567981335,0.0003699076726724204,-0.0022014359318636156,-0.002065254537830463,-0.007620203931997693,-0.002548519199586763,-0.4318048921709099,-0.10486079182021864,0.18677726201851447,-0.3816609784952093,-0.18940810029401203,-0.6568802098370118,-0.5560118583942998,0.030280688333614792,0.3026744217111783,0.19529382957071942,-0.29545542866990726,0.3026744217111783,-0.2826605810785234,-0.41608235808183447,-0.2288135085777702,-0.2977115439922734,-0.2475434003594239,-0.18564952338989962,-0.15794215031114214,0.1858696431005837,0.19161169010853576,0.38700840797873226,0.8569246176508982,-0.5657506544685741,-0.34797670446408735,50,0.002140784695789054,-0.0006892050373832447,0.001239158866009826,0.0034550983381758235,-0.001967886610724223,0.0006024999142756227,-0.004892108421262316,0.00024046410413446404,0.00042763930841542824,0.00018955468323840073,-0.0003260723595891556,0.0004276393084157643,-0.0009939693545726051,0.0010930626320386342,0.0006228998510468207,-0.001012090984301764,0.0037402203804690224,-0.00012495122103090594,-0.0016028542227453735,-0.0006941483170849986,7.087863434487751e-05,-0.0008519742152577148,-0.0017697674551821522,0.004311135361711697,0.0008868253123356554,0.004522833191266638,0.01929118751382346
2024-07-01,2024-06-28,2024-07-08,-0.0318410016960787,50,0.94,0.014054308916852998,0.000344819165535748,0.01674579607852178,0.005835527014593778,-0.016568078713904644,-0.0025624500420663443,0.012263423325807876,0.00016969269516931007,-0.0004066652366203627,0.00257861828193251,0.0010639927892297507,-0.00040666523662069576,-0.0015641474518572895,0.0008658663500176189,-0.002168095563779948,0.0016157308496047573,-0.017471461068458316,0.010046770113962822,5.7919024392560914e-05,-0.0018921105336034971,0.004005147841357637,0.0014515104518231237,0.0010421469917605286,-0.0016288978980405489,-0.0007350784929176513,0.06675035344672293,-0.532094318582126,-0.5628276298872723,-0.944659644400739,-0.9381376575888218,0.2695367125967232,-0.0687206789151444,1.284445652016647,1.3133158414616668,0.6514471857392772,0.2799388298204466,1.3133158414616668,0.018338664421033216,-0.4895223578930178,0.09897118087631952,-0.15593825858458654,-0.39532774568139784,-0.3666757182444569,-0.3609973872788694,0.4435449288566108,0.40772710729377193,-0.11411371982503926,-0.03998196256927421,0.04465967895922015,-0.2953580302282531,50,0.0009381300876493674,-0.00018347631891980112,-0.009424996717449991,-0.005512586874497064,0.015543138555409723,-0.0006906743605318975,-0.0008427507767733353,0.00021796104448920659,-0.0005340798974252795,0.0016798336228607835,0.0002978528963543695,-0.0005340798974257169,-2.868437522462504e-05,-0.00042386093728084584,-0.0002145789782000112,-0.00025195425502876035,0.006906953317953933,-0.003683906647574262,-2.0908616479455595e-05,-0.000839236032016007,0.0016330073436406443,-0.0001656372570224601,-4.166708201625117e-05,-7.274605718383942e-05,0.00021711133573131035,0.003968163123039732,-0.03580916481911844
2024-07-08,2024-07-05,2024-07-15,0.0334575225680721,50,0.98,0.011410517121095198,0.0003695771247005375,0.01353052432497992,0.013056257700390095,-0.01331660943489743,-0.0019534995350593,0.010180420928530998,0.0016779884348319118,0.0004264323184230978,0.0018076881379878174,0.0011652008538711733,0.0004264323184230978,0.0007289049843486328,-0.0005529101579347939,0.0012699333802215218,-0.003131532785373481,-0.010605689344717506,0.0027840234934417563,0.004434341018754617,-0.0010083032409480275,-0.00044779456720056565,0.0008378431735305281,-0.0016215227770044471,-0.01484393100400161,0.0014603755739299729,-0.5931317487300112,0.139505850124694,0.6159637732800772,-0.2901970239756631,0.12140650048444497,-0.36298682582261305,-0.1420934982563869,0.3205803712684085,-0.11425173746234335,0.20293947294730713,-0.15658908764903734,-0.11425173746234335,1.1593203348382577,0.07977007617572764,-0.2037029821089777,-0.29994585770541204,-0.303805753634779,-0.274664792836981,-0.2523746140851983,-0.18923388792949494,-0.2283302462347867,-0.5607869615041803,-0.3752902649828749,-0.20520404178752216,-0.21062942231790083,50,-0.006767939973948927,5.155817096798853e-05,0.0083343128176725,-0.0037888871289125403,-0.0016167229498090395,0.0007090945954771257,-0.001446571623457504,0.00053793015542251,-4.872063328993417e-05,0.00036685127797634665,-0.0001824577386355663,-4.872063328993417e-05,0.000845034370520332,-4.410568541679211e-05,-0.0002586892166308582,0.0009392902872414668,0.0032220694441882475,-0.000764673236079468,-0.0011191151033303616,0.00019080514249650556,0.0001022450437915049,-0.00046985152750120447,0.0006085417126577661,0.003046034638036242,-0.0003075980635040431,0.0020897141426423627,0.03136780842542974
2024-07-15,2024-07-12,2024-07-22,-0.0134344463949381,50,0.94,-0.004810595488043634,0.003940493847308879,-0.01389851135237652,-0.006222368053970806,0.013813267682953434,-0.0009589695617586713,-0.014995784139975932,-0.0017288006821272184,0.0006952343288215701,-0.0021288070822615968,-0.004678475596090137,0.0006952343288220142,0.0003826771852000199,0.00033781943384614266,0.0006484960116059924,0.0009130425748102855,-0.0029336393693728535,-0.0035762031528909777,0.003547517067820305,0.0009518719268408748,-0.007406920000361028,-0.004043295566481531,-0.0012919592181849238,0.004054781938197749,-0.0003909841528916269,-0.12732076886706528,-0.4429425657519058,0.212013983564326,-0.254312759086911,-0.09377065859139323,-0.26012560012389746,-0.05809192431309872,0.48697356523329893,0.9037627144295161,0.53217825291818,0.27328565849405706,0.9037627144295161,-0.22837585786847214,-0.4058852551384258,0.020946891160501982,-0.15524542311179704,-0.10639151133486205,0.2389208398297137,0.2159380196837795,0.46493044616307555,0.4528839850457765,0.10233846237612035,-0.2660714398490066,-0.06860814999667346,-0.13356263534259205,50,0.0006124887162461506,-0.0017454124550565935,-0.0029466787574313536,0.0015824275878595687,-0.0012952792079297519,0.00024945253275302534,0.0008711339572750479,-0.0008418802317532506,0.000628326864180365,-0.0011329048338378249,-0.0012785602840258692,0.0006283268641807662,-8.739423045674674e-05,-0.0001371159270973602,1.3583975373130352e-05,-0.00014174568084550737,0.0003121143262190295,-0.0008544294606903824,0.0007660438104195247,0.00044255423963623436,-0.0033544754466787664,-0.00041378465120590435,0.00034375344940865956,-0.0002781910874196735,5.2220873837396626e-05,-0.008005425057040086,-0.005429021337898014
2024-07-22,2024-07-19,2024-07-29,0.0016875115442606,50,0.9,-0.008997604853726249,0.001203243361967532,0.0013395721819997597,-0.002825981604898886,-0.0006802776593952675,-0.009555999581464802,0.00942414254092827,0.007818594871820128,-0.0002698418454873952,-0.0015314451876898838,-0.0017761855487157252,-0.0002698418454873952,-0.00113526146488796,-0.0005764076461960421,-0.008567813611833008,0.006610476407000299,-0.014302758238117441,-0.0034587811135408097,0.0165006154094145,0.005706503458247081,-0.009787328223514469,-0.0043448717109552115,-0.0029096072053312882,0.00089623501726388,4.8646101670213326e-05,-0.2865382277629327,-0.21418795652150055,0.9808269530023485,0.9781498735519925,1.1302245983736754,-0.31203702831023755,0.02530007229462512,-0.4746406862410264,-0.2872210677188741,0.03444290030808695,-0.4924573985308164,-0.2872210677188741,0.12468592953246527,-0.17111035556216103,-0.3395556369483053,-0.4145475891645736,0.3170003941386183,1.0057604592199878,1.1392960608963802,-0.31193125248537595,-0.3281884863404273,-0.3405302166754672,-0.5146169433920383,-0.24134229306492153,-0.5314538457749075,50,0.0025781577488978805,-0.0002577202368978859,0.0013138885015975318,-0.002764233549492102,-0.0007688665443726002,0.002981825711934151,0.00023843148760033733,-0.0037110232354012757,7.75042629761211e-05,-5.2747413926902176e-05,0.0008746957146285767,7.75042629761211e-05,-0.00014155113101194347,9.862931728935308e-05,0.0029092494082203174,-0.0027403570577512666,-0.0045339799987525985,-0.0034787052810962256,0.018799086138312052,-0.0017800367710431413,0.003212088434992157,0.001479560105158686,0.0014973331664790385,-0.00021629941419154433,-2.5853157814592023e-05,0.015666580469310246,-0.013979068925049647
2024-07-29,2024-07-26,2024-08-05,0.0170937631755141,50,0.94,-0.012583315217188584,-0.0016204888266351247,-0.026308763952591963,-0.011471512796918493,0.023950401725485237,0.003846193131809672,-0.011967306176236203,-0.0019917294119574658,-0.001584190167015942,0.0006992506146838995,-0.0009353416280595273,-0.001584190167016164,0.00016682912782117754,0.0005952959050763429,-0.0034619988482909037,0.003576757351497317,-0.0032519720138294295,-0.00974861311169295,0.004783025694801379,0.0005684105321757116,0.002084346609017018,-0.0023959629612529953,-0.002424323076311463,-0.0057695371531126804,-0.00260167868762895,-0.2913549370604895,-0.09745655395982332,0.07379131094044256,-0.2857367968057946,-0.14863290684228425,-0.28980517283623214,-0.26959203515623154,0.9813005802873066,0.5148538378531423,-0.27619488253188296,-0.06382219216029777,0.5148538378531423,-0.2288260849861654,-0.5385443284984723,0.19622600850539418,0.10214342513996387,-0.360504804034078,-0.40541010068261757,-0.3089057906505719,0.12814454434755737,-0.054788544330467044,-0.6326602401143545,-0.651016821795145,-0.2509744904480659,-0.04430319624091467,50,0.0036662110131162797,0.0001579272567742568,-0.00194135818128442,0.003277833321108172,-0.0035598178284993315,-0.001114646665325631,0.0032262904273892574,-0.0019544852277291573,-0.0008156263873773682,-0.00019312944138296658,5.9695553121540916e-05,-0.0008156263873774826,-3.8174856180976625e-05,-0.0003205932334572294,-0.0006793342154503957,0.0003653422467764817,0.0011723515335698843,0.003952186223127325,-0.001477504333954621,7.283870864800915e-05,-0.00011419831658818756,0.00151583050237142,0.0015782751041449174,0.0014480066471236398,0.00011526268145383071,0.007583556144117246,0.009510207031396855
2024-08-05,2024-08-02,2024-08-12,0.0067102215963709,50,0.62,-0.007079387742910059,0.005050563251753681,-0.006648439328737599,-0.012475937442014695,0.013898744659208928,0.005071051977441732,-0.017760661893977625,0.0033785821073677447,-0.0007213981345619569,0.0005139931336317627,0.00010681380817878505,-0.0007213981345610687,-0.001334824772924681,0.0021709354026711036,-0.0022954247567337216,0.0010169236645543034,-0.030309709513420602,0.007928615787149429,0.008074653824759359,-0.0004957718466194194,0.0031809967177833798,-0.0010169505970456516,0.0008422482977894497,0.019403644455932678,-0.002220745844558003,-0.32978500653980514,-0.12857574647855535,0.1053783186504929,-0.05527717376261025,0.009822285778313077,-0.37385969012462966,-0.4048859809787259,0.9178604266190178,-0.4028965388681041,-0.6284734004754662,-0.3007179128519347,-0.4028965388681041,-0.10343763603740222,0.33134794531363354,0.19816540477742786,0.1294558508523445,-0.2735631684614056,-0.32397722667664747,-0.2245650275521781,-0.21547341622241756,-0.4354361428605456,-0.7257886387709961,-0.6890036968278349,-0.4055882773284315,-0.4255786420379111,50,0.0023346759330934103,-0.0006493799402313894,-0.0007006013581121798,0.0006896345618337016,0.0001365174420025527,-0.0018958619208922563,0.007191043013774607,0.0031010668144359384,0.0002906488115609193,-0.0003230310125145946,-3.2120825459291155e-05,0.00029064881156056144,0.0001380711190354912,0.0007193349850836959,-0.0004548737760542668,0.0001316467182467615,0.008291620169636148,-0.002568690954105356,-0.001813284858631386,0.00010682565345798272,-0.0013851209412436504,0.0007380911895271152,-0.000580312190823882,-0.007869890728775105,0.000945102000838329,0.006831758717243857,-0.0001215371208729563
2024-08-12,2024-08-09,2024-08-19,0.0143793986263827,50,0.6,0.008031832617669155,0.004047650900945499,0.008451292896250129,-0.007005273424007807,0.008659395712805829,-0.001793449765309707,0.02446018485947765,0.0009905114503436785,0.002074741625226695,0.000846745771307944,-0.000465627709625549,0.0020747416252264728,-0.0007999573713559638,0.00034519412698608143,0.0013235637761450647,0.002755509523602928,-0.004239765240680371,-0.003708435446386882,0.0006842554459789429,-0.005134876212787409,-0.0008447485944460542,-0.002548771484797707,-0.0033149470740536646,-0.014749186892934807,-0.002083953408289707,-0.6141923494046705,0.2390546913150878,0.5236091127131032,0.05596945105429608,0.31832910075633797,-0.5854133888026007,-0.7150025431686313,0.8941343748775072,-1.2086984859389678,-0.36165579725698194,-0.3139227412040617,-1.2086984859389678,0.05203029491423419,1.2383016744285784,0.059740003393435596,-0.07564876969784491,-0.17125363851799358,-0.13028562234527913,-0.0102230673855223,-0.7253722457053666,-0.9214963017500034,-0.5263304492034845,-0.4151048076979269,-0.7946011056192127,-0.5594846481909546,50,-0.004933090145471283,0.0009676099366767632,0.004425173974684082,-0.0003920813080269661,0.0027565376503507675,0.0010499095047571845,-0.017489094380901373,0.0008856503364620581,-0.0025077370611260594,-0.0003062305169963526,0.00014617112698622121,-0.002507737061125791,-4.162201795046636e-05,0.00042745446544977596,7.906970447833459e-05,-0.00020845090535125626,0.0007260752239286303,0.0004831558200598079,-6.995189533153348e-06,0.003724696689888671,0.0007784327056905525,0.0013414960405106094,0.001376050467703852,0.011719720212110398,0.0011659399394833075,0.0036601052127383142,0.010719293413644387
2024-08-19,2024-08-16,2024-08-26,-0.0288377393461259,50,0.6,-0.0033100419827968297,0.0048789577377830184,-0.0055313795486163775,-0.007798222717561365,0.010958672503440736,0.00010183990406287258,-0.005808145015079869,0.00023178867412765314,0.00028508832497697867,-0.0004525813403036816,0.0026757441608660226,0.00028508832497697867,0.0007434009082489812,-0.0008497688239881285,0.0006812969890646059,0.0013558254514136614,-0.016495120659303364,-0.00010979719342474326,0.0038037939378654517,0.0017050703750502993,-0.001352112749711476,0.001346906392297953,0.0007227641521581063,0.007184356737352182,8.045057146111034e-05,-0.5060640606238256,0.09687118943045717,0.391366837758003,-0.3150027319280152,-0.011016521021109265,-0.4988837802313236,-0.5785576187028165,0.8409419529141878,-0.27684361426067716,0.19918192227036474,-0.1300243779115916,-0.27684361426067716,-0.10695615665347576,0.6155330061173965,0.14839298719311864,0.19955418447747816,-0.3229013136347386,-0.28858460013363,-0.29620706909425665,-0.49736671617761224,-0.45597739627776995,-0.60702079046794,-0.5607636513508488,-0.6260662872093793,-0.5018268832437691,50,0.0016750932866495026,0.00047263043923997353,-0.002164798522381282,0.002456461460214941,-0.00012072644599760697,-5.0806276317281204e-05,0.0033603465490052433,0.0001949208202842989,-7.892488227014925e-05,-9.01460213453854e-05,-0.0003479119699671783,-7.892488227014925e-05,-7.951130399901419e-05,-0.0005230607587342575,0.00010109969537297435,0.00027056064225066187,0.005326296129452572,3.1685779160274365e-05,-0.0011267106537736263,-0.000848045253290497,0.0006165328510874149,-0.0008176001829390246,-0.0004052998650296802,-0.00449788354854177,-4.037225953150912e-05,0.0032349048263294457,-0.032072644172455346
2024-08-26,2024-08-23,2024-09-02,0.0113830044570109,50,0.72,0.0002774253578754493,-0.0032071513240666816,0.007083324845438721,-0.001388110918185359,0.006621024202406289,-0.004606884034945247,0.03398398735828878,-0.0021948490923152653,-0.0019041655984810557,0.0019263107616327435,0.002477980151182946,-0.0019041655984812778,0.0006091403236727633,7.277312474007758e-05,-0.0029631431027876687,0.0005663184070419103,-0.01457034264495316,0.004972679063270702,0.0010470258299188906,0.0022248440444072592,0.0005675321392022425,0.0010631699768453018,-0.001284868708054998,-0.03274560339704302,0.0014486766320789268,-0.4988155277429543,0.015530793754050747,0.34515514800169256,-0.3853114961960101,-0.07734689530304789,-0.12889605031442242,-0.14368987577623543,0.3165464103428888,0.05367265610786232,0.10765708022283778,1.3310760650116036,0.05367265610786232,-0.20270316922839196,-0.021217588493002804,0.21144931635962447,0.5894247117205516,-0.2903923692618288,-0.16400271796158425,-0.10919459618249157,-0.1634478778165616,-0.31118682685595506,-0.4092133207933841,-0.4537870351312004,-0.2244762796988955,-0.14601103729952716,50,-0.0001383840762979202,-4.98096057521104e-05,0.002444846035371468,0.000534855094772018,-0.0005121156657824655,0.0005938091563610119,-0.004883154921893671,-0.0006947716014167449,-0.00010220162533969555,0.00020738099219921202,0.003298380068813454,-0.00010220162533970747,-0.00012347467411327759,-1.5440702140849277e-06,-0.000626554583360189,0.00033380206381271993,0.00423111632162461,-0.0008155328819270599,-0.00011432956269063136,-0.00036364603753118245,-0.00017660852553711803,-0.0004350633167926913,0.0005830567615611335,0.0073506112270637315,-0.00021152277776142957,0.010226942169829379,0.001156062287181521
2024-09-02,2024-08-30,2024-09-09,0.0102678503184227,50,0.58,-0.005428516059922672,0.0012602346918182405,-0.0037167186655883144,-0.0033719449213269748,0.006316613764114631,0.0028883908673449366,0.01312115789892676,-0.0030184971888446155,-0.0013778812969722498,-0.0008023680929785115,-0.000559433840577328,-0.0013778812969722498,0.000786376997499838,4.0661668413433105e-05,-0.0008089626563116958,0.002890204920837469,-0.018250815851823532,0.0033310470980305595,0.004613205717401536,0.0008362249533235833,-0.002622699271117135,-0.0028825637525988768,-0.0018481673242192187,-0.016044886529769098,0.0005425282923063879,-0.5282808191873085,0.05682598327073535,0.2861734704301891,-0.7325205120748371,-0.33381938461985894,-0.2973868727390531,-0.4094567168761308,0.5262642669343469,0.5123506632668202,0.432637763306679,0.9596128025508938,0.5123506632668202,-0.2500596977682235,-0.14859334339271307,-0.0008992627867033421,-0.03144674954388486,-0.3811344543977239,-0.29310902506676073,-0.3548793075621308,0.1492223846143899,0.052686861817310394,-0.3586037164351355,-0.4398983803882337,-0.41005303070628246,-0.32017368016304687,50,0.0028677809111074095,7.161407551446366e-05,-0.0010636262791440694,0.002470018820458582,-0.0021086081196180773,-0.0008589695272877519,-0.005372546234907862,-0.0015885272103306986,-0.0007059583964066787,-0.0003471347370948687,-0.0005368398755982197,-0.0007059583964066787,-0.00019664119432669254,-6.0420532574779e-06,7.274700126537936e-07,-9.088755027607945e-05,0.006956014741998093,-0.0009763599673551998,-0.0016371312506331202,0.000124783481609002,-0.00013818179408570919,0.0010336980745431676,0.0008130058126104899,0.006579254348870226,-0.00017370327994030945,0.004409781870054595,0.005858068448368105
2024-09-09,2024-09-06,2024-09-18,-0.0223053076205721,50,0.94,-0.0012349475875201854,-0.0013744671759446936,-0.012514543898407338,-0.006047649775083763,0.01416572404663441,-0.0031818334867133036,-0.006153201456705504,0.004439872862574967,-0.0022342305618129332,-0.0006196827432966012,0.001976178747836066,-0.002234230561812822,0.0033545900554370345,-0.00021850202092943416,-0.0035482229397043596,0.003837353937956589,-0.008653000634571972,-0.0011574914915432055,-0.002210688888123813,0.001806106567574739,-0.0017190168991489951,-0.0033881920460866466,-0.0012735861607132692,0.005755200629559809,0.0013082767427108344,-0.664975664620787,0.3008049972781126,0.9146472882048599,0.6476656100329052,0.919362131099905,-0.581024603737452,-0.43377798256441497,-0.320494523972595,-1.655104200072598,-0.2904725329969239,-0.2703707030051435,-1.655104200072598,-0.07947701108812914,0.13190074969578292,-0.05551729363341613,0.49284359215250817,0.3044094559844855,0.4843308189493494,0.4449859869733179,-1.4820702093133196,-1.385441064388485,-0.5330648539902877,-0.8730093451091692,-0.6208825984661012,-0.20412101162336882,50,0.0008212100927830728,-0.0004134465951188987,-0.011446393639798947,-0.003916854780844988,0.01302343024808698,0.0018487235407761524,0.002669123314202133,-0.0014229549395898067,0.003697884386787146,0.00018000081609984632,-0.0005343008373162613,0.003697884386786962,-0.0002666127910320969,-2.8820580370636015e-05,0.0001969877348203899,0.0018912152991430982,-0.0026340552158034616,-0.0005606088020260247,-0.0009837255767727218,-0.0026767767386476544,0.0023815966024587766,0.0018061260983382324,0.0011118526201043923,-0.0035733039215748354,-0.0002670467722054613,0.00460113394928539,-0.02690644156985749
2024-09-18,2024-09-13,2024-09-23,0.0493988777394004,50,0.58,0.006319147677890324,-0.0010287096709007404,-0.0002117799218243066,-0.0011681450370740754,0.006740933921250303,0.003019993757956918,0.006371120412896447,0.0038945226936228927,0.0010661831166536295,0.0015660877939220885,0.001485731877075347,0.0010661831166536295,5.4036092817622006e-05,0.0012661253123940064,-0.001743051079957758,0.0029737454432683386,-0.0016922660144129686,0.0036967234041451746,-0.0020935576721465843,-0.0025085268054807486,-0.0004265741129436673,-0.001488293108491856,-0.0015962546773612418,-0.012579770525789069,-9.18881931354365e-05,-0.4754381518025388,0.016724616728345625,0.6844253211219197,0.31514749823759713,0.5809582582978338,-0.6936375681155081,-0.29591636599455556,0.1518670735210672,-1.6937045525488308,-0.5316923496726326,-0.2347424071976035,-1.6937045525488308,1.385950375373833,1.2493896974684444,0.022509031587973224,0.3455456982059325,0.111955016709461,0.2336840730431632,0.13266767983673236,-1.300562378661734,-1.4494205684053123,-0.421589269001983,-0.5914992135518979,-0.4951274003488902,0.33878466220620074,50,-0.0030043638929434804,-1.7204774970557446e-05,-0.0001449475410017761,-0.00036813798601256,0.003916201230190363,-0.002094781125993251,-0.001885318799898049,0.0005914497642418925,-0.0018057991985269534,-0.0008326768989440649,-0.0003487642772748809,-0.0018057991985269534,7.48913431243185e-05,0.0015818839210090872,-3.923439181822002e-05,0.0010275649454808682,-0.00018945766992045686,0.0008638653819946319,-0.0002777474389680777,0.003262495589072763,0.0006182852932498021,0.0006274484036697705,0.0009441833862877131,0.006228589077419533,-3.1130310472126986e-05,0.006891494830469334,0.042507382908931066
2024-09-23,2024-09-20,2024-09-30,0.2989810219924351,50,0.4,0.057599952100572116,-0.015741645031193463,0.05787926550581535,-0.01616198326838192,0.043643301556326675,-0.008296414321596779,0.007152817530498234,-0.008965920892585078,-0.001761839706065138,-0.0006234054950223777,-0.011951280984849877,-0.001761839706064694,-0.001986944077072339,0.006573232182561339,0.025565991581853575,-0.012372501369483202,0.01465396669719543,-0.012587444306444873,0.015862788108641057,0.004760034490918219,0.004172614720510781,-0.002570409056782519,0.0037598455647740447,-0.032752695584911784,0.0018199807823362502,-0.5318040287197172,0.12653177737899637,0.6860308776629523,0.30954043011818294,0.5757587281916021,-0.7242747976987173,-0.37387096475166937,0.13828200167443114,-1.7499143658510794,-0.5169157674572249,0.01746196656465896,-1.7499143658510794,0.5153260288237866,0.3565640280890539,0.19909759527698917,0.7234264717401622,0.04479072925705588,0.10639838544187591,0.02497031064199259,-1.3473115569489922,-1.28834346337473,-0.5469146783958044,-0.8158916528748494,-0.5463824425901055,0.005147083735127804,50,-0.03063188658114699,-0.0019918183246661557,0.03970696331344155,-0.005002787252457815,0.025128011798153216,0.006008883804399248,-0.002674230790820028,-0.0012398254878812668,0.0030830686119702284,0.0003222481298965436,-0.00020869286896229298,0.0030830686119694512,-0.0010239240007326323,0.0023437781445786745,0.005090127444818795,-0.008950595012325558,0.0006563618548759938,-0.001339283751045268,0.0003960987467208733,-0.006413249481089929,-0.005375760900351241,0.0014057944426358743,-0.0030676266123976672,0.017895497815094263,9.36759348300809e-06,0.03720958924816087,0.2617714327442742
2024-09-30,2024-09-27,2024-10-08,0.1078123659999999,50,1.0,-0.0008412783251042777,-0.0008759835485354639,0.014108969350012046,0.012652944241936304,-0.03242646050860487,-0.004049090779253195,0.02900512829702251,-0.003392999304891342,0.00043797579227766725,0.0001689045713042514,-0.0014470931955123945,0.0004379757922778893,6.181447591435685e-05,0.0001622953248407999,-0.00014733875128658536,-0.0015757009673561528,-0.03237623174505977,0.01565791893514401,0.01023372375508158,-0.00047641028208122993,-0.005445236541253173,-0.0007606902315085984,0.0005574134904431371,-0.01894551314841808,-0.000362438767624762,0.24460223398978104,-0.7367404701315461,0.2269773863732131,0.3864509248197053,0.384955876927925,-0.34014409522365163,-0.013700802198481736,0.08708328171293334,-0.7658280648708248,-0.04599960065175026,-0.18779991223187342,-0.7658280648708248,0.42816112457618866,0.945664009757169,-0.0647435396757637,0.015365000158800156,0.4959103761326511,0.5478292510190773,0.47501042051791176,-0.5700869995924694,-0.6582104949756008,-0.44162810193336816,-0.6557557203733818,-0.07436314527942096,0.43214473654370766,50,-0.00020577855772768762,0.0006453725313755177,0.0032024169874855057,0.004889742003988449,-0.012482756540758717,0.0013772743195875085,-0.0003973935255390908,-0.0002954735143196397,-0.00033541415346027224,-7.769542828250641e-06,0.00027176397510856893,-0.0003354141534604423,2.6466555522578754e-05,0.0001534768476537931,9.539232289700519e-06,-2.4210645613648846e-05,-0.01605570926245047,0.008577866002757372,0.004861125424365445,0.00027159530828669036,0.00358411183907748,0.0003359421831003967,-0.00036552708497138056,0.0014088479466489937,-0.00015662600574842887,-0.0010465318296300256,0.10885889782962992
2024-10-08,2024-09-30,2024-10-14,-0.1026026742140783,50,0.72,-0.01307145781258967,0.006438066858029723,-0.006619434151536652,0.0017783777114213084,0.005611582707268914,0.016314283705756383,-0.013239059266305642,0.005329082907638449,0.0011081455685544306,-0.0016579736213524487,0.0022139532397227324,0.0011081455685546526,0.0008565060594787344,-0.0006561693373382527,-0.0009256768994133635,0.003673194359568921,-0.013280430705557733,0.014708425016352722,-0.002207161029063265,0.0010504318152944059,-0.0029079433763802287,-0.0018318503731253877,-0.0016262737163004193,0.015296141423596143,-0.0015334993644270378,0.3065739052934325,-0.7408498021508251,0.6834293836325628,0.31918607038713437,0.5701667622433375,-1.026821313244741,-0.023746112549397787,-0.5523389951238223,-0.5002258931690752,-0.128183894103712,-0.4602130305906027,-0.5002258931690752,0.36147854870591367,0.5424834928622454,-0.3067587977678874,-0.30418696148267577,0.2452334919846645,0.23611855700895262,0.14784220719855776,-0.17939538713474268,-0.26106658291111523,-0.2514049070453799,-0.02757852699376282,-0.06331330449326905,0.35844388910590774,50,-0.0040073678694839635,-0.004769640558005104,-0.00452391580218103,0.0005676333933726326,0.003199537943264219,-0.01675185421939205,0.0003143761913858415,-0.0029434602981365586,-0.0005543231067914927,0.00021252551510619018,-0.0010188901300386818,-0.0005543231067916038,0.0003096085673381939,-0.0003559610340283603,0.000283959532785549,-0.0011173378311725732,-0.0032568063969842845,0.003472932090735585,-0.00032631155817935313,-0.00018844262216339045,0.0007591668405705973,0.0004605361727766325,4.485023358423809e-05,-0.0009684492595242486,-0.0005496734761266652,-0.032261630788079684,-0.07034104342599862
2024-10-14,2024-10-11,2024-10-21,0.068620666573392,50,0.98,0.004160041500586464,-0.0038183887245759607,0.015674104990912152,0.0061662285876300515,0.0049697271575752655,-0.00894433664215577,0.021039682229568202,-0.0043393473587697295,-0.0010317072433826402,0.00011382278208382779,-0.0010717227248437933,-0.0010317072433824181,0.0003573074969631662,-0.0029396851242248223,-0.0015050169282010417,-0.0025059918956062965,-0.025793947851747157,-0.0008063178061399334,0.015418460075335982,-5.869093161847694e-05,-0.005682426536644192,0.0016744544222082602,0.002546429245034121,-0.008951538725215147,0.0011919335033885314,-0.38606685278400316,-0.10911791061271892,1.1670442457289163,0.7392160217304296,1.105720112399862,-0.22204191559152128,0.12313322551105765,-0.40329403853120527,-0.33265522851927143,-0.27611232275921704,-0.3619233754529798,-0.33265522851927143,0.3298177357693304,0.7127158133704189,-0.28648043953097646,-0.2861027700569009,0.8599926689665678,1.3253488065544778,1.4207031339733882,-0.24237264769679373,-0.37322585357655186,-0.279586400889967,0.2764138765340532,0.10001223145782184,0.6667106473159922,50,-0.001606054129582258,0.00041665459953289346,0.018292374036594915,0.004558174965628332,0.005495127271270769,0.0019860176417197026,0.0025906839366544136,0.001750032920907963,0.00034320280881243974,-3.142787274408189e-05,0.00038788150612513076,0.0003432028088123659,0.00011784634962179837,-0.002095160074364815,0.0004311579110925945,0.0007169712230731054,-0.022182606056208504,-0.0010686523420711856,0.021905054550073393,1.4225076492161723e-05,0.002120828494525078,-0.0004681546853594967,0.0007038683789395637,-0.0008952633628898728,0.0007946747576017861,0.034620660714258185,0.03400000585913381
2024-10-21,2024-10-18,2024-10-28,0.0288020761525887,50,0.56,-0.016502851508297667,-0.0005473015124842773,-0.02273615092177428,-0.008281265594658138,0.013120453369239282,-0.009825524478571435,-0.007092678309391753,0.003521815567035569,-0.006170495084495964,-0.0014806774992567329,0.0011132180399155978,-0.00617049508449552,0.00291918659635626,-0.00127764247153217,-0.010158905011541375,0.01024976497796537,-0.007839886812596064,-0.00034553455753461026,-0.002665660758969346,-0.0010214846438270087,-0.005516427633093346,-0.0024911228468674773,-0.003130142238423561,0.017498982988536138,-0.001896627847665977,-0.2951569298254762,-0.24032077476785116,0.9654029597589855,0.625317939776131,0.9116279562317731,-0.468442974557164,0.13852249439850461,-0.532839685677112,-0.3081947453135812,-0.4370341958262172,-0.41426059998859593,-0.3081947453135812,0.012863192282878234,0.1985202120522969,-0.27276526822293784,-0.20991948108289435,0.6864378197838366,0.798006494955403,0.8494807597576297,-0.19526687582107397,-0.36722945590273154,-0.056117499745014655,0.7818537927021674,0.1728014675106348,1.1673442267408007,50,0.004870930984554868,0.00013152792351183828,-0.021949547393407876,-0.005178423940390584,0.011960972089833887,0.004602697913326231,-0.0009824954913831144,-0.0018765630997519926,0.0019017141610249383,0.0006471067001656406,-0.0004611623731335643,0.0019017141610248014,3.755005849853142e-05,-0.00025363785437558707,0.0027709964503244305,-0.0021516253453961144,-0.0053815948109904935,-0.00027573882114416035,-0.00226442752678538,0.00019946211509930248,0.0020257947182276627,0.00013979558572388583,-0.002447313580808713,0.0030238499403626787,-0.0022140175682487094,-0.011222435004137592,0.0400245111567263
2024-10-28,2024-10-25,2024-11-04,-0.0264189716736815,50,0.82,0.006282834813921889,-0.005472086570787904,0.01885614602953556,0.007231762378897333,-0.01529035041200233,-0.004067268378654343,0.016444737008058485,0.0041883300221627895,-0.005163312913277984,0.0005753443412199744,-0.0010453740360187869,-0.005163312913277873,-0.0008280357143546357,0.0003138576841883456,-0.0023657150051953346,0.008308510291006765,-0.012701723118347719,0.0036236073064643826,0.0006105376572609345,0.0027750112183044795,0.0009268558437005581,-0.002526070641677869,0.0006026701417638503,-0.014816222730951178,-0.006188480276205999,-0.5113353333145391,0.11707872896680191,1.1740202164390552,0.4054898626990026,0.9156975385102635,-0.7185529952695515,-0.5546276415127739,-0.32783624848999515,-1.2275888754196462,-0.5865075733344611,-0.3647157771665431,-1.2275888754196462,0.2768436968628756,0.2061617795266744,-0.1131052397534899,0.13661490864865958,0.20254187834758391,0.564603302722866,0.5768378624485566,-1.2048430516971889,-1.1245608164676428,-0.3251946766496278,-0.1958293745300935,-0.4763680343320323,-0.0029647714454723727,50,-0.0032126354337369393,-0.0006406649405041535,0.022137496642801766,0.002932406334090892,-0.014001336235229925,0.0029225478760472106,-0.009120705702077308,-0.001373086401903867,0.006338425492650658,-0.0003374438134006413,0.00038126440397631765,0.006338425492650522,-0.0002292364682964294,6.47054586903903e-05,0.00026757476285104695,0.0011350663744123372,-0.0025726308586410777,0.0020459006530004985,0.0003521812371587469,-0.003343452984755903,-0.0010423057643397056,0.0008214647255145525,-0.00011802051690957757,0.007057974898568788,1.8347429613764528e-05,0.01682226266223196,-0.04324123433591346
2024-11-04,2024-11-01,2024-11-11,0.1516834157548366,50,0.62,0.0017323385076328801,-0.002360855274217921,0.024570415583209604,0.0054131706640854205,-0.0074820397383141835,0.005730790703316169,0.006229175684451471,-0.005978578017369007,-0.002146878209361658,-0.0020615152818620475,-0.001958426603433261,-0.002146878209361658,0.0012907479517114684,-0.0043073716610335655,0.0025224338510989597,-0.002069678177022527,-0.02896351520393914,0.010979808506214495,0.010282553465238653,0.00014696159107874252,-0.0024545564005166165,0.000345233305395487,0.000729788726852032,-0.021456550342528802,-0.0017582411726854152,-0.47180583619504324,-0.030910989020044542,0.8939594660059987,0.5080238349199849,0.8254722797525942,-0.7066919858222509,-0.4998507702009769,-0.3825236997514482,-0.9094825864484721,-0.40565214493240914,-0.36030163480457067,-0.9094825864484721,-0.02577972082735956,-0.5208076207613989,-0.130685015766719,0.22615676490423836,0.04145029850374539,0.2542461793873456,0.304350147899896,-0.89656920203663,-0.8512031956727535,-0.5038570642838284,-0.19568476966668624,-0.4252634434201506,-0.6927455544224397,50,-0.0008173274181666043,7.29763714592644e-05,0.02196495559431153,0.0027500197198450367,-0.006176216399985712,-0.004049903862458197,-0.003113658263590265,0.0022869477824566703,0.001952548346640105,0.0008362580958982795,0.0007056243068617665,0.001952548346640105,-3.3275121853607834e-05,0.002243311986517966,-0.0003296443076013733,-0.00046807172090831625,-0.0012005463509210453,0.0027915743631097135,0.0031294966679339723,-0.0001317612364435017,0.002089326252078755,-0.00017394823974957246,-0.00014280853891938407,0.00912468648258161,0.0012180137559803185,0.03648112661171752,0.11520228914311909
2024-11-11,2024-11-08,2024-11-18,-0.1007389323220899,50,0.48,-0.008409577539388313,0.003075864615575963,0.012744530426302747,0.00706826008505157,-0.013508898530950164,0.0054259907174827315,0.02862864244896346,0.014392121982539585,0.004274329508976882,-0.0007700564150291411,-7.722884989147527e-05,0.004274329508976216,-0.0022703951711416925,0.0026549620405402763,-0.004849945790758259,0.0017621637149205505,-0.01690026005332468,-0.00693903474527402,0.013900610466414998,-0.0039084568667541175,0.0044702638497304825,0.0019923731420281587,0.0008045164746717237,-0.031194974243258566,0.0013783677797425398,-0.38829207771807334,-0.1776130429392147,0.7738848940731965,0.5949598417935933,0.7928394958734511,-0.369436032713349,-0.28240249433529974,-0.3961906588446383,-0.9162142687640613,-0.6119986409454405,-0.4620968152324718,-0.9162142687640613,-0.4377367571253768,-1.0694671089636032,-0.19091018652744884,-0.02075159927636123,0.23003405913332156,0.49745196130609615,0.4801188838693809,-0.717855423954636,-0.9487843039958576,-0.5049086250057058,-0.09744771443364844,-0.1643376887207176,-0.5206897788404843,50,0.003265372335500331,-0.0005463136740415046,0.009862799578971931,0.004205330901958252,-0.010710388301084133,-0.0020045564842062786,-0.008084800037020725,-0.0057020242904347596,-0.003916201685523903,0.0004712734794491525,3.5687205578917346e-05,-0.003916201685523293,0.0009938354196086794,-0.002839394577904718,0.0009259040555616746,-3.6567715271375316e-05,-0.003887635420475001,-0.0034518364436077085,0.006673945582238203,0.0028057069610921853,-0.004241316175344379,-0.0010059663836397353,-7.83982916809757e-05,0.005126509966839429,-0.0007177020143949924,-0.016772937693354726,-0.08396599462873518
2024-11-18,2024-11-15,2024-11-25,0.0503302631313308,50,0.86,-0.021883499322952638,0.009171629690706729,-0.006072115539799805,-0.0005216325795571741,-0.006740321848015651,-0.006947689317703176,-0.002617228834366103,-0.007708383859920009,-0.00037032975541517743,-0.0005180286935434486,0.002823833450701807,-0.00037032975541517743,0.002291248855123884,0.0010388152442195597,-0.0005070544895923179,-0.0013063977091981593,-0.0069645482509459455,-0.007988141386103376,0.003792945664718994,-0.0009283057440043763,-0.007660851863203977,-0.0010350761149292564,-0.0035198261303822642,0.01103098316167106,-0.0026267210159222065,-0.5056313027412873,0.03413481473749119,0.011373069521145567,-0.028890692817989897,0.0013314688141091912,-0.12507090444102326,-0.46161834097805504,0.8366602791197075,-0.8568166977256162,-0.855900686339081,0.22930786110862106,-0.8568166977256162,-0.2446760860518729,-0.2464719403231593,0.3747735483197733,0.32810615288578715,-0.29343593216040853,-0.0712432997344949,0.010783652658624845,-0.819246513829774,-0.7458662586907989,-0.3595097722285304,-0.06517393351498434,-0.4831678431430735,-0.19617994014565832,50,0.01106498227120262,0.00031307188033314785,-6.905859217457152e-05,1.5070326619841994e-05,-8.974528337691672e-06,0.0008689537867403721,0.0012081608324800094,-0.006449298591802524,0.00031730471810436744,0.00044338111434717514,0.0006475272087074081,0.00031730471810436744,-0.0005606138020425468,-0.0002560388088800715,-0.00019003061025598452,-0.0004286371265038134,0.0020436487080924665,0.0005691015510916864,4.090180860136656e-05,0.0007605112445437398,0.005713970917592386,0.00037211997831740915,0.00022940091420583828,-0.005329816341972167,0.0005153099716829612,0.012148253548797793,0.03818200958253301
2024-11-25,2024-11-22,2024-12-02,0.0551124588394975,50,0.8,-0.004809460918387409,-0.0009099714963786143,0.007603128163423012,-0.004104549300224747,0.00543193700289768,-0.0017349980724016278,0.008069016173747556,0.0032744873033310196,-0.0022152253771590136,-0.00045504627940651243,-0.0003740169040388208,-0.0022152253771592356,-0.0011996368537771085,0.0007678023902897291,-0.004536227286297989,0.003236807213828685,-0.019392411606496074,0.017637852155152345,-0.004593955173680886,0.002040116988716534,-0.002064469602625185,-0.0029503015224223716,-0.0027346701726542744,-0.0025148374893527725,-0.0012525256705879784,-0.7171849267719717,0.36606547163035946,0.6716405355731888,0.0026668136234441284,0.38874864996477676,-0.5613328982760593,-0.8484998649800193,-0.09037434298954172,-1.1380295183298543,-0.5669075072417405,-0.18991950530440257,-1.1380295183298543,-0.19729455819060232,0.0038106910674530602,-0.16070139368164868,-0.07153745343721046,-0.19653628813267038,-0.047790323614677235,0.020951052049669093,-1.1490761885735552,-1.1660338262204468,-0.39381303142561874,-0.5850996902735816,-0.7933514557202658,-0.15392057189734565,50,0.0034492728765663336,-0.00033310914499202137,0.005106569071713027,-1.094606799193742e-05,0.002111658176570189,0.0009739114964845819,-0.006846559133946393,-0.0002959296386661371,0.0025209918689603423,0.00025796915193797455,7.103310539053706e-05,0.0025209918689605947,0.00023668182305511883,2.925857710246179e-06,0.00072897804696481,-0.0002315529453444965,0.0038113125950816535,-0.0008429186623625629,-9.624819395763486e-05,-0.0023442498536385536,0.00240724138986485,0.0011618671861647722,0.0016000546710204177,0.0019951499830779206,0.000192789467533008,0.01814788499615664,0.03696457384334086
2024-12-02,2024-11-29,2024-12-09,0.0050857193363038,50,0.66,-0.00366418942277702,0.0011643691062990236,0.018907210633354765,0.006473020219877057,-0.01218877839619803,-0.004820549930731,0.031015478388753737,-0.00384766017777205,-0.00014542107044468455,0.002840334521411636,0.0007071577220556513,-0.00014542107044468455,-1.4219905871248883e-05,-0.0002754828646628349,0.00012553585183194826,0.003558484254564842,-0.018319502195599746,0.021446487080014842,-0.007464371164282335,-0.002739609891348249,0.002290357339279403,-0.0008290670347421703,-0.001434351566148906,-0.0266123761808027,0.0011355385710558608,-0.6834098135503339,0.2967719693217164,1.2680828802024684,0.8299951980946055,1.2145524909460037,-0.3289385431876606,-0.6926859115377455,-0.4037251413690603,-0.6627180217024558,-0.421136837064863,-0.3805603516075387,-0.6627180217024558,-0.32552675615070575,-0.1990087871654507,-0.2530255900392176,-0.1711779083414329,0.05391025583392656,0.5236694528695908,0.7922645231686167,-0.6571589198735537,-0.7645834652326674,-0.4478038027126107,-0.49833948148634993,-0.5102418723308688,-0.5029540824169361,50,0.002504143010233149,0.00034555211269372816,0.023975910116539247,0.005372575699667245,-0.014803911162691153,0.001585664671578033,-0.02148398491949313,0.0015533971492111246,9.63731641189548e-05,-0.0011961694965534377,-0.0002691161913474848,9.63731641189548e-05,4.628959831036024e-06,5.482351078141477e-05,-3.17637829808545e-05,-0.0006091338915623327,-0.0009876090501149616,0.01123087015516612,-0.005913756461223716,0.0018003590770733192,-0.001751169351087318,0.000371259370861212,0.0007147940157437797,0.013578748649666185,-0.0005711237600544392,0.015667734760174672,-0.010582015423870873
2024-12-09,2024-12-06,2024-12-16,0.0216164635037959,50,0.6,-0.00790333498529805,0.0015345584624240072,-0.015421468418363782,0.004330393115807407,-0.0024160701210722557,-7.309782421160982e-05,0.0017257953053850805,0.0007880851154131729,0.0005988014671343134,0.0024048336578359475,0.002492802706560715,0.0005988014671345354,0.0025036009764476397,0.00045791777975146,-0.005492468833196762,0.004059683572300132,-0.014904749739755974,-0.0022940460601456047,0.006827441182009508,-0.0040253687188912535,0.005122531266680497,-0.0021876255201005446,-0.0020320940376116203,-0.0010449051218295313,0.0011154273168636486,-0.7229022625623371,0.3735798540495224,0.9216432352062389,0.43083955043567757,0.7956088447232245,-0.6476426424336601,-0.7666289789222027,-0.2694620519419283,-0.7707169791681465,-0.36904729053477836,-0.24924059756496672,-0.7707169791681465,-0.23140578014185742,0.15618906963471157,-0.1684502100784994,0.48292886397858426,0.18718172679730377,0.41347540344105665,0.40085149064142434,-1.1454211940463188,-0.8981291834724425,-0.4914596117620635,-0.628611514807638,-0.638125370886587,-0.41078051036916413,50,0.005713338742660035,0.00057328012642282,-0.014213092044731637,0.0018657046232242163,-0.0019222467577965983,4.734126802855816e-05,-0.0013230446927960952,-0.00021235903230412497,-0.00046150645787121217,-0.0008874973456111967,-0.000621307636194759,-0.0004615064578713833,-0.000579347737118782,7.15217519885733e-05,0.000925207528801605,0.0019605383756834236,-0.002789896793769187,-0.0009485316202310705,0.0027367899750751594,0.004610742644469121,-0.0046006948238558115,0.001075129588789396,0.00127739771121461,0.0006667804684087641,-0.0004581958025009569,-0.007955454397886533,0.029571917901682433
2024-12-16,2024-12-13,2024-12-23,-0.0867874539518953,50,0.64,0.013324580727438251,-0.0052895248577250475,0.03740587717102706,0.008652925661238875,-0.025405287176528457,0.004546488561026241,0.024164586557577694,-0.004470720960578101,0.0026009005801073126,0.0004114214466495181,0.0003061743810099937,0.0026009005801070906,0.00032382128210750594,0.001051611000008057,0.008670464105813736,-0.008354940647587572,-0.0057374593744731195,-0.013389869627187911,0.011193780866991077,0.0021442343783359963,0.005891984335671507,0.0035146855329168947,0.006005417482881192,-0.01970542457604496,4.4776938706858616e-05,-0.6307725155602468,0.24326254128740815,0.14331197015009514,-0.06351713880186216,0.05056743994593978,-0.7531175822243655,-0.5576043969568794,0.2758316353060919,-0.6782108595922687,0.5350192545842073,0.5384442262787258,-0.6782108595922687,0.06401325714894884,-0.1287088679178542,0.14226727920898438,0.6396382068769614,0.1206430096409568,0.381336651200494,0.05349631173934676,-0.9330151050770453,-0.6707464050980992,-0.5628120722705223,-0.6931754395278342,-0.549603720194567,-0.05682150214603793,50,-0.00840477930423181,-0.001286743259093111,0.005360709952572355,-0.0005496090802671045,-0.0012846803336084567,-0.003424040472690817,-0.013474279715150424,-0.0012331662735534795,-0.0017639590181486107,0.00022011839570638137,0.00016485782768929386,-0.0017639590181484602,2.0728855001850084e-05,-0.00013535166130099955,0.0012335233378132798,-0.0053441392543863535,-0.0006921843666291585,-0.005106048043643045,0.00059882599080249,-0.0020006030638129724,-0.003952027312045976,-0.001978107448160183,-0.00416280790324431,0.01083017465500776,-2.5442929188247758e-06,-0.03813009080644068,-0.04865736314545462
2024-12-23,2024-12-20,2024-12-30,0.0250263939714339,50,0.98,-0.006645742748169758,0.004729230781227667,0.0029412570426923246,0.00840970320114276,-0.022661119240125482,-0.004285307630839341,0.001106110284210704,-0.0004513168322353156,0.0009380774544107684,0.00016902017605713304,0.0009562179522408787,0.0009380774544105464,0.0003638826991931854,0.0018960684932258776,-0.002558330893685734,0.003630317902712177,-0.011795687323968074,-0.00282260856134553,0.00213883452501773,-0.0005886301420573448,0.003220157972794402,0.0021589861958224432,0.0009478291892701662,0.00734337024291154,-0.00014072821123400914,-0.41953363916449876,-0.12047862654970716,0.5058546622152946,0.1404055821361951,0.3459471248543157,-0.12903166950213651,-0.2724727327708796,-0.19904710730553016,0.3472127158630937,0.2052606580563818,-0.10731532344907448,0.3472127158630937,1.0448210901229016,0.8980735460245538,-0.22213025685217086,-0.2582162305853706,-0.05149824688339111,0.2650009950115945,0.4962492018358094,0.4497369223985133,0.5196238777847507,0.5812676635217541,0.4490859354536763,-0.1303163148612334,0.06795060570410677,50,0.0027881126400907358,-0.0005697712291589079,0.0014878485878194823,0.0011807692735490726,-0.007839549047102226,0.0005529403979374455,-0.0003013848918848648,8.983330993473481e-05,0.0003257124206359004,3.469319256229264e-05,-0.00010261683883254155,0.0003257124206358233,0.00038019231844788786,0.0017028089552167966,0.0005682826985272559,-0.0009374070046649263,0.0006074572179689949,-0.0007479940772848107,0.001061394925898921,-0.00026472870851986993,0.001673270972902909,0.0012549488616214318,0.0004256567581136922,-0.0009569609487178722,-9.562567193006403e-06,0.0027296596385043507,0.02229673433292955
2024-12-30,2024-12-27,2025-01-06,-0.0833586775418808,50,0.68,-0.0081085501817868,0.0035158285345187057,-0.009482950136743606,0.0005145404040669543,0.0022214359041801135,0.002277569158826598,-0.00776009710943637,-0.0005084720177015445,-0.0003042501584994417,0.00010731235820848894,0.0016683941695490034,-0.00030425015849921966,5.321325560836421e-05,0.001968881893549046,-7.712430699291506e-05,-0.0009627295082930143,-0.007640016438720476,0.010461862463174931,-0.008703015616440601,0.0012533072040938897,0.004805968771568692,0.0007612592357435499,0.000781078493541143,0.006815496709075219,-0.001762460986206138,-0.19151269594572992,-0.41606889358033333,-0.09957410329637571,-0.25638271812558644,-0.22282320559888355,-0.04188379208706269,0.17405578027778962,-0.1186757919700885,0.8878850224028176,0.5290124002177357,0.10332940918585276,0.8878850224028176,0.2749012847319647,0.7789271005702468,-0.18451850784452545,-0.16493077379161925,-0.19802587545710068,-0.222153088800232,-0.11021629516933291,0.9166059341591307,0.9924241459070566,0.4766616264823644,0.7340455380558301,0.1659512685945852,0.0014298266980429274,50,0.0015528903055252285,-0.0014628268883753626,0.0009442562564704881,-0.0001319192673801233,-0.0004949874692018673,-9.539323311219949e-05,-0.001350689757414367,6.034331939535965e-05,-0.00027013915879533763,5.6769568188898165e-05,0.00017239418382861997,-0.00027013915879514047,1.4628392331509746e-05,0.0015336154647074157,1.4230862044875786e-05,0.00015878372275479196,0.0015129209437842628,-0.0023241350607975143,0.0009592141380449312,0.001148788820596848,0.004769559453380045,0.00036286306548424216,0.0005733471830552455,0.0011310403249732532,-2.5200137723366037e-06,0.008562895996921767,-0.09192157353880256
2025-01-06,2025-01-03,2025-01-13,-0.007447505737713,50,0.72,0.0025628613741102146,0.0016687102299952628,0.027359422079664464,0.005951615250896047,-0.014086781269292525,0.011125742623216084,0.02700300751752982,-0.005595138274445355,-6.0685698053175585e-05,0.0002514225296306183,-0.00047790562581218055,-6.068569805295354e-05,-0.00023319231841578691,-0.0007521486121118137,0.003379995490266685,-0.002182649453947527,-0.01665940148510492,0.01227313400029617,0.0028841217957542575,-0.00027259189892525626,0.001925787682313107,0.00045306195095529134,0.0022803468927707904,-0.027098403368128854,-0.0038339929972682762,-0.012764364846386687,-0.5296243728445397,-0.6132094337739861,-0.731823779522273,-0.7872233176788354,-0.16001625571153238,0.028440750240469912,0.3093278029730227,1.0782996372112381,0.5224348179862258,0.8528083416885888,1.0782996372112381,0.2085123527433713,0.6431468174858734,-0.13204673306744655,-0.20200382115549773,-0.4672688722110962,-0.5293817518839513,-0.571569135788818,0.7425250062328665,0.7623420775487513,0.750610357586161,0.4728548017291713,-0.07547735479026053,0.32083566507127786,50,-3.2713297629854705e-05,-0.0008837896090205086,-0.016777055721854537,-0.004355533567173146,0.011089442686228537,-0.00178029967657724,0.0007679857925475971,-0.001730731829764451,-6.543736619464998e-05,0.00013135188350520854,-0.0004075619042325329,-6.543736619441055e-05,-4.862347895455712e-05,-0.00048374198615612967,-0.0004463173622724181,0.00044090352994036105,0.0077844197436568365,-0.006497173178183275,-0.0016484750023089548,-0.00020240630144850483,0.0014681089826523686,0.000340072993015235,0.001078272977854864,0.0020453158052658525,-0.0012300816931571895,-0.011509504946455501,0.004061999208742501
2025-01-13,2025-01-10,2025-01-20,0.0629093038580829,50,0.76,-0.003848130147610318,-0.0006487616455083112,0.019062247747471117,0.004655477401089847,-0.012884307152249197,-0.002064670297060478,0.019401722285930845,-0.0008082214671034649,-0.0003192117127018834,0.0017437500426700225,0.0017077078741738472,-0.0003192117127016614,0.0005642078826244568,0.0025141531323098487,0.0015638399367432498,-0.0011462160527697662,-0.03020137505204057,0.033255737992561984,-0.009479768696216473,-0.00022300850562140262,0.00847314235154184,0.0010202392986085052,0.0030914376609283423,-0.0076534762814879365,0.00016735180464855226,-0.20966384350839792,-0.3843599902829352,0.036917658986022096,0.02796371159722921,0.043181228732957884,0.23883763412530745,0.11763950930553038,-0.3448750181028757,0.5635767500258582,0.2644154633017943,-0.1180414345776355,0.5635767500258582,0.20196050342267002,0.5121157415720462,-0.19052224491168787,-0.1025494829535676,-0.18601102131707134,-0.08993549255401087,-0.045213525507816994,0.7838364428446879,0.79180244782242,1.5931124893073383,0.9475255238458999,0.16749207503338584,-0.5429436583935557,50,0.0008068137570685179,0.00024935801976351557,0.0007037335618482065,0.00013018442739149466,-0.0005563602142069578,-0.0004931209689987203,0.002282409089399078,0.0002787353930984402,-0.0001799002996147154,0.00046107447541511755,-0.00020158028730700518,-0.00017990029961459025,0.00011394770800987401,0.001287537395778541,-0.00029794629543087594,0.00011754386356461868,0.005617788618609985,-0.0029908711766081946,0.00042861376375458854,-0.00017480219377038981,0.006709054854698645,0.0016253559686953685,0.0029292160891080713,-0.0012818966236052163,-9.086260105464864e-05,0.017294126025992746,0.045615177832090154
2025-01-20,2025-01-17,2025-01-27,-0.0088330704857079,50,0.54,0.004899299302623783,0.0041477224321533335,0.02153450987659289,-0.007532723508552608,-0.0023721425589126044,-0.0010394430299721646,0.024054050438982122,-0.0009611005095784275,0.0033565436805254034,-0.0012231960804983677,-0.00034871627758081836,0.0033565436805251814,0.0006517189110333277,-4.81311686655328e-05,-0.00012694389287570829,-0.0066664963983206205,-0.014419643027341222,-0.012891340411907204,0.02025010835523222,-4.275569612199881e-05,-0.008614228286260017,0.00011065174305024961,0.0007992269805598973,-0.027372631461534902,0.0007197547257833392,-0.2260664355405405,-0.38387060935648976,-0.2225257763837358,-0.1343596809643088,-0.22991035752124642,0.06632359056921194,0.14438590851966282,-0.22894352602914134,0.6736089875254614,0.4092591832132866,0.34790672206268025,0.6736089875254614,0.12169525232096902,0.6844925831928431,-0.1756886298423402,-0.1267180706334581,-0.19209177472080044,-0.04440858020077082,-0.06063489663522271,0.8304266210875855,0.8319153820006797,1.312780470285497,1.071009319753027,0.08561301659474095,-0.10721604942765275,50,-0.0011075671299904145,-0.0015921887374722818,-0.00479198352933206,0.0010120943274014773,0.0005453801438109612,-6.893959393989495e-05,0.003473065926210228,0.00022003773953128972,0.0022609979902237028,-0.0005006042288144555,-0.00012132073706304223,0.002260997990223553,7.931109732054797e-05,-3.2945427971960975e-05,2.2302598606186003e-05,0.0008447655614800864,0.002769894819962391,0.000572486124577619,-0.0012278632269715655,-3.550546826283905e-05,-0.007166309015405063,0.00014526144727941665,0.0008559795447777214,-0.0023434535515581157,-7.716925825537315e-05,-0.004003274593631885,-0.004829795892076014
2025-01-27,2025-01-24,2025-02-05,-0.00362796478,50,0.5,0.005784349374065245,-0.002747996942222164,0.01588369560135372,0.0019563511620392937,-0.0034092961315095316,-0.0006756461536951974,0.015125439648314698,-0.002115927276704288,-7.521424731238291e-05,-0.0003989262584566111,-0.0004004091672843435,-7.521424731238291e-05,0.00013017010354121616,-0.0008361592990857591,0.0013900456133641992,-0.001474689937865148,-0.0021303166243925586,0.0030487492744017963,0.001577436830732637,0.0007768868828286202,-0.00148745546115725,0.0005864579420806759,0.0014983758644515621,-0.013501982865328888,6.460962249899005e-05,-0.17074629996869917,-0.4401984385089361,-0.37466289504978584,-0.5691905389693049,-0.6043570942075914,-0.1347687650565575,-0.17124167375899346,0.11827336712941683,0.9247555714015268,0.5970878802386469,0.4978227843038454,0.9247555714015268,0.2669339843881502,0.6888158081668528,-0.15596531429618699,-0.19133963513359847,-0.3208235024719924,-0.23166910994180678,-0.29950100505152105,0.7692899359456769,0.8452243191458532,1.0059193203505623,0.6853284686027686,-0.24245289452049715,-0.2629458978950829,50,-0.0009876562533479016,0.0012096639629935277,-0.005951031378092734,-0.0011135365723343716,0.002060432303332283,9.10559977487148e-05,-0.0025901056017180505,-0.00025025784361679343,-6.95547942508984e-05,-0.0002381940340333925,-0.00019933280651827608,-6.95547942508984e-05,3.474682438647489e-05,-0.0005759597433559864,-0.00021679890097438335,0.0002821666346463064,0.0006834556408119325,-0.0007063010308363934,-0.00047244391620971087,0.0005976512603282658,-0.0012572335294164176,0.0005899293745119829,0.0010268796365759387,0.0032735948274651445,-1.6988835200659288e-05,-0.004865373571356297,0.0012374087913562966
2025-02-05,2025-01-27,2025-02-10,0.0420329781003423,50,0.48,-0.0021001748569658973,-0.0002552001988430641,-0.0030585135605325497,-0.010679438313990541,0.020818317917518758,3.272648484897722e-05,0.017979129350342626,0.002452725155386082,-0.0003483828587635962,-0.00023170068161060264,0.0012375808528348742,-0.0003483828587640403,-0.00045949202558348556,-1.8183563700979732e-05,-0.0045978619945858945,0.0018318153235916679,-0.00035876321872008177,0.0039064660745566915,0.00046547351291370553,-0.002430397413845653,-0.0029328393514764795,0.00037201511906426177,-0.0027275245364846157,-0.017987010408851423,0.0018635268969062757,-0.29033884009111477,-0.31905813459779386,-0.1704385962422969,-0.2574377961679335,-0.3003403185534175,0.022026951701819165,0.01515840523199235,-0.07021654440345092,0.6905711385186025,0.2563545206935675,0.046252798725451634,0.6905711385186025,0.5053942438423801,0.6899112074476759,-0.22259115593590895,-0.26125126223120065,-0.2725178027776643,-0.1579132213653938,-0.16420514044874138,0.6930552935085541,0.7958132719283013,1.4656288545577385,0.9133611583603358,-0.0005392562736063761,-0.3002178814955455,50,0.0006097623319600015,8.14236993918541e-05,0.0005212887578451971,0.0027492910638651164,-0.0062525802350939024,7.20864701138738e-07,0.0002725349284109009,-0.00017222188478262788,-0.00024058314741674214,-5.9397517178658935e-05,5.724157809264421e-05,-0.0002405831474170488,-0.00023222462482136924,-1.2545044388644657e-05,0.0010234434162086582,-0.0004785640654627785,9.776936408303929e-05,-0.0006168826419878717,-7.643314356316405e-05,-0.0016843997929952299,-0.0023339924803385745,0.0005452360928323147,-0.0024912149700998267,9.699608206396316e-06,-0.0005594640970991699,-0.009482675087048347,0.05151565318739065
2025-02-10,2025-02-07,2025-02-17,0.0288109885319045,50,0.68,0.005867737316778143,-0.00046040079349574103,-0.00325882684374057,-0.004861396587458988,0.011857910374381886,-0.008447726313757009,0.003117898912372574,0.0007722189804211244,0.0004518343579320572,-0.0019915371723630004,-0.0023117774815549774,0.0004518343579320572,0.0016783387797405513,-0.0008665904042145511,-0.0009504797313771851,0.004773640360007159,-0.0058761154780943015,0.008654186300876443,-0.007021292985725958,-0.0005848743656131639,-0.0036438526569463336,0.0003609797319159558,0.0015563089968249066,-0.002417613089583437,0.0001739337074859737,-0.21554194992393644,-0.3972101908812576,0.3128956491637887,0.32789528426843034,0.3657898601028334,0.32620329753377353,0.39653398504496684,-0.3302340314057966,0.16171777352778308,-0.046253898358114054,-0.14524780950569283,0.16171777352778308,1.4053398767271255,0.8186215214254754,-0.24223352084937502,-0.223830916626876,0.44378609521562973,0.6319803156217014,0.8456571721258225,0.3616670465589443,0.3457503922472774,0.3438326897741267,0.3307281527353114,0.501197351637441,-0.23392558875863462,50,-0.0012647435428998076,0.00018287588706632576,-0.0010196727407845861,-0.001594029015986442,0.004337503376957087,-0.0027556761802103656,0.0012363528806904648,-0.0002550129870325418,7.30696463681277e-05,9.211635794688408e-05,0.00033578061526044767,7.30696463681277e-05,0.0023586364138269405,-0.0007094095551508335,0.00023023805182746375,-0.0010684882974274525,-0.0026077383430595934,0.005469275389876899,-0.005937606770975886,-0.00021152978441934915,-0.0012598634854304788,0.00012411663217860625,0.000514715199605247,-0.00121170127778323,-4.068754492862853e-05,-0.004908409428116575,0.033719397960021075
2025-02-17,2025-02-14,2025-02-24,0.0275710223605811,50,0.74,0.004178009944102001,-0.004095736895365687,0.04550937816014877,0.008806345256937576,-0.028319713132280655,-0.004435490625100846,0.013601117950618358,-0.004600878655690033,-0.001158696900913303,-0.0016815059300133717,-0.0004045627441405797,-0.0011586969009126369,-0.0017127673239183405,0.00014616960600277729,0.0038027020556556934,-0.005385700745530575,-0.01832057259226194,0.013011277858739456,0.00034459877594028576,0.004816619675434675,-0.005949427194733903,0.0025044345323681494,0.003563152692792393,0.002053101870534979,0.002508627401212493,-0.06178222455397891,-0.4962880793818223,0.20425707657707254,-0.03305349028493704,0.06338700826205629,-0.30404687232455935,-0.34318195931841833,-0.05139708771915343,-0.25059002005791703,-0.7387752067340462,-0.19587463711928696,-0.25059002005791703,1.6115390495770725,0.11958763751436137,-0.14223563649813328,-0.13021904670135087,-0.33037114234835857,-0.28114878780069485,-0.25809932455097984,-0.32632249964622917,-0.4745714358799539,0.19945161014869492,0.49196762046638,-0.29098703685593635,0.32573367238156403,50,-0.0002581267485552667,0.0020326653974543046,0.00929561253983246,-0.0002910804473959875,-0.001795101890294938,0.001348597051786817,-0.004667658307214119,0.00023647176385168132,0.0002903578796409109,0.0012422548910701531,7.924358070051899e-05,0.00029035787964074396,-0.0027601914253340284,1.748007785827715e-05,-0.0005408797472989474,0.0007013208169017462,0.006052588495781606,-0.0036581049977226186,-8.89407113112822e-05,-0.001571771372333052,0.002823428206468114,0.0004995134999928212,0.0017529557516314477,-0.0005974260296703538,0.0008171444160339647,0.011250710571514973,0.01632031178906613
2025-02-24,2025-02-21,2025-03-03,-0.0176830755246241,50,0.76,-0.009485984118155488,-0.0012552121195377186,-0.00215613428725292,0.0026787229521056943,-0.005664386270109567,0.002271842630465759,-0.0013141600274314547,-0.0030975296810209496,0.00022085043326480758,0.0004225352776432434,0.0011571064399971132,0.00022085043326502962,-0.0011128830377328258,0.0012967354241077977,0.0040563489446310275,-0.001154687419121725,-0.012746991967664378,-0.0040824738141773675,0.0029016826518444283,-0.003799323631679674,0.0019335787070884347,0.001197083791547815,0.0001018526342702053,-0.0044181654213508725,-0.004455430448564002,0.03897136965845358,-0.5726651898421622,0.11573448311974914,0.15690238540153872,0.09301527853769297,-0.45627902146065297,0.28015208446312423,-0.4152441042347811,0.09303863774675769,-0.17631310799061442,-0.179435386883734,0.09303863774675769,-0.14575863770824188,0.06886230178889369,-0.21205829054644373,-0.11519116204083897,0.2677955492091687,0.3391468582702388,0.10411772249903059,0.3592179017946611,0.25600471943879594,1.1929492454690633,1.273038940598004,0.2835977279475512,0.9348718081177049,50,-0.00036968179364285734,0.0007188162867272504,-0.0002495390872719854,0.0004202980210152352,-0.0005268744666593251,-0.0010365941323415124,-0.00036816467100303854,0.0012862309377361914,2.0547623456738918e-05,-7.449850803695742e-05,-0.00020762584172654214,2.0547623456759575e-05,0.00016221231550854663,8.929618611526021e-05,-0.0008601824230583268,0.00013300978560256877,-0.003413587714745544,-0.001384558168048773,0.00030211658912498936,-0.0013647850632108444,0.0004950052744210046,0.0014280602058902114,0.0001296623696284581,-0.0012529816751915429,-0.004165256319391705,-0.01006852664564574,-0.007614548878978361
2025-03-03,2025-02-28,2025-03-10,0.0368001528044249,50,0.78,0.00023749659110272603,-0.0003693647379277021,0.012104898931386332,0.007167117635189735,-0.02138618097741063,-0.007665245456320413,-0.008325117366851154,-0.004651508674850202,0.0009599008078342575,-0.0012084025877804327,0.0024267722104145406,0.0009599008078342575,-0.0008401099590888972,0.00033810441623649545,-0.002424758156954532,0.00010022451290514489,-0.012579190534110829,0.014465575697711452,-0.0014139885532937768,0.001836201902525536,-0.001190537281891002,0.0010362854205245853,0.0009078090303533681,0.020807411019885258,-0.0010174992479210498,0.061357913196292226,-0.5674753516488914,-0.3758876232605363,-0.31891897472934533,-0.43811983665484716,-0.5305615399555195,-0.5761255814383035,0.21582542464626753,-0.4399935313276852,-0.006015454320729792,0.6388194512949067,-0.4399935313276852,-0.3164106884485132,-0.12396151840477582,-0.06640482616613048,-0.11577637654928222,-0.44862203542153284,-0.47942382194086625,-0.45816044128252736,-0.2579288578916101,-0.29741515518383815,1.195593411420921,0.5267585581720017,-0.7030530128248003,-0.24039067740485315,50,1.4572295221296372e-05,0.00020960538454222336,-0.004550081689127814,-0.0022857298079793204,0.009369710116494144,0.004066884433442407,0.004796313083519239,-0.0010039138349953421,-0.00042235014616329267,7.269090567844865e-06,0.0015502692918747446,-0.00042235014616329267,0.00026581977052777026,-4.191193681603631e-05,0.00016101564390747262,-1.160363094557445e-05,0.005643302061368079,-0.0069351415875717375,0.0006478336195455193,-0.000473609459576813,0.00035408383044575724,0.0012389760211307527,0.0004781961759244631,-0.01462871300661428,0.0002445973334666698,-0.0017269570939751175,0.03852710989840002
2025-03-10,2025-03-07,2025-03-17,0.0337575752069629,50,0.68,-0.009120523977035,0.0030289199465358685,-0.005246618065963049,-0.0011551611641308357,0.003718023979547569,0.0019343588953693036,-0.009086012932860488,0.003366415864337613,0.0010718725698593001,0.0020541293691398455,0.0001925038793657574,0.001071872569858856,-0.0006421557355077434,0.0018892102829797253,-0.0023887071974744156,0.002992649695313654,-0.007580649447370247,-0.0010198304825446147,0.005109865484943743,-0.0010731390374063565,0.004039331540517166,0.0011169019528831647,0.0010238776936379868,0.007473944327469173,-0.0017123227538750063,-0.24483641176427365,-0.38382591525496024,-0.013134149182057624,0.003762000436371341,-0.029295439414731915,-0.16713851549859554,-0.0999876777511999,-0.3856700518833505,0.1618089856408929,-0.3151411261573854,-0.12948934309258878,0.1618089856408929,-0.1113679541352478,0.3358242704451683,-0.210010640627662,-0.14216501841427687,-0.169843561443022,-0.14299080572605566,-0.1530272570519919,0.38915161199747766,0.36730525796585417,1.2866497037407993,0.972679889072806,-0.0966368491073994,-0.6309494538403327,50,0.002233036363947272,-0.001162577970713135,6.890986437963734e-05,-4.34571680353943e-06,-0.00010892114623535626,-0.0003233058742135285,0.0009084893331740892,-0.0012983257810600215,0.00017343861326523047,-0.0006473406426636904,-2.4927200881846883e-05,0.00017343861326515861,7.151557049971269e-05,0.0006344426649991762,0.0005016539288135092,-0.0004254500990417457,0.0012875245001924393,0.0001458263824030466,-0.0007819486990655875,-0.0004176137863041051,0.0014836677134992687,0.001437061566784644,0.0009959052414719174,-0.0007222584302107422,0.0010803891063558098,0.005278284115857613,0.02847929109110529
2025-03-17,2025-03-14,2025-03-24,-0.0214778162818036,50,0.6,-0.007733635686167251,-0.0022988726072150634,-0.008057178028312628,0.009564642291683079,-0.017206441631154146,-0.004405673618637973,0.001023799099612921,0.005157886601538042,0.0012199620938733169,0.0017152119606222982,0.0008544185177297159,0.001219962093873539,-0.0008510839365514222,0.0040887049750439886,-0.005741327562178711,0.00707110430235236,-0.0025416785739841297,-0.014391907180154706,0.0008048202147934447,0.0006664173775694504,0.0023764227935532123,0.0001106800974193245,0.0006729489301153802,-0.0017407533330693337,-0.0007545272055775598,-0.2337202558429899,-0.36966746176146337,-0.42402954108886703,-0.4221506932463452,-0.491019687622699,-0.2965056232262151,-0.2744789721703288,0.20586089220614054,0.8379942753823222,-0.07386102121248694,0.9517431069979687,0.8379942753823222,0.004659750269754775,0.5872397489352618,-0.03535475528782192,-0.04901234767923926,-0.3247422315030808,-0.23134540520756106,-0.28728652071347816,0.6478037497639039,0.6008921486374814,0.8442568304205522,0.645125284729927,-0.36394121168750276,-0.5717333771064178,50,0.0018075073111674864,0.00084981840162215,0.003416481501816706,-0.0040377203740873235,0.008448701594827511,0.0013063070020255464,-0.0002810113245706626,0.0010618071376907194,0.0010223212508492707,-0.00012668730700743488,0.0008131869347406788,0.0010223212508494567,-3.965838602929445e-06,0.0024010500830151877,0.0002029832309880555,-0.00034657142254305843,0.0008253903718791745,0.0033295015983024977,-0.00023121399930788289,0.00043170767609731727,0.0014279737984892757,9.344242823787684e-05,0.0004341363701493844,0.0006335318772863124,0.0004313883873635266,0.024932387941278843,-0.046410204223082445
2025-03-24,2025-03-21,2025-03-31,-0.0172303401002874,50,0.34,-0.007275926173764935,0.0022278601103635776,-0.004199018278540301,-0.004887951816942682,0.0027941469657399853,0.00048028259984245203,-0.007015410403708899,-0.00872151152791889,-0.00011597345878955334,0.0009542334157686128,-0.0029297514888064757,-0.00011597345878977539,-5.0396380558481724e-05,-0.0018127348684303657,0.012707542695079344,-0.008553293732258993,-0.01629918612268566,0.0009864625266557958,-0.003386988472951824,0.001468542787966376,0.002009272530789641,0.0011969340596944544,0.002018803621678833,0.008052639268877781,0.0017568380778953951,-0.1926107758847594,-0.40427201080594893,-0.6022206896384267,-0.7709386045424317,-0.8027666782057699,-0.47949637949273877,-0.29717994424967936,0.32588390816732493,0.9326659097864705,0.7381343017676718,0.7064858740659072,0.9326659097864705,0.011519450198169311,0.5605902467175372,-0.06007567519135301,-0.021105749474165433,-0.15693643398222173,-0.3636289986013893,-0.4514221528443347,0.6796265938898316,0.6612334549528234,0.781319596538329,0.6527562871368648,-0.45246961210323744,-0.45346532696411723,50,0.0014014217856090929,-0.0009006614866110468,0.002528735683506899,0.0037683107528244343,-0.002243048078105819,-0.0002302937677578156,0.0020848392726628313,-0.0028422002618445855,-0.0001081644914530425,0.0007043524160717454,-0.002069828041365336,-0.0001081644914532496,-5.805385960114183e-07,-0.001016201487126861,-0.0007634142074298373,0.00018052367469200773,0.002557936146906803,-0.0003587063807256433,0.001528961628118858,0.0009980607329670653,0.0013285982174758373,0.0009351880366034554,0.001317786756545531,-0.0036435745663964273,-0.0007966651534158467,0.0042532121517030366,-0.02148355225199044
2025-03-31,2025-03-28,2025-04-07,-0.0935194570202432,50,0.38,0.0024287128918967227,0.003686028985264711,-0.04032559763418864,-0.014554570901538,0.02554122600224762,0.00060798165850251,0.02432785229927692,0.004050250235181352,-0.0004986405894428225,0.0026337579227226904,-0.000453183488403619,-0.0004986405894423784,0.002470806272993231,-0.003640282396789485,-0.0018785559311939037,0.001540755899503754,0.04263211738596939,-0.02623870181631871,-0.009325275235604114,0.00035550844171883256,-0.007295076000437217,-0.0016034191292051414,-0.0043862234887834806,-0.03147321728908803,0.0014673442730286368,-0.10485703730668165,-0.4488574886061958,-0.8471552223828144,-0.72125379974168,-0.8810649125858544,-0.44850660425403205,-0.12221376690139975,0.14773915364772808,1.135740939531006,0.6028262734564929,0.3063688338408854,1.135740939531006,-0.00978870702576255,0.2462734251421168,-0.22277047251478674,-0.3179089176815332,-0.31751630623261384,-0.3928957715268252,-0.47579901747519443,0.9487346188149901,1.192472552377978,1.087808915130439,0.5256010562911827,-0.36655250591100325,-0.48355665096703176,50,-0.00025466763831283334,-0.0016545017132555625,0.034162040631510966,0.010497539566343972,-0.02250347805500585,-0.0002726837891036953,-0.0029731984701155114,0.0005983805418072045,-0.0005663265315420859,0.0015876984737414333,-0.00013884129685816116,-0.0005663265315415815,-2.4185998723747024e-05,-0.0008965048143419008,0.0004184867924375211,-0.0004898200404226756,-0.013536392439268198,0.010309074993984849,0.004436956794786199,0.0003372831659396277,-0.0086991778980327,-0.0017442136234400382,-0.002305403698833794,0.01153658666639673,-0.0007095440824813815,0.01654878100566879,-0.11006823802591198
2025-04-07,2025-04-03,2025-04-14,0.0943745372052101,50,0.88,-0.013163851955856343,0.003669470266037367,0.0015740744668819584,0.0036584595362854078,0.00978657792467974,0.008613090249174338,0.0006625399513773278,-0.0060398101948085925,-0.0009476411621556213,0.0009823753488289455,0.0025065259499053028,-0.0009476411621558434,-0.00036360850818750734,-0.0010464673881532827,-0.0012180726644269724,-0.0011175432041334865,-0.03079391146639887,0.019022323814074316,0.001461115564942217,-5.8381611801605615e-05,0.0003588366205669047,-0.0015479067810516556,0.0015644788681230537,0.0030501976521020158,-0.0020863971605116216,-0.5082788496938891,0.002148210568270764,-0.6522716354370166,-0.40262533867663514,-0.5691278364738348,-0.7678144432885344,-0.5310820562944489,-0.2143373899489719,0.1481358386882725,0.6101297064520039,-0.10696836046748537,0.1481358386882725,-0.3237456437829803,-0.2718915106466301,-0.16326154453348074,-0.10278832763241924,-0.15561350991673623,-0.3877569416802899,-0.46302650859419364,0.2622306175857907,0.28923044795797526,0.2918360643718349,-0.25698628256402434,-0.689705444388848,0.3836227607861015,50,0.006690907529663314,7.882794805456803e-06,-0.0010267241268127451,-0.001472988509831678,-0.005569813920755572,-0.006613255094663698,-0.00035186307975469547,0.0012945571529424651,-0.0001403796183314522,0.0005993763832066895,-0.0002681189713305766,-0.00014037961833148507,0.00011771667056813364,0.0002845255990074294,0.0001988644245483597,0.00011487039700985639,0.0047919486473515585,-0.007376038105797604,-0.0006765352386878276,-1.5309446118388926e-05,0.00010378647651029184,-0.0004517350229965907,-0.00040204960846891607,-0.0021037379271168413,-0.0008003894388117512,-0.013204881652196267,0.10757941885740636
2025-04-14,2025-04-11,2025-04-21,0.0294790252115535,50,0.86,-0.00767725703836275,0.0009054116636857401,0.00979241741920256,0.00869529052280793,-0.02062023302389082,-0.00977769672197537,-0.004521946188675741,0.0026444980721471723,-0.0008535026415543712,0.001314852204452821,0.0022283850536626293,-0.0008535026415543712,7.554920218089123e-05,0.0009531252921770594,0.003708176638924643,-0.002745301070840811,-0.016777039167389263,0.0007502208246166209,0.0027699251309150075,-0.0007873552807416972,0.0032623050465987458,-0.001327811065421236,-0.00016850352379016442,0.020221875868109418,-0.00014326926134899942,-0.2685847903206486,-0.2652627065885469,-0.2729671262135363,0.37763855182900913,0.15888457388442687,0.3392906417266995,0.4145424866256453,0.2333633199948246,-0.3816186598849564,0.5601312727674724,-0.033723831485540694,-0.3816186598849564,-0.2741398000526574,-0.9356698745559355,0.11221988073622553,0.03958246391939019,-0.3174860771149627,-0.4429049205441935,-0.37984797486496646,-0.3886831149278717,-0.45045523084588157,-0.706298609700985,-0.5433314309754008,0.304104214554639,-0.1960126902661461,50,0.002061994471886383,-0.00024017194848611857,-0.0026730080416030966,0.0032836769207656943,-0.00327623693739848,-0.0033174809954080696,-0.001874538817441001,0.0006171288498361773,0.00032571253427824944,0.0007364898387812756,-7.514968203461606e-05,0.00032571253427824944,-2.071104318000731e-05,-0.0008918106225673986,0.00041613114016898105,-0.00010866578058441964,0.005326476350858497,-0.0003322764947174238,-0.0010521504515056427,0.0003060317030735918,-0.0014695223728553224,0.0009378311094526027,9.155326070530753e-05,0.006149557677692823,2.808259334946096e-05,0.005274655797345696,0.024204369414207803
2025-04-21,2025-04-18,2025-04-28,-0.0096134713656885,50,0.62,-0.0042986190605154295,0.0043698964425007425,0.02390954191300465,0.01646120689214947,-0.0417394249485632,0.007257258017019819,-0.004123055735866021,0.0037966626836212214,6.31797152148561e-05,0.0024122797597498913,0.0001163099487873076,6.317971521530019e-05,0.00015283303588109476,-0.0012303973234747412,-0.003718616608862413,0.0013785917437632023,-0.021397116330087562,-0.0019685853133872833,0.016786256181178683,-0.0029092334442955003,0.005364990617878984,0.0035094682032095204,0.003589091378742637,0.009785066651533558,-0.001093770006108885,-0.5576815277306946,0.09994386444837051,0.02596675229283589,0.21601107865551494,0.16608322069931403,0.33952859580480427,0.22483043906618216,0.03443936188397037,-0.36030161242871167,0.5539662374928566,0.13798013240326246,-0.36030161242871167,0.09239158371174706,-0.2451475416180079,-0.07408522504097798,-0.11794099691707854,-0.35766254896352,-0.4617838525817646,-0.45254332428603944,-0.29520068776861075,-0.2987729182314382,-0.442478544634062,-0.665948386751057,0.24781024191381396,-0.33008183596940965,50,0.0023972604448005276,0.00043674433770271077,0.0006208531522901693,0.0035558030567448043,-0.006932218125594676,0.0024640466239118975,-0.0009269884313890984,0.00013075464011259736,-2.276375326469946e-05,0.0013363215422888192,1.604846213348938e-05,-2.2763753264859466e-05,1.412048622852861e-05,0.0003016288790632096,0.0002754945483086902,-0.00016259248460108577,0.007652947167088076,0.0009090609101518601,-0.0075965081745476785,0.0008588077136354761,-0.0016029139031879908,-0.001552864382995665,-0.0023901496135757864,0.0024248397340593244,0.0003610336117446932,0.0025460026878433343,-0.012159474053531835
2025-04-28,2025-04-25,2025-05-06,0.0395186253399492,50,0.9,-0.0023437251320997943,0.002459907817608631,0.0035863477400015498,0.00453442650053737,0.0036396091458072988,0.007987810456377087,-0.01148173538123154,-0.00025432724320562095,-0.001781295255855242,7.635083627111072e-05,0.0007882554115197227,-0.001781295255855464,0.0001278007591711816,0.0011697515457311791,-0.001749153937077197,0.0022116322717760095,0.00045481551672166276,-0.0016492364979071583,0.00615162669850311,0.0002142127144779682,0.0014065156801812417,6.0400899888346515e-05,0.0009843587637263784,0.0032066354407387365,-0.00275805182669675,-0.37117695511160476,-0.17875544347306613,0.016935755039246776,0.2652432904274338,0.16291761372458283,-0.022495769244019588,-0.13355399435521245,0.494085134849897,-0.03651478435568073,0.8600818218481416,0.3716742125051768,-0.03651478435568073,0.9581357754061952,0.2933194321502913,0.10709010041298185,-0.08442198733842111,-0.20062522652032364,0.08734032648183218,0.11781046350232743,0.11694237192993213,0.07285771045867487,0.34838635086649594,-0.14185198166825927,-0.0941859083974658,-0.6091437896460634,50,0.0008699367581513453,-0.0004397219128394931,6.073750681022253e-05,0.0012027262052038857,0.0005929564369250924,-0.00017969194079162575,0.00153343162229304,-0.00012565931025525177,6.504361214135129e-05,6.566796635968609e-05,0.000292974209329537,6.50436121413594e-05,0.0001224504794859805,0.000343110859150795,-0.00018731707075935955,-0.0001867103916451178,-9.124746606724163e-05,-0.00014404485417296475,0.0007247259926439437,2.5050542928602913e-05,0.00010247551218223105,2.1042849101153585e-05,-0.0001396332413071046,-0.000302019871885486,0.0016800501417543062,0.005971378246878887,0.03354724709307032
2025-05-06,2025-04-30,2025-05-12,0.029663827208757,50,0.7,-0.002363154702048176,0.0022628947259732968,0.0031054716964233897,0.0028572179507491136,-0.0016493180400157792,0.0003853448277080229,-0.0012303884712129287,0.0008226707496334917,0.001514895167301411,0.00017712588441565202,-0.0015809653412101055,0.001514895167301411,-0.0002390351534534707,-0.00020996531966566145,-7.441337505198486e-05,0.0018806089084284494,-0.004791014908205549,0.0007451635101243248,0.0023950801318823878,-0.0001897606922462991,-0.0006098671527775545,0.0007105472191673012,0.0013316207081570663,-0.004741874522141365,0.0012251983840811942,-0.5904954093622894,0.1502203971803224,0.4018588904667119,0.6324020828428196,0.5956307142509228,0.2968134807888862,-0.1405442221366003,-0.18763733334989763,-0.9541258996069168,0.14687529894024048,-0.08584360295201852,-0.9541258996069168,-0.08909656321792936,0.16273647124138832,-0.12616392424348669,-0.04679726977432988,-0.19513419519550204,-0.06387696199030812,0.163732977254759,-0.7887573480215121,-0.7427784623027646,0.13540745517227787,0.35896448627772776,0.027504298332636103,-0.9727562795326173,50,0.0013954320031723565,0.0003399329445129655,0.001247961410300481,0.0018069105831896323,-0.0009823844822015306,0.00011437553961601192,0.00017292399061246192,-0.00015436374568618966,-0.0014454007143116297,2.6015417223603374e-05,0.0001357157610317428,-0.0014454007143116297,2.12972106609746e-05,-3.416901520545982e-05,9.388283412760781e-06,-8.800736242773419e-05,0.0009348908382823418,-4.7598781212776076e-05,0.0003921536007568242,0.0001496751403749172,0.00045299618594907715,9.621339072718304e-05,0.0004780045434203854,-0.00013042193151290235,-0.0011918194217881972,0.002254320674585669,0.027409506534171332
2025-05-12,2025-05-09,2025-05-19,-0.0031649810351144,50,0.7,-0.01365384523316393,0.005616194116443873,-0.008591436674175168,0.008729584583831329,-0.005974728698432741,-0.0018186664616899328,-0.004904684830973505,0.0018387676587965363,-0.0005794436716827223,0.0010923383586165514,-0.00039538591405630097,-0.0005794436716827223,-0.0007964560330731008,0.0020441659912504573,-0.0034397255432616625,0.0032935413171584216,-0.010514605328992177,0.020185267034807275,-0.013107804885303831,-0.002198059900147542,0.0033075360904000206,-0.0005230484541965952,-0.001345436337096495,0.007357306784089523,-0.0014276207887027326,-0.5685005410587687,0.10904150699338117,0.9585447328722951,0.9961737263384974,1.0927602282971847,0.6480629376132793,0.5276326937618595,-0.39059404498176015,-0.2771634269214634,0.05689899919331399,-0.3492391051778079,-0.2771634269214634,-0.169310826421959,-0.14741730231849107,-0.265173106793528,-0.30666380148474864,-0.01989680877211203,0.1898519009242331,0.6074869169109156,-0.09201758356169157,-0.09745604923592112,0.0194011722664485,0.7980652008813882,0.835778760148733,0.10808756105079474,50,0.007762218402586384,0.0006123982700244007,-0.008235276371836476,0.008696182804262357,-0.006528945896513103,-0.0011786103297015264,-0.0025878720694194808,-0.0007182116976309801,0.00016060059375153863,6.215295938574908e-05,0.00013808422282493219,0.00016060059375153863,0.0001348486291683618,-0.0003013454359213466,0.000912122708823751,-0.0010100099006668877,0.00020920709154518744,0.003832211317221419,-0.007962819977243062,0.00020226016053542987,-0.00032233940007561044,-1.0147753163567742e-05,-0.0010737459206380333,0.006149080742040204,-0.00015430804915629034,-0.0010516643060451106,-0.0021133167290692894
2025-05-19,2025-05-16,2025-05-26,-0.0131783072270032,50,0.94,-0.004240422489153239,0.001398493969062109,-0.010478330762329624,-0.003208750962503726,0.00348393948524528,-0.006206658092990369,-0.0032487495687336665,-0.0019020921632738608,-2.4623739444118442e-05,0.0005161311295711624,-0.0008200832844640349,-2.4623739444118442e-05,0.0008125243351790878,-0.0006450576117730256,0.001424524345529976,-0.0007074284612624826,-0.01265089409074538,0.01714010563777868,-0.008091204171430166,-0.0016126595342363936,-0.00040416140976040626,-0.0011032408510667224,-0.0008261024006911422,0.006160678374416584,-0.0006798109548541431,-0.5825759369698676,0.14369390096997317,0.2787577050751883,0.40199211476244207,0.3995702508386368,0.053886428878463975,-0.37649308637591894,0.15851831716140277,-0.9460161659596682,0.4026588462647436,-0.20732073665878148,-0.9460161659596682,0.08643658996610133,1.3020614030233093,-0.05667885299791329,0.16404505852542564,-0.32346951868283036,-0.06728390878186165,-0.1573977891741247,-0.8437426673258643,-0.7919248473151971,0.1023249912597204,-0.26361553644800195,-0.21442488002970528,-0.3969407216980068,50,0.0024703681047665467,0.00020095505389751541,-0.0029209154363257547,-0.0012898925851628942,0.0013920785740260877,-0.0003344546399008684,0.0012231317519949738,-0.00030151644880806454,2.329445558051478e-05,0.00020782476515444312,0.00017002027065663675,2.329445558051478e-05,7.02318327973539e-05,-0.0008399046190160508,-8.074040597224215e-05,-0.00011605014333035576,0.004092178622440871,-0.0011532533042437733,0.0012735376483395636,0.0013606696569051007,0.00032006546271520455,-0.00011288911044276887,0.0002177734275191777,-0.0013210027213358757,0.0002698446510380147,0.0048446493188738695,-0.01802295654587707
2025-05-26,2025-05-23,2025-06-03,0.014602324040315,50,0.92,-0.006468400798481877,0.00022191925104086963,-0.0014760348828674053,-0.004236957240140393,0.00971656599995896,2.2017068144863927e-05,0.005579470414224463,-0.004498979978483142,0.0015630806842110712,2.7786389071637885e-05,-0.002243063804859391,0.0015630806842112932,0.001947665617931138,0.00024025830343155086,0.005092891098618324,-0.0032584711301975045,-0.00661065178846465,0.0009028151085921365,-0.004682451171859392,-0.0013640520452308236,0.0018158837302642006,-0.0009141733937338969,-0.0013906950974090782,-0.008347401552817435,-0.0033436620900163527,-0.6052295101544981,0.1698731089493885,0.40684462445396535,-0.21120317513386588,0.056235097784075566,-0.4073819970640613,-0.5004861331518943,-0.2350061442735828,0.32661876074253793,0.4325584933048362,-0.22940588775087498,0.32661876074253793,-0.19691439946428976,-0.08294333297080282,-0.2589165358261881,-0.16841224234652447,-0.32910711905705237,-0.13951474340303224,-0.20226602347245096,0.2753324014913605,0.4953259991475805,0.23223487778157467,0.15887453398644896,-0.3168429841784123,-0.3203974998830735,50,0.003914867046748151,3.7698113110032344e-05,-0.0006005168576011423,0.0008948588220240725,0.000546412039133116,-8.969357190350194e-06,-0.0027924475726505997,0.0010572879379073697,0.0005105314760176184,1.201923859120965e-05,0.0005145720434356239,0.0005105314760176908,-0.00038352340551215487,-1.99278244605233e-05,-0.001318633720594286,0.0005487664296579755,0.0021756125651909517,-0.00012595601821561262,0.0009471007786359172,-0.0003755677253726046,0.0008994544230289508,-0.0002123029463649589,-0.00022094603551810654,0.0026448156181301885,0.0010713009740950517,0.010227037518243581,0.004375286522071418
2025-06-03,2025-05-30,2025-06-09,0.0277623271213833,50,0.86,-0.0006622059825229787,0.001960127899744757,0.00400415187563774,0.004078500495297899,-0.001807774536949136,-0.00415843629372159,-0.0015921573667901923,0.0003409898604713746,0.0012105313442829502,-0.0015318225013899456,-0.0010505144898522722,0.0012105313442827281,-0.0013432732216912546,-0.0003357822920795339,-0.003705330731058165,0.002905751480903662,-0.0031232220514864073,-0.00019002272409174292,0.0026051024882050022,-0.0014850999481105243,-0.0016983765320924826,0.0010209026736611726,-3.386014899930956e-05,0.003390494951299061,-0.0009421713498913853,-0.5269502580194204,0.0648915492139467,-0.4983731657714128,-0.39631585125734275,-0.4712696147068327,-0.3059702462749843,-0.31163737932008717,0.12967473461119558,0.537299054733965,0.23461358498866272,-0.3107877311920285,0.537299054733965,0.49106096236354324,-0.17859018594495474,-0.21051602882385156,-0.3168517644129018,-0.3428360503082653,-0.31997214139281366,-0.401450427166111,0.35301782391217634,0.4736183792294743,-0.43121514950595907,-0.34748639855068364,-0.4005577525920821,-0.5561867066853089,50,0.00034894961335248743,0.00012719573607191688,-0.001995561846491121,-0.0016163743956474808,0.0008519492095048423,0.0012723577769088279,0.0004961757492516663,4.4217769661734106e-05,0.0006504173470090651,-0.00035938636861739594,0.00032648701488553896,0.0006504173470089458,-0.0006596290409608847,5.9967421979507066e-05,0.0007800315109813436,-0.0009206924836697277,0.0010707531123672774,6.080197794093079e-05,-0.001045819506701397,-0.0005242667519740633,-0.0008043823404510168,-0.0004402286990538359,1.1765941230159613e-05,-0.0013580890378671528,0.0005240231802293414,-0.0024489197630504916,0.03021124688443379
2025-06-09,2025-06-06,2025-06-16,-0.0096613450410295,50,0.72,0.0012679333578413665,0.0027183292016161875,0.008831884413376123,0.00455621962553443,-0.009117171318341222,0.0015645714465064575,-0.006383142259269392,0.003329674450904818,0.0015993078125489113,0.00013181130259232177,-0.0005198939322470508,0.0015993078125484672,0.00011003791562291809,0.00133795653654456,-0.0016350984525960177,0.001078576430120215,-0.003866442806031989,-0.0008289427859061727,0.002654209887071435,0.001431790201999128,-0.003066991569150468,-0.0008261171450916205,0.0008552212821353322,0.0060597483973861,-0.0003307968201478051,-0.5882628867482387,0.16449788477717356,0.09230230927011668,0.3679335524869108,0.3103777871514354,-0.2851182805014549,-0.41139156821231554,-0.3151366682961291,-0.2096135452863033,-0.5429950766859115,-0.4092659919581147,-0.2096135452863033,-0.002556911562536743,0.10317515417992386,-0.07595087446265052,0.16477293091927522,-0.16546529942651658,-0.0054165908895087034,-0.10535260827117565,-0.5029933106071733,-0.4641817406496028,-0.5879022693920566,-0.45071532191743297,-0.3446843643455469,-0.6650630428446926,50,-0.0007458781372881498,0.0004471594037938858,0.000815203326561366,0.0016763860727334653,-0.002829767458867283,-0.00044608792054959517,0.002625970904163138,-0.0010493025129688874,-0.0003352365805924599,-7.157288835918764e-05,0.00021277490589409413,-0.0003352365805923668,-2.813572187736818e-07,0.00013804387194402191,0.00012418715730719426,0.00017772019961135666,0.000639762116615584,4.490043942063338e-06,-0.0002796279345021182,-0.0007201808937984548,0.001423641485125921,0.0004856761443830506,-0.00038546133548826605,-0.0020887005244469743,0.00022000073977084778,-0.0002963177528265285,-0.00936502728820297
2025-06-16,2025-06-13,2025-06-23,-0.0122056435135257,50,0.76,0.0015517179024331362,0.0019307530727608047,0.009299637973838815,0.008634549074744147,-0.009052641819262464,0.0031824743690318513,-0.022479950136665372,-0.00011533362787530255,0.0007071548305703779,0.00030661461055236927,-0.002185272061416055,0.0007071548305703779,-0.00031244830131538226,0.001613175406589784,0.0007668189857374941,0.0021057147689769184,-0.006801547331692026,-0.008970700796044673,0.005538703629431874,-0.0012280893108103097,-0.0013162906605116431,0.0014182275952137058,0.0009221159944867718,0.016649481937371924,0.004460140922179168,-0.5597392823392545,0.16120766411832949,0.34859693334250536,-0.3362602735917035,-0.05840934443624698,-0.7135232442608571,-0.788777666064129,0.2208105627994317,0.7491308151230929,-0.24124689946626598,-0.27009297006833316,0.7491308151230929,0.025831705525943667,-0.15071052266878177,0.14739854289737442,0.03754840476682462,-0.2823303140037634,-0.11651250298499552,-0.2538364213390404,0.40213422645354596,0.3831439240709769,-0.46003306951703626,-0.2955681427547166,-0.6294280852425023,-0.3596667441455715,50,-0.0008685574651008971,0.00031125219284905637,0.003241825278875721,-0.002903455834214457,0.0005287588740792747,-0.002270769436568631,0.017731682602036912,-2.546688328084578e-05,0.0005297514746434198,-7.396982412681572e-05,0.0005902266214752111,0.0005297514746434198,-8.071072511660272e-06,-0.0002431225086835709,0.00011302800116374917,7.906623046902592e-05,0.001920282993868069,0.0010451988032766566,-0.0014059247081525412,-0.0004938567450185723,-0.000504328768886409,-0.0006524315938999258,-0.00027254811189487364,-0.010479651536119638,-0.001604164363910608,0.004814505695011077,-0.017020149208536776
2025-06-23,2025-06-20,2025-06-30,0.0450587433865174,50,0.84,-0.0011430935633975903,-0.0011455329252640922,0.007892516026625662,0.002692163659691049,-0.007358475493466243,-0.007068172363516201,0.0009621537780395428,-0.005694265792269504,0.00024784820887013836,-0.000284868062792043,1.972905891123311e-05,0.00024784820887013836,-0.0003014412746991102,0.000812557801368019,0.00344957417458569,-0.003260476352861419,-0.010099009513782065,-0.00029551257046855905,0.007914377745672052,0.00018369293360787076,5.5549467197879565e-05,-0.0009468448826672748,0.00041399427456645377,0.008310533112288576,-0.0007882740191468285,-0.5653978234037382,0.13589816830546225,0.7169555741913137,0.22842830873609463,0.4821580424242702,-0.40220992941670103,-0.563348758051499,-0.3001082419075357,-0.16824547615747654,0.0702851223804012,-0.4134980514715209,-0.16824547615747654,0.06997443770080997,1.046237567096665,-0.23174753528374886,-0.15583237350325888,-0.1419696187894733,-0.12080147996162349,-0.04268766165342873,-0.29257257657492364,-0.37402986388334175,-0.0802291622278863,0.0050477816918672765,-0.2554749292714635,-0.2672018673783704,50,0.0006463026126918206,-0.0001556758262769881,0.005658583359683548,0.0006149663916240013,-0.0035479481391566493,0.002842889107434928,-0.0005420281359131341,0.0017088960958722217,-4.169933991613413e-05,-2.0021986655606558e-05,-8.157927417161737e-06,-4.169933991613413e-05,-2.109318369688563e-05,0.0008501284972286914,-0.0007994303127387061,0.0005080877688176439,0.001433752530822904,3.569835585986549e-05,-0.00033784627940467457,-5.374351488426113e-05,-2.0777159654815052e-05,7.596457169615676e-05,2.0897527196944196e-06,-0.002123132859070079,0.00021062828992188585,0.0068747333296721325,0.03818401005684527
2025-06-30,2025-06-27,2025-07-07,0.0062133864583228,50,0.64,-0.0029081490282207856,0.0024415449138293077,0.005063032122894606,0.007686491331305723,-0.01242253395785553,-0.0037576493678888045,-0.0035334262727245713,0.009934929516400182,-0.0002599246910773845,-0.0006151566724422741,0.0010251592225802852,-0.0002599246910773845,0.0028114867534447807,-8.807737397475979e-05,-0.005260480030854664,0.006124235507592335,-0.012800751320599768,0.009269773798987746,0.0026456064940874047,-0.00016881676189128836,0.002083828048279779,0.002253222150595313,-0.0011489419693541114,0.002257590904479523,0.0014933294837442546,-0.5070180236794616,0.09129840641766415,0.8190395333174121,0.3741896738926995,0.6253170963831639,-0.5100951451718262,-0.6194727749109226,-0.4434253865337975,-0.390884596704054,-0.5310959588857925,-0.37292217615680584,-0.390884596704054,-0.13003462663701693,0.19219321931114705,-0.18526330073055483,0.0877978670756351,-0.22226486898606154,0.004981445846767836,0.07303484730102017,-0.23484108697101017,-0.48478255569222434,-0.36957259226884015,0.06388531823989001,-0.22687239972351533,0.2720294605799746,50,0.0014744839728538495,0.00022290915982976894,0.004146823467106664,0.0028762056846403502,-0.007768022864247473,0.0019167586998180607,0.0021888613781078483,-0.004405399960995785,0.00010160055804520926,0.000326707222815723,-0.00038230460819185927,0.00010160055804520926,-0.0003655906302791109,-1.6927874052680923e-05,0.0009745738939433059,0.0005376948150354764,0.0028451573151962615,4.617687619144481e-05,0.00019322146631426093,3.9645111861476364e-05,-0.001010203486868211,-0.0008327291511530808,-7.340052335135337e-05,-0.0005121850660932508,0.0004062296139311216,0.0030318856285032267,0.0031815008298195736
2025-07-07,2025-07-04,2025-07-14,0.0484396944155766,50,1.0,0.00018347253763373317,-0.0002297002192923614,0.006323753940943977,-0.006594955538328451,0.003123089959727432,-0.0004443993644940303,0.005306646128942161,-0.0010546205718676704,-0.0005538815052460455,-0.0014533247231888202,0.00020176724209997055,-0.0005538815052462676,0.003473643813202365,-0.0020889260406731225,0.002096499220900716,-0.002031421805227196,-0.008990120336666685,-0.012225970503304984,0.005827695277434097,0.004521499038368404,-0.002707887574384893,0.00024468941859256965,-0.0006073415453503594,0.0012293552342517167,-0.0022400426665992734,-0.48240220277708645,0.027432361425708544,-0.3177880350837698,-0.2763900616147864,-0.33106645489042746,-0.11119790906018856,-0.13824545281688544,0.9146134376937208,0.8178225830113945,0.06315026045649144,0.09372005921126547,0.8178225830113945,2.0074612652369708,0.24525348585444834,-0.03165994053289508,-0.16354557663317607,-0.2064866668956396,-0.10635390890817563,-0.04493963312124545,0.25096484140210007,0.2139138838993218,-0.3010101892480379,-0.36956817338700804,-0.1898392803906279,-0.069761228538251,50,-8.850755630361477e-05,-6.301219435192568e-06,-0.002009613339245832,0.0018227801675853774,-0.0010339503212708487,4.941628011941277e-05,-0.0007336196970345812,-0.0009645701466984079,-0.0004529768033025602,-9.177783479723233e-05,1.8909637876502976e-05,-0.0004529768033027418,0.006973205404233795,-0.0005123163931672145,-6.637504066097754e-05,0.00033223005052108925,0.0018563399833090091,0.0013002797532225404,-0.00026189448771030306,0.0011347372890638744,-0.0005792547481993861,-7.365400819754175e-05,0.00022445410553717504,-0.00023337991301479767,0.0001562681284000651,0.00630745248752761,0.042132241928048986
2025-07-14,2025-07-11,2025-07-21,0.0174877995624542,50,0.7,-0.00038975419627829133,0.00011675496393892537,0.0005810276199196274,0.007471646087195305,-0.011350991972142843,-0.004868025229134987,-0.0021940842058474352,0.002835325936505706,-0.002024221555922745,-0.002990342835473059,0.0023472992299560236,-0.002024221555922634,0.0002433489432682734,-0.0014753961867430831,-0.0034601766397299727,-0.0016799889856200512,-0.0065830725439786075,-0.0018791555838004737,0.0006478949407326962,-0.0033901385219886615,0.0025293961318204605,-0.0010052468758449118,-0.00016565303665361242,0.007495058733561599,0.0016503745613238863,-0.4251742750003406,-0.04740290390921687,0.2038220057739781,0.2038225782591347,0.2486901230807902,-0.29912231988308946,-0.44370182015376636,0.262156427687503,-0.6285121479604545,-0.28590135558432467,-0.20587997025278348,-0.6285121479604545,2.3669731197551305,1.100573852965221,-0.10658561852514001,0.017989869943032845,-0.1824754316042375,-0.14286466950850782,-0.17170735284713812,-0.3818104414164844,-0.586021677610658,-0.38096861011319016,-0.7986384730391848,-0.2507493801498119,-0.06608808109052566,50,0.00016571345783096298,-5.53452433652096e-06,0.00011842621490209904,0.0015228901693319224,-0.002822879590641265,0.0014561349997882654,0.000973519155705138,0.0007432989188440599,0.0012722478380608577,0.0008549430703236207,-0.00048326189563772774,0.0012722478380607879,0.0005760004074368193,-0.0016237824658940296,0.0003688050673518597,-3.02227833570324e-05,0.001201249003744502,0.00026846494143472173,-0.0001112483251962647,0.0012943902855435188,-0.0014822809645113355,0.00038296750511126267,0.00013229688824734512,-0.0018793813316270052,-0.00010907008783851371,0.004055933792678049,0.01343186576977615
2025-07-21,2025-07-18,2025-07-28,0.034119837261723,50,0.72,0.005679077258235132,0.0006352311032604696,0.013078106200298478,-0.00014412506768757272,-0.006649181423256101,-0.01439263152410708,-0.005200234295670736,-0.005706936171876453,-0.0010495326342344624,0.00038551424765920217,-0.0024521163070644336,-0.0010495326342340183,-0.00034782025951851647,0.0020320704643010945,0.00409894283716028,-0.004410505383798391,-0.015648632023393394,0.006266936160299608,0.0006752498715496547,0.0009005802721002709,-0.0011265572837136917,0.0011081649466753163,-0.0007711329380983845,0.021918210959394724,-0.0008076791762049451,-0.5938986428132393,0.17905101303223211,0.4846465041592976,0.22882980196043745,0.4014377461950751,-0.24447896928515434,-0.4535581169182958,0.19668581729182946,-0.7351998183684806,-0.6114146117864485,-0.10802980852878752,-0.7351998183684806,0.859389984470123,-0.14185677114148548,-0.12011140457076637,-0.19298443287011768,-0.2521744287846822,-0.1696097611940719,-0.08973549899832138,-0.507322145692262,-0.5775376046633928,-0.189192386102783,-0.5087963002400717,-0.09396007265655258,0.17793229012813366,50,-0.0033727962760973776,0.00011373877254836953,0.006338258450998693,-3.298011069648191e-05,-0.002669232404594091,0.003518695720314719,0.002358608474678359,-0.0011224734051978249,0.0007716162020609698,-0.00023570904407069587,0.00026490165514248833,0.0007716162020606432,-0.000298913247426012,-0.00028826295479773254,-0.0004923297814266033,0.0008511588801629332,0.003946184841760915,-0.0010629335455669103,-6.0593884172060675e-05,-0.00045688431601003055,0.0006506291951521037,-0.00020965637045696636,0.00039234958589771425,-0.0020594366942463752,-0.0001437122055109503,0.007471843740507797,0.0266479935212152
2025-07-28,2025-07-25,2025-08-04,0.0068215467263918,50,0.54,-0.011200552686676746,0.0030135112877920367,0.009030794900785954,-0.0028452739167957874,-0.003707998887899855,-0.003987336033600686,0.006662373450394332,-0.0070126564581302064,0.0025465088784211165,0.0009472381516306694,-0.001537126489052243,0.0025465088784211165,-0.0010127740260219564,0.001404181469876642,0.003619862517925343,-0.0027278432724445745,-0.003761434892001203,-0.007968679198846251,0.006271390701928725,0.0016215695820616105,-0.0029056032443841584,0.0007147458299261444,0.0009282637202094879,0.0026432030562801856,-0.0007011504822345138,-0.5544865812054652,0.12202788881468653,0.8923787020785319,0.10941886243820939,0.4955115010093938,-0.40649710335399014,-0.8522570243364737,-0.21340540714331113,-0.6716882225297597,-0.4221771823539479,-0.32348716558481444,-0.6716882225297597,-0.09006060586664327,-0.07679252996333105,-0.2531209311556318,-0.31746431912115247,-0.23676607621675083,-0.2122518092908804,-0.179017616444472,-0.4322036800626156,-0.5503115926863756,-0.09656062401611998,-0.3643558017806422,-0.3085656308523961,0.09215546028791392,50,0.006210556166847077,0.0003677324203684895,0.008058889032300794,-0.0003113266353009035,-0.0018373560946844199,0.001620840547757667,-0.005678054571851398,0.001496538806603447,-0.0017104600222029316,-0.00039990233387359765,0.0004972406910888473,-0.0017104600222029316,9.121104238953694e-05,-0.00010783064759945627,-0.0009162629711926327,0.0008659929071558333,0.0008905801803239028,0.00169136657761372,-0.0011226894152513045,-0.0007008483408446256,0.0015989871491317465,-6.901630335058806e-05,-0.0003382182720408097,-0.0008156016185320768,-6.461484542141444e-05,0.007607293427231971,-0.000785746700840171
2025-08-04,2025-08-01,2025-08-11,0.0405441221635194,50,0.8,-0.0018718457674958833,-0.00022775181232614905,0.005994323626177467,0.0012763636645385379,-0.00048632288368655185,-0.00470959323443787,0.002345838250455312,0.002769681428212989,-0.0004711790718079367,-0.0005413872789482577,0.00028103590440475834,-0.0004711790718079367,-0.0005483847475550307,0.0004899437128074169,-0.002815576562453237,0.0013561794378615932,-0.003000496454788615,-0.0036737425255556344,0.004833035117412399,-0.00040039727730500907,0.0032359300385735867,0.0022867842295861696,0.002753812971591385,0.004122185879283924,-0.0007686005487307357,-0.6313345477493938,0.23557571832372692,1.2650984991959193,0.19749365210450562,0.7185049140604302,0.007150363493809242,-0.3528774719858357,-0.41917099491055704,-0.4603444642893008,-0.09552706426059387,-0.4354757408832974,-0.4603444642893008,0.03171442734936539,0.6060404683459635,-0.3024521702208046,-0.3656976509511054,-0.14984400778293877,-0.022841680094411294,-0.010896545966482853,-0.4544352483896476,-0.6332509282787298,-0.09797827210619996,-0.4189125455951101,0.304256738608419,-0.2714072527521758,50,0.0011817609010786303,-5.3652796788263204e-05,0.007583409823171754,0.00025207372152320594,-0.0003494253817488265,-3.3675303534215536e-05,-0.0008277934715083462,-0.001160970119849331,0.00021690467739575464,5.171713738595827e-05,-0.00012238431868546968,0.00021690467739575464,-1.73917082358341e-05,0.00029692571717296714,0.0008515772417368143,-0.0004959516346941753,0.0004496064141240254,8.39144515179764e-05,-5.266338931451005e-05,0.0001819546361666404,-0.0020491557007717496,-0.00022405516749456056,-0.0011536068020221817,0.0012542028315686046,0.0002086037633948238,0.006288830198985444,0.03425529196453396
2025-08-11,2025-08-08,2025-08-18,0.0369438937182882,50,0.84,0.010297050283632814,-0.005618389701978144,0.0245253036288271,0.03362758195041349,-0.04493122418796347,-0.0004595584245787876,-0.011114147466923296,-0.0032731237482231945,-0.0005321434657283852,-0.0007790222436351302,-0.0003254411792618095,-0.0005321434657283852,0.0008961051994758051,-0.0022500176180079157,0.002118391331316971,-0.002408311092885196,-0.0005151023441094527,0.005390142410664378,0.00023011726597887971,0.0021980383485440402,-0.0013195494180064937,0.0016568667921394997,0.00338178299214964,0.022263420983579474,-0.0005817127166858338,-0.48436562366627234,-0.007366021059207949,0.5598790560083148,0.008782840279695192,0.27120948819697543,-0.2806087842706304,-0.3577841919954461,-0.30238072933030113,-0.050167896726363896,0.002450397795157068,-0.24415530572596386,-0.050167896726363896,-0.19617422880571098,-0.21571612941132753,-0.24341637651025871,-0.2523412946623304,-0.21751564197903644,-0.09468874290494714,-0.026140211234542052,0.1940739962566316,0.18080351214146803,1.1075688470786091,1.3894648027932646,0.053784454115065945,-0.2237238950472724,50,-0.0049875371825547745,4.138517686360808e-05,0.013731203844025014,0.0002953456812628426,-0.012185774316081135,0.0001289561308223798,0.003976466271171385,0.0009897295461760585,2.6696518432270996e-05,-1.9089143881818353e-06,7.945819061848531e-05,2.6696518432270996e-05,-0.00017579274643595387,0.00048536509166396247,-0.0005156511418999201,0.0006077163391283022,0.00011204281706387414,-0.0005103858089444513,-6.015313941403213e-06,0.00042658208622726876,-0.00023857916921980415,0.0018350940427327793,0.004698868438276816,0.0011974259443357266,0.0001301430347754852,0.010167531078542905,0.026776362639745293
2025-08-18,2025-08-15,2025-08-25,0.0199707943381602,50,0.68,0.013463686853030232,0.0008210655895797281,0.004133832520971881,0.013803014047483186,-0.011862379324515171,0.007852893607736,-0.01187970051264875,-0.0050296442315242995,-0.00020891069750961222,-0.0010283388952447847,0.0017604640674946381,-0.00020891069750961222,0.0006591721184276977,0.0014754202698810115,0.0009110248363439766,-0.0027710279784461944,-0.012624800784547086,-0.00708585143330287,0.006407618034942608,0.0006338649950108355,-0.002862924501785602,0.0001855408976936257,0.0014414485671383481,0.0017262235233941325,0.0007754948634866032,0.05717786647282254,-0.5741112457006617,0.3768679753409241,0.19959667133543127,0.2857495393561926,-0.2899226849789667,-0.1035802117880161,-0.3644787278232191,0.13177393509170457,0.08553229026270497,-0.37729236291083246,0.13177393509170457,-0.2505661675403216,-0.43059333362701196,-0.2639762706116516,-0.30947318700145426,0.07149636715915197,0.2026085938210577,0.28314893265374136,0.26888437345279753,0.36505175981505844,0.9643201238392559,1.0399013616725636,0.027030422722774786,-0.16764455824601288,50,0.0007698248891144589,-0.000471382988435566,0.0015579090925771407,0.0027550356582738424,-0.0033896694276486328,-0.002276731999608986,0.001230501895078361,0.0018331983309093692,-2.752898469359437e-05,-8.795618087650629e-05,-0.0006642096478446673,-2.752898469359437e-05,-0.00016516623146386325,-0.0006353061325089305,-0.00024048893873267316,0.0008575588597599409,-0.0009026273922031283,-0.0014356543949264207,0.001814310207446863,0.00017043639203714913,-0.0010451156275944834,0.00017892082144116384,0.001498964327748134,4.6660551551341116e-05,-0.00013000749381126365,0.0012139466008954545,0.018756847737264746
2025-08-25,2025-08-22,2025-09-01,-0.0141574621606874,50,0.42,0.00813211532799718,-0.0004402059083248311,0.003986474041094867,0.0052542044228574,-0.010447662155390836,-0.009562894646876652,0.010037237088332596,-0.0026199338382508763,-0.002350141076977952,0.0009716113724160813,0.00023674289864361597,-0.0023501410769776188,0.00025496060537499865,-0.0005434080723072388,-0.0007780245986820367,0.0015439558590064628,-0.0073023859695068305,-0.008302811021055678,0.006719103010906835,9.114482465077955e-05,0.0036923316519392735,0.002081619222185749,0.0005212579261055783,0.006687746608452505,-0.00024157687680048667,-0.08083518476107772,-0.4499912505246105,0.7943108606804421,0.5201672168135183,0.6961331489133564,-0.055021477721105876,-0.25709525032407154,-0.45301982488051595,-0.19471089044430276,-0.29204798044134,-0.3257236591259862,-0.19471089044430276,0.04283392950523594,0.030319764596018886,-0.2722598177323101,-0.29697643231546833,-0.04699865085996412,0.09720128613672077,0.2914775442326914,-0.011335381554975417,0.0021604591034811715,0.5896446662754967,0.9009532613537857,0.11461580334211446,-0.25297050134010524,50,-0.0006573610450370442,0.0001980888071754128,0.003166499626662304,0.002733064891207012,-0.007272963955015127,0.0005261645947624063,-0.0025805259817869236,0.00118688196860295,0.00045759806176810965,-0.0002837571390879552,-7.711276321829107e-05,0.0004575980617680448,1.0920964597244973e-05,-1.647600483193189e-05,0.00021182483542842503,-0.00045851850266030356,0.0003432022886255521,-0.0008070439097967517,0.001958467645065607,-1.0331613641779152e-06,7.977131530503875e-06,0.0012274156715783749,0.00046962902853133143,0.0007665214500762853,6.111182363639595e-05,0.0016281743882174543,-0.015785636548904854
2025-09-01,2025-08-29,2025-09-08,-0.0157991898216881,50,0.64,-0.008824415387050477,0.0003588961693434811,-0.0021473156342889377,-0.0009973740907015527,-0.0014214415737547892,-0.005415036586109312,-0.003881893315230256,0.00703755668619821,-0.0023419700117934816,0.0025200084455188065,0.003004782989828092,-0.0023419700117937037,-0.0004625621699932969,-0.0005651013422531825,-0.005582732658827028,0.0046043546665421875,0.004254409746224264,-0.015731023598695826,0.004284448344553438,0.0015106521615000368,0.005812773853191455,0.0037670171468036084,4.263783072055993e-05,0.004853325087219584,0.003410789283243787,0.10428780937674421,-0.6401230100018226,0.6838397664989923,0.5774208353906792,0.6743933724312592,0.2572792499226652,0.13012032758237924,-0.48450337260693715,-0.21819564759616966,-0.5111262900142325,-0.2690803370168361,-0.21819564759616966,0.5556251588430308,-0.17589140323532113,-0.25269388566441814,-0.22470964521272488,-0.11696677789776393,-0.009043780548827157,0.03301426981053404,0.12765893346052853,0.15631961435598124,0.5052134367785954,0.37495783442424163,0.36509673905342405,-0.1206595333755989,50,-0.0009202789497459287,-0.00022973769619827298,-0.0014684198219517826,-0.0005759045806499097,-0.0009586107766384887,-0.0013931765511779935,-0.000505113229817609,-0.003409719949375533,0.0005110076633740878,-0.0012880425675625606,-0.0008085280195653994,0.0005110076633741363,-0.0002570111791773026,9.939646805907575e-05,0.00141072240818465,-0.0010346429035522492,-0.0004976245998726957,0.0001422679252350263,0.0001414479336363831,0.0001928482437669368,0.0009086505670694194,0.0019031476791405498,1.5987388671528553e-05,0.001771933162910045,-0.00041154424335868874,-0.006149937965222577,-0.009649251856465525
2025-09-08,2025-09-05,2025-09-15,0.0001622007924215,50,0.92,0.0025427642999220623,0.0001690853696756367,0.013536691613199814,0.013096840803117349,-0.011458503804142928,-0.00646376974894014,-0.002024611661594067,0.0032264225892537635,-0.0035162026245284528,-0.0011342500146894752,0.0018746683554635712,-0.0035162026245283418,-0.0022691211525640576,0.0011775399682001364,0.0011092294848566997,0.00021594627528642718,-0.011295355377413663,0.019119083021974737,-0.01222857074594863,0.002238638531040893,0.0009205196188435405,0.0007394467912233971,0.0025226765865709044,0.016955069331943795,-0.002434183950729807,-0.2124153628641411,-0.34087835248147064,-0.0034618689979064275,-0.003502376826839325,-0.03961658393034334,-0.5016626497473203,-0.5251648057360931,-0.015295709893871311,-0.09555661775827361,0.6954111362116713,0.3217186838835837,-0.09555661775827361,-0.2796601945318122,-0.36233143747992036,0.029935033786877865,0.11396127200396226,-0.35023995825519355,-0.26348634624209466,-0.10629699882873965,0.20974345381114826,0.20235899568683827,1.0862710896338788,0.2194900288407253,-0.5440486692737105,1.0395761739507199,50,-0.0005401222014459286,-5.763754224375145e-05,-4.686225302995638e-05,-4.587007173364194e-05,0.00045394677767298676,0.003242631859609882,0.0010632547899520769,-4.9350423920258685e-05,0.0003359964301527038,-0.0007887700914633128,0.0006031158360379424,0.0003359964301526932,0.0006345828629423142,-0.00042665974936801515,3.3204822106586436e-05,2.4609512216159042e-05,0.0039560847958629375,-0.005037617328959389,0.0012998603702592615,0.0004695397773352323,0.00018627542557921002,0.0008032396716285148,0.0005537023567422703,-0.009224382907487522,-0.0025305196381919404,-0.004751750489592944,0.0049139512820144445
2025-09-15,2025-09-12,2025-09-22,-0.0068858126493366,50,0.78,0.010655159779921597,-0.0034180680869856372,0.013914736574940134,0.01525169197009868,-0.03225110364664219,-0.008134107480912811,-0.006871363866942648,-0.00877117228183022,0.002594928791999962,-0.0011506534452314643,-0.0022257996090663257,0.002594928791999518,-0.0018198047275248541,-0.0003607639058884615,0.007090413072854407,-0.007131576081414015,-0.005226884180747682,0.004196699330403453,-0.0026540853575959256,0.0023300863263535643,-0.0044312091260806374,0.0020693183391720105,0.004521539907571759,0.023984464660476545,-0.0021560031050937845,-0.08324001481937138,-0.4369277873635135,0.25083189384333404,0.3327251750893424,0.34567695050416947,-0.1643887020041471,-0.1786747307155499,-0.10280457439276734,-0.21538730437322914,0.28119297224993817,0.5848374786523914,-0.21538730437322914,-0.2433868309312231,-0.2781617623244996,-0.030427604612672524,-0.00637313335725749,-0.35601855130048404,-0.23899085864759786,-0.22416563796105038,0.4303238941443034,0.5224960331595588,0.328318777678863,0.6716100256796683,-0.029083048030561366,-0.28040636011461945,50,-0.0008869356579834436,0.001493448926304472,0.003490259727423341,0.005074621881159801,-0.01114846315896517,0.0013371553707494798,0.0012277390885745373,0.0009017166333591936,-0.0005589147175493516,-0.0003235556622942669,-0.0013017310313518285,-0.000558914717549256,0.00044291650554593217,0.00010035072384500436,-0.00021574428552133832,4.5450485414279315e-05,0.001860867733845207,-0.0010029727764589201,0.0005949547373885731,0.0010026918216488598,-0.0023152891904775685,0.0006793960677454094,0.003036711533435914,-0.0006975413377079411,0.0006045569830951654,0.0028827756836760842,-0.009768588333012685
2025-09-22,2025-09-19,2025-09-29,-0.0066508690832303,50,0.64,0.007083686184215843,0.0022704488221914065,0.01067035796200555,0.0022005465664238777,-0.013537017674736807,-0.009848198426365196,-0.006311682108641303,0.00040674449592570383,-0.001497409276845607,-0.0019249213653971253,0.000996194745622514,-0.001497409276845163,0.0017676900975565069,0.0017251956850703465,-0.005736375209368316,0.004112630659918404,-0.014626764785255264,0.008874669477932695,-0.005352512012075872,0.001539063559243381,-0.0020786141938931024,-0.0011058963946667388,0.004148037462784915,0.01681607386622419,-0.000968958560798594,-0.23643067229394138,-0.26146898159998233,0.22539858981521618,-0.1358195313727174,0.0063190669655879715,-0.38108928217706306,-0.5593257630793351,-0.08263812448260217,0.13927771344955084,0.044839949351301325,-0.17851959208260204,0.13927771344955084,-0.29222745442715237,-0.33978737797727154,-0.16821568183220614,-0.17322438773573112,-0.38283051610444574,-0.30730300374346675,-0.2571608680133245,0.31928951799368865,0.36688201545292626,1.4467899866277936,0.7467528561870389,-0.38584256982392495,-0.5147553085960795,50,-0.001674800686853456,-0.0005936519413132664,0.002405083637459615,-0.0002988772034155334,-8.554132120100985e-05,0.0037530428690407945,0.003530286411729984,-3.3612602286921585e-05,-0.00020855574017720162,-8.631337652964489e-05,-0.0001778402796233627,-0.00020855574017713977,-0.0005165675774250226,-0.0005861997183277557,0.0009649482670892556,-0.0007124079280475613,0.005599571911677605,-0.002727212587799181,0.0013764566350771771,0.00049140686199247,-0.000762606164804561,-0.0015999998300516162,0.003097558822905473,-0.006488357154892887,0.0004987765629806934,0.004956032127026946,-0.011606901210257245
2025-09-29,2025-09-26,2025-10-09,0.0339475307898775,50,0.96,-0.005508782213502039,-0.0017738351300026212,-0.008596218306341719,-0.003466134687490019,0.005104578226281076,-4.880938524542966e-05,0.004243379345471032,0.005010605277548041,-0.00035640100214739956,-0.00013923354472356042,0.002960413707425058,-0.0003564010021476216,0.00017127523113269483,-0.000371007320961958,-0.003956131477571012,0.0027724502200101586,0.0024781624669583113,-0.008757355756387475,0.0072259237730061265,0.004792865379762867,-0.0016361044356100196,0.0007428927874748581,-0.0007320097018962413,-0.00885748135194675,-0.0020193477923255987,0.458806188384905,-0.7375095777421069,0.5631551695311181,-0.10024577531728428,0.17805658098285893,-0.18881323372481723,-0.17842678555004046,-0.4303580668077369,0.010902159593780244,-0.0689825682543754,-0.32143107926616415,0.010902159593780244,-0.08297937431018006,0.281595190990229,-0.2418794252315362,-0.18601648261934853,0.005601988522617702,-0.05771491369509592,-0.22878207080199067,0.3145379035838941,0.3091282850808132,1.0759244929698406,1.5719166309478592,0.057504564246323844,-0.01216917506364751,50,-0.0025274633700194307,0.0013082203977123484,-0.004841004777634371,0.0003474653591015698,0.0009089037463311547,9.215857864309956e-06,-0.000757132536481831,-0.002156354400782219,-3.885540604794165e-06,9.604687502191637e-06,-0.0009515689730519827,-3.885540604796586e-06,-1.4212311514222489e-05,-0.00010447387740505576,0.0009569068079352644,-0.0005157214381635287,1.3882637697082431e-05,0.0005054300316771546,-0.0016531618042456753,0.0015075378287104368,-0.0005057661583932372,0.0007992965456948383,-0.0011506582244258862,-0.0005093456054636373,2.4573796799200327e-05,-0.009303596861765118,0.043251127651642615
2025-10-09,2025-09-30,2025-10-13,-0.0196759142735474,50,0.6,-0.005741012045785809,0.0016633490562913966,-0.01753203289583183,-0.019250882009064774,0.02965070708622819,0.0031411101667999652,0.007709024258117703,0.00497097780106559,0.0010914926780332124,-0.00036715730311331907,-0.0026671741329300502,0.0010914926780327683,0.0016315419092409744,0.000718442452177559,-0.0028944668856220046,0.002802748843846903,0.01007059587620529,-0.01162956206910748,0.00491801701715211,0.00047354488494044666,-0.00429818384250269,-0.001702478298850063,-0.001050211347127128,-0.01597295315803071,0.002005675349506353,0.5511551089567659,-0.8230814616569885,0.3685064873357172,-0.35937485165040706,-0.09127565585217001,-0.18891687266300314,-0.2068179085390572,-0.13032556433774867,0.055611080782150914,-0.3189787957163858,0.678417893008161,0.055611080782150914,0.04569801825650685,0.3864190102958127,-0.07113992901503133,0.11802569908147577,0.12919555464918983,0.028661398145563254,-0.17876230847623162,0.12764996186129138,-0.012480408798411235,0.38791405503964116,0.652709948799911,-0.03221180129665908,-0.3510848131416589,50,-0.0031641881196171834,-0.0013690717724980951,-0.006460667858297229,0.006918282866147143,-0.002706387735776063,-0.0005934087094018136,-0.0015943642739407603,-0.000647845487234294,6.069908749123121e-05,0.00011711539438556254,-0.0018094586555482736,6.0699087491206516e-05,7.45582319547501e-05,0.0002776198213249491,0.0002059121687795082,0.00033079639164482866,0.0013010762198741863,-0.00033331950872122985,-0.000879156075111502,6.044798650225763e-05,5.364309144515958e-05,-0.000660415260523918,-0.0006854833946124332,0.0005145175932473284,-0.0007041621553042693,-0.01163256106629895,-0.008043353207248449
2025-10-13,2025-10-10,2025-10-20,-0.0221011769122686,50,0.9,-0.009026009858126294,0.008142881284009196,0.0017859842972982598,-0.013255530248142078,0.014250919463644873,0.005965848621909631,0.014080019391707665,0.002547781289520934,-0.0008204943932207387,0.0012887501145499858,0.0008772941465582385,-0.0008204943932209607,4.142663765427379e-05,0.000517671626214522,0.0004751921393362224,0.0012888130437140877,-0.006964597258076521,0.00486574991615818,-0.0018572371194368609,-0.0033501113871671206,0.0038398292224015584,-0.0003040569066792287,-0.0010451231480959056,-0.014970326452793392,-0.002505412995965184,0.5761856662430636,-0.8785167966767026,-0.5976671923954023,-0.49944781255250825,-0.6085695919203249,-0.48911159316104613,-0.09447375000472899,1.0062064746424124,-0.003998233118747943,-0.7655336453120065,1.8793468498181953,-0.003998233118747943,0.319324217195221,0.6392240690033646,0.29290441034255904,0.17218965169037506,-0.3055027235008597,-0.4075177309849069,-0.5431047865583802,-0.15033462369153236,-0.37725389103533324,0.01970298721447642,0.4137663470678261,-0.44369198016406003,-0.30018198414710306,50,-0.005200657503620958,-0.007153657981346434,-0.0010674242206285265,0.006620445586658167,-0.008672676242479777,-0.0029179657240198512,-0.0013301922320739263,0.0025635940294887584,3.2805278567221553e-06,-0.0009865815730877167,0.0016487399906981676,3.280527856723043e-06,1.3228528639981046e-05,0.00033090816331643555,0.0001391858733716954,0.00022192026909114088,0.0021277034304289975,-0.0019828793653727823,0.0010086743693400572,0.0005036377347144865,-0.001448590515062166,-5.990829344774093e-06,-0.0004324367872236695,0.006642213787542309,0.0007520798442367668,-0.008620160311020177,-0.013481016601248424
2025-10-20,2025-10-17,2025-10-27,0.0198261956105034,50,0.74,0.0011049138705636619,0.003967096794192493,0.013961352181691922,-0.010378317426418815,0.004850131498178367,-0.003112825295676247,0.015669931026906836,-0.003789274375469276,-6.003477319038719e-05,0.00015391781197982013,-0.00030099350042234185,-6.003477319038719e-05,0.0017347171137109818,0.0006476903812751011,0.0024955341189956126,-0.0011406730726367664,-0.01362306148321224,0.0043170526220923655,0.004163991948818557,-0.0006117948456728639,0.0004367585979994093,0.0005291357196151036,0.002669157416843815,-0.009913500283287524,-0.0006916011696334046,0.13502753180703495,-0.593912289555293,-0.892314374453402,-0.6640599614168186,-0.846163904480996,-0.4773095503185191,-0.19365643098718582,2.194750498287354,1.0161652417967844,-0.6687571474418033,1.3772460989505169,1.0161652417967844,0.4347547607584557,0.5527870733313306,0.6587938365463438,0.23746955901114677,-0.5780529963548504,-0.7255958024069905,-0.7062209101482965,0.12610236102076985,-0.04524911187335871,-0.4576210803813558,-0.05661161661812317,-0.5593442642343756,-0.5600344895586822,50,0.00014919379280156893,-0.0023561075399263264,-0.012457915238530067,0.006891825069759174,-0.00410400620574487,0.0014857812420993408,-0.0030345829164861457,-0.008316511823708695,-6.1005249815224906e-05,-0.00010293363688010833,-0.0004145421242661311,-6.1005249815224906e-05,0.0007541765237550167,0.0003580348702899168,0.0016440424964854197,-0.0002708751315349427,0.007874851509897187,-0.003132435261360312,-0.00294069818394482,-7.714877449968566e-05,-1.9762938662526577e-05,-0.0002421436596786299,-0.000151105316375782,0.005545059521942734,0.0003873205080138313,-0.012652493716185301,0.0324786893266887
2025-10-27,2025-10-24,2025-11-03,0.0143554389968894,50,0.82,-0.004976970049484275,-0.0010415550468333423,-0.011954622934221004,-0.014012078174181819,0.02403827216093557,-0.013479608873638749,0.004684097614930716,0.0009223420608908128,0.00042470252845827616,8.69217633301389e-05,-0.0004178663929922388,0.00042470252845761003,-0.0012875010212899385,0.0015794692822741485,-0.0024150480637735727,0.0016932990347797716,-0.0060057702498129695,0.002363123636649922,0.001944810261619745,0.0005561837655134738,-0.0059424381731840725,-0.001512205419442414,-0.0049188829751519725,-0.003611861004963579,-0.001351548620045162,-0.1955713626969878,-0.3215810488430027,-0.2788607386288568,-0.5769836702230926,-0.5552844081405527,-0.39845316049772256,-0.4414126342504167,0.7534600905041431,0.31001617474117105,-0.49729225482410394,0.7396374478462345,0.31001617474117105,2.2395922309452816,0.4971529727961345,0.08505955624455482,-0.10904500489320319,-0.27038912030476625,-0.13119335464731768,-0.08984220556336565,0.016074248673499873,-0.12631761028019262,-0.40920985913048363,-0.049267186496657706,-0.516306665999337,-0.6337647012112321,50,0.0009733528146797345,0.00033494436438838903,0.0033336749814663405,0.008084740292392317,-0.013348077729606632,0.005370992757974506,-0.0020676198672926614,0.0006949479326745696,0.0001316646532755381,-4.3225519679731885e-05,-0.0003090696324534912,0.0001316646532753316,-0.0028834772846150617,0.0007852378491227699,-0.00020542291661385142,-0.00018464580153321645,0.0016238949345994652,-0.0003100261173384723,-0.00017472604330618407,8.94023615502712e-06,0.0007506345892744054,0.0006188093666663841,0.00024233952489204674,0.0018648279135257601,0.0008565638073553751,0.006280939759278657,0.008074499237610744
2025-11-03,2025-10-31,2025-11-10,0.010681001239651,50,0.88,-0.006227046918894863,-0.00045415038405116626,-0.006736484239616369,0.010700594096515248,-0.0160506078746927,-0.008232760181477228,-0.009116971020301623,0.004949850124622124,-0.0024312397041437173,0.000561366045561229,0.002897170832288465,-0.0024312397041437173,-0.0009448990244086408,0.0005163119276563322,-0.006709301993519379,0.00445282185283058,0.0008995443748853749,0.007634844375839389,-0.010877032016813226,-0.0005029790480605145,0.0018357466287282076,0.0026225351465989366,-0.001525188811056566,0.016914517176632726,0.00010439491121605471,0.07082789783568524,-0.6076965078051758,-0.21118207713658316,0.039862434621392565,-0.04266343524094074,-0.3265348618118988,-0.23753323193284617,0.5187312441489121,-1.0742082336612269,-0.03809590990795487,0.2441846398532959,-1.0742082336612269,0.8439913813541922,1.6986433688909037,0.16654154516335218,0.08822920625544807,-0.19175782244941064,-0.11360004942234259,-0.2051139275932549,-0.9720256082201553,-1.0683618412009397,-0.3883666013168546,-0.6810574983541434,-0.29365677758974745,-0.5279352401601414,50,-0.0004410486429895039,0.00027598560240627316,0.001422624734320041,0.0004265517325823983,0.0006847740696396856,0.002688283208189169,0.0021655835918903427,0.002567641913495882,0.002611657708195266,-2.138575029708547e-05,0.0007074446162758323,0.002611657708195266,-0.0007974866328508773,0.0008770298321927086,-0.0011173775209682765,0.0003928689376721556,-0.0001724946705246358,-0.0008673186984272489,0.002231030757526143,0.0004889085151130163,-0.001961241648246486,-0.0010185050617186279,0.0010387412761759152,-0.0049670626085764,-5.511375252434448e-05,0.009771749216746613,0.000909252022904386
2025-11-10,2025-11-07,2025-11-17,0.0321032410960961,50,0.66,-0.004836813170457144,0.0037195574649511176,-0.008634629280582673,-0.018750798462448093,0.02533320471279632,-0.009821051294279237,-0.0006630627255828081,-0.003124085471792326,-0.0006805183955912453,0.00023596012998505778,-0.0009934369676873889,-0.0006805183955916894,0.00010294227412144252,0.0017367819713531851,0.0031840130326732385,-0.0027409501251279833,-0.00946659435174324,0.0029480764383535973,0.0013462190807815855,-0.005317457760945277,-0.0026851035689470226,-5.9843528544711866e-05,-0.0019469696461241748,0.008649475433675446,0.0004974048669037501,-0.02722868637279679,-0.5222059362382202,-0.37185890467332205,-0.21553407328667834,-0.2941546404341713,-0.6096594709914018,-0.4588198062703403,0.647893592104962,-0.8801031789602298,0.867623968592961,1.349877005358173,-0.8801031789602298,-0.22534116444557728,0.1908406856487895,0.30956747355316866,0.7120032952219475,-0.31025894600360876,-0.34143715199665003,-0.5865381497462596,-0.867619287795022,-0.8461007016588968,-0.2664502135855386,-0.8307942447336113,-0.570630012455467,-0.22188705737219436,50,0.00013170006886219045,-0.0019423749883766593,0.0032108637865376675,0.004041435969989023,-0.007451879723337855,0.005987496936649702,0.0003042263112969878,-0.002024074958362455,0.0005989264033007702,0.00020472466440734675,-0.0013410177189539566,0.0005989264033011611,-2.3197131921201673e-05,0.00033144866223549813,0.000985666870285017,-0.0019515655211301333,0.002937095585815574,-0.00100658282297988,-0.0007896088487947415,0.004613528915431453,0.002271868013712884,1.5945320962450754e-05,0.0016175311766710003,-0.004935650274451475,-0.0001103677022398811,0.006275065398910486,0.025828175697185617
2025-11-17,2025-11-14,2025-11-24,-0.0844610976116111,50,0.46,0.0025288818843587357,-0.0006404744929678907,-0.005659401290418087,-0.004349159830530969,0.01723727630769889,0.009774021779651365,-0.013784325399384567,-0.00967717805143331,0.00457663117644147,-0.0004422128027883332,-0.0016083649658866772,0.00457663117644147,0.00020385446247384031,0.0016625974573614144,0.009584615701250243,-0.007898935264127882,0.0047461318583703616,-0.00748094409475486,-0.0023639836455698893,-0.0016051153354249559,-0.0007679472785510066,-0.0015332719088134716,-0.00022991356857915424,-0.0012722466866418314,-0.0009716476691928877,0.059439853355982605,-0.5970316847279363,-0.6469269518801448,-0.34616535646107593,-0.48066756481394124,-0.5902523019932215,-0.3954995113506163,1.4749673485578945,-1.5590693568058966,0.7226465512071845,1.0941317813362808,-1.5590693568058966,-0.3890842197450545,-0.06604562693444972,0.7793383208120882,0.5097770417146547,-0.2707488891486249,-0.29648771287621856,-0.6206359137226053,-1.151660708581896,-1.0321174739446202,-0.08785777895350791,-0.7057956424928084,-0.5863583226277176,-0.10593133503624923,50,0.00015031636836088422,0.0003823835655618906,0.003661219226276731,0.0015055284630419454,-0.00828539962684667,-0.005769138855171102,0.005451693959754485,-0.014273521652045242,-0.007135285424592417,-0.00031956355683465177,-0.0017597632251644567,-0.007135285424592417,-7.931655447318165e-05,-0.00010980729141105665,0.00746965830624154,-0.004026695851642676,-0.001285009928406674,0.0022180080048087216,0.0014671731498935637,0.0018485482645511722,0.0007926118052607106,0.00013470986444015712,0.00016227199485313853,0.0007459924331479757,0.00010292793478246244,-0.02408574405020516,-0.060375353561405935
2025-11-24,2025-11-21,2025-12-01,0.0203435064198989,50,1.0,-0.0022437517559196207,0.0019276853389114113,0.0025649612610003647,-0.019751014247632037,0.02089054616149877,-0.005281682454792103,0.02218574642925586,0.0012138565052881578,-0.001222477537465072,0.0017050146137538302,0.004125920477143774,-0.0012224775374655161,-0.0024941766632325946,0.001825240905164005,-0.003986381232441771,0.003024510054410623,-0.012392237749409452,0.01018074963318294,-0.00010176581979959298,0.0009603836725886605,0.0026008979274954047,0.000843992138692018,-3.0053863651180457e-05,-0.014908512555860676,0.0015901932778108474,-0.016264039346044337,-0.28558736528835926,-0.2874888891091488,-0.011615416102956617,-0.09491913724269793,-0.3136082789943351,-0.35199331848289334,-0.032666821414890114,0.12662803246258464,-0.3022825500035069,-0.3119739113146935,0.12662803246258464,0.03467740933179471,1.1384714932633317,-0.08471735536684916,-0.21744965743215328,-0.3244242059326631,-0.4227484256738488,-0.5364031048204808,-0.30113377412974013,-0.3224495070858621,-0.3623358040698672,-0.32631312845761384,-0.3720997491235976,-0.49368773304126734,50,3.649246684103278e-05,-0.0005505225770447078,-0.0007373978635329964,0.00022941624894167074,-0.001982912618178218,0.0016563793448419262,-0.007809234508653771,-3.965283368155087e-05,-0.00015479992529890768,-0.0005153961652387521,-0.0012871795490279295,-0.0001547999252989639,-8.649158509672657e-05,0.00207798473886738,0.0003377156754965077,-0.0006576786752316932,0.004020341891580933,-0.004303895879607701,5.4587501705103234e-05,-0.000289203959939204,-0.0008386582547015336,-0.0003058085702016192,9.80697027025526e-06,0.005547453781841762,-0.0007850589144198995,-0.006528513184767604,0.026872019604666505
2025-12-01,2025-11-28,2025-12-08,-0.0088630203485345,50,0.88,0.0045686414667058806,-0.0011572611737030725,0.018825456938309726,0.0049735708541094326,-0.013609448728193363,8.31850429448e-05,0.016525149711680065,-0.0024049280115185923,0.0012357338482209546,-0.00038841648364451586,0.0010185094896557612,0.0012357338482207325,-0.0010230622818475643,0.0008662677274182684,-0.0011825245541466911,-0.0010441631860619305,-0.0033633758229575372,-0.0008801772205206948,0.002112052914805984,-0.0013315544667318324,0.0007907331647096782,-0.00014418191530995994,0.0017677195798346812,-0.003764139264437749,0.0021613583772150946,-0.40898000936049095,0.0759420828431116,-0.4111037569926754,-0.41180745673131225,-0.46404992214934354,-0.5478835076169484,-0.5574113178045865,0.25317272274711006,0.20035971310222156,1.2335863672443192,0.6631088620416906,0.20035971310222156,-0.23789336282061324,0.361154568873665,0.021297219221139915,0.06378037846878691,-0.417472130178373,-0.36415506452084045,-0.5355734738775325,-0.020601215931622487,-0.2832057723370481,0.2957351425015578,-0.43068548636549225,-0.6694136992142529,0.042346139150209544,50,-0.001868483029818098,-8.788482392447529e-05,-0.007739216074442956,-0.002048153564303786,0.006315463622813613,-4.557571310986351e-05,-0.009211305477705668,-0.0006088621726869553,0.00024759127930025466,-0.00047914527903685086,0.0006753826686642948,0.00024759127930021015,0.0002433797266036471,0.00031285654762491425,-2.5184484664042818e-05,-6.65971231902043e-05,0.0014041156694005214,0.00032052099252848765,-0.0011311595165958092,2.743164109385891e-05,-0.00022394019662412266,-4.263965927033854e-05,-0.0007613311669989033,0.0025197663893648903,9.152518259502149e-05,-0.01193385328308236,0.00307083293454786
2025-12-08,2025-12-05,2025-12-15,-0.0095449463513889,50,0.96,0.004152169429105346,-0.0075808375805308525,-0.005410019859564352,0.011314624267717566,-0.01653939173314145,-0.008371248968665701,-0.006975828025703401,-0.004665170297791232,0.0011712815799316267,0.0010850433864648679,-0.0004628437148310738,0.0011712815799316267,0.000724456100984705,-0.00046771854743576924,0.002378470266099608,-0.0016415839186205705,-0.0032079991012299303,-0.010152329264243143,0.006790468064628241,4.621627577860998e-05,-0.0002703798833005866,-0.000526789638992109,0.00036680143434719703,0.011935507609455165,0.00022089102260647309,0.7112132012674179,-0.8461314970077453,-0.8566668549449983,-0.472997303788236,-0.6429062833247593,-0.16956093325135668,0.17201674370950093,0.9210965241835113,0.881998320350959,0.7526618343849009,2.5969742382394303,0.881998320350959,-0.1509872214478797,0.12665993458149613,0.35832580382309936,0.07385314682637048,-0.3889613078951988,-0.37784463809585794,-0.5083679386784706,0.3900925275859195,0.3106517816945814,-0.2665682070580179,-0.176764307005198,-0.16130695182509291,0.3525008710473119,50,0.00295307771187872,0.006414385450587144,0.004634584698282975,-0.005351786772007353,0.010633278867606219,0.0014194367876064133,-0.001199959221658976,-0.004297072146019661,0.0010330683861577124,0.0008166707456438524,-0.001201993203747336,0.0010330683861577124,-0.00010938361374864516,-5.9241200620766925e-05,0.0008522672699694832,-0.0001212361381696936,0.001247787526141016,0.003836003176677938,-0.0034520562526770427,1.8028623834085878e-05,-8.399399248170022e-05,0.000140425369562867,-6.48374013508949e-05,-0.0019252803509664143,7.786427787531324e-05,0.01724310698453296,-0.02678805333592186
2025-12-15,2025-12-12,2025-12-22,0.0133863439151223,50,0.74,-0.0001315373523683716,0.0028527099815816026,0.008524288940847669,-7.33864261943662e-05,-0.0036156100279536307,0.006486857428833259,0.015562084529323839,0.0016482644333437602,-0.0006597682816884554,0.0013803945033745713,0.003981576128017528,-0.0006597682816884554,-0.00022997498381582826,0.0004976858834249143,-0.0036648372759127135,-0.0021370645208935724,-0.008012833534441821,-0.005474148245703692,0.010101364184816664,0.0014583075703777926,0.0017205000827469341,0.0015274141536272268,0.002186618955335229,-0.010595696457556647,-0.0013291507307515715,1.0479272161570017,-0.8649440991202441,-1.06291558852143,-0.5106589778833175,-0.7177618253189868,0.16588616091897265,0.4619201919874588,0.08219125811359733,1.0160228699901483,0.6853420390746969,0.23081733598396037,1.0160228699901483,-0.023863645311342142,0.17283935711393153,-0.10555473543583985,-0.16074531479119095,-0.4456989307069425,-0.5239365854009299,-0.5412349070343566,0.8125619139196083,0.8655195702167245,0.026733778535399818,0.630112901342657,0.173361561581385,0.43025658715586224,50,-0.00013784157148805025,-0.0024674346650704272,-0.009060599596287817,3.7475437390924555e-05,0.002595146853305631,0.0010760798752978671,0.00718844107351033,0.00013547292748041924,-0.0006703396630895731,0.0009460423836702323,0.0009190167948863377,-0.0006703396630895731,5.488041444262575e-06,8.601970813584126e-05,0.00038684092907437045,0.000343523109140123,0.0035713113382334506,0.002868106539832483,-0.005467210905489427,0.001184965190469633,0.0014891264921769653,4.083355171490544e-05,0.0013778168140771306,-0.0018368864839243696,-0.0005718758572288915,0.003369178654172778,0.01001716526094952
2025-12-22,2025-12-19,2025-12-29,0.0096576974210362,50,0.46,0.005862742020890321,-0.0039276089367041855,0.019654747259410632,0.0022160002759357145,-0.00676125295329677,-0.009076630323107349,0.009611052904378914,0.0010589133334397705,2.10644459976983e-05,-0.00084951484850182,0.0005784679902365308,2.1064445997920345e-05,0.0009948970988864492,0.0003224874779717002,-0.003402963303842821,-0.0005945530879776229,-0.009628131992059807,0.0071773191048356555,-0.0030232219046859576,0.0027302984154093934,-0.0034598213942411693,0.0013508230548597844,-0.0016559908211507546,0.007664988906942005,-0.00044838990061324413,0.966351556163223,-0.9097279030662428,-1.272106313183649,-0.7031494243530425,-0.9375872870593506,-0.05161638225048629,0.3434755422028733,0.7384762991855157,1.3252014725905736,1.1634654813243237,1.2337884733273066,1.3252014725905736,-0.10821192466814505,-0.10984423840726702,-0.004297370984569045,-0.17627941443411804,-0.5183332475977005,-0.6055721944631535,-0.7096232718361413,0.7195225429899706,0.8050684071339024,0.017410712385474435,-0.032787339830852746,-0.010879202819854687,0.3655884345175351,50,0.005665469875270881,0.0035730554420521344,-0.025002928072725288,-0.001558179318390381,0.006339264813603541,0.00046850282030386377,0.0033011616074720474,0.0007819823996367996,2.79146348554544e-05,-0.00098838120210433,0.0007137071385426446,2.7914634855748657e-05,-0.0001076597299172565,-3.542339141368171e-05,1.4623795763487354e-05,0.00010480747019869202,0.004990580923743678,-0.0043463848806776445,0.0021453486194899403,0.0019645112589768542,-0.0027853928988295354,2.351879169183166e-05,5.4295533809842684e-05,-8.338896893055835e-05,-0.00016392616181866906,-0.004875004864539902,0.014532702285576102
